window_id,instrument_id,start_second,end_second,band_low,band_high
ch1704167880,17077,1704167610,1704168720,4812.5,4824.5
ch1704170160,17077,1704170070,1704170280,4814.25,4826.25
cl1704173580,17077,1704173310,1704174540,4817.0,4830.0
ch1704177960,17077,1704177750,1704178200,4815.0,4826.5
cl1704180960,17077,1704180450,1704181260,4817.75,4829.25
cl1704192720,17077,1704192630,1704193020,4809.75,4823.25
cl1704202200,17077,1704201990,1704202380,4773.0,4788.5
ch1704207600,17077,1704207510,1704207720,4769.5,4791.5
ch1704207780,17077,1704207510,1704208560,4768.25,4792.75
ch1704213420,17077,1704212910,1704213840,4773.5,4792.0
ch1704214260,17077,1704213870,1704214560,4776.75,4797.25
cl1704218940,17077,1704218370,1704219540,4778.5,4796.0
ch1704223860,17077,1704223650,1704224220,4768.25,4786.25
ch1704244800,17077,1704244650,1704245280,4779.25,4791.75
ch1704245400,17077,1704245130,1704246900,4780.0,4792.0
ch1704246900,17077,1704246570,1704247860,4780.75,4792.25
cl1704254580,17077,1704254010,1704256500,4779.25,4790.75
cl1704255000,17077,1704254010,1704256500,4779.25,4790.75
cl1704259440,17077,1704259290,1704259860,4777.0,4788.5
ch1704261840,17077,1704261210,1704262200,4778.25,4789.25
ch1704268800,17077,1704268230,1704269040,4779.25,4791.25
cl1704275160,17077,1704274830,1704275280,4771.5,4785.0
cl1704282900,17077,1704282570,1704283200,4766.0,4780.0
ch1704284160,17077,1704284070,1704284460,4762.5,4776.5
cl1704285000,17077,1704284430,1704285300,4762.25,4777.75
cl1704285540,17077,1704285270,1704286320,4761.0,4774.5
ch1704287460,17077,1704286890,1704287700,4758.0,4773.5
cl1704290280,17077,1704290190,1704290580,4760.75,4777.25
cl1704291060,17077,1704290850,1704291180,4758.0,4772.5
cl1704300060,17077,1704299790,1704300660,4745.5,4765.0
ch1704303660,17077,1704303210,1704304500,4746.25,4764.25
cl1704331920,17077,1704331350,1704332100,4746.25,4758.75
ch1704336900,17077,1704336690,1704337620,4744.75,4756.25
ch1704337200,17077,1704336690,1704337620,4744.75,4756.25
ch1704341400,17077,1704340890,1704341880,4745.25,4756.25
cl1704342720,17077,1704342510,1704343560,4745.5,4757.5
cl1704344700,17077,1704344190,1704344880,4744.25,4755.75
cl1704345660,17077,1704345510,1704346080,4744.0,4755.0
ch1704352440,17077,1704352350,1704353160,4747.75,4759.75
cl1704357960,17077,1704357630,1704358380,4747.5,4762.0
cl1704358620,17077,1704358470,1704358860,4745.0,4760.5
cl1704359220,17077,1704358590,1704359880,4743.75,4759.25
ch1704367020,17077,1704366870,1704367320,4745.25,4758.75
ch1704374160,17077,1704373950,1704374460,4740.75,4756.25
ch1704374880,17077,1704374550,1704375180,4739.25,4755.25
cl1704375360,17077,1704375030,1704375540,4738.75,4758.25
ch1704383100,17077,1704381990,1704383280,4743.0,4763.0
ch1704419100,17077,1704419010,1704419580,4728.5,4741.5
ch1704424500,17077,1704423570,1704424980,4727.75,4738.75
ch1704424980,17077,1704424410,1704425280,4727.5,4739.0
cl1704431460,17077,1704431070,1704431820,4726.25,4738.25
cl1704433920,17077,1704433470,1704434340,4725.25,4737.25
cl1704447720,17077,1704447510,1704447840,4713.0,4728.0
cl1704449820,17077,1704449610,1704450000,4713.5,4727.5
cl1704450480,17077,1704450270,1704451260,4711.75,4725.25
ch1704452400,17077,1704452070,1704452580,4709.75,4724.25
ch1704458220,17077,1704457650,1704458880,4712.5,4725.5
ch1704463260,17077,1704462690,1704463440,4703.5,4728.0
ch1704464940,17077,1704464430,1704465180,4716.25,4737.25
ch1704466380,17077,1704465750,1704466800,4725.0,4746.5
ch1704469140,17077,1704468030,1704469380,4733.25,4761.25
cl1704473340,17077,1704472950,1704474120,4736.5,4757.0
ch1704480000,17077,1704479850,1704481500,4727.0,4747.5
ch1704481620,17077,1704481050,1704481800,4730.25,4748.75
cl1704483420,17077,1704482130,1704483600,4731.0,4752.0
ch1704676680,17077,1704676050,1704677280,4735.75,4748.25
cl1704677820,17077,1704677670,1704678060,4736.0,4748.0
cl1704680160,17077,1704679650,1704680640,4728.5,4742.0
cl1704685080,17077,1704684870,1704687660,4725.25,4738.75
cl1704693120,17077,1704692490,1704693300,4724.5,4737.0
ch1704697980,17077,1704697830,1704698280,4727.25,4739.25
cl1704698400,17077,1704698310,1704698640,4726.25,4738.75
cl1704704160,17077,1704703950,1704704340,4724.5,4741.0
cl1704711120,17077,1704710910,1704711480,4719.5,4734.5
ch1704714360,17077,1704713970,1704715560,4721.0,4738.0
cl1704721500,17077,1704720330,1704721740,4731.0,4746.5
ch1704723420,17077,1704722910,1704723540,4726.0,4743.5
cl1704724980,17077,1704724890,1704725160,4734.75,4754.75
ch1704726240,17077,1704725790,1704727680,4731.25,4759.25
ch1704742920,17077,1704742170,1704743220,4776.25,4794.75
ch1704747540,17077,1704747030,1704750000,4788.75,4808.25
cl1704763080,17077,1704762990,1704763260,4791.25,4802.75
cl1704764280,17077,1704764070,1704764700,4791.0,4803.5
cl1704768120,17077,1704767730,1704769200,4791.75,4803.25
ch1704774900,17077,1704774690,1704775440,4789.25,4801.25
cl1704777540,17077,1704777150,1704777720,4790.75,4802.25
ch1704778500,17077,1704778290,1704778920,4789.25,4801.25
cl1704787560,17077,1704787410,1704788100,4784.75,4798.75
cl1704800580,17077,1704800130,1704801000,4775.5,4791.0
ch1704802440,17077,1704802290,1704802620,4773.75,4787.25
cl1704806460,17077,1704806130,1704806580,4775.25,4790.25
cl1704809820,17077,1704809070,1704810000,4767.0,4783.5
cl1704811620,17077,1704811410,1704812040,4762.5,4784.5
ch1704813120,17077,1704812850,1704813240,4759.75,4784.25
ch1704813540,17077,1704813210,1704814200,4766.25,4788.75
ch1704822060,17077,1704820830,1704822780,4787.0,4803.0
cl1704849840,17077,1704849630,1704850740,4784.75,4798.25
ch1704850200,17077,1704850110,1704850680,4784.25,4796.75
cl1704850980,17077,1704850830,1704851760,4785.0,4798.5
cl1704853860,17077,1704853710,1704854040,4784.5,4796.5
cl1704856140,17077,1704855990,1704856260,4785.5,4796.5
ch1704856740,17077,1704856650,1704857040,4783.75,4795.75
ch1704862200,17077,1704862110,1704862920,4783.0,4794.5
cl1704863460,17077,1704862650,1704863820,4783.25,4794.75
cl1704864000,17077,1704863910,1704864420,4782.75,4794.25
cl1704866520,17077,1704866130,1704866820,4784.25,4796.25
ch1704867780,17077,1704867450,1704868140,4783.5,4795.5
ch1704873720,17077,1704873570,1704874080,4785.75,4799.25
cl1704876060,17077,1704875490,1704876420,4785.0,4800.0
cl1704885060,17077,1704884970,1704885300,4790.5,4804.0
ch1704892260,17077,1704891930,1704892860,4783.5,4800.0
ch1704893280,17077,1704892890,1704893520,4785.75,4800.25
ch1704896340,17077,1704895950,1704896460,4783.5,4798.5
ch1704897600,17077,1704897270,1704897780,4793.0,4811.0
ch1704906840,17077,1704906390,1704907020,4791.5,4809.5
ch1704907800,17077,1704907110,1704908340,4795.25,4811.25
ch1704910620,17077,1704910350,1704911520,4794.25,4813.75
ch1704912840,17077,1704912270,1704912960,4801.25,4817.25
ch1704935700,17077,1704935070,1704935940,4818.75,4832.25
cl1704936420,17077,1704936030,1704936600,4820.5,4834.0
ch1704939060,17077,1704938550,1704939300,4820.75,4832.75
cl1704947940,17077,1704947610,1704948240,4822.75,4834.25
ch1704951900,17077,1704951630,1704952260,4822.25,4834.25
ch1704958080,17077,1704957870,1704958320,4825.75,4838.75
cl1704958380,17077,1704958230,1704958920,4826.25,4838.75
cl1704970200,17077,1704969750,1704970440,4818.0,4831.0
ch1704971100,17077,1704970890,1704971520,4819.25,4832.25
cl1704972540,17077,1704972150,1704973440,4821.0,4834.0
cl1704977520,17077,1704977190,1704977700,4822.0,4836.0
cl1704977880,17077,1704977610,1704978360,4820.5,4835.5
ch1704983700,17077,1704983310,1704984180,4814.75,4837.25
cl1704987240,17077,1704987090,1704988140,4789.25,4819.75
cl1704993720,17077,1704993390,1704994920,4774.0,4795.0
ch1705001400,17077,1705001250,1705002000,4798.0,4819.0
ch1705002060,17077,1705001310,1705002600,4799.75,4820.25
ch1705027680,17077,1705027470,1705028520,4803.5,4817.0
cl1705028400,17077,1705027770,1705028580,4805.5,4817.5
ch1705030080,17077,1705029750,1705030860,4804.5,4816.5
ch1705035720,17077,1705035330,1705036020,4801.25,4813.75
cl1705044240,17077,1705044090,1705044360,4802.25,4816.75
cl1705045860,17077,1705045470,1705046520,4796.25,4810.25
cl1705049340,17077,1705049130,1705049580,4806.75,4821.75
cl1705056300,17077,1705056030,1705056480,4807.5,4823.0
ch1705062300,17077,1705062090,1705062660,4788.75,4808.75
ch1705070640,17077,1705070130,1705070820,4818.75,4841.25
cl1705073940,17077,1705073610,1705074180,4804.75,4829.25
cl1705082280,17077,1705082130,1705083000,4804.5,4825.0
ch1705084860,17077,1705084410,1705085700,4807.5,4824.5
cl1705087860,17077,1705087710,1705087980,4811.75,4829.25
ch1705091760,17077,1705091250,1705092240,4801.75,4820.25
cl1705281900,17077,1705281570,1705282140,4804.75,4816.75
ch1705283460,17077,1705282830,1705284960,4804.5,4817.5
cl1705291740,17077,1705291290,1705293420,4811.25,4822.75
ch1705297980,17077,1705297890,1705298400,4809.75,4821.25
cl1705298820,17077,1705298730,1705299120,4811.5,4823.0
cl1705303140,17077,1705302990,1705303380,4815.5,4828.5
ch1705304880,17077,1705304550,1705305060,4810.5,4823.5
cl1705307820,17077,1705307610,1705308000,4809.0,4824.0
ch1705310640,17077,1705310490,1705310760,4807.25,4821.75
cl1705318320,17077,1705317390,1705318440,4803.75,4817.75
ch1705318800,17077,1705318590,1705318920,4803.25,4817.75
cl1705322220,17077,1705321770,1705322580,4805.5,4819.0
cl1705327260,17077,1705326570,1705327440,4804.25,4817.75
cl1705330320,17077,1705330230,1705330680,4804.0,4817.5
ch1705334820,17077,1705333590,1705335420,4806.0,4818.5
ch1705338780,17077,1705338390,1705339800,4805.75,4818.25
ch1705368600,17077,1705368450,1705368780,4793.75,4807.75
ch1705370880,17077,1705370790,1705371120,4795.5,4809.0
cl1705383300,17077,1705383090,1705383540,4794.0,4806.0
ch1705383900,17077,1705383750,1705384320,4793.75,4804.75
ch1705389900,17077,1705389750,1705390380,4788.5,4802.0
cl1705392900,17077,1705392570,1705393380,4781.0,4797.0
cl1705398600,17077,1705398270,1705398900,4784.25,4800.25
ch1705402920,17077,1705402710,1705403220,4780.25,4794.75
ch1705406160,17077,1705405830,1705407480,4787.25,4803.75
cl1705411020,17077,1705410690,1705411200,4792.25,4808.75
cl1705416420,17077,1705415970,1705416600,4781.75,4809.25
cl1705416660,17077,1705416270,1705417020,4778.5,4802.5
ch1705418700,17077,1705418490,1705419600,4794.5,4817.0
ch1705420500,17077,1705419510,1705420920,4798.5,4820.0
cl1705427340,17077,1705427010,1705427820,4784.5,4806.5
ch1705429800,17077,1705429650,1705430400,4783.75,4806.25
ch1705435920,17077,1705434510,1705436940,4781.75,4799.25
ch1705454400,17077,1705454010,1705455600,4789.0,4801.5
ch1705454880,17077,1705454010,1705455600,4789.0,4801.5
ch1705456800,17077,1705456110,1705457880,4787.0,4800.0
cl1705463580,17077,1705463490,1705463760,4780.5,4797.0
ch1705465920,17077,1705465650,1705466280,4782.0,4794.0
cl1705472040,17077,1705471770,1705472400,4770.0,4792.0
cl1705474860,17077,1705474590,1705475520,4770.0,4786.0
cl1705480320,17077,1705480170,1705480740,4769.75,4786.25
cl1705492380,17077,1705491570,1705493160,4773.0,4787.0
ch1705493880,17077,1705493670,1705494000,4772.75,4787.75
cl1705503000,17077,1705502370,1705503120,4754.0,4775.0
cl1705503120,17077,1705502490,1705503900,4753.0,4774.0
ch1705505220,17077,1705505010,1705505820,4749.0,4774.0
cl1705512480,17077,1705512090,1705512900,4757.0,4775.0
cl1705512960,17077,1705512150,1705513380,4756.25,4773.75
ch1705514640,17077,1705514070,1705515000,4756.0,4773.5
ch1705554060,17077,1705553910,1705554360,4759.75,4771.75
ch1705560000,17077,1705559610,1705561440,4764.25,4777.75
ch1705562580,17077,1705562370,1705562940,4764.75,4777.25
cl1705568820,17077,1705568550,1705569180,4766.75,4780.75
ch1705573260,17077,1705572870,1705574400,4766.0,4779.5
ch1705579680,17077,1705579470,1705580640,4781.5,4796.5
cl1705587660,17077,1705587570,1705588140,4779.5,4799.0
cl1705596420,17077,1705596150,1705596840,4782.75,4802.25
ch1705600200,17077,1705599450,1705600500,4768.5,4787.5
cl1705600620,17077,1705600290,1705600800,4771.25,4789.25
ch1705603920,17077,1705603290,1705604460,4772.25,4792.25
ch1705605120,17077,1705604850,1705605300,4779.5,4799.0
ch1705608780,17077,1705608450,1705609380,4794.0,4814.0
ch1705609500,17077,1705608510,1705609800,4796.0,4815.5
ch1705610820,17077,1705610430,1705611000,4797.25,4817.25
cl1705627620,17077,1705627170,1705627860,4804.25,4819.25
ch1705628340,17077,1705628070,1705629060,4805.0,4818.5
ch1705636680,17077,1705636230,1705637520,4809.0,4821.0
cl1705637520,17077,1705637250,1705638720,4809.5,4821.0
ch1705650720,17077,1705650510,1705651500,4813.5,4827.5
cl1705651500,17077,1705651050,1705651680,4814.75,4829.25
cl1705651740,17077,1705651350,1705652220,4813.5,4829.0
ch1705655400,17077,1705654830,1705655580,4817.0,4832.0
cl1705657260,17077,1705656990,1705657380,4819.5,4835.0
ch1705661460,17077,1705661130,1705661700,4823.25,4836.75
cl1705666920,17077,1705666650,1705667400,4825.75,4839.75
cl1705670880,17077,1705670670,1705671000,4831.25,4845.75
cl1705674960,17077,1705674570,1705675140,4811.5,4832.5
ch1705693260,17077,1705692990,1705694280,4852.0,4873.5
ch1705694640,17077,1705694070,1705695720,4855.75,4877.25
cl1705887900,17077,1705887330,1705889700,4876.5,4890.0
cl1705893060,17077,1705892730,1705894380,4875.25,4888.25
cl1705893780,17077,1705892730,1705894380,4875.25,4888.25
ch1705894620,17077,1705894290,1705895220,4875.5,4887.5
cl1705897500,17077,1705896990,1705898520,4876.75,4888.75
cl1705898520,17077,1705896990,1705899900,4876.5,4889.0
cl1705899960,17077,1705899570,1705900260,4876.0,4888.5
ch1705907880,17077,1705907670,1705908120,4874.25,4887.25
ch1705909980,17077,1705909170,1705910580,4874.0,4887.5
cl1705914720,17077,1705914570,1705916040,4875.5,4889.5
ch1705920540,17077,1705920270,1705921020,4876.25,4889.75
ch1705920660,17077,1705920270,1705921020,4876.25,4889.75
ch1705928220,17077,1705927650,1705928760,4882.0,4895.5
ch1705931760,17077,1705931490,1705932300,4877.75,4891.75
cl1705933740,17077,1705933650,1705933980,4879.5,4895.5
cl1705938480,17077,1705938270,1705939200,4874.25,4898.25
cl1705939320,17077,1705939170,1705939620,4870.25,4892.75
ch1705942620,17077,1705942350,1705943280,4873.0,4893.0
ch1705948740,17077,1705948410,1705949160,4868.25,4885.75
cl1705951200,17077,1705951050,1705951740,4871.0,4890.5
cl1705974240,17077,1705973370,1705974420,4874.25,4886.75
cl1705982280,17077,1705981890,1705982640,4875.0,4888.0
ch1705982640,17077,1705982550,1705983120,4875.0,4887.5
ch1705986840,17077,1705985970,1705987680,4875.25,4887.75
cl1705988400,17077,1705988190,1705988700,4876.5,4889.0
ch1705991640,17077,1705991490,1705991880,4876.0,4887.5
ch1705993800,17077,1705993290,1705994040,4878.0,4890.0
ch1706003100,17077,1706001390,1706004120,4875.0,4888.0
ch1706009940,17077,1706009670,1706010900,4873.25,4886.75
cl1706012940,17077,1706012550,1706013660,4877.5,4890.5
ch1706039880,17077,1706039610,1706040420,4881.0,4895.5
ch1706040420,17077,1706040210,1706040660,4879.5,4896.5
cl1706059140,17077,1706058030,1706059620,4898.0,4910.5
ch1706063520,17077,1706063070,1706063700,4897.5,4909.0
ch1706066520,17077,1706066070,1706068140,4899.5,4911.5
cl1706068080,17077,1706067690,1706068320,4900.25,4911.75
cl1706070000,17077,1706068950,1706070300,4899.75,4911.25
ch1706085480,17077,1706084910,1706086200,4905.5,4920.0
ch1706085720,17077,1706084970,1706086200,4907.0,4920.0
ch1706086620,17077,1706086170,1706088240,4906.75,4919.75
ch1706090700,17077,1706090130,1706091000,4909.25,4922.75
cl1706091600,17077,1706091150,1706091840,4908.75,4922.25
ch1706102640,17077,1706102190,1706102940,4913.75,4928.75
cl1706104500,17077,1706104290,1706105400,4913.0,4926.5
ch1706105760,17077,1706105310,1706106000,4913.0,4927.0
cl1706107140,17077,1706106570,1706107320,4913.0,4934.0
cl1706107320,17077,1706107110,1706107500,4911.5,4929.5
cl1706107500,17077,1706107290,1706107740,4910.0,4929.0
cl1706107740,17077,1706107290,1706108460,4909.75,4929.25
cl1706108640,17077,1706108430,1706108940,4904.0,4926.5
ch1706108880,17077,1706108730,1706109180,4899.5,4921.0
cl1706116380,17077,1706116290,1706116800,4919.5,4937.5
cl1706121120,17077,1706120970,1706121360,4915.5,4936.0
cl1706121900,17077,1706121510,1706122200,4910.0,4932.0
cl1706122200,17077,1706121750,1706122680,4909.25,4929.25
cl1706124240,17077,1706124030,1706125320,4899.75,4922.75
ch1706128680,17077,1706128290,1706128860,4889.5,4912.0
cl1706146080,17077,1706145990,1706146200,4890.75,4903.25
cl1706150700,17077,1706150610,1706150940,4888.25,4900.75
ch1706154600,17077,1706154510,1706154840,4889.25,4901.25
ch1706155800,17077,1706155530,1706156040,4891.25,4902.75
ch1706164800,17077,1706164470,1706165040,4894.75,4906.75
cl1706168100,17077,1706167230,1706168700,4896.5,4909.0
ch1706168580,17077,1706168310,1706169420,4895.0,4908.0
cl1706173680,17077,1706173350,1706174100,4894.0,4909.5
ch1706176560,17077,1706176290,1706176860,4896.5,4909.5
cl1706177400,17077,1706177010,1706179020,4893.75,4907.75
cl1706177940,17077,1706177010,1706179020,4893.75,4907.75
cl1706187720,17077,1706187270,1706188440,4891.5,4907.0
ch1706189760,17077,1706189670,1706189880,4901.25,4920.25
ch1706190480,17077,1706190210,1706190840,4903.5,4921.5
ch1706196120,17077,1706195970,1706196900,4911.0,4931.5
ch1706201580,17077,1706201250,1706201820,4908.75,4929.25
cl1706202480,17077,1706202270,1706203500,4904.25,4926.25
ch1706208180,17077,1706207970,1706208540,4897.75,4915.75
cl1706211480,17077,1706211330,1706211840,4896.75,4916.75
cl1706212200,17077,1706211330,1706212500,4896.0,4917.5
ch1706247000,17077,1706246670,1706247300,4899.0,4912.0
ch1706247360,17077,1706246970,1706247660,4899.5,4912.5
cl1706254380,17077,1706254290,1706254800,4896.0,4910.5
cl1706255400,17077,1706255310,1706256180,4893.5,4909.0
ch1706262540,17077,1706262150,1706262720,4902.0,4916.5
ch1706264340,17077,1706264070,1706264760,4904.75,4920.25
ch1706264820,17077,1706264130,1706265000,4905.5,4921.0
ch1706268240,17077,1706268090,1706268600,4908.75,4921.75
ch1706272380,17077,1706272230,1706272500,4913.0,4926.5
cl1706275860,17077,1706275770,1706276040,4909.0,4927.0
cl1706276040,17077,1706275770,1706276160,4908.75,4927.25
cl1706277900,17077,1706277810,1706278380,4913.75,4932.25
cl1706280780,17077,1706280270,1706281500,4909.75,4932.75
cl1706291580,17077,1706291310,1706292780,4904.25,4922.75
cl1706297220,17077,1706296650,1706297580,4907.5,4925.5
cl1706297640,17077,1706296710,1706297940,4906.5,4924.5
ch1706491860,17077,1706491590,1706492100,4904.0,4917.0
ch1706506860,17077,1706506710,1706507400,4906.25,4918.25
ch1706508000,17077,1706507910,1706508300,4906.75,4918.75
cl1706509620,17077,1706509350,1706510340,4909.25,4921.25
ch1706514120,17077,1706513790,1706515080,4909.5,4922.0
ch1706514240,17077,1706513790,1706515080,4909.5,4922.0
cl1706518320,17077,1706518110,1706518980,4913.25,4925.75
ch1706523060,17077,1706522730,1706523840,4908.25,4921.75
ch1706523420,17077,1706522730,1706523840,4908.25,4921.75
ch1706523900,17077,1706522730,1706524260,4907.75,4922.25
ch1706529840,17077,1706529690,1706530140,4913.0,4925.5
ch1706533260,17077,1706532750,1706533680,4909.5,4923.5
ch1706533440,17077,1706532750,1706533680,4909.5,4923.5
cl1706535420,17077,1706534310,1706535600,4910.25,4924.25
cl1706535780,17077,1706535570,1706536020,4909.0,4923.5
ch1706538600,17077,1706538090,1706538780,4909.25,4924.25
cl1706560800,17077,1706560350,1706561100,4943.0,4963.0
cl1706577720,17077,1706577450,1706577900,4949.25,4962.75
cl1706580000,17077,1706579850,1706580120,4948.5,4961.0
cl1706581620,17077,1706581530,1706582040,4948.0,4959.5
ch1706587380,17077,1706587290,1706587740,4946.75,4958.75
ch1706592600,17077,1706592450,1706592900,4948.0,4960.0
cl1706594040,17077,1706593830,1706594700,4949.0,4961.0
cl1706597040,17077,1706596890,1706597280,4947.0,4959.0
cl1706598960,17077,1706598750,1706599260,4941.0,4953.5
ch1706601000,17077,1706600370,1706601120,4941.75,4953.75
cl1706601900,17077,1706601510,1706602260,4943.0,4956.0
ch1706602860,17077,1706602470,1706603340,4939.0,4956.0
cl1706606820,17077,1706606610,1706607540,4943.25,4956.75
ch1706608200,17077,1706607690,1706608920,4941.5,4955.0
ch1706608920,17077,1706608470,1706609580,4942.25,4955.25
cl1706612160,17077,1706611770,1706612400,4944.25,4957.25
cl1706620260,17077,1706620110,1706620500,4937.75,4951.75
cl1706624280,17077,1706623950,1706624640,4937.0,4952.0
cl1706624940,17077,1706624850,1706625120,4939.5,4952.5
ch1706626500,17077,1706625750,1706626740,4943.0,4958.5
cl1706628360,17077,1706628270,1706628960,4939.0,4958.0
cl1706630100,17077,1706629110,1706631180,4939.0,4958.5
ch1706630640,17077,1706630130,1706631660,4935.5,4954.5
ch1706632800,17077,1706631930,1706633220,4940.25,4958.75
cl1706637960,17077,1706637450,1706638380,4937.0,4953.0
ch1706644140,17077,1706642670,1706644320,4944.5,4960.0
ch1706663820,17077,1706663670,1706664300,4927.0,4938.5
ch1706663940,17077,1706663670,1706664300,4927.0,4938.5
ch1706670120,17077,1706669910,1706672340,4923.75,4936.25
cl1706679480,17077,1706679210,1706679840,4925.5,4937.5
ch1706680920,17077,1706680830,1706681160,4925.25,4936.75
ch1706681520,17077,1706681010,1706682000,4925.25,4937.25
cl1706682840,17077,1706682570,1706683500,4924.75,4936.75
cl1706683020,17077,1706682570,1706683500,4924.75,4936.75
cl1706695080,17077,1706694810,1706695260,4920.25,4934.75
ch1706698500,17077,1706697810,1706698980,4917.75,4930.25
cl1706698860,17077,1706698710,1706699340,4918.0,4930.5
cl1706707860,17077,1706707410,1706708100,4923.75,4940.75
cl1706713080,17077,1706712270,1706713920,4909.5,4930.0
ch1706717760,17077,1706716950,1706718420,4898.75,4919.25
cl1706718900,17077,1706718270,1706719140,4901.5,4919.0
ch1706721000,17077,1706720610,1706721660,4901.0,4918.5
ch1706723460,17077,1706722890,1706723820,4897.75,4916.25
cl1706726340,17077,1706725290,1706726760,4904.5,4921.5
ch1706727000,17077,1706726670,1706727600,4904.75,4921.25
ch1706755320,17077,1706754570,1706755920,4878.0,4891.0
cl1706756220,17077,1706755350,1706756760,4879.0,4892.5
ch1706776140,17077,1706775630,1706776680,4875.0,4890.5
ch1706782800,17077,1706782290,1706783040,4879.5,4892.5
cl1706786940,17077,1706785710,1706787660,4881.25,4894.75
cl1706788320,17077,1706787750,1706788620,4881.25,4893.75
ch1706788800,17077,1706788470,1706788980,4880.0,4894.5
ch1706791500,17077,1706791410,1706791860,4887.75,4900.75
cl1706791860,17077,1706791710,1706792100,4887.75,4901.25
cl1706794380,17077,1706794290,1706794620,4877.75,4896.75
cl1706800860,17077,1706800770,1706801280,4881.75,4904.75
ch1706806260,17077,1706805510,1706806800,4877.5,4900.0
ch1706812320,17077,1706812170,1706812740,4896.5,4918.0
cl1706815620,17077,1706815230,1706815980,4904.5,4923.0
ch1706817600,17077,1706816730,1706817780,4906.0,4928.0
cl1706840400,17077,1706840310,1706840880,4950.5,4962.5
ch1706845980,17077,1706845590,1706846400,4950.25,4961.75
ch1706849160,17077,1706849070,1706849400,4950.75,4961.25
cl1706852100,17077,1706851830,1706853480,4950.0,4963.5
cl1706859600,17077,1706859270,1706859900,4948.75,4961.25
cl1706860320,17077,1706859390,1706860800,4948.0,4960.5
cl1706864220,17077,1706864130,1706864640,4951.75,4964.75
cl1706865360,17077,1706865150,1706865540,4952.25,4966.25
cl1706866380,17077,1706866110,1706866800,4948.25,4962.25
ch1706874840,17077,1706873370,1706875200,4949.75,4963.75
cl1706877720,17077,1706877030,1706877900,4955.75,4969.75
cl1706880300,17077,1706879850,1706880600,4951.5,4967.5
ch1706892720,17077,1706892090,1706893140,4961.75,4982.25
ch1706897160,17077,1706896770,1706897820,4962.0,4984.5
cl1706898480,17077,1706898270,1706899020,4966.75,4995.25
ch1706902920,17077,1706902410,1706904360,4979.5,4999.5
ch1707097440,17077,1707096630,1707098040,4960.0,4974.0
cl1707101400,17077,1707101190,1707101820,4960.5,4973.5
cl1707108000,17077,1707107010,1707108900,4961.0,4973.0
ch1707113400,17077,1707113010,1707113700,4963.75,4976.25
ch1707114780,17077,1707114270,1707115260,4964.75,4976.75
ch1707116580,17077,1707116190,1707116760,4964.0,4977.0
cl1707117120,17077,1707116610,1707118260,4964.75,4979.25
ch1707117900,17077,1707117390,1707118560,4963.75,4976.25
cl1707124560,17077,1707123930,1707124740,4964.5,4978.0
cl1707125700,17077,1707124950,1707126180,4961.25,4974.75
ch1707131580,17077,1707131310,1707131760,4965.0,4977.5
cl1707140160,17077,1707139590,1707140280,4960.75,4975.25
ch1707144480,17077,1707144150,1707145320,4957.25,4975.75
cl1707145740,17077,1707145350,1707145920,4951.5,4974.0
cl1707163260,17077,1707162450,1707163380,4968.0,4984.5
cl1707163440,17077,1707163230,1707163620,4966.5,4985.0
cl1707188160,17077,1707187890,1707189060,4959.0,4971.0
cl1707188340,17077,1707187890,1707189060,4959.0,4971.0
ch1707193560,17077,1707193050,1707193680,4959.25,4970.75
cl1707196380,17077,1707196230,1707196800,4961.25,4973.75
cl1707198840,17077,1707198750,1707199200,4960.25,4971.25
cl1707200940,17077,1707200850,1707201660,4959.0,4970.5
cl1707202500,17077,1707201990,1707202740,4959.25,4971.75
cl1707206760,17077,1707206550,1707207000,4963.75,4976.75
ch1707209280,17077,1707209070,1707209520,4960.0,4973.0
ch1707211320,17077,1707210750,1707211680,4958.25,4973.25
cl1707211560,17077,1707211350,1707211860,4961.0,4975.0
cl1707214500,17077,1707213690,1707215220,4955.5,4969.5
cl1707215640,17077,1707215490,1707216120,4953.25,4965.75
ch1707223500,17077,1707223410,1707224580,4952.0,4966.0
ch1707228360,17077,1707228030,1707229380,4961.0,4976.0
cl1707229680,17077,1707229590,1707229920,4964.0,4978.0
ch1707230760,17077,1707230550,1707231120,4964.25,4983.25
cl1707231660,17077,1707231510,1707231780,4956.25,4976.75
cl1707237660,17077,1707237150,1707237900,4958.0,4978.5
cl1707238800,17077,1707237870,1707239520,4951.5,4977.5
ch1707245460,17077,1707244530,1707245940,4957.75,4975.25
ch1707279600,17077,1707279270,1707282600,4968.0,4980.5
cl1707282120,17077,1707281910,1707282360,4969.5,4980.5
ch1707283860,17077,1707283770,1707284040,4968.75,4980.75
cl1707290580,17077,1707290490,1707290940,4968.0,4980.0
ch1707293400,17077,1707292890,1707294000,4965.25,4978.75
ch1707298440,17077,1707298170,1707298680,4968.5,4981.0
cl1707302220,17077,1707302070,1707302820,4966.75,4980.25
cl1707302580,17077,1707302070,1707302820,4966.75,4980.25
ch1707305940,17077,1707305550,1707306240,4967.75,4980.75
ch1707307800,17077,1707307530,1707308280,4965.75,4978.75
ch1707309480,17077,1707309210,1707309600,4967.75,4983.75
ch1707312540,17077,1707312270,1707312660,4979.25,4994.25
cl1707320400,17077,1707320010,1707321180,5001.75,5023.25
ch1707322080,17077,1707321690,1707322200,4993.25,5015.75
ch1707322200,17077,1707321750,1707322920,4996.0,5016.0
cl1707323700,17077,1707322530,1707324360,4998.25,5022.25
ch1707324600,17077,1707323790,1707324840,4993.5,5014.5
ch1707328680,17077,1707328350,1707328860,4999.25,5015.75
ch1707335460,17077,1707335070,1707336180,5006.25,5023.25
cl1707338580,17077,1707338490,1707339240,5007.0,5025.5
cl1707355440,17077,1707355350,1707356040,5006.25,5018.25
ch1707367020,17077,1707366090,1707367380,5007.75,5018.75
ch1707375000,17077,1707374790,1707375420,5008.25,5020.75
ch1707392640,17077,1707392130,1707393120,4999.5,5012.5
cl1707394140,17077,1707393750,1707394440,5000.75,5013.75
ch1707394440,17077,1707394350,1707394980,5000.5,5014.0
ch1707399180,17077,1707398610,1707399360,4998.75,5013.25
ch1707401820,17077,1707401490,1707402360,5003.5,5017.5
cl1707403380,17077,1707403170,1707404520,5003.75,5023.75
ch1707407640,17077,1707407250,1707407940,4999.25,5019.25
cl1707409800,17077,1707409530,1707410400,5000.0,5017.0
ch1707410100,17077,1707409770,1707410340,4997.5,5014.5
cl1707412080,17077,1707411510,1707412500,5002.5,5018.0
cl1707414360,17077,1707414150,1707414900,5003.0,5018.5
cl1707441900,17077,1707441690,1707442380,5008.25,5020.75
cl1707452400,17077,1707451170,1707452940,5010.75,5022.25
cl1707453180,17077,1707452910,1707453480,5010.5,5022.0
cl1707454620,17077,1707454530,1707454920,5009.75,5020.75
ch1707456300,17077,1707456210,1707456960,5010.5,5021.0
cl1707459120,17077,1707457710,1707460560,5008.5,5020.5
cl1707460140,17077,1707457710,1707460560,5008.5,5020.5
ch1707460560,17077,1707460410,1707461040,5008.25,5019.75
cl1707461460,17077,1707460890,1707462240,5008.75,5019.75
cl1707463860,17077,1707463770,1707464580,5010.75,5022.25
cl1707464820,17077,1707464610,1707465060,5010.5,5022.0
ch1707469140,17077,1707468690,1707469440,5015.0,5027.5
ch1707472740,17077,1707471390,1707472980,5013.0,5025.5
ch1707473040,17077,1707472890,1707473340,5013.5,5026.5
ch1707475320,17077,1707475230,1707475560,5015.5,5029.0
cl1707476100,17077,1707475410,1707476400,5016.75,5030.75
cl1707476700,17077,1707476370,1707477240,5015.5,5030.0
ch1707482940,17077,1707482550,1707483120,5019.0,5032.0
ch1707484800,17077,1707484170,1707485400,5019.0,5031.5
cl1707511500,17077,1707510570,1707511800,5034.25,5051.25
ch1707708420,17077,1707707490,1707708780,5037.5,5048.5
cl1707713160,17077,1707712950,1707713340,5036.5,5048.0
ch1707715200,17077,1707713850,1707716340,5035.5,5047.0
ch1707722880,17077,1707722790,1707723060,5037.5,5050.0
cl1707725700,17077,1707725550,1707726000,5036.75,5049.25
cl1707731700,17077,1707731370,1707732180,5037.75,5050.25
ch1707732840,17077,1707732690,1707733140,5037.0,5050.5
ch1707734640,17077,1707733650,1707736080,5037.5,5049.5
cl1707743940,17077,1707743670,1707744180,5038.5,5051.0
cl1707745860,17077,1707744690,1707747180,5036.25,5048.75
cl1707747480,17077,1707747210,1707747780,5034.5,5048.0
cl1707750360,17077,1707749970,1707750900,5037.0,5054.0
ch1707756900,17077,1707756570,1707757380,5052.25,5070.25
ch1707757560,17077,1707757350,1707758640,5053.5,5071.0
cl1707765600,17077,1707765510,1707765780,5028.25,5050.75
cl1707767460,17077,1707767130,1707768480,5030.5,5052.5
ch1707769260,17077,1707768270,1707770700,5029.0,5047.5
ch1707770820,17077,1707768330,1707771000,5030.25,5048.25
ch1707771180,17077,1707770490,1707771420,5031.25,5048.75
cl1707787320,17077,1707786810,1707787560,5027.25,5039.75
ch1707789480,17077,1707788190,1707789900,5027.5,5038.5
ch1707792540,17077,1707791970,1707792900,5028.25,5040.25
ch1707799560,17077,1707799290,1707799980,5026.75,5038.25
cl1707802680,17077,1707802170,1707803100,5029.0,5040.5
cl1707807720,17077,1707807510,1707808800,5031.5,5045.5
cl1707808800,17077,1707808350,1707809340,5031.25,5043.25
ch1707811200,17077,1707811110,1707811320,5030.5,5045.0
ch1707820500,17077,1707820230,1707820920,5015.25,5030.25
cl1707828660,17077,1707828030,1707829020,5013.75,5027.75
cl1707832440,17077,1707831750,1707832980,4970.0,5005.0
cl1707833160,17077,1707832950,1707833340,4964.5,4987.5
ch1707838980,17077,1707838110,1707839580,4963.25,4987.25
ch1707839580,17077,1707838110,1707839940,4962.75,4987.75
cl1707839940,17077,1707839670,1707840360,4969.75,4993.75
ch1707841620,17077,1707841170,1707842220,4970.5,4992.0
cl1707846960,17077,1707846810,1707847260,4966.25,4984.75
cl1707851280,17077,1707851010,1707851400,4949.75,4971.25
cl1707852360,17077,1707851550,1707852840,4942.25,4961.75
cl1707854040,17077,1707853770,1707854580,4935.25,4957.75
cl1707897600,17077,1707897270,1707897960,4974.75,4987.25
ch1707900240,17077,1707900150,1707900480,4975.25,4989.75
ch1707901560,17077,1707901290,1707901800,4976.5,4991.0
cl1707904860,17077,1707904770,1707905040,4986.75,5001.25
ch1707907020,17077,1707906870,1707907500,4983.75,4996.75
cl1707908580,17077,1707908430,1707908700,4984.0,4998.5
ch1707911760,17077,1707911670,1707911880,4984.0,4998.5
cl1707912960,17077,1707912810,1707913620,4989.25,5003.25
ch1707914700,17077,1707914550,1707915720,4986.75,5000.25
cl1707916860,17077,1707916590,1707917100,4989.25,5004.25
cl1707917160,17077,1707917070,1707917640,4986.75,5003.25
ch1707924480,17077,1707924030,1707925140,4995.0,5014.0
cl1707925860,17077,1707925770,1707926040,4987.75,5011.25
ch1707942420,17077,1707942270,1707942840,4994.75,5016.25
cl1707959040,17077,1707958950,1707959220,5008.75,5020.75
cl1707959880,17077,1707959730,1707960120,5006.0,5018.5
ch1707966240,17077,1707965970,1707966600,5010.75,5022.75
cl1707967680,17077,1707967290,1707968100,5012.0,5024.0
ch1707972840,17077,1707972210,1707973320,5010.75,5022.75
cl1707999720,17077,1707999630,1707999960,5018.0,5031.5
ch1708000320,17077,1708000110,1708001100,5019.0,5031.5
cl1708001700,17077,1708001550,1708001820,5019.0,5032.0
cl1708003020,17077,1708002690,1708003200,5018.25,5031.75
cl1708004940,17077,1708004850,1708005240,5015.25,5035.25
cl1708005960,17077,1708004850,1708006380,5014.5,5036.0
ch1708007640,17077,1708007430,1708007880,5011.25,5030.75
ch1708018020,17077,1708017450,1708018200,5019.25,5035.75
ch1708055760,17077,1708055610,1708056180,5039.5,5050.5
ch1708056720,17077,1708056570,1708056960,5039.25,5050.75
ch1708064220,17077,1708063710,1708064760,5038.0,5049.5
cl1708070340,17077,1708070250,1708070640,5041.75,5054.25
ch1708072500,17077,1708071930,1708072680,5044.0,5058.5
ch1708079880,17077,1708079790,1708080360,5051.25,5063.75
cl1708080780,17077,1708080570,1708081020,5052.25,5065.25
cl1708081020,17077,1708080690,1708081200,5051.75,5064.75
ch1708088580,17077,1708088370,1708088760,5044.75,5060.25
ch1708092720,17077,1708091910,1708093440,5031.5,5049.5
ch1708099920,17077,1708099650,1708100160,5026.5,5047.0
cl1708106700,17077,1708106610,1708107060,5029.75,5047.25
ch1708108800,17077,1708107810,1708108980,5030.75,5050.25
cl1708305420,17077,1708305270,1708305540,5021.75,5035.25
cl1708306380,17077,1708306290,1708306500,5016.75,5031.75
cl1708306560,17077,1708306290,1708306800,5015.75,5032.75
cl1708308480,17077,1708308090,1708308960,5016.25,5029.25
cl1708310040,17077,1708309590,1708310580,5016.5,5029.5
cl1708316460,17077,1708316250,1708316700,5017.0,5028.5
cl1708323600,17077,1708323510,1708323780,5020.0,5032.0
ch1708330260,17077,1708329570,1708330980,5013.75,5029.25
ch1708331700,17077,1708331250,1708332360,5014.0,5029.0
ch1708333800,17077,1708333290,1708334160,5016.0,5030.0
ch1708333980,17077,1708333290,1708334160,5016.0,5030.0
cl1708340100,17077,1708339770,1708340340,5017.75,5029.75
ch1708348740,17077,1708348410,1708348920,5016.75,5029.75
cl1708351500,17077,1708351350,1708351980,5018.75,5030.75
cl1708356300,17077,1708355850,1708357140,5019.5,5032.0
ch1708359720,17077,1708359270,1708360740,5017.5,5029.5
cl1708391700,17077,1708390830,1708391820,5008.5,5020.5
cl1708397340,17077,1708397130,1708398120,4998.75,5011.25
cl1708398600,17077,1708398450,1708398780,4998.75,5011.25
cl1708399560,17077,1708399230,1708399980,4998.0,5010.0
cl1708411560,17077,1708411470,1708411740,5002.75,5014.75
cl1708417380,17077,1708417230,1708417860,4994.75,5014.75
ch1708418220,17077,1708418070,1708418400,4995.5,5011.5
ch1708418940,17077,1708418130,1708419360,4995.25,5012.75
cl1708421160,17077,1708421070,1708421460,4999.5,5014.5
cl1708423680,17077,1708423590,1708423980,4992.5,5008.0
ch1708429260,17077,1708429110,1708429620,4991.75,5007.75
ch1708429680,17077,1708429170,1708430160,4993.75,5008.25
ch1708434840,17077,1708434630,1708435200,4996.5,5011.5
cl1708440060,17077,1708439970,1708440660,4984.0,5011.0
ch1708444800,17077,1708444590,1708445460,4981.5,5002.5
cl1708453740,17077,1708453590,1708453920,4969.25,4989.75
cl1708456560,17077,1708456470,1708456860,4971.5,4991.0
ch1708458600,17077,1708458390,1708459200,4976.75,4997.75
cl1708479240,17077,1708479090,1708479420,4976.0,4988.5
cl1708481640,17077,1708481310,1708481880,4978.75,4990.75
cl1708482540,17077,1708482390,1708482900,4978.25,4991.25
ch1708496460,17077,1708496190,1708496940,4979.0,4992.5
ch1708500600,17077,1708500270,1708501020,4981.0,4994.5
ch1708515960,17077,1708515450,1708516800,4972.25,4985.75
ch1708527840,17077,1708527750,1708529280,4969.75,4989.75
ch1708531320,17077,1708530390,1708531620,4966.5,4985.0
cl1708533000,17077,1708532730,1708533120,4975.5,4994.5
ch1708537560,17077,1708537470,1708537740,4962.75,4981.25
ch1708538340,17077,1708537770,1708538580,4968.25,4985.25
cl1708544280,17077,1708544070,1708544520,4959.0,4978.5
cl1708579980,17077,1708579770,1708580220,5027.5,5040.5
ch1708580280,17077,1708580130,1708580520,5028.5,5040.0
ch1708589640,17077,1708589190,1708589760,5038.25,5058.75
ch1708595820,17077,1708595190,1708597380,5043.5,5058.5
cl1708597560,17077,1708596930,1708597920,5045.0,5060.5
cl1708601160,17077,1708601070,1708601280,5057.75,5074.25
ch1708613400,17077,1708613250,1708613640,5054.75,5081.75
ch1708614120,17077,1708613670,1708615740,5054.5,5080.5
ch1708625880,17077,1708625670,1708626180,5074.5,5092.5
ch1708627620,17077,1708626750,1708628160,5082.0,5100.0
cl1708630860,17077,1708630710,1708631220,5092.25,5110.25
cl1708631820,17077,1708631730,1708632240,5086.5,5110.0
ch1708633380,17077,1708632930,1708633620,5088.5,5107.5
cl1708653180,17077,1708652730,1708653360,5094.5,5107.5
ch1708654200,17077,1708653870,1708654680,5093.75,5106.75
ch1708655040,17077,1708654770,1708655520,5094.0,5107.5
cl1708660920,17077,1708659870,1708662120,5095.5,5107.5
cl1708663140,17077,1708662930,1708663740,5096.25,5107.25
cl1708666320,17077,1708666230,1708666740,5097.0,5108.5
ch1708668180,17077,1708668090,1708668420,5097.25,5109.25
cl1708669440,17077,1708669350,1708669560,5096.5,5108.0
cl1708672320,17077,1708672230,1708672500,5092.75,5106.25
cl1708678320,17077,1708678050,1708679340,5089.75,5103.75
ch1708691280,17077,1708691130,1708691460,5092.5,5106.5
ch1708691820,17077,1708691430,1708692120,5094.75,5107.75
ch1708696320,17077,1708696110,1708696860,5097.75,5112.75
ch1708698060,17077,1708697970,1708698660,5105.0,5121.0
ch1708699680,17077,1708699230,1708699920,5111.0,5128.5
ch1708701360,17077,1708700490,1708701840,5106.25,5126.25
cl1708708560,17077,1708708470,1708709100,5099.75,5119.75
ch1708710540,17077,1708710150,1708710900,5092.25,5112.75
ch1708712640,17077,1708711890,1708713180,5099.75,5116.25
cl1708714380,17077,1708714230,1708714860,5100.0,5118.0
ch1708718760,17077,1708717950,1708718940,5095.0,5112.0
ch1708911180,17077,1708911030,1708911480,5085.25,5099.25
cl1708912440,17077,1708912290,1708912680,5084.75,5099.25
cl1708914120,17077,1708913970,1708914540,5085.5,5098.5
cl1708915980,17077,1708915830,1708916580,5085.5,5099.0
ch1708924200,17077,1708924050,1708924320,5086.75,5098.25
cl1708926360,17077,1708926210,1708926600,5086.25,5099.25
ch1708927320,17077,1708927170,1708928160,5085.5,5097.5
ch1708927560,17077,1708927170,1708928160,5085.5,5097.5
cl1708927920,17077,1708927590,1708928100,5086.25,5098.25
cl1708928160,17077,1708928070,1708928520,5085.5,5097.5
cl1708930920,17077,1708930650,1708931160,5084.5,5097.0
cl1708931940,17077,1708931850,1708932360,5085.25,5097.75
cl1708944960,17077,1708944810,1708945560,5093.25,5105.75
cl1708945680,17077,1708944870,1708946220,5093.0,5106.0
ch1708946520,17077,1708946190,1708946940,5092.75,5106.25
ch1708946940,17077,1708946610,1708947240,5093.5,5107.0
ch1708954500,17077,1708954290,1708954740,5095.5,5110.0
ch1708954800,17077,1708954710,1708955280,5097.25,5112.25
cl1708963620,17077,1708963530,1708963980,5085.75,5104.25
cl1708970040,17077,1708969410,1708970460,5087.0,5104.0
ch1708970880,17077,1708970550,1708971000,5082.5,5100.5
ch1708973760,17077,1708972770,1708973880,5076.25,5093.75
ch1708996200,17077,1708996050,1708996380,5071.75,5084.75
cl1708998540,17077,1708997610,1708998660,5071.5,5084.5
ch1709009340,17077,1709008530,1709009880,5070.5,5083.0
ch1709009880,17077,1709008830,1709010240,5071.75,5083.25
ch1709010900,17077,1709010450,1709011320,5072.25,5084.25
cl1709011620,17077,1709011470,1709012220,5071.5,5084.0
ch1709018220,17077,1709018070,1709018760,5072.5,5084.5
cl1709028900,17077,1709028750,1709030460,5079.0,5092.0
ch1709029500,17077,1709029050,1709030520,5078.5,5090.5
ch1709031660,17077,1709031030,1709031840,5078.5,5091.5
cl1709032980,17077,1709032350,1709033280,5077.75,5091.75
ch1709038140,17077,1709037750,1709038500,5082.5,5095.0
ch1709054880,17077,1709054670,1709055120,5064.5,5082.0
cl1709055720,17077,1709055390,1709056500,5066.0,5083.5
ch1709062260,17077,1709062050,1709062440,5072.5,5090.0
cl1709097780,17077,1709097690,1709097960,5083.0,5094.5
ch1709103900,17077,1709103810,1709104200,5081.0,5093.0
cl1709105100,17077,1709104650,1709105220,5079.5,5092.0
ch1709106600,17077,1709106390,1709107080,5076.0,5090.0
cl1709108400,17077,1709108310,1709108580,5075.0,5088.5
ch1709116860,17077,1709116530,1709117520,5062.0,5079.5
cl1709118180,17077,1709116950,1709118420,5065.75,5080.75
cl1709121480,17077,1709121270,1709121780,5066.75,5080.75
cl1709122200,17077,1709122050,1709122320,5067.25,5080.75
cl1709130420,17077,1709129130,1709130720,5066.0,5082.0
cl1709139600,17077,1709139450,1709140500,5077.75,5094.75
cl1709140140,17077,1709139450,1709140500,5077.75,5094.75
cl1709140500,17077,1709139870,1709140680,5077.25,5093.75
cl1709150880,17077,1709150790,1709151840,5069.25,5087.75
ch1709170800,17077,1709170650,1709171100,5072.0,5084.5
ch1709178120,17077,1709177910,1709178600,5073.5,5086.0
cl1709184120,17077,1709183310,1709184420,5078.25,5089.75
ch1709189460,17077,1709189370,1709190000,5074.25,5085.75
cl1709191560,17077,1709191350,1709191800,5072.75,5087.25
ch1709197920,17077,1709197710,1709198820,5054.5,5072.5
ch1709221740,17077,1709221650,1709222160,5076.5,5100.0
ch1709227200,17077,1709226570,1709227800,5073.75,5093.25
ch1709239920,17077,1709239650,1709240100,5095.5,5113.0
ch1709240220,17077,1709240070,1709240460,5092.5,5119.5
cl1709267760,17077,1709267070,1709268240,5105.0,5116.5
cl1709275980,17077,1709275650,1709276400,5107.0,5119.0
cl1709277780,17077,1709277630,1709278500,5108.75,5120.75
cl1709283900,17077,1709283750,1709284200,5101.75,5116.25
ch1709284800,17077,1709284470,1709284980,5102.25,5117.25
cl1709288700,17077,1709288370,1709289360,5084.25,5104.25
ch1709291880,17077,1709291610,1709293200,5089.25,5104.25
ch1709293680,17077,1709293170,1709294400,5089.5,5106.0
ch1709300820,17077,1709300730,1709300940,5093.75,5109.75
ch1709302680,17077,1709302230,1709302860,5093.5,5109.0
ch1709303040,17077,1709302470,1709303280,5094.25,5109.75
cl1709310600,17077,1709310150,1709310720,5118.5,5138.0
cl1709312460,17077,1709312190,1709312880,5119.5,5137.5
ch1709314020,17077,1709313570,1709314620,5121.5,5139.0
ch1709515620,17077,1709515530,1709516100,5135.25,5147.25
cl1709515860,17077,1709515650,1709516220,5136.0,5148.0
ch1709531760,17077,1709531370,1709532060,5134.75,5145.75
ch1709533140,17077,1709532750,1709533560,5134.5,5146.0
cl1709534400,17077,1709534250,1709534700,5135.25,5147.25
cl1709535600,17077,1709535330,1709536020,5135.0,5147.0
cl1709541060,17077,1709540910,1709542560,5136.25,5149.25
ch1709547420,17077,1709547090,1709548440,5133.25,5145.25
ch1709547960,17077,1709547090,1709548440,5133.25,5145.25
ch1709552820,17077,1709552670,1709553540,5132.25,5144.25
ch1709552940,17077,1709552670,1709553540,5132.25,5144.25
ch1709558040,17077,1709557830,1709558580,5131.0,5145.5
cl1709558820,17077,1709558490,1709559780,5130.75,5144.75
cl1709559060,17077,1709558490,1709559780,5130.75,5144.75
cl1709560320,17077,1709560050,1709560560,5130.0,5143.5
ch1709563020,17077,1709562570,1709563260,5126.75,5144.75
ch1709565900,17077,1709565810,1709566260,5129.75,5146.75
cl1709570100,17077,1709569770,1709570340,5132.0,5147.5
ch1709573400,17077,1709572830,1709574360,5137.25,5152.25
cl1709576100,17077,1709576010,1709576400,5136.5,5151.5
ch1709577480,17077,1709576790,1709577840,5133.0,5148.5
cl1709601420,17077,1709601150,1709601600,5125.5,5138.0
cl1709607000,17077,1709606430,1709607120,5123.25,5136.75
cl1709612520,17077,1709612370,1709612820,5125.0,5136.5
cl1709616840,17077,1709616630,1709617260,5122.0,5134.0
cl1709617440,17077,1709617170,1709617800,5121.25,5133.75
ch1709625300,17077,1709625030,1709625420,5120.0,5132.0
ch1709625420,17077,1709625030,1709625540,5119.75,5132.25
cl1709626560,17077,1709625810,1709626920,5121.5,5135.5
cl1709633040,17077,1709632110,1709633220,5114.0,5127.0
ch1709636940,17077,1709636430,1709637360,5117.0,5130.5
cl1709642160,17077,1709641950,1709642460,5116.25,5130.75
cl1709642940,17077,1709642790,1709643240,5113.5,5129.5
cl1709647260,17077,1709646450,1709647980,5109.75,5125.75
cl1709648640,17077,1709648430,1709649000,5108.0,5122.5
cl1709650440,17077,1709649870,1709650920,5102.25,5124.25
cl1709652000,17077,1709651670,1709652240,5093.5,5115.5
ch1709659560,17077,1709659350,1709660280,5086.75,5104.25
cl1709667180,17077,1709667030,1709667480,5072.5,5092.5
cl1709686920,17077,1709686050,1709687100,5078.75,5092.75
ch1709691900,17077,1709691810,1709692020,5080.0,5094.5
cl1709698260,17077,1709697930,1709699040,5085.25,5097.25
ch1709700300,17077,1709699850,1709700720,5082.75,5095.25
cl1709702760,17077,1709702070,1709702940,5085.0,5097.5
cl1709704380,17077,1709703990,1709704920,5085.0,5096.5
cl1709705460,17077,1709705130,1709705940,5084.0,5096.0
ch1709713740,17077,1709713410,1709713860,5089.0,5103.5
ch1709715840,17077,1709715630,1709716500,5094.0,5108.0
ch1709716620,17077,1709716530,1709717220,5096.75,5110.75
ch1709721240,17077,1709720430,1709721540,5098.5,5112.0
cl1709724180,17077,1709724030,1709724540,5097.5,5111.0
ch1709732520,17077,1709732010,1709732820,5100.25,5119.75
ch1709733600,17077,1709732790,1709734680,5105.75,5122.25
ch1709734860,17077,1709734530,1709735160,5108.0,5123.5
cl1709735880,17077,1709735730,1709736360,5105.75,5127.75
ch1709736300,17077,1709735970,1709736660,5103.5,5122.5
cl1709737620,17077,1709737410,1709738160,5092.75,5121.25
ch1709750700,17077,1709750370,1709750880,5108.5,5131.0
cl1709751000,17077,1709750790,1709751480,5100.0,5139.0
cl1709752560,17077,1709752410,1709752920,5093.5,5135.5
ch1709753400,17077,1709752770,1709754060,5089.75,5122.75
cl1709756580,17077,1709756250,1709757660,5094.25,5121.75
cl1709776740,17077,1709776410,1709777460,5090.0,5104.5
ch1709785440,17077,1709784870,1709785680,5091.75,5104.75
ch1709788500,17077,1709787990,1709788680,5095.5,5108.5
ch1709790660,17077,1709789850,1709790960,5094.25,5107.75
ch1709792400,17077,1709791950,1709792580,5095.25,5107.75
ch1709797860,17077,1709797110,1709797980,5086.25,5101.25
ch1709798100,17077,1709797170,1709798280,5087.5,5101.5
ch1709799660,17077,1709799570,1709799840,5083.5,5101.5
ch1709802780,17077,1709802090,1709802900,5089.0,5108.5
ch1709804340,17077,1709803650,1709804640,5099.25,5116.25
ch1709812980,17077,1709812770,1709813460,5114.0,5128.5
ch1709814120,17077,1709814030,1709814240,5115.25,5132.25
cl1709816100,17077,1709815890,1709816700,5117.5,5132.0
cl1709819400,17077,1709819130,1709819520,5127.0,5144.0
cl1709820240,17077,1709819250,1709820960,5126.25,5143.25
ch1709833620,17077,1709833350,1709833920,5144.25,5162.75
ch1709837820,17077,1709837370,1709838600,5159.0,5175.5
cl1709838000,17077,1709837910,1709838240,5160.25,5179.25
cl1709839560,17077,1709839350,1709840700,5157.5,5176.5
cl1709860380,17077,1709859870,1709860680,5152.75,5166.25
ch1709879700,17077,1709879490,1709880180,5158.0,5169.5
cl1709880540,17077,1709880030,1709880900,5157.75,5169.75
cl1709880900,17077,1709880510,1709881140,5157.5,5168.5
cl1709882400,17077,1709882010,1709882520,5156.5,5169.0
ch1709885700,17077,1709885490,1709885880,5159.5,5174.0
cl1709902320,17077,1709902110,1709902860,5145.5,5161.0
cl1709907540,17077,1709907090,1709907840,5162.0,5191.0
cl1709907840,17077,1709907150,1709908080,5161.75,5184.25
ch1709909700,17077,1709909130,1709909820,5168.25,5192.25
cl1709912160,17077,1709911950,1709912400,5176.5,5200.5
cl1709923260,17077,1709922930,1709924520,5116.75,5138.75
ch1709924700,17077,1709924490,1709925000,5119.5,5142.5
ch1709924820,17077,1709924490,1709925000,5119.5,5142.5
ch1710116220,5602,1710115890,1710116640,5183.0,5199.5
cl1710117360,5602,1710117210,1710117840,5182.5,5196.5
ch1710118320,5602,1710117990,1710118800,5181.25,5195.25
ch1710120960,5602,1710120570,1710121260,5185.0,5198.5
cl1710128280,5602,1710127950,1710128400,5182.25,5195.25
ch1710133200,5602,1710132990,1710133800,5175.0,5187.5
cl1710133740,5602,1710133650,1710133980,5175.25,5188.75
ch1710145500,5602,1710145290,1710145800,5166.5,5190.0
cl1710146760,5602,1710146670,1710146880,5174.75,5194.25
ch1710154080,5602,1710153990,1710154920,5179.5,5195.0
cl1710156240,5602,1710155790,1710156420,5178.5,5194.5
ch1710162900,5602,1710162630,1710163140,5167.0,5184.0
ch1710169260,5602,1710168810,1710169440,5159.75,5184.75
cl1710169980,5602,1710169830,1710170880,5162.5,5183.5
ch1710175380,5602,1710175170,1710176040,5168.0,5188.5
ch1710178320,5602,1710177930,1710178680,5174.5,5193.0
ch1710179760,5602,1710179370,1710179880,5167.75,5187.25
cl1710182100,5602,1710181890,1710182580,5175.75,5195.75
cl1710185280,5602,1710184410,1710185400,5175.5,5194.0
cl1710208800,5602,1710208470,1710208980,5193.25,5205.75
cl1710216780,5602,1710216450,1710217980,5194.75,5206.25
cl1710226560,5602,1710226470,1710226800,5197.5,5209.5
ch1710227220,5602,1710227070,1710227580,5197.75,5211.25
cl1710233640,5602,1710233130,1710234180,5189.75,5206.75
cl1710244080,5602,1710243930,1710244680,5191.0,5204.5
ch1710245280,5602,1710244890,1710245880,5189.75,5203.25
ch1710247020,5602,1710246870,1710247200,5190.25,5221.25
ch1710249960,5602,1710249630,1710250140,5187.5,5211.5
cl1710250620,5602,1710250470,1710250740,5182.5,5220.0
ch1710254160,5602,1710253770,1710254280,5210.75,5234.75
cl1710255540,5602,1710255330,1710255840,5223.25,5245.25
cl1710255960,5602,1710255450,1710256200,5221.75,5245.25
ch1710264060,5602,1710263910,1710264300,5209.25,5231.75
cl1710267240,5602,1710267150,1710267780,5225.25,5243.25
ch1710268500,5602,1710268230,1710268920,5228.0,5246.0
ch1710269580,5602,1710269310,1710269880,5226.75,5246.75
cl1710288180,5602,1710288030,1710288540,5236.75,5248.25
ch1710298440,5602,1710298170,1710298800,5230.0,5243.0
ch1710302700,5602,1710302430,1710303180,5232.25,5244.25
cl1710303960,5602,1710303330,1710304560,5233.75,5245.25
ch1710306120,5602,1710305970,1710306360,5235.0,5246.5
ch1710313860,5602,1710313350,1710314100,5237.0,5251.5
ch1710314100,5602,1710313770,1710314280,5238.25,5252.25
cl1710315660,5602,1710315450,1710317040,5239.5,5253.5
ch1710321300,5602,1710321090,1710321420,5232.5,5247.5
cl1710333000,5602,1710332790,1710333180,5232.0,5246.0
ch1710343080,5602,1710342510,1710343380,5226.5,5244.0
ch1710346020,5602,1710344970,1710346320,5223.75,5242.25
ch1710359220,5602,1710358890,1710361560,5220.25,5241.25
cl1710382020,5602,1710381810,1710382740,5232.5,5245.0
cl1710382860,5602,1710382710,1710383340,5232.5,5244.0
cl1710384480,5602,1710384150,1710384660,5233.5,5245.0
ch1710385560,5602,1710385470,1710386280,5230.75,5242.75
cl1710387000,5602,1710386910,1710388200,5231.0,5242.5
cl1710387600,5602,1710386910,1710388200,5231.0,5242.5
cl1710393060,5602,1710392970,1710393540,5233.5,5245.0
ch1710395580,5602,1710395370,1710396240,5234.0,5245.0
cl1710399180,5602,1710398970,1710399360,5235.25,5246.75
cl1710400500,5602,1710400410,1710400740,5234.5,5246.5
ch1710402120,5602,1710401310,1710402360,5235.0,5248.0
ch1710402660,5602,1710402090,1710403080,5235.25,5248.75
ch1710404460,5602,1710404310,1710405120,5241.75,5255.75
cl1710405060,5602,1710404910,1710405480,5242.25,5257.25
cl1710413340,5602,1710412830,1710413880,5242.25,5255.25
cl1710416100,5602,1710415830,1710416760,5243.5,5256.0
ch1710425700,5602,1710425430,1710426600,5197.25,5227.75
ch1710426720,5602,1710426510,1710426900,5202.75,5230.75
ch1710426900,5602,1710426510,1710427320,5202.5,5231.0
cl1710427500,5602,1710427050,1710427740,5210.5,5238.0
ch1710429180,5602,1710428370,1710429720,5203.5,5229.0
cl1710464940,5602,1710464790,1710465240,5211.75,5224.75
ch1710472020,5602,1710471690,1710472500,5208.0,5220.5
ch1710472980,5602,1710472830,1710473880,5209.5,5221.5
ch1710474420,5602,1710473850,1710475440,5209.75,5222.25
cl1710477480,5602,1710477390,1710477720,5207.0,5219.5
cl1710479220,5602,1710479010,1710479460,5208.0,5219.0
ch1710479460,5602,1710479250,1710479580,5208.0,5219.5
ch1710488040,5602,1710487590,1710488280,5208.75,5222.25
ch1710489660,5602,1710489570,1710489840,5204.5,5219.0
ch1710490020,5602,1710489870,1710491820,5206.5,5223.0
ch1710495900,5602,1710495150,1710496380,5216.75,5230.75
cl1710500520,5602,1710500370,1710500880,5221.5,5235.0
cl1710503220,5602,1710503010,1710503700,5222.0,5236.0
ch1710509520,5602,1710509370,1710509880,5168.75,5203.25
ch1710523500,5602,1710523230,1710524100,5167.0,5187.5
ch1710528120,5602,1710527970,1710528480,5175.5,5195.5
ch1710528960,5602,1710528630,1710529440,5175.5,5194.0
ch1710720840,5602,1710720570,1710721560,5175.0,5190.0
ch1710723120,5602,1710722850,1710723300,5178.75,5191.25
ch1710723360,5602,1710722850,1710723900,5178.0,5192.0
ch1710726960,5602,1710726810,1710727860,5183.0,5196.0
ch1710727860,5602,1710727710,1710728640,5183.75,5196.25
ch1710736380,5602,1710736170,1710736860,5188.75,5201.25
cl1710738000,5602,1710737130,1710738420,5190.25,5201.75
ch1710741480,5602,1710740370,1710741960,5191.75,5203.25
ch1710742200,5602,1710741930,1710743100,5192.25,5204.25
cl1710742740,5602,1710742110,1710742980,5193.0,5205.0
cl1710744780,5602,1710744630,1710745140,5192.25,5204.25
cl1710745980,5602,1710745650,1710746220,5191.0,5203.5
ch1710747360,5602,1710747030,1710747660,5189.25,5202.25
ch1710754740,5602,1710753750,1710754860,5191.0,5205.5
ch1710757500,5602,1710757170,1710757800,5192.75,5206.25
ch1710758520,5602,1710758430,1710759420,5194.5,5209.0
ch1710771540,5602,1710770850,1710771840,5218.5,5240.5
cl1710772380,5602,1710771990,1710773220,5229.0,5248.5
cl1710773040,5602,1710772110,1710773220,5229.0,5250.0
ch1710776700,5602,1710776130,1710777240,5217.75,5235.75
cl1710781020,5602,1710780570,1710781200,5214.5,5234.5
cl1710781500,5602,1710780570,1710782520,5214.0,5235.0
ch1710808980,5602,1710808470,1710809160,5201.25,5213.75
ch1710823380,5602,1710822810,1710824760,5201.75,5215.25
cl1710832620,5602,1710831990,1710832920,5203.5,5218.5
cl1710833880,5602,1710833730,1710834120,5204.25,5218.25
ch1710837420,5602,1710836910,1710837600,5200.5,5216.5
cl1710840900,5602,1710840810,1710841560,5200.0,5215.0
ch1710849360,5602,1710848910,1710849780,5182.5,5199.0
ch1710849780,5602,1710849270,1710850140,5184.5,5199.5
ch1710852000,5602,1710851430,1710852480,5178.5,5200.5
ch1710854280,5602,1710853950,1710854460,5190.75,5206.75
cl1710855480,5602,1710855030,1710855600,5191.75,5211.75
ch1710856860,5602,1710856110,1710856980,5187.0,5208.5
ch1710860700,5602,1710860610,1710862020,5197.5,5215.5
ch1710866760,5602,1710866550,1710867060,5221.5,5240.0
cl1710867480,5602,1710867150,1710867780,5225.25,5244.75
cl1710867960,5602,1710867810,1710868500,5223.25,5246.25
ch1710869220,5602,1710868650,1710869400,5218.75,5238.25
ch1710873720,5602,1710873030,1710874620,5226.75,5242.75
ch1710896760,5602,1710896370,1710897120,5231.0,5242.5
cl1710900180,5602,1710899790,1710900360,5228.75,5240.75
ch1710901080,5602,1710900570,1710901920,5229.75,5241.25
cl1710904080,5602,1710903570,1710904560,5230.25,5242.75
ch1710905580,5602,1710904830,1710906000,5230.25,5241.75
cl1710907680,5602,1710907530,1710908100,5230.25,5241.25
ch1710918120,5602,1710917970,1710918240,5231.0,5243.0
cl1710920220,5602,1710920010,1710920340,5234.75,5247.75
ch1710922560,5602,1710922410,1710922800,5231.5,5245.0
cl1710923280,5602,1710922710,1710923580,5231.0,5245.5
cl1710924720,5602,1710924450,1710924960,5228.5,5242.5
ch1710926280,5602,1710926010,1710926460,5228.0,5242.5
cl1710936960,5602,1710936690,1710937200,5234.5,5250.0
ch1710944640,5602,1710944550,1710944760,5231.5,5250.0
ch1710950160,5602,1710949770,1710950940,5231.75,5247.75
ch1710953580,5602,1710953190,1710954240,5234.5,5249.5
cl1710954900,5602,1710954690,1710955620,5230.5,5247.5
cl1710958620,5602,1710958290,1710959400,5241.0,5273.5
ch1710961260,5602,1710960270,1710961500,5245.75,5283.75
ch1710964500,5602,1710964230,1710964680,5262.0,5289.5
ch1710983760,5602,1710983670,1710984120,5295.75,5307.75
cl1710984720,5602,1710984090,1710984840,5295.0,5307.5
cl1710999000,5602,1710998670,1710999300,5302.5,5314.0
ch1711005600,5602,1711005330,1711005720,5303.0,5317.0
cl1711013700,5602,1711012050,1711013880,5297.5,5312.5
ch1711016640,5602,1711016250,1711017600,5296.0,5310.5
cl1711019820,5602,1711019550,1711020120,5299.75,5313.75
ch1711020060,5602,1711019850,1711020660,5297.75,5312.75
ch1711021320,5602,1711021050,1711021980,5300.0,5315.5
cl1711022160,5602,1711021350,1711022520,5302.5,5318.0
ch1711024200,5602,1711023870,1711024620,5304.75,5319.25
cl1711044120,5602,1711043550,1711044480,5302.75,5321.25
ch1711045260,5602,1711044990,1711045620,5297.5,5317.0
ch1711049520,5602,1711049370,1711049700,5300.0,5318.0
ch1711065840,5602,1711065690,1711066140,5304.0,5316.0
cl1711066560,5602,1711066470,1711066740,5303.5,5315.5
cl1711075020,5602,1711074930,1711075200,5295.0,5311.0
cl1711078440,5602,1711078350,1711078620,5294.5,5308.0
ch1711078800,5602,1711078530,1711079220,5294.5,5307.5
cl1711090200,5602,1711089150,1711090680,5299.25,5312.25
ch1711090620,5602,1711090410,1711090920,5298.5,5310.5
cl1711092060,5602,1711091970,1711092360,5295.75,5309.25
cl1711092900,5602,1711092570,1711093440,5292.75,5307.25
ch1711095360,5602,1711095210,1711095480,5296.0,5312.0
ch1711097880,5602,1711096890,1711098420,5301.0,5314.5
cl1711106460,5602,1711106370,1711106640,5302.0,5315.5
ch1711111440,5602,1711111110,1711111740,5287.0,5303.0
ch1711112580,5602,1711112310,1711112700,5290.0,5305.5
cl1711116900,5602,1711116570,1711117380,5290.75,5310.25
ch1711119900,5602,1711119690,1711120260,5282.0,5300.5
ch1711121400,5602,1711120830,1711121700,5285.5,5303.0
ch1711126440,5602,1711126170,1711127100,5288.0,5304.0
ch1711127220,5602,1711126590,1711127520,5289.5,5305.0
ch1711128780,5602,1711128570,1711129020,5292.75,5307.75
cl1711327500,5602,1711326990,1711328160,5287.0,5299.5
ch1711330200,5602,1711329570,1711330560,5286.0,5298.5
ch1711330860,5602,1711330650,1711331400,5286.5,5300.0
ch1711330980,5602,1711330650,1711331400,5286.5,5300.0
cl1711333200,5602,1711333050,1711333740,5282.5,5296.0
ch1711338480,5602,1711338270,1711340340,5282.25,5294.75
ch1711343040,5602,1711342950,1711343220,5283.0,5295.0
ch1711349700,5602,1711349010,1711350180,5278.0,5290.5
ch1711356060,5602,1711355970,1711356660,5283.0,5297.0
cl1711361700,5602,1711361610,1711362480,5274.0,5289.5
cl1711363620,5602,1711363290,1711364400,5274.0,5288.5
cl1711368540,5602,1711368450,1711368660,5268.75,5282.75
cl1711370340,5602,1711370130,1711370700,5270.0,5283.5
cl1711371420,5602,1711370790,1711372080,5271.5,5285.5
ch1711392000,5602,1711391730,1711392360,5278.75,5293.75
cl1711394580,5602,1711394430,1711395120,5275.25,5290.25
cl1711396620,5602,1711396410,1711398240,5270.75,5286.25
ch1711414080,5602,1711413630,1711415340,5279.75,5291.75
cl1711418880,5602,1711417650,1711420260,5279.75,5291.75
ch1711420500,5602,1711420230,1711420800,5280.75,5291.75
cl1711421820,5602,1711421730,1711422600,5279.5,5290.5
ch1711431840,5602,1711431510,1711432920,5280.25,5291.75
ch1711432560,5602,1711431510,1711432920,5280.25,5291.75
ch1711434780,5602,1711434630,1711434960,5280.75,5292.25
ch1711435980,5602,1711435770,1711436100,5282.25,5294.75
ch1711437000,5602,1711436550,1711437660,5285.25,5299.25
ch1711441980,5602,1711441770,1711442400,5283.5,5296.5
ch1711447860,5602,1711447710,1711448220,5292.25,5304.75
ch1711448220,5602,1711447710,1711449060,5292.0,5305.0
cl1711452180,5602,1711451370,1711452360,5292.0,5306.0
ch1711453320,5602,1711452870,1711453920,5289.25,5303.75
cl1711456200,5602,1711456050,1711456440,5289.75,5303.25
cl1711459320,5602,1711458810,1711459740,5280.5,5298.0
ch1711459800,5602,1711459590,1711459920,5279.25,5295.75
ch1711462680,5602,1711462290,1711463340,5280.5,5299.5
cl1711474740,5602,1711474590,1711475040,5280.0,5295.0
ch1711477860,5602,1711477290,1711478100,5279.75,5293.75
cl1711480860,5602,1711480650,1711481340,5278.75,5292.75
cl1711505400,5602,1711504770,1711506120,5271.25,5283.25
cl1711505640,5602,1711504770,1711506120,5271.25,5283.25
cl1711507980,5602,1711507710,1711508520,5271.25,5282.75
ch1711509240,5602,1711508610,1711509540,5271.75,5283.25
ch1711509540,5602,1711509150,1711509900,5271.5,5283.5
ch1711510560,5602,1711510410,1711510860,5272.75,5284.25
cl1711510800,5602,1711510650,1711511340,5273.25,5284.75
cl1711511340,5602,1711511190,1711512300,5273.0,5284.0
ch1711513920,5602,1711513470,1711514160,5274.5,5286.5
cl1711523700,5602,1711523430,1711523880,5272.75,5285.75
cl1711528620,5602,1711528350,1711529400,5275.5,5289.5
ch1711530600,5602,1711530510,1711531200,5276.25,5289.75
cl1711532040,5602,1711531290,1711532220,5276.0,5288.5
ch1711544520,5602,1711544370,1711545600,5282.25,5296.25
ch1711549140,5602,1711548810,1711549380,5267.0,5285.5
ch1711558860,5602,1711557690,1711559160,5271.0,5286.5
cl1711559220,5602,1711559070,1711559340,5270.75,5287.25
cl1711559400,5602,1711559190,1711559700,5268.5,5287.5
cl1711564620,5602,1711564410,1711564800,5276.5,5292.0
cl1711565340,5602,1711565190,1711565640,5275.0,5291.0
ch1711567980,5602,1711567650,1711568100,5272.5,5294.5
ch1711568700,5602,1711568430,1711569000,5286.75,5307.75
cl1711591020,5602,1711590570,1711591200,5299.25,5310.75
ch1711598940,5602,1711598190,1711599420,5298.25,5310.25
ch1711614540,5602,1711614390,1711614720,5297.25,5311.25
ch1711620240,5602,1711619790,1711620720,5297.0,5310.0
cl1711624620,5602,1711624350,1711624740,5300.5,5313.0
cl1711629360,5602,1711629090,1711629780,5298.75,5319.75
ch1711631520,5602,1711630590,1711631700,5300.0,5315.5
cl1711633020,5602,1711632570,1711633320,5300.0,5319.0
ch1711638300,5602,1711638210,1711638540,5303.5,5319.5
cl1711638420,5602,1711638330,1711639020,5305.0,5323.5
ch1711647540,5602,1711647330,1711647660,5296.25,5314.25
ch1711931460,5602,1711930890,1711932000,5321.5,5334.0
ch1711946760,5602,1711946670,1711948320,5323.0,5334.5
cl1711950000,5602,1711949430,1711950120,5322.0,5334.0
cl1711951080,5602,1711950930,1711951380,5321.25,5332.75
cl1711954020,5602,1711953630,1711954200,5321.5,5333.5
cl1711957680,5602,1711956390,1711958580,5323.75,5336.75
ch1711960740,5602,1711959690,1711961460,5321.75,5333.75
ch1711961460,5602,1711960650,1711961700,5322.0,5334.0
cl1711963440,5602,1711962810,1711964220,5321.5,5334.5
ch1711965720,5602,1711965150,1711966320,5321.5,5333.0
ch1711966020,5602,1711965150,1711966320,5321.5,5333.0
cl1711973400,5602,1711973190,1711973700,5310.0,5327.5
cl1711981200,5602,1711981050,1711981980,5296.5,5320.5
cl1711983960,5602,1711982730,1711984200,5288.25,5306.25
cl1711984200,5602,1711984050,1711984500,5286.0,5306.0
ch1712020980,5602,1712020770,1712021220,5281.5,5295.5
cl1712028840,5602,1712027730,1712029080,5285.75,5296.75
cl1712033700,5602,1712033430,1712034120,5283.5,5295.0
cl1712034660,5602,1712034090,1712034900,5282.5,5295.0
ch1712043540,5602,1712042970,1712044800,5277.25,5294.25
ch1712045040,5602,1712044890,1712045400,5279.75,5299.75
cl1712047980,5602,1712047710,1712048280,5281.75,5296.75
cl1712050260,5602,1712050110,1712050440,5284.75,5298.25
ch1712050800,5602,1712050290,1712051340,5282.5,5297.0
cl1712061360,5602,1712061210,1712061540,5264.5,5279.0
cl1712062140,5602,1712061810,1712062500,5255.0,5272.0
cl1712062620,5602,1712061870,1712062800,5253.75,5274.25
cl1712078460,5602,1712077950,1712079480,5240.75,5257.75
ch1712082060,5602,1712081250,1712083080,5241.75,5257.25
cl1712083560,5602,1712083470,1712083920,5242.5,5260.5
cl1712103000,5602,1712102850,1712103300,5249.25,5261.25
cl1712105460,5602,1712105190,1712105700,5248.5,5260.5
ch1712113860,5602,1712113290,1712115720,5247.25,5259.25
cl1712117400,5602,1712117310,1712117640,5249.0,5261.0
ch1712120040,5602,1712119170,1712120820,5247.5,5259.0
cl1712120460,5602,1712120130,1712120760,5247.75,5259.25
ch1712126940,5602,1712126430,1712127600,5244.25,5257.75
cl1712127540,5602,1712126970,1712127720,5246.0,5258.5
ch1712128500,5602,1712128230,1712128620,5244.5,5259.0
ch1712133120,5602,1712132250,1712133420,5242.75,5257.75
cl1712133360,5602,1712133150,1712133900,5244.75,5259.75
cl1712134680,5602,1712134470,1712134800,5247.25,5260.75
cl1712147460,5602,1712147130,1712147820,5242.5,5261.0
cl1712148660,5602,1712148510,1712148960,5240.75,5258.25
ch1712151480,5602,1712151090,1712151600,5240.5,5261.0
ch1712152080,5602,1712151090,1712152800,5239.5,5262.0
ch1712155800,5602,1712153850,1712155920,5263.0,5283.0
ch1712157060,5602,1712155770,1712157720,5267.0,5285.5
cl1712170800,5602,1712170530,1712171460,5263.0,5280.0
cl1712189340,5602,1712188890,1712190780,5270.0,5284.0
cl1712192640,5602,1712191890,1712192940,5269.75,5282.25
ch1712213880,5602,1712213670,1712214180,5270.0,5282.0
ch1712215740,5602,1712215110,1712216160,5271.25,5285.75
ch1712219460,5602,1712219370,1712220060,5275.5,5289.5
cl1712226120,5602,1712225730,1712226600,5276.75,5289.75
cl1712229480,5602,1712229090,1712229840,5278.5,5291.5
cl1712230800,5602,1712230110,1712230980,5277.25,5289.75
ch1712232480,5602,1712232150,1712232720,5273.75,5288.75
cl1712232600,5602,1712232510,1712233140,5276.25,5290.25
ch1712234520,5602,1712234130,1712234700,5280.25,5297.25
ch1712237400,5602,1712237190,1712237580,5294.5,5312.0
cl1712243100,5602,1712241870,1712243280,5290.5,5306.0
cl1712247600,5602,1712247090,1712249820,5298.75,5314.25
cl1712258940,5602,1712258730,1712259120,5198.75,5231.75
cl1712259660,5602,1712259330,1712260260,5189.25,5219.25
cl1712260740,5602,1712260530,1712262300,5190.0,5221.5
cl1712281980,5602,1712281710,1712282520,5190.5,5204.5
ch1712284860,5602,1712284170,1712285100,5190.75,5205.25
cl1712288400,5602,1712288190,1712289240,5197.25,5209.75
ch1712296200,5602,1712295810,1712296740,5198.0,5211.5
cl1712300460,5602,1712300370,1712301120,5201.5,5217.5
ch1712303940,5602,1712303610,1712304180,5201.25,5216.25
cl1712304600,5602,1712304390,1712305080,5204.0,5219.0
cl1712307360,5602,1712307090,1712307660,5203.25,5219.25
cl1712311620,5602,1712310990,1712312460,5205.25,5222.25
ch1712323920,5602,1712323830,1712324340,5197.0,5224.0
ch1712338440,5602,1712338050,1712338920,5249.25,5268.75
ch1712553240,5602,1712552730,1712554200,5243.0,5255.5
cl1712554320,5602,1712554050,1712554560,5243.5,5256.5
cl1712559660,5602,1712559510,1712559840,5238.75,5253.75
cl1712575680,5602,1712575470,1712575800,5246.5,5262.0
cl1712575860,5602,1712575590,1712576520,5245.25,5260.25
cl1712583060,5602,1712582910,1712583240,5251.0,5272.5
cl1712599440,5602,1712599230,1712599740,5251.5,5270.0
ch1712604780,5602,1712604690,1712605080,5251.25,5269.25
cl1712628360,5602,1712627730,1712629080,5246.75,5258.25
ch1712629560,5602,1712628990,1712630100,5246.5,5259.0
ch1712631660,5602,1712631450,1712632140,5247.0,5258.5
cl1712642220,5602,1712642070,1712642400,5251.0,5262.0
ch1712644320,5602,1712644050,1712644740,5250.75,5263.25
ch1712646900,5602,1712646630,1712647020,5246.5,5260.5
cl1712652240,5602,1712651250,1712652360,5246.0,5261.0
ch1712656140,5602,1712655990,1712656380,5248.0,5263.5
ch1712660700,5602,1712660370,1712660880,5242.25,5257.75
cl1712662500,5602,1712661810,1712662980,5250.5,5266.0
cl1712671920,5602,1712670570,1712672160,5247.5,5267.5
ch1712675820,5602,1712675670,1712677380,5207.5,5236.0
cl1712676660,5602,1712675970,1712676900,5218.25,5242.25
ch1712691060,5602,1712690910,1712691480,5232.0,5262.0
cl1712708220,5602,1712708130,1712708520,5257.5,5270.0
cl1712712960,5602,1712712510,1712713620,5256.75,5268.75
cl1712717700,5602,1712717310,1712717940,5258.5,5270.0
cl1712720340,5602,1712720190,1712721060,5258.5,5270.5
ch1712722140,5602,1712721450,1712722740,5257.5,5270.0
cl1712729040,5602,1712727990,1712729280,5257.0,5269.5
cl1712732400,5602,1712732310,1712732520,5257.5,5270.5
cl1712736480,5602,1712736390,1712737020,5258.0,5273.0
cl1712739900,5602,1712739810,1712741700,5259.0,5277.0
cl1712760540,5602,1712760150,1712760660,5207.75,5233.75
cl1712761980,5602,1712761230,1712762220,5194.5,5218.5
ch1712770020,5602,1712769690,1712770260,5191.0,5221.0
ch1712774520,5602,1712774010,1712775000,5180.5,5210.5
ch1712797680,5602,1712797410,1712798040,5193.0,5206.5
cl1712798700,5602,1712798490,1712799120,5191.5,5205.5
cl1712805900,5602,1712805630,1712806140,5198.75,5211.25
ch1712808120,5602,1712807790,1712808720,5199.0,5212.0
ch1712808420,5602,1712807790,1712808720,5199.0,5212.0
ch1712811420,5602,1712810850,1712811660,5201.25,5213.25
ch1712812440,5602,1712812170,1712812920,5201.0,5213.5
ch1712812680,5602,1712812170,1712812920,5201.0,5213.5
cl1712815020,5602,1712814930,1712815140,5202.25,5214.25
ch1712818920,5602,1712818770,1712819220,5193.75,5212.75
ch1712819220,5602,1712818830,1712819940,5197.0,5213.5
ch1712822400,5602,1712822250,1712823300,5197.0,5213.0
cl1712827200,5602,1712827110,1712827380,5185.75,5202.25
ch1712827320,5602,1712827230,1712827860,5184.0,5201.0
cl1712834040,5602,1712833350,1712834220,5185.25,5202.25
ch1712838720,5602,1712838570,1712838840,5148.75,5210.75
ch1712839800,5602,1712839470,1712840040,5189.5,5220.0
cl1712849400,5602,1712848950,1712850000,5190.5,5214.5
ch1712860560,5602,1712860290,1712861400,5244.5,5262.5
ch1712860680,5602,1712860290,1712861400,5244.5,5262.5
cl1712861580,5602,1712861250,1712862420,5243.0,5264.0
cl1712883300,5602,1712883150,1712883660,5240.25,5252.25
cl1712888880,5602,1712888010,1712889120,5240.5,5253.0
ch1712890920,5602,1712890290,1712891460,5239.75,5251.25
cl1712891340,5602,1712891010,1712891520,5240.25,5251.75
cl1712893860,5602,1712893530,1712894760,5239.25,5250.75
cl1712894640,5602,1712893530,1712894760,5239.25,5250.75
cl1712898060,5602,1712897910,1712898180,5238.75,5250.75
cl1712906220,5602,1712905890,1712906580,5240.25,5256.25
cl1712908020,5602,1712907390,1712908260,5237.75,5252.75
cl1712913480,5602,1712913210,1712913900,5231.25,5247.25
ch1712917200,5602,1712916930,1712918220,5226.0,5241.5
ch1712922600,5602,1712922330,1712922900,5219.5,5237.5
ch1712923440,5602,1712923230,1712923740,5219.5,5238.5
cl1712930940,5602,1712930730,1712931300,5192.25,5219.25
cl1712932620,5602,1712932530,1712932980,5182.25,5207.75
cl1712933520,5602,1712933250,1712933760,5174.75,5198.25
ch1712935080,5602,1712934930,1712935740,5171.75,5199.25
ch1712935860,5602,1712935530,1712936040,5177.75,5201.75
cl1712938260,5602,1712937570,1712938380,5183.0,5205.5
cl1712939340,5602,1712938950,1712939460,5172.5,5195.5
cl1712943120,5602,1712942490,1712943840,5147.25,5172.75
ch1712945280,5602,1712945070,1712945520,5147.75,5178.75
ch1712951160,5602,1712950950,1712951400,5148.5,5173.5
ch1713151560,5602,1713151290,1713151680,5171.0,5183.5
ch1713155940,5602,1713155670,1713156240,5175.25,5188.75
ch1713160140,5602,1713159510,1713160380,5179.0,5192.5
cl1713163980,5602,1713163410,1713164340,5185.75,5199.25
ch1713167460,5602,1713167190,1713167760,5177.75,5199.25
ch1713179520,5602,1713178770,1713179820,5180.25,5197.25
cl1713185460,5602,1713184650,1713185940,5196.75,5218.75
cl1713188100,5602,1713187770,1713188460,5196.75,5225.75
cl1713190260,5602,1713190170,1713190620,5174.0,5206.5
cl1713190860,5602,1713190770,1713191280,5177.25,5204.75
cl1713198420,5602,1713198210,1713198600,5157.75,5182.25
cl1713201720,5602,1713201570,1713201900,5132.0,5158.0
cl1713206760,5602,1713206310,1713206940,5105.5,5131.0
ch1713225840,5602,1713225750,1713226500,5096.5,5112.0
ch1713226500,5602,1713226410,1713226980,5097.25,5112.75
ch1713227280,5602,1713227010,1713228300,5095.0,5111.5
cl1713233100,5602,1713233010,1713233820,5092.25,5107.25
ch1713235560,5602,1713235170,1713235680,5073.5,5095.5
ch1713245580,5602,1713244950,1713247440,5090.0,5105.5
cl1713249120,5602,1713249030,1713249660,5084.0,5102.0
ch1713249600,5602,1713249390,1713250020,5080.75,5099.75
ch1713261420,5602,1713261270,1713262140,5082.0,5102.5
cl1713262920,5602,1713262770,1713263100,5084.0,5101.5
ch1713265380,5602,1713265290,1713265500,5091.25,5111.75
ch1713265620,5602,1713265350,1713265980,5094.75,5113.25
ch1713266760,5602,1713266490,1713267120,5095.25,5116.75
cl1713270180,5602,1713269850,1713270300,5100.75,5119.25
cl1713272160,5602,1713271650,1713272340,5107.5,5128.5
cl1713272520,5602,1713272130,1713273420,5103.0,5130.5
cl1713277980,5602,1713277650,1713278220,5080.5,5107.5
ch1713282900,5602,1713282630,1713283140,5091.75,5116.25
ch1713283980,5602,1713283590,1713284100,5084.25,5109.25
ch1713284460,5602,1713283650,1713284760,5086.75,5110.75
ch1713287640,5602,1713287190,1713287940,5081.5,5110.5
ch1713291120,5602,1713290850,1713291360,5093.25,5128.25
cl1713312540,5602,1713312030,1713312780,5097.75,5113.25
cl1713313260,5602,1713313050,1713313740,5094.5,5109.0
ch1713327660,5602,1713327570,1713328080,5097.5,5110.0
cl1713328920,5602,1713328710,1713329460,5097.75,5109.25
cl1713330960,5602,1713330870,1713331200,5095.75,5108.75
ch1713331560,5602,1713331410,1713332040,5093.75,5107.75
cl1713333420,5602,1713333210,1713333660,5083.25,5099.25
ch1713336720,5602,1713335790,1713337380,5076.5,5094.5
cl1713343980,5602,1713343770,1713344400,5101.25,5118.75
ch1713349140,5602,1713348390,1713349380,5105.5,5119.5
cl1713355020,5602,1713354630,1713355200,5101.0,5121.5
cl1713357900,5602,1713357510,1713358140,5100.25,5119.75
cl1713362640,5602,1713362370,1713363060,5092.5,5127.0
cl1713363120,5602,1713363030,1713363300,5089.25,5115.75
ch1713363960,5602,1713363810,1713364680,5078.0,5108.5
cl1713365640,5602,1713365490,1713366120,5073.0,5102.0
cl1713366840,5602,1713366330,1713367140,5078.5,5107.5
cl1713371460,5602,1713370470,1713371580,5053.0,5079.0
cl1713371580,5602,1713370590,1713372120,5051.25,5077.25
ch1713376500,5602,1713376110,1713376620,5057.75,5086.25
cl1713381120,5602,1713380370,1713382500,5054.5,5090.0
ch1713402780,5602,1713402510,1713403680,5061.25,5074.25
ch1713405600,5602,1713405390,1713405840,5062.25,5075.75
ch1713408420,5602,1713407730,1713408840,5067.25,5079.75
cl1713415440,5602,1713415110,1713415560,5071.0,5083.0
ch1713417900,5602,1713417810,1713418200,5069.75,5082.25
ch1713420900,5602,1713420390,1713421200,5073.75,5088.25
cl1713428460,5602,1713427830,1713428580,5067.0,5084.5
ch1713433440,5602,1713432990,1713433560,5058.75,5075.75
ch1713434400,5602,1713433170,1713434700,5059.5,5077.5
ch1713451020,5602,1713450810,1713451500,5062.5,5090.0
ch1713453720,5602,1713453210,1713454260,5076.75,5100.25
cl1713456420,5602,1713456270,1713456900,5071.25,5092.75
cl1713462060,5602,1713461790,1713462300,5037.25,5064.75
ch1713464340,5602,1713463950,1713464460,5028.0,5058.5
cl1713490260,5602,1713490170,1713490740,4976.0,5018.5
ch1713491580,5602,1713491250,1713492000,4965.5,5000.5
ch1713496200,5602,1713495810,1713496380,4970.25,5001.75
ch1713504360,5602,1713504090,1713504480,4994.25,5013.25
ch1713506100,5602,1713505170,1713507060,4995.0,5015.0
cl1713514080,5602,1713513690,1713514260,5016.25,5036.75
cl1713520980,5602,1713520230,1713521220,5023.25,5039.75
ch1713521220,5602,1713521070,1713521580,5017.0,5042.0
cl1713531960,5602,1713530550,1713532380,5039.0,5060.0
cl1713540300,5602,1713539670,1713540540,5023.75,5050.25
ch1713541680,5602,1713540870,1713542100,5015.5,5041.0
cl1713542880,5602,1713542610,1713543060,5012.25,5035.25
ch1713549300,5602,1713548970,1713549480,5015.5,5042.5
cl1713550560,5602,1713549630,1713551340,5005.25,5034.75
cl1713552000,5602,1713551790,1713552240,4992.0,5025.0
cl1713747480,5602,1713747090,1713747600,5006.0,5023.0
cl1713747900,5602,1713747330,1713748200,5004.5,5022.5
cl1713756780,5602,1713756690,1713757260,5009.75,5023.75
ch1713774000,5602,1713773850,1713774420,5011.75,5027.75
ch1713777540,5602,1713777150,1713778800,5018.75,5034.75
cl1713781860,5602,1713781770,1713781980,5025.75,5041.25
cl1713785040,5602,1713784830,1713785280,5025.25,5040.75
ch1713793560,5602,1713793410,1713793680,5008.0,5034.0
cl1713797820,5602,1713797370,1713798300,5006.25,5033.25
ch1713800400,5602,1713800130,1713800760,5006.0,5027.0
ch1713801360,5602,1713801090,1713801540,5010.75,5029.75
ch1713804180,5602,1713803670,1713804300,5016.5,5036.0
ch1713805380,5602,1713805290,1713805500,5026.0,5045.0
ch1713811080,5602,1713809910,1713811260,5062.25,5081.75
ch1713840780,5602,1713840450,1713841080,5038.75,5051.25
ch1713852600,5602,1713852270,1713853560,5036.75,5051.25
cl1713861420,5602,1713861150,1713861660,5046.0,5064.0
cl1713862740,5602,1713862470,1713863100,5046.75,5063.25
ch1713866520,5602,1713866310,1713867000,5041.75,5058.75
ch1713868560,5602,1713868290,1713868800,5051.75,5067.25
ch1713876000,5602,1713875730,1713876420,5052.25,5071.25
ch1713877860,5602,1713877650,1713878040,5056.5,5073.5
cl1713884940,5602,1713884430,1713885240,5087.25,5120.25
ch1713885900,5602,1713885090,1713886440,5086.25,5108.75
cl1713887940,5602,1713886770,1713888120,5089.25,5111.75
ch1713893460,5602,1713892710,1713893760,5090.75,5111.25
ch1713901260,5602,1713900630,1713902280,5095.25,5113.75
ch1713918540,5602,1713917970,1713918960,5110.0,5123.5
ch1713925740,5602,1713925350,1713927240,5115.25,5128.25
cl1713938580,5602,1713938370,1713938760,5119.75,5135.25
ch1713945300,5602,1713944970,1713946920,5110.25,5125.25
ch1713954240,5602,1713953490,1713954600,5103.5,5119.5
ch1713958020,5602,1713957750,1713958260,5104.0,5122.0
cl1713963360,5602,1713962790,1713963600,5104.75,5123.75
cl1713965520,5602,1713965430,1713965760,5105.0,5123.5
ch1713967680,5602,1713967470,1713967800,5102.0,5127.0
cl1713971040,5602,1713970890,1713971220,5091.75,5112.75
ch1713977640,5602,1713977370,1713977820,5073.0,5095.5
ch1713977940,5602,1713977790,1713978060,5078.25,5099.75
ch1713979320,5602,1713978930,1713979440,5085.0,5105.5
ch1714005240,5602,1714005150,1714006080,5072.5,5085.5
ch1714005780,5602,1714005150,1714006080,5072.5,5085.5
ch1714010760,5602,1714010490,1714011480,5068.75,5082.75
cl1714013520,5602,1714013370,1714014000,5068.25,5080.25
ch1714019880,5602,1714019730,1714020120,5069.5,5081.0
ch1714024080,5602,1714023030,1714024380,5062.25,5076.75
cl1714024500,5602,1714024410,1714024800,5062.25,5075.75
cl1714029300,5602,1714029030,1714029540,5068.5,5083.5
cl1714030080,5602,1714029690,1714030440,5064.0,5080.0
ch1714031580,5602,1714030770,1714031940,5064.0,5080.5
ch1714033020,5602,1714032630,1714033680,5068.25,5085.75
ch1714041240,5602,1714040550,1714041540,5070.0,5084.5
ch1714042260,5602,1714041870,1714042560,5067.25,5082.75
ch1714045680,5602,1714045410,1714046160,5064.25,5081.25
cl1714050780,5602,1714050690,1714051980,5029.25,5051.75
ch1714052580,5602,1714052490,1714053180,5019.25,5046.25
ch1714061340,5602,1714060950,1714061520,5040.0,5061.0
ch1714066740,5602,1714066650,1714067160,5057.5,5083.0
ch1714091160,5602,1714090110,1714091700,5111.0,5126.0
ch1714102320,5602,1714102110,1714102740,5118.25,5132.25
ch1714109940,5602,1714109850,1714110300,5118.5,5131.0
cl1714111200,5602,1714110870,1714111380,5121.0,5134.5
ch1714116720,5602,1714116150,1714117200,5112.25,5127.25
cl1714135260,5602,1714134690,1714135680,5115.5,5151.5
ch1714139520,5602,1714139370,1714139700,5109.25,5133.75
cl1714144320,5602,1714144230,1714146180,5119.75,5147.75
cl1714146780,5602,1714146570,1714147200,5126.5,5147.0
cl1714147200,5602,1714146750,1714148100,5124.25,5145.75
ch1714148700,5602,1714147650,1714149240,5120.0,5142.0
cl1714154640,5602,1714154250,1714155480,5133.5,5152.0
ch1714158060,5602,1714157790,1714158600,5125.5,5147.5
ch1714353000,5602,1714352730,1714353300,5136.25,5148.75
cl1714356300,5602,1714355970,1714357320,5138.25,5153.75
cl1714357380,5602,1714357110,1714358400,5137.75,5150.75
cl1714359600,5602,1714359330,1714359780,5139.0,5151.0
cl1714365840,5602,1714365510,1714366200,5140.0,5152.5
cl1714374960,5602,1714374810,1714375440,5135.25,5148.75
cl1714379700,5602,1714379190,1714380480,5137.25,5150.25
ch1714385040,5602,1714384770,1714385220,5128.75,5142.75
ch1714387980,5602,1714387650,1714388220,5133.75,5147.75
ch1714391160,5602,1714390650,1714391280,5135.5,5150.5
cl1714396020,5602,1714395450,1714396200,5138.25,5153.75
ch1714399680,5602,1714399170,1714399800,5131.5,5153.0
ch1714408200,5602,1714408050,1714408380,5137.5,5154.5
cl1714409580,5602,1714409190,1714409760,5139.5,5157.0
cl1714410360,5602,1714409490,1714411260,5137.5,5156.0
cl1714437300,5602,1714436910,1714438500,5138.5,5150.5
cl1714438500,5602,1714437870,1714438680,5138.25,5150.75
cl1714438800,5602,1714438650,1714439580,5137.0,5149.5
cl1714442640,5602,1714442010,1714443060,5137.75,5149.25
cl1714445760,5602,1714445250,1714446480,5136.75,5148.25
cl1714454820,5602,1714454310,1714455000,5134.75,5147.25
cl1714458480,5602,1714458270,1714458660,5136.25,5149.25
cl1714464420,5602,1714464270,1714464600,5135.25,5148.75
cl1714464780,5602,1714464570,1714465380,5134.0,5147.5
ch1714465260,5602,1714464810,1714465620,5132.25,5146.25
cl1714466340,5602,1714466010,1714466520,5134.0,5148.0
ch1714475520,5602,1714475190,1714476120,5137.0,5150.5
cl1714479060,5602,1714478250,1714479240,5135.5,5149.0
ch1714484520,5602,1714484370,1714484640,5121.25,5144.75
ch1714494180,5602,1714493910,1714494720,5101.25,5120.25
cl1714495500,5602,1714495110,1714496640,5087.5,5111.0
ch1714496580,5602,1714496490,1714496760,5084.5,5107.0
ch1714503600,5602,1714503210,1714503720,5078.25,5100.75
ch1714527780,5602,1714527570,1714528200,5052.0,5065.0
ch1714528200,5602,1714527570,1714528500,5051.75,5065.25
ch1714536000,5602,1714535550,1714536780,5056.75,5070.25
ch1714536360,5602,1714535550,1714536780,5056.75,5070.25
cl1714539240,5602,1714539030,1714539660,5059.5,5071.0
ch1714542780,5602,1714542330,1714543140,5054.5,5067.5
cl1714549920,5602,1714549650,1714550400,5043.5,5060.0
cl1714554300,5602,1714554090,1714554420,5044.75,5060.25
ch1714564860,5602,1714564770,1714565040,5036.75,5051.25
cl1714571340,5602,1714570770,1714571520,5046.75,5069.75
ch1714574340,5602,1714573470,1714574940,5034.0,5061.5
cl1714576200,5602,1714576050,1714576440,5044.5,5067.0
ch1714580280,5602,1714579770,1714580940,5038.0,5059.5
cl1714582740,5602,1714581510,1714583040,5041.5,5061.0
cl1714583040,5602,1714582590,1714583160,5040.75,5058.25
ch1714615920,5602,1714615410,1714617600,5066.25,5078.75
ch1714616220,5602,1714615410,1714617600,5066.25,5078.75
ch1714617900,5602,1714617630,1714618080,5067.5,5081.0
ch1714623900,5602,1714623810,1714624200,5065.5,5077.0
ch1714628640,5602,1714628550,1714629000,5066.25,5079.75
ch1714630920,5602,1714630710,1714631940,5064.75,5079.25
ch1714635360,5602,1714635090,1714635780,5063.0,5080.0
cl1714636380,5602,1714636290,1714636740,5071.0,5087.0
cl1714640340,5602,1714640190,1714641120,5067.25,5082.25
cl1714647780,5602,1714647690,1714648200,5075.25,5089.75
cl1714649520,5602,1714649430,1714649880,5073.25,5087.25
cl1714650960,5602,1714650870,1714651680,5071.25,5085.75
ch1714651320,5602,1714650990,1714651620,5068.5,5084.5
cl1714652580,5602,1714652130,1714653000,5073.5,5090.0
ch1714659480,5602,1714659030,1714659780,5026.5,5059.0
ch1714661760,5602,1714661190,1714661880,5037.75,5067.75
cl1714667820,5602,1714667370,1714668060,5049.5,5079.0
ch1714668720,5602,1714667910,1714669440,5049.0,5071.0
cl1714677480,5602,1714677090,1714677780,5085.75,5109.25
ch1714695960,5602,1714695630,1714696200,5097.25,5110.75
cl1714697700,5602,1714697430,1714698000,5103.75,5116.25
cl1714716300,5602,1714716090,1714716720,5097.75,5112.75
ch1714718760,5602,1714718070,1714719180,5095.75,5110.25
cl1714721580,5602,1714720710,1714722540,5094.25,5109.25
ch1714722900,5602,1714722390,1714723020,5092.25,5108.75
cl1714724220,5602,1714723890,1714724820,5098.75,5112.75
ch1714730040,5602,1714729230,1714730340,5101.0,5114.5
cl1714732620,5602,1714732470,1714733280,5104.75,5118.25
ch1714743960,5602,1714743690,1714744380,5136.5,5162.5
ch1714744140,5602,1714743690,1714744380,5136.5,5162.5
cl1714745040,5602,1714744770,1714745340,5133.25,5181.75
cl1714748040,5602,1714747710,1714748340,5127.25,5158.75
ch1714750920,5602,1714750350,1714751580,5132.25,5153.25
ch1714751700,5602,1714751370,1714751820,5132.5,5154.5
ch1714752600,5602,1714751550,1714753560,5136.25,5156.75
ch1714756440,5602,1714756230,1714756620,5143.0,5160.5
cl1714955100,5602,1714954650,1714955820,5151.25,5164.75
ch1714956360,5602,1714955850,1714956720,5150.0,5163.5
ch1714960980,5602,1714960470,1714962240,5153.0,5166.0
ch1714965840,5602,1714965750,1714966200,5152.5,5164.0
ch1714967100,5602,1714966650,1714967580,5153.0,5165.5
cl1714968360,5602,1714968030,1714968540,5153.5,5166.0
cl1714969020,5602,1714968090,1714969800,5153.25,5165.75
ch1714983120,5602,1714983030,1714983660,5153.5,5167.5
ch1714989300,5602,1714988190,1714989480,5160.75,5173.25
ch1714992360,5602,1714991730,1714992540,5163.0,5176.0
cl1714993800,5602,1714993170,1714994160,5166.25,5180.25
ch1714998120,5602,1714997970,1714998240,5167.25,5181.25
ch1715003280,5602,1715002650,1715004300,5171.25,5189.75
ch1715004360,5602,1715004270,1715005260,5174.5,5192.0
cl1715015820,5602,1715015310,1715016360,5178.5,5196.0
cl1715043900,5602,1715043630,1715044680,5199.25,5211.25
cl1715055780,5602,1715055450,1715056500,5202.0,5214.0
ch1715064900,5602,1715064810,1715065320,5200.75,5213.75
cl1715067000,5602,1715066610,1715067180,5201.0,5215.0
cl1715075400,5602,1715074230,1715075580,5202.75,5217.25
cl1715077560,5602,1715076810,1715077860,5202.75,5215.75
cl1715080260,5602,1715080050,1715080680,5202.25,5216.25
cl1715080860,5602,1715080650,1715081280,5201.0,5214.0
cl1715082060,5602,1715081850,1715083080,5200.0,5214.0
cl1715084940,5602,1715084610,1715085480,5202.0,5215.0
ch1715088540,5602,1715088390,1715088660,5207.75,5222.25
ch1715091600,5602,1715090910,1715091900,5205.75,5223.75
cl1715091840,5602,1715091570,1715093460,5208.0,5228.0
ch1715101980,5602,1715101170,1715102400,5211.25,5228.25
cl1715104740,5602,1715104530,1715105040,5203.75,5222.75
ch1715109780,5602,1715109510,1715110560,5200.25,5218.75
cl1715132340,5602,1715131290,1715132640,5208.0,5219.5
ch1715133780,5602,1715133630,1715134140,5207.5,5219.0
cl1715134620,5602,1715134470,1715135040,5206.75,5219.25
cl1715134800,5602,1715134530,1715135040,5206.75,5218.75
cl1715136180,5602,1715136090,1715136360,5205.25,5217.25
ch1715147880,5602,1715147430,1715148360,5206.25,5218.25
ch1715147640,5602,1715147550,1715148360,5206.75,5218.25
cl1715149320,5602,1715149230,1715149680,5205.75,5218.75
cl1715154180,5602,1715153670,1715154480,5210.5,5224.0
cl1715155560,5602,1715155170,1715155800,5207.75,5220.75
ch1715164080,5602,1715163810,1715164500,5206.0,5219.5
cl1715169660,5602,1715169570,1715170080,5197.5,5211.5
cl1715172000,5602,1715171850,1715172180,5183.75,5201.25
cl1715185920,5602,1715185230,1715186040,5202.0,5217.5
ch1715190300,5602,1715190090,1715190660,5195.25,5214.25
ch1715195940,5602,1715195790,1715196060,5204.0,5218.5
ch1715196180,5602,1715195850,1715196780,5205.25,5219.75
ch1715197920,5602,1715197410,1715198460,5206.0,5222.0
ch1715215080,5602,1715214810,1715215980,5203.75,5215.75
ch1715219820,5602,1715219610,1715220600,5203.5,5217.0
cl1715224380,5602,1715224290,1715224500,5204.5,5216.0
ch1715227440,5602,1715227110,1715228520,5201.75,5213.75
cl1715228100,5602,1715227770,1715228520,5202.75,5213.75
cl1715228880,5602,1715228490,1715229180,5202.0,5213.5
cl1715243580,5602,1715243370,1715243880,5195.25,5210.25
ch1715247720,5602,1715247030,1715247960,5190.25,5204.75
ch1715251140,5602,1715250510,1715251440,5197.5,5210.5
cl1715252940,5602,1715252850,1715253300,5195.0,5208.5
ch1715265120,5602,1715264550,1715265300,5208.25,5227.75
cl1715269620,5602,1715269230,1715270040,5218.75,5237.25
cl1715270100,5602,1715269770,1715270280,5217.0,5235.0
ch1715272020,5602,1715270910,1715272500,5215.75,5232.25
ch1715273700,5602,1715273310,1715274060,5220.25,5236.25
ch1715276700,5602,1715275530,1715277000,5220.5,5238.5
ch1715278740,5602,1715277810,1715279040,5220.0,5236.0
ch1715281140,5602,1715280570,1715281440,5228.25,5243.25
cl1715307660,5602,1715305890,1715308740,5236.0,5248.5
cl1715308260,5602,1715305890,1715308740,5236.0,5248.5
ch1715309280,5602,1715309070,1715310900,5235.5,5247.0
ch1715310600,5602,1715309070,1715310900,5235.5,5247.0
ch1715313660,5602,1715313330,1715314620,5235.75,5246.75
ch1715316000,5602,1715315550,1715316540,5237.25,5249.25
ch1715317200,5602,1715316930,1715317440,5238.25,5249.75
ch1715317920,5602,1715317650,1715318160,5238.0,5250.0
cl1715320860,5602,1715320590,1715321280,5238.0,5250.0
cl1715327460,5602,1715326890,1715328060,5243.75,5256.75
ch1715331000,5602,1715330490,1715331240,5246.25,5258.75
cl1715339400,5602,1715339310,1715339640,5250.25,5263.75
cl1715341320,5602,1715341110,1715341980,5248.75,5262.25
ch1715347200,5602,1715346930,1715347500,5245.5,5259.5
ch1715348220,5602,1715348010,1715348400,5247.5,5265.0
cl1715359020,5602,1715358330,1715359140,5233.75,5249.25
cl1715579580,5602,1715579430,1715579700,5246.25,5257.25
cl1715579760,5602,1715579670,1715580180,5246.25,5257.25
cl1715583360,5602,1715582610,1715583540,5246.25,5257.75
cl1715587620,5602,1715587530,1715587740,5245.25,5258.75
ch1715588820,5602,1715588670,1715589060,5243.25,5256.75
cl1715590860,5602,1715590710,1715591040,5244.0,5256.5
cl1715594580,5602,1715594250,1715595060,5246.25,5257.75
ch1715604300,5602,1715604030,1715604600,5252.25,5265.25
ch1715604660,5602,1715604090,1715605320,5253.0,5266.0
cl1715607600,5602,1715607510,1715607960,5243.5,5266.0
ch1715616540,5602,1715616030,1715618940,5239.5,5255.0
cl1715622240,5602,1715621490,1715622480,5235.75,5253.75
cl1715622540,5602,1715621610,1715623260,5235.0,5253.0
cl1715626260,5602,1715625990,1715626860,5237.75,5253.75
ch1715628000,5602,1715627610,1715628240,5238.25,5252.75
cl1715653560,5602,1715653350,1715653740,5237.5,5249.0
cl1715662560,5602,1715662170,1715663160,5237.0,5248.5
ch1715666340,5602,1715666190,1715667240,5238.25,5250.75
ch1715666820,5602,1715666190,1715667240,5238.25,5250.75
ch1715685240,5602,1715685150,1715685660,5240.75,5253.25
cl1715691780,5602,1715691450,1715692440,5235.25,5256.75
cl1715700720,5602,1715700630,1715700900,5244.75,5263.25
cl1715701140,5602,1715700690,1715701320,5242.5,5262.0
cl1715706900,5602,1715706030,1715707440,5236.25,5253.75
ch1715710920,5602,1715710410,1715711520,5247.5,5264.5
cl1715713500,5602,1715713410,1715713980,5260.75,5277.75
ch1715735460,5602,1715735250,1715735880,5265.0,5277.5
ch1715736960,5602,1715736690,1715738640,5267.0,5279.5
ch1715742240,5602,1715742090,1715742900,5269.75,5281.25
ch1715742900,5602,1715742630,1715743860,5270.0,5281.5
ch1715748540,5602,1715748390,1715748900,5266.5,5278.5
ch1715754960,5602,1715754750,1715755380,5266.75,5278.25
ch1715756280,5602,1715755710,1715756580,5266.0,5278.0
ch1715760180,5602,1715759790,1715760780,5263.5,5276.0
cl1715767920,5602,1715767530,1715768220,5265.75,5278.25
cl1715768220,5602,1715767530,1715768460,5265.5,5278.5
ch1715773620,5602,1715773410,1715774640,5264.0,5277.0
ch1715791680,5602,1715791470,1715791980,5308.75,5324.75
cl1715794920,5602,1715794710,1715795220,5316.0,5333.0
cl1715797080,5602,1715796930,1715797260,5319.25,5339.25
ch1715800920,5602,1715800530,1715802000,5318.25,5333.75
ch1715802360,5602,1715801970,1715802780,5319.0,5335.5
cl1715824380,5602,1715824170,1715824620,5333.5,5346.0
cl1715824620,5602,1715824170,1715824800,5333.25,5346.25
cl1715825400,5602,1715825010,1715825760,5333.0,5345.0
ch1715829840,5602,1715829450,1715830080,5334.75,5346.75
ch1715846280,5602,1715846010,1715846700,5329.5,5343.0
cl1715850180,5602,1715849310,1715851020,5330.75,5343.75
ch1715852820,5602,1715852550,1715853060,5329.25,5342.25
ch1715856900,5602,1715856210,1715857260,5329.75,5341.75
cl1715859600,5602,1715859150,1715860140,5331.25,5346.75
cl1715865540,5602,1715864670,1715866320,5325.0,5339.5
ch1715869380,5602,1715868870,1715869740,5328.25,5346.25
ch1715871660,5602,1715871450,1715872320,5338.0,5354.0
ch1715878080,5602,1715877390,1715878380,5327.25,5345.25
ch1715878500,5602,1715877870,1715879100,5331.25,5346.25
ch1715886000,5602,1715884830,1715886300,5322.75,5340.25
ch1715908200,5602,1715907930,1715908440,5316.25,5327.25
ch1715909520,5602,1715909370,1715909880,5315.75,5327.75
cl1715916120,5602,1715915430,1715916360,5313.25,5324.75
ch1715917560,5602,1715916150,1715917800,5312.75,5324.25
cl1715918820,5602,1715918550,1715919300,5313.0,5325.0
ch1715921100,5602,1715920950,1715921340,5315.0,5325.5
cl1715923920,5602,1715923650,1715924220,5314.0,5326.0
ch1715924520,5602,1715924130,1715925120,5314.25,5325.75
cl1715928120,5602,1715927970,1715928900,5316.75,5329.25
cl1715937480,5602,1715937330,1715937660,5312.25,5325.25
ch1715941680,5602,1715941230,1715942160,5312.5,5325.0
ch1715941860,5602,1715941230,1715942160,5312.5,5325.0
ch1715944980,5602,1715944530,1715945220,5312.25,5326.25
ch1715950080,5602,1715949750,1715950680,5317.5,5330.5
ch1715956200,5602,1715955690,1715956320,5311.5,5329.5
ch1715957220,5602,1715955990,1715958180,5312.5,5330.5
cl1715962980,5602,1715962770,1715963520,5312.0,5328.5
ch1715972160,5602,1715972070,1715972940,5310.25,5327.25
cl1716168720,5602,1716168450,1716170700,5328.5,5340.5
ch1716172500,5602,1716171990,1716172680,5328.0,5340.0
cl1716179580,5602,1716179490,1716179940,5329.0,5340.0
ch1716180180,5602,1716179970,1716181200,5327.75,5339.75
ch1716182160,5602,1716181650,1716182640,5329.0,5340.5
cl1716184500,5602,1716183690,1716184800,5329.75,5341.25
ch1716184680,5602,1716184590,1716184920,5329.75,5340.75
ch1716191220,5602,1716190590,1716191580,5325.0,5338.0
ch1716199980,5602,1716199710,1716200220,5327.5,5339.0
cl1716201180,5602,1716200070,1716201360,5327.25,5339.25
cl1716209760,5602,1716209550,1716210180,5324.0,5339.0
cl1716210300,5602,1716209610,1716211560,5323.5,5337.5
cl1716217620,5602,1716216870,1716218100,5338.5,5354.0
cl1716220500,5602,1716219810,1716221040,5335.75,5351.25
ch1716221100,5602,1716220770,1716221520,5335.5,5350.0
cl1716221760,5602,1716221370,1716222120,5335.0,5352.0
ch1716224100,5602,1716223050,1716224340,5332.5,5349.5
ch1716225360,5602,1716224250,1716225600,5336.5,5350.5
cl1716252720,5602,1716252270,1716253260,5327.5,5339.0
cl1716259140,5602,1716258750,1716261180,5326.0,5338.0
cl1716263340,5602,1716262650,1716263580,5326.5,5337.5
ch1716264660,5602,1716264150,1716265200,5326.5,5338.0
ch1716267300,5602,1716267150,1716267720,5328.0,5338.5
ch1716277500,5602,1716277350,1716277740,5328.25,5340.25
cl1716280980,5602,1716280770,1716281460,5325.0,5337.0
cl1716284520,5602,1716284070,1716284820,5324.0,5337.0
ch1716287280,5602,1716287070,1716287580,5325.0,5337.0
cl1716292140,5602,1716291630,1716292380,5327.25,5339.75
cl1716294660,5602,1716294570,1716294900,5323.0,5336.5
cl1716295020,5602,1716294630,1716295260,5322.25,5335.75
ch1716305040,5602,1716304710,1716305460,5329.75,5344.25
cl1716305640,5602,1716305370,1716306060,5329.25,5344.25
cl1716309900,5602,1716309270,1716310260,5325.5,5339.5
ch1716312960,5602,1716312450,1716313080,5324.0,5339.5
ch1716313920,5602,1716313290,1716314040,5328.5,5342.5
ch1716318240,5602,1716317250,1716318540,5327.75,5341.75
ch1716318840,5602,1716318630,1716318960,5331.75,5346.25
cl1716339660,5602,1716339210,1716340020,5340.5,5352.0
cl1716349320,5602,1716347430,1716352200,5340.5,5351.5
ch1716351540,5602,1716349530,1716351780,5340.25,5351.25
cl1716353280,5602,1716352650,1716354780,5340.25,5351.25
cl1716358200,5602,1716357930,1716358440,5338.5,5350.5
cl1716358440,5602,1716357930,1716358800,5338.25,5350.75
ch1716360420,5602,1716360270,1716360960,5337.0,5349.5
cl1716361920,5602,1716361530,1716362040,5334.75,5348.25
ch1716362280,5602,1716362070,1716362400,5332.25,5346.25
cl1716365400,5602,1716365070,1716365700,5336.5,5349.5
cl1716370620,5602,1716370530,1716370980,5331.25,5344.25
cl1716376380,5602,1716376230,1716376740,5332.75,5346.75
ch1716384900,5602,1716384570,1716385380,5330.25,5345.75
ch1716385440,5602,1716384630,1716385800,5331.25,5347.25
ch1716386400,5602,1716385350,1716387780,5332.5,5349.0
cl1716395520,5602,1716395430,1716395820,5334.5,5348.0
ch1716397740,5602,1716397110,1716397860,5332.75,5347.25
ch1716397860,5602,1716397110,1716398040,5332.5,5347.5
cl1716398460,5602,1716398190,1716398820,5336.25,5350.25
cl1716400980,5602,1716400890,1716401160,5308.75,5344.25
ch1716427080,5602,1716426450,1716427500,5334.0,5346.5
ch1716432480,5602,1716431910,1716432720,5340.75,5352.75
ch1716437280,5602,1716436950,1716437400,5355.0,5367.5
cl1716439620,5602,1716438870,1716439980,5355.5,5367.5
cl1716444900,5602,1716444390,1716445440,5352.0,5364.0
cl1716447780,5602,1716447150,1716448200,5350.75,5362.75
ch1716449100,5602,1716448470,1716449700,5347.75,5362.25
cl1716449700,5602,1716449310,1716450300,5349.0,5363.0
cl1716453900,5602,1716453630,1716454080,5346.5,5360.5
cl1716458700,5602,1716457650,1716459060,5349.5,5361.5
ch1716460920,5602,1716459870,1716461100,5350.0,5362.0
cl1716475860,5602,1716475590,1716475980,5319.5,5343.5
cl1716484800,5602,1716484710,1716484980,5311.0,5333.5
cl1716485940,5602,1716485790,1716486180,5301.25,5326.25
cl1716490080,5602,1716489750,1716490200,5273.25,5297.25
cl1716490740,5602,1716489930,1716491160,5270.0,5297.5
cl1716491520,5602,1716490950,1716491940,5268.5,5292.5
ch1716493140,5602,1716492510,1716493440,5267.75,5290.25
ch1716510780,5602,1716509970,1716510960,5281.0,5295.5
ch1716512640,5602,1716512370,1716512940,5286.25,5298.75
cl1716520500,5602,1716520110,1716520800,5289.0,5301.0
ch1716528480,5602,1716528150,1716528960,5287.0,5298.5
ch1716550860,5602,1716550710,1716551280,5290.75,5305.25
cl1716552300,5602,1716552090,1716552720,5293.75,5308.25
cl1716561840,5602,1716561690,1716562260,5299.5,5320.0
ch1716563700,5602,1716563370,1716564420,5315.25,5334.25
cl1716568560,5602,1716568230,1716568800,5315.5,5332.5
ch1716571560,5602,1716571410,1716571980,5314.0,5330.5
cl1716575400,5602,1716574890,1716575580,5315.0,5332.5
ch1716770160,5602,1716769830,1716771240,5309.5,5321.5
cl1716772980,5602,1716772650,1716773400,5310.5,5322.5
ch1716774600,5602,1716774090,1716775440,5311.5,5324.0
cl1716775260,5602,1716774930,1716775680,5312.75,5324.75
cl1716775860,5602,1716775650,1716776640,5311.5,5323.5
ch1716778500,5602,1716777450,1716778860,5309.25,5321.25
ch1716785700,5602,1716785490,1716786000,5312.0,5323.5
cl1716787020,5602,1716786930,1716787260,5314.0,5325.5
ch1716797100,5602,1716796470,1716797580,5314.0,5326.0
cl1716797700,5602,1716797550,1716797820,5312.0,5325.5
ch1716799080,5602,1716798090,1716799380,5314.25,5325.75
cl1716801420,5602,1716801330,1716802920,5314.5,5326.5
ch1716805920,5602,1716805830,1716807600,5313.75,5326.25
cl1716808020,5602,1716807390,1716808500,5315.0,5327.0
cl1716809160,5602,1716808650,1716809400,5314.5,5326.0
cl1716809640,5602,1716809430,1716810420,5314.5,5326.0
ch1716810420,5602,1716810150,1716810960,5314.25,5325.75
cl1716814740,5602,1716814650,1716815520,5313.5,5325.5
cl1716815100,5602,1716814650,1716815520,5313.5,5325.5
ch1716816960,5602,1716816810,1716817200,5317.0,5330.0
cl1716818580,5602,1716817950,1716818760,5314.5,5328.0
ch1716821880,5602,1716821730,1716822120,5318.25,5332.75
ch1716825480,5602,1716825030,1716826500,5324.0,5336.5
cl1716860640,5602,1716860310,1716861060,5320.5,5333.0
cl1716871620,5602,1716871470,1716871980,5324.0,5335.0
ch1716876240,5602,1716876150,1716876420,5319.75,5332.75
ch1716884160,5602,1716884070,1716884340,5329.0,5343.0
ch1716892800,5602,1716892350,1716893280,5320.0,5334.5
ch1716898440,5602,1716897990,1716898680,5321.25,5336.75
cl1716903000,5602,1716902730,1716903420,5321.75,5337.75
cl1716903540,5602,1716902910,1716903840,5320.25,5338.75
cl1716904860,5602,1716904410,1716905100,5311.0,5332.5
cl1716908760,5602,1716908430,1716909240,5314.75,5334.25
ch1716912840,5602,1716912690,1716913020,5319.25,5334.25
ch1716914520,5602,1716914310,1716914760,5318.5,5333.5
ch1716916200,5602,1716915990,1716917460,5311.0,5330.0
ch1716922860,5602,1716922590,1716923340,5295.0,5316.0
cl1716924540,5602,1716924450,1716924840,5303.75,5323.25
cl1716951840,5602,1716951450,1716952140,5304.0,5316.5
ch1716963900,5602,1716963630,1716964020,5294.25,5308.75
ch1716969780,5602,1716969630,1716970080,5291.75,5307.75
ch1716971220,5602,1716970770,1716971700,5286.75,5303.25
cl1716981480,5602,1716981150,1716982020,5283.25,5301.75
cl1716981780,5602,1716981150,1716982020,5283.25,5301.75
ch1716992700,5602,1716992610,1716993060,5271.75,5299.75
cl1716997740,5602,1716997050,1716998160,5282.0,5302.0
ch1717001580,5602,1717001370,1717002180,5285.75,5303.25
ch1717003740,5602,1717003290,1717004160,5281.5,5300.0
ch1717005240,5602,1717005090,1717005480,5283.5,5302.0
cl1717034040,5602,1717033950,1717034220,5259.0,5272.0
ch1717034520,5602,1717034370,1717034760,5258.25,5270.75
cl1717034820,5602,1717034550,1717035780,5258.25,5272.25
cl1717038060,5602,1717037850,1717038540,5253.75,5267.25
cl1717038360,5602,1717037850,1717038540,5253.75,5267.25
cl1717040460,5602,1717039950,1717040700,5251.0,5266.0
cl1717044360,5602,1717043970,1717044840,5249.0,5262.0
ch1717045020,5602,1717044570,1717045140,5247.75,5261.25
cl1717047900,5602,1717047450,1717048440,5245.5,5259.5
ch1717048620,5602,1717048470,1717049100,5246.25,5259.75
cl1717051500,5602,1717050990,1717051680,5247.25,5260.75
ch1717058220,5602,1717057830,1717058460,5252.75,5266.75
ch1717065420,5602,1717065330,1717065660,5253.0,5268.5
ch1717065900,5602,1717065810,1717066140,5256.75,5270.25
ch1717071000,5602,1717070490,1717071420,5255.5,5269.5
ch1717071240,5602,1717070490,1717071420,5255.5,5269.5
cl1717073880,5602,1717073370,1717074180,5260.75,5277.25
cl1717078380,5602,1717078230,1717078980,5253.0,5280.0
ch1717088040,5602,1717087830,1717088460,5260.5,5277.0
ch1717090920,5602,1717090590,1717091340,5264.0,5282.0
cl1717096080,5602,1717094070,1717096800,5256.75,5277.25
cl1717096200,5602,1717095210,1717096800,5256.75,5273.75
ch1717120980,5602,1717120290,1717121340,5234.25,5250.25
ch1717131360,5602,1717131030,1717132020,5237.25,5249.75
cl1717133220,5602,1717133130,1717133580,5238.75,5252.25
ch1717138800,5602,1717138110,1717139340,5237.25,5250.75
ch1717156740,5602,1717156650,1717157160,5235.0,5253.5
ch1717157400,5602,1717156830,1717158000,5238.25,5254.75
cl1717163700,5602,1717163370,1717164000,5246.25,5273.25
ch1717173780,5602,1717173510,1717173960,5203.0,5221.5
ch1717177560,5602,1717177410,1717177740,5218.25,5236.75
cl1717178040,5602,1717177890,1717179120,5222.25,5241.75
ch1717373220,5602,1717373010,1717373340,5296.5,5310.5
ch1717373520,5602,1717373430,1717374000,5295.0,5314.0
cl1717378500,5602,1717378170,1717378740,5297.5,5312.0
ch1717390140,5602,1717389930,1717390440,5303.5,5316.0
cl1717391460,5602,1717390950,1717391880,5303.5,5316.5
cl1717395120,5602,1717395030,1717396320,5300.75,5314.75
ch1717405560,5602,1717405410,1717406220,5296.0,5311.5
ch1717407060,5602,1717406670,1717407300,5296.25,5310.25
ch1717413480,5602,1717412910,1717413900,5294.0,5312.0
cl1717425360,5602,1717425090,1717425900,5287.75,5311.75
cl1717426500,5602,1717426230,1717426860,5273.25,5296.25
ch1717428960,5602,1717427250,1717429260,5267.5,5293.0
ch1717433280,5602,1717432530,1717433580,5241.0,5269.0
cl1717434660,5602,1717434570,1717435020,5241.75,5267.25
cl1717443540,5602,1717443330,1717444200,5273.5,5296.5
ch1717461480,5602,1717460910,1717461780,5294.75,5308.25
cl1717462080,5602,1717461930,1717462560,5295.5,5308.5
ch1717462500,5602,1717462410,1717463220,5295.0,5308.0
cl1717464060,5602,1717463370,1717464900,5293.75,5306.75
cl1717468200,5602,1717468110,1717468500,5293.25,5306.25
ch1717474680,5602,1717474590,1717475040,5292.75,5304.75
cl1717480860,5602,1717480770,1717481280,5291.0,5305.5
cl1717480980,5602,1717480770,1717481280,5291.0,5305.5
cl1717481280,5602,1717480770,1717481460,5290.75,5305.75
cl1717485120,5602,1717485030,1717485660,5277.75,5293.25
ch1717488360,5602,1717488270,1717488780,5273.0,5292.0
cl1717488840,5602,1717488570,1717489800,5275.75,5295.25
ch1717489200,5602,1717488870,1717489380,5273.0,5290.5
cl1717490520,5602,1717490010,1717490940,5268.75,5288.25
cl1717491300,5602,1717490970,1717491780,5264.25,5283.25
cl1717493040,5602,1717492470,1717494060,5259.25,5279.75
cl1717494420,5602,1717494270,1717494780,5260.0,5278.0
ch1717497360,5602,1717496130,1717498560,5260.5,5276.5
cl1717497960,5602,1717497690,1717498200,5263.25,5278.75
cl1717498440,5602,1717497750,1717498800,5262.5,5278.5
ch1717501620,5602,1717501110,1717501860,5269.0,5284.5
cl1717501800,5602,1717501650,1717502220,5271.0,5286.0
cl1717502880,5602,1717502610,1717503300,5267.0,5285.0
ch1717506000,5602,1717505190,1717506780,5272.75,5287.75
ch1717508700,5602,1717508130,1717508880,5268.0,5293.0
ch1717510800,5602,1717510470,1717511400,5265.0,5295.5
cl1717513020,5602,1717512870,1717513140,5274.0,5299.0
ch1717522200,5602,1717522050,1717522440,5275.75,5296.75
cl1717527900,5602,1717527690,1717528020,5282.5,5315.5
ch1717528920,5602,1717528110,1717529160,5280.25,5303.25
ch1717530660,5602,1717530150,1717534380,5285.0,5311.5
ch1717547340,5602,1717546290,1717547700,5304.5,5317.0
cl1717548300,5602,1717547970,1717548780,5305.75,5317.75
ch1717549440,5602,1717549170,1717550280,5303.0,5315.5
cl1717550640,5602,1717550370,1717551060,5302.25,5316.75
ch1717568400,5602,1717568130,1717568640,5304.5,5317.5
cl1717568940,5602,1717568490,1717569300,5305.25,5319.25
ch1717582500,5602,1717582170,1717583460,5309.25,5322.25
cl1717594380,5602,1717594170,1717594560,5316.0,5339.0
ch1717607160,5602,1717606950,1717608060,5340.0,5355.0
cl1717633140,5602,1717632990,1717633440,5360.75,5373.75
ch1717638900,5602,1717638570,1717639320,5363.0,5377.0
ch1717648740,5602,1717648590,1717649340,5362.75,5374.25
cl1717651500,5602,1717651350,1717652220,5361.0,5372.5
cl1717653060,5602,1717652970,1717653780,5360.0,5372.0
cl1717664340,5602,1717664130,1717664880,5359.25,5373.25
ch1717672260,5602,1717671690,1717672680,5359.75,5372.75
cl1717677600,5602,1717677510,1717677900,5353.5,5371.0
cl1717687980,5602,1717687230,1717688520,5355.75,5374.25
cl1717689420,5602,1717688310,1717689720,5354.5,5371.0
cl1717695780,5602,1717695570,1717696080,5354.75,5370.25
ch1717701120,5602,1717699770,1717701300,5350.25,5370.25
ch1717718580,5602,1717718430,1717718880,5359.25,5370.25
ch1717724700,5602,1717724430,1717724880,5360.5,5372.5
ch1717725120,5602,1717724430,1717725720,5360.25,5372.75
cl1717725660,5602,1717725270,1717726440,5361.25,5373.25
ch1717726560,5602,1717726290,1717726920,5361.0,5373.0
ch1717727220,5602,1717726710,1717727400,5362.0,5373.5
ch1717727400,5602,1717727310,1717727700,5362.5,5374.0
ch1717741800,5602,1717741470,1717742280,5364.5,5376.5
cl1717748340,5602,1717748250,1717748520,5361.0,5374.0
ch1717756560,5602,1717755990,1717757040,5355.5,5369.0
ch1717770360,5602,1717769550,1717770480,5346.75,5368.25
cl1717771980,5602,1717771770,1717772100,5368.0,5388.0
ch1717774380,5602,1717774170,1717774680,5356.5,5376.0
cl1717778520,5602,1717778070,1717778820,5364.0,5383.0
cl1717789560,5602,1717788870,1717789740,5351.75,5373.25
cl1717978680,5602,1717978170,1717980240,5346.75,5361.75
ch1717986180,5602,1717985670,1717986600,5348.75,5360.25
cl1717994100,5602,1717993650,1717994400,5350.75,5362.25
cl1717997880,5602,1717997730,1717998060,5351.5,5363.0
cl1718000460,5602,1718000310,1718000640,5346.75,5359.75
cl1718002740,5602,1718002650,1718002860,5340.5,5356.5
cl1718003880,5602,1718003490,1718004600,5339.75,5356.75
ch1718015160,5602,1718014650,1718015340,5338.0,5351.5
cl1718016120,5602,1718015790,1718017020,5343.5,5358.0
cl1718020740,5602,1718020410,1718021100,5345.25,5358.75
ch1718031240,5602,1718030730,1718032020,5343.5,5359.5
cl1718033760,5602,1718033550,1718034120,5353.5,5369.5
cl1718035140,5602,1718035050,1718035920,5355.25,5372.75
cl1718043120,5602,1718042910,1718043480,5360.25,5381.25
ch1718044620,5602,1718044530,1718044860,5352.25,5371.75
ch1718067420,5602,1718066850,1718068380,5358.25,5370.25
ch1718069880,5602,1718069790,1718070180,5359.25,5371.75
ch1718070180,5602,1718069790,1718071080,5359.0,5372.0
cl1718071320,5602,1718071170,1718071620,5360.75,5372.75
cl1718075700,5602,1718075190,1718076300,5359.75,5372.25
ch1718085240,5602,1718085150,1718085540,5362.0,5374.0
cl1718098140,5602,1718097810,1718098560,5353.25,5367.25
cl1718102940,5602,1718102850,1718103600,5350.5,5365.5
cl1718112420,5602,1718112270,1718112600,5349.5,5364.5
cl1718118300,5602,1718118150,1718118480,5351.25,5370.25
cl1718121660,5602,1718120790,1718122920,5345.75,5363.75
cl1718122980,5602,1718122530,1718123760,5345.0,5364.0
ch1718125860,5602,1718125350,1718126520,5347.75,5367.75
ch1718131260,5602,1718131170,1718132040,5367.5,5385.5
cl1718151120,5602,1718150790,1718151720,5379.25,5392.25
ch1718154000,5602,1718153790,1718155080,5376.0,5388.5
ch1718157240,5602,1718156910,1718157540,5379.75,5391.75
cl1718158740,5602,1718158590,1718159040,5379.5,5391.0
ch1718158920,5602,1718158830,1718159400,5379.0,5390.5
ch1718159460,5602,1718159370,1718159820,5379.75,5391.25
ch1718160480,5602,1718160270,1718161260,5379.75,5391.25
ch1718162640,5602,1718162370,1718162880,5380.25,5391.75
cl1718165520,5602,1718165310,1718166540,5381.5,5392.0
ch1718173680,5602,1718173590,1718173860,5384.5,5397.0
cl1718174040,5602,1718173770,1718174520,5384.0,5397.0
ch1718179980,5602,1718179830,1718180280,5382.5,5395.0
ch1718183760,5602,1718183130,1718185140,5381.5,5395.0
ch1718185140,5602,1718185050,1718185620,5383.0,5395.5
ch1718188140,5602,1718187990,1718188860,5383.5,5395.5
ch1718194500,5602,1718194050,1718195040,5384.5,5398.0
cl1718195040,5602,1718194710,1718195220,5384.25,5398.25
ch1718213160,5602,1718212830,1718213340,5437.5,5452.5
ch1718237400,5602,1718237070,1718237760,5430.0,5442.5
cl1718237760,5602,1718237670,1718238060,5430.5,5442.5
ch1718241720,5602,1718240370,1718242080,5430.75,5444.25
cl1718246220,5602,1718245950,1718246580,5430.75,5443.25
cl1718254980,5602,1718254890,1718255700,5434.25,5445.25
ch1718259000,5602,1718258790,1718259600,5430.5,5442.5
cl1718263680,5602,1718263410,1718263980,5435.5,5448.5
cl1718271840,5602,1718271570,1718272260,5423.5,5439.0
ch1718273100,5602,1718272950,1718273820,5424.0,5437.0
ch1718280120,5602,1718279970,1718280300,5425.5,5439.5
ch1718285880,5602,1718285790,1718286420,5426.75,5447.75
cl1718294580,5602,1718294370,1718295360,5412.0,5437.0
ch1718297640,5602,1718297370,1718298000,5405.0,5427.0
ch1718303580,5602,1718302770,1718304240,5424.25,5440.75
ch1718304240,5602,1718303970,1718304780,5423.75,5441.75
ch1718331240,5602,1718331090,1718331660,5433.25,5445.25
ch1718339160,5602,1718338950,1718339520,5434.0,5445.5
ch1718344740,5602,1718344410,1718344980,5435.0,5447.5
cl1718353260,5602,1718353110,1718353440,5424.25,5441.75
ch1718356980,5602,1718356710,1718357460,5415.0,5431.0
cl1718360040,5602,1718359950,1718360340,5401.25,5419.75
cl1718370180,5602,1718369310,1718370360,5407.75,5424.75
cl1718374140,5602,1718373690,1718374320,5407.25,5430.75
ch1718374740,5602,1718374530,1718374860,5401.0,5424.0
cl1718377740,5602,1718377530,1718377980,5412.0,5431.5
ch1718381520,5602,1718381370,1718381940,5414.75,5433.75
cl1718385840,5602,1718385690,1718386800,5424.25,5442.75
cl1718387520,5602,1718386770,1718387760,5423.25,5442.25
cl1718394840,5602,1718394090,1718395080,5423.5,5442.0
cl1718582700,118,1718582610,1718582820,5496.25,5508.75
cl1718585400,118,1718584890,1718585640,5496.25,5507.75
cl1718591280,118,1718591070,1718591820,5493.75,5505.75
ch1718602440,118,1718602230,1718602620,5495.75,5507.25
ch1718608800,118,1718608530,1718609580,5499.0,5514.0
cl1718610660,118,1718609790,1718610900,5498.75,5513.25
cl1718610780,118,1718609790,1718610900,5498.75,5513.25
cl1718611560,118,1718610450,1718611800,5498.0,5513.0
cl1718619000,118,1718618670,1718619420,5490.25,5504.25
cl1718619720,118,1718619450,1718620440,5488.0,5502.5
cl1718628780,118,1718628450,1718629200,5489.5,5505.0
cl1718630280,118,1718629290,1718630940,5489.75,5504.75
ch1718640360,118,1718639730,1718640660,5500.0,5519.0
ch1718645160,118,1718644530,1718645520,5524.0,5546.0
ch1718644980,118,1718644590,1718645520,5529.0,5546.0
ch1718651460,118,1718650530,1718651640,5541.75,5561.25
ch1718677560,118,1718677410,1718678820,5539.25,5551.25
cl1718681820,118,1718681430,1718682360,5540.75,5553.75
ch1718683440,118,1718683350,1718683980,5540.75,5552.25
ch1718685960,118,1718685570,1718686260,5539.25,5550.25
ch1718688480,118,1718688330,1718688600,5539.5,5551.5
ch1718695260,118,1718695110,1718696340,5539.5,5553.5
ch1718697660,118,1718697570,1718698680,5536.25,5551.25
ch1718700900,118,1718700630,1718701140,5538.5,5553.0
cl1718704800,118,1718704350,1718705040,5542.25,5556.25
cl1718705580,118,1718705370,1718705760,5539.75,5553.75
cl1718720700,118,1718720370,1718721180,5543.0,5561.0
ch1718725500,118,1718725170,1718725740,5540.0,5558.0
ch1718734320,118,1718733930,1718734740,5540.75,5562.25
cl1718734800,118,1718734350,1718734920,5547.0,5565.5
cl1718735100,118,1718734410,1718735340,5545.0,5566.0
cl1718737620,118,1718737290,1718737740,5545.5,5563.5
cl1718756940,118,1718756850,1718757360,5555.5,5568.0
cl1718760360,118,1718759370,1718761500,5555.5,5567.0
cl1718761740,118,1718761590,1718762040,5556.25,5567.75
cl1718762220,118,1718762010,1718762460,5555.25,5567.25
ch1718764560,118,1718764350,1718765040,5556.75,5568.25
ch1718769720,118,1718769570,1718770620,5556.0,5566.5
ch1718773440,118,1718772930,1718773920,5554.0,5566.0
ch1718773920,118,1718773770,1718774520,5554.75,5566.25
ch1718776500,118,1718776350,1718776800,5557.25,5568.75
cl1718781660,118,1718781570,1718781840,5555.5,5569.5
cl1718785140,118,1718784690,1718785260,5558.25,5571.25
cl1718798580,118,1718798070,1718799360,5559.0,5571.0
cl1718798760,118,1718798070,1718799360,5559.0,5571.0
cl1718799360,118,1718798910,1718800680,5558.5,5570.5
ch1718808300,118,1718807910,1718809680,5555.75,5568.75
cl1718858820,118,1718858730,1718859300,5567.0,5579.5
ch1718862240,118,1718861910,1718862780,5570.25,5583.75
ch1718867280,118,1718867070,1718867640,5569.5,5584.5
ch1718875860,118,1718875350,1718876220,5574.5,5587.5
ch1718877300,118,1718876730,1718877660,5572.5,5587.5
ch1718879100,118,1718878830,1718879640,5576.25,5588.75
cl1718880060,118,1718879910,1718880240,5577.25,5589.75
cl1718884080,118,1718883870,1718884260,5574.0,5587.5
cl1718884320,118,1718884230,1718884620,5572.5,5586.5
cl1718886840,118,1718886750,1718886960,5568.5,5587.0
cl1718890320,118,1718890230,1718890800,5558.75,5577.75
cl1718901180,118,1718900970,1718901720,5528.5,5559.0
cl1718909460,118,1718908470,1718909940,5540.5,5562.5
cl1718928240,118,1718928150,1718928780,5540.5,5554.0
ch1718930760,118,1718930670,1718931060,5535.75,5548.75
cl1718931240,118,1718930910,1718931780,5536.0,5551.0
ch1718949060,118,1718948970,1718949300,5541.5,5553.5
cl1718952900,118,1718952570,1718953200,5541.5,5554.5
ch1718955900,118,1718955570,1718956260,5528.5,5546.5
ch1718960520,118,1718960310,1718961360,5522.25,5538.75
ch1718961720,118,1718961570,1718961840,5524.0,5540.5
cl1718968260,118,1718967990,1718968440,5535.75,5550.75
cl1718972640,118,1718972430,1718973120,5525.75,5542.75
ch1718974320,118,1718973810,1718974620,5531.25,5546.25
ch1718976120,118,1718975550,1718976420,5532.75,5548.75
cl1718976600,118,1718976510,1718976780,5524.0,5549.5
ch1718978400,118,1718978250,1718979120,5512.0,5538.0
cl1718980260,118,1718979690,1718981400,5522.75,5545.75
cl1718986500,118,1718985990,1718987100,5535.5,5552.5
cl1718988300,118,1718988210,1718988540,5531.75,5550.75
ch1718998620,118,1718998350,1718998920,5524.0,5542.5
ch1719188280,118,1719187650,1719188820,5529.0,5542.0
ch1719188580,118,1719187650,1719188820,5529.0,5542.0
cl1719192060,118,1719191670,1719192300,5514.75,5541.25
cl1719197400,118,1719197190,1719197700,5518.75,5531.25
ch1719203520,118,1719203370,1719204000,5521.0,5532.5
ch1719204960,118,1719204270,1719205200,5521.5,5534.0
ch1719205860,118,1719205710,1719206580,5524.75,5538.25
cl1719206520,118,1719205890,1719207300,5526.5,5540.0
cl1719211620,118,1719211290,1719211980,5529.5,5543.0
ch1719213540,118,1719213450,1719213660,5527.0,5541.5
cl1719214260,118,1719213750,1719214500,5529.5,5543.5
cl1719227400,118,1719227190,1719228120,5535.25,5548.75
cl1719232800,118,1719232530,1719233220,5526.25,5542.75
ch1719235860,118,1719235170,1719236040,5520.75,5537.75
ch1719246780,118,1719245730,1719246960,5537.5,5555.5
cl1719250440,118,1719250230,1719250740,5519.25,5539.25
ch1719254460,118,1719254070,1719254700,5511.75,5535.25
ch1719278880,118,1719278370,1719279120,5508.0,5521.0
ch1719292560,118,1719291090,1719293700,5518.0,5529.5
cl1719295740,118,1719295290,1719295980,5516.75,5529.75
ch1719297420,118,1719297330,1719297720,5515.75,5528.75
cl1719298500,118,1719298230,1719298800,5515.5,5529.0
cl1719314640,118,1719314550,1719315060,5519.25,5534.75
cl1719315840,118,1719315750,1719316200,5516.75,5534.25
ch1719317220,118,1719317070,1719318720,5520.0,5534.0
ch1719321780,118,1719321390,1719322080,5520.75,5535.75
cl1719323940,118,1719323610,1719324240,5512.5,5534.5
ch1719328680,118,1719328350,1719329220,5516.25,5537.25
cl1719332580,118,1719332250,1719332880,5516.5,5536.0
ch1719336600,118,1719336330,1719337020,5511.5,5529.5
cl1719343860,118,1719343770,1719344160,5528.75,5547.75
cl1719344160,118,1719343770,1719344580,5528.0,5548.5
ch1719363480,118,1719363330,1719363600,5531.5,5543.5
ch1719363960,118,1719363330,1719364440,5531.25,5543.75
ch1719367020,118,1719366810,1719367380,5533.0,5546.0
ch1719376020,118,1719375930,1719376500,5533.5,5545.0
ch1719376620,118,1719376470,1719377220,5533.25,5545.25
cl1719385620,118,1719385530,1719386220,5535.25,5549.75
cl1719399540,118,1719399150,1719399660,5532.0,5546.5
ch1719403140,118,1719402870,1719403680,5527.75,5541.75
ch1719408420,118,1719408270,1719408600,5511.5,5528.5
ch1719409920,118,1719409710,1719410640,5514.75,5535.25
ch1719413820,118,1719413070,1719414180,5516.75,5537.25
ch1719417300,118,1719417150,1719419100,5525.5,5546.5
cl1719427020,118,1719426690,1719427140,5525.75,5542.75
cl1719427260,118,1719426930,1719427560,5524.25,5542.25
cl1719428520,118,1719428370,1719429840,5522.5,5541.5
ch1719430140,118,1719429330,1719430440,5519.75,5538.25
cl1719451380,118,1719451230,1719451620,5514.75,5528.25
ch1719452040,118,1719451770,1719452820,5515.75,5529.75
cl1719456060,118,1719455610,1719456540,5519.25,5531.75
ch1719456720,118,1719456330,1719456900,5519.0,5531.0
ch1719457860,118,1719457530,1719458040,5518.5,5530.0
ch1719458640,118,1719458550,1719458820,5519.25,5530.25
ch1719459060,118,1719458550,1719459180,5519.0,5530.5
ch1719462240,118,1719462030,1719462600,5518.0,5530.0
ch1719464220,118,1719463830,1719464340,5520.75,5532.75
ch1719472800,118,1719472410,1719473700,5526.25,5540.75
cl1719479160,118,1719478710,1719479580,5525.5,5538.5
ch1719480600,118,1719479610,1719480900,5527.5,5540.5
cl1719481980,118,1719481110,1719482100,5529.0,5542.5
ch1719491520,118,1719491430,1719491760,5522.25,5546.75
ch1719497700,118,1719497430,1719498000,5537.0,5560.0
cl1719502560,118,1719502050,1719503040,5526.5,5553.0
cl1719507540,118,1719507390,1719507780,5535.25,5552.75
ch1719515640,118,1719515190,1719515760,5527.75,5545.75
ch1719516420,118,1719515190,1719516540,5527.25,5546.25
cl1719515940,118,1719515730,1719516420,5531.75,5549.25
ch1719518220,118,1719518070,1719518340,5523.75,5548.25
ch1719533520,118,1719533430,1719533760,5550.0,5561.5
ch1719539640,118,1719539430,1719540000,5552.5,5566.5
cl1719547740,118,1719547530,1719548340,5553.5,5566.0
ch1719555180,118,1719554730,1719555420,5553.25,5566.75
ch1719556080,118,1719555150,1719556980,5554.75,5567.75
ch1719565500,118,1719565170,1719566460,5556.25,5569.75
cl1719572820,118,1719572670,1719573720,5559.75,5572.75
cl1719575760,118,1719574590,1719576180,5559.0,5572.0
cl1719577320,118,1719577230,1719577800,5560.75,5574.25
cl1719592440,118,1719592230,1719592620,5539.5,5561.5
cl1719596520,118,1719595710,1719596640,5535.25,5556.25
cl1719600180,118,1719599250,1719600300,5527.5,5547.0
cl1719795120,118,1719794730,1719795540,5528.0,5541.0
cl1719798600,118,1719798450,1719799140,5529.5,5542.0
cl1719809340,118,1719809250,1719810000,5528.0,5541.0
ch1719816780,118,1719816510,1719817320,5532.75,5545.25
ch1719817440,118,1719816570,1719817620,5532.5,5546.0
cl1719819180,118,1719818910,1719819300,5529.5,5543.0
cl1719820620,118,1719820530,1719820860,5520.5,5536.0
ch1719833880,118,1719833790,1719834240,5528.25,5541.25
ch1719838920,118,1719838290,1719839280,5525.75,5541.25
ch1719843780,118,1719843450,1719844740,5500.0,5529.5
ch1719849180,118,1719847530,1719849540,5508.25,5527.75
ch1719855840,118,1719854670,1719856680,5518.75,5538.25
ch1719861180,118,1719860670,1719861720,5518.0,5537.0
ch1719883140,118,1719881550,1719883800,5514.0,5530.0
cl1719889740,118,1719889650,1719890400,5514.25,5526.75
ch1719891840,118,1719891090,1719892020,5514.0,5526.5
ch1719899460,118,1719898890,1719900000,5519.5,5532.5
cl1719899820,118,1719899550,1719900240,5521.0,5533.0
cl1719903420,118,1719903030,1719903600,5515.0,5528.5
cl1719903720,118,1719903630,1719903960,5510.25,5528.75
cl1719909000,118,1719908910,1719909240,5503.0,5519.5
ch1719910320,118,1719910230,1719910500,5502.5,5519.0
cl1719920700,118,1719920550,1719921060,5500.5,5515.0
cl1719921060,118,1719920550,1719921180,5500.0,5515.5
ch1719925740,118,1719925170,1719926160,5502.5,5520.0
cl1719936600,118,1719935970,1719937380,5525.25,5545.75
ch1719948960,118,1719948450,1719949680,5550.5,5566.0
ch1719966240,118,1719966030,1719966600,5558.5,5571.5
cl1719982560,118,1719982290,1719982740,5557.75,5568.75
cl1719983340,118,1719983250,1719984240,5557.25,5569.75
cl1719983700,118,1719983250,1719984240,5557.25,5569.75
cl1719984480,118,1719984330,1719985020,5556.75,5569.25
ch1719994740,118,1719993990,1719994980,5556.75,5572.25
cl1719997140,118,1719996630,1719997920,5564.25,5579.75
cl1720008780,118,1720008570,1720009080,5559.0,5572.5
cl1720009200,118,1720008750,1720009560,5557.75,5571.75
cl1720018980,118,1720018170,1720019220,5567.25,5584.75
cl1720051920,118,1720051770,1720052340,5584.5,5596.5
ch1720053660,118,1720053090,1720055400,5583.5,5595.5
ch1720071060,118,1720070970,1720071240,5584.25,5595.75
cl1720082460,118,1720081950,1720082700,5586.75,5600.25
cl1720095420,118,1720095090,1720096080,5589.5,5601.0
cl1720095600,118,1720095090,1720096080,5589.5,5601.0
ch1720097460,118,1720096830,1720098060,5589.75,5601.25
ch1720104600,118,1720104090,1720104780,5579.75,5592.25
ch1720104780,118,1720104150,1720105440,5580.0,5592.5
ch1720105440,118,1720104570,1720105560,5580.25,5592.75
cl1720109520,118,1720109070,1720110780,5581.75,5594.25
ch1720111500,118,1720111110,1720111680,5581.5,5593.5
ch1720146600,118,1720146270,1720147080,5585.75,5597.75
ch1720148280,118,1720147770,1720148520,5586.0,5597.5
ch1720149540,118,1720149210,1720149720,5585.75,5597.75
ch1720154520,118,1720154190,1720155180,5587.75,5598.75
ch1720157220,118,1720157010,1720157820,5588.25,5599.75
ch1720157580,118,1720157010,1720157820,5588.25,5599.75
cl1720157940,118,1720157610,1720158300,5588.75,5600.75
ch1720167180,118,1720166790,1720167900,5586.75,5601.25
cl1720168260,118,1720167570,1720168680,5588.0,5601.5
ch1720171260,118,1720169910,1720171500,5585.0,5598.0
ch1720174560,118,1720173750,1720175160,5584.75,5598.25
ch1720179900,118,1720179510,1720180200,5581.5,5596.5
cl1720180740,118,1720180350,1720180980,5584.25,5597.75
ch1720189860,118,1720188750,1720189980,5576.25,5602.75
ch1720196460,118,1720195770,1720197180,5599.25,5617.75
ch1720200300,118,1720200030,1720200780,5604.25,5620.25
cl1720204320,118,1720204110,1720205220,5608.5,5625.0
ch1720206420,118,1720205250,1720207560,5609.5,5625.0
ch1720207680,118,1720207170,1720207920,5610.75,5626.25
cl1720397220,118,1720397130,1720398060,5606.25,5619.75
cl1720399140,118,1720398510,1720399260,5607.25,5619.75
ch1720399620,118,1720399350,1720400700,5605.25,5618.25
cl1720400760,118,1720400610,1720401120,5605.75,5618.25
cl1720409760,118,1720409130,1720410060,5609.0,5620.5
cl1720417980,118,1720417830,1720418520,5606.0,5618.5
ch1720424340,118,1720423950,1720424460,5608.75,5621.75
ch1720426200,118,1720425390,1720426380,5611.75,5624.25
ch1720433520,118,1720433310,1720434780,5613.25,5625.25
ch1720438680,118,1720438170,1720440360,5615.5,5628.5
cl1720439100,118,1720438710,1720440300,5617.0,5629.5
cl1720451820,118,1720451550,1720452180,5620.0,5636.0
ch1720459980,118,1720459770,1720460160,5616.0,5630.5
ch1720485900,118,1720485510,1720486320,5631.75,5643.25
cl1720486800,118,1720486230,1720486980,5630.5,5643.0
ch1720487640,118,1720487430,1720488120,5630.5,5642.5
ch1720491900,118,1720491750,1720493220,5627.5,5640.0
ch1720500360,118,1720500090,1720500600,5632.5,5644.0
cl1720501680,118,1720501530,1720502100,5633.75,5645.25
ch1720512180,118,1720511550,1720512420,5631.0,5644.0
ch1720515720,118,1720515330,1720516920,5632.5,5644.5
ch1720516920,118,1720516830,1720517520,5632.25,5644.75
cl1720522800,118,1720521990,1720523160,5632.5,5645.0
cl1720523460,118,1720523310,1720523880,5632.5,5645.0
ch1720535820,118,1720535610,1720536000,5625.0,5643.5
cl1720543140,118,1720542870,1720543320,5632.25,5646.75
cl1720543800,118,1720543530,1720544280,5629.75,5645.75
ch1720548660,118,1720548390,1720549740,5624.0,5639.5
ch1720550640,118,1720550010,1720550880,5622.75,5639.75
cl1720551180,118,1720550970,1720551300,5625.25,5642.25
ch1720573200,118,1720571970,1720573560,5629.0,5641.0
ch1720573860,118,1720573470,1720574580,5629.5,5641.5
ch1720575600,118,1720574790,1720576200,5628.5,5640.5
ch1720579020,118,1720578930,1720582860,5629.25,5640.75
cl1720582860,118,1720582710,1720583760,5629.5,5640.5
cl1720589700,118,1720589610,1720590120,5627.5,5639.5
ch1720593180,118,1720592730,1720593780,5626.75,5639.25
ch1720595160,118,1720594950,1720595460,5627.25,5639.75
ch1720603020,118,1720602690,1720603440,5632.25,5644.25
cl1720606320,118,1720606230,1720606620,5633.5,5645.0
cl1720610100,118,1720609770,1720611180,5634.0,5647.0
ch1720614720,118,1720614270,1720615080,5638.5,5651.5
cl1720623780,118,1720623510,1720624140,5635.25,5651.25
ch1720634520,118,1720633470,1720635060,5660.75,5676.75
ch1720635300,118,1720635150,1720635660,5662.0,5676.5
cl1720657200,118,1720656570,1720657740,5677.25,5689.75
ch1720664160,118,1720663410,1720665180,5676.75,5689.25
cl1720666620,118,1720666410,1720666860,5677.5,5689.5
cl1720667100,118,1720666770,1720667220,5677.0,5688.5
ch1720670040,118,1720669290,1720670220,5678.25,5689.75
ch1720679340,118,1720678710,1720680300,5678.75,5690.75
cl1720680240,118,1720679370,1720680660,5679.25,5692.25
ch1720686720,118,1720686450,1720687260,5677.75,5690.75
cl1720688460,118,1720688130,1720688820,5677.5,5689.5
cl1720689660,118,1720689150,1720690020,5676.75,5689.25
cl1720690320,118,1720690170,1720690860,5676.25,5689.25
cl1720690440,118,1720690170,1720690860,5676.25,5689.25
ch1720691700,118,1720690710,1720692780,5675.75,5688.25
cl1720696440,118,1720696350,1720696980,5675.75,5687.25
cl1720707660,118,1720707450,1720708320,5660.0,5694.0
cl1720711440,118,1720711350,1720711560,5640.0,5663.5
ch1720714200,118,1720714050,1720714320,5627.75,5650.75
ch1720714320,118,1720714050,1720714740,5627.25,5651.25
ch1720715760,118,1720715370,1720716420,5632.75,5654.75
cl1720717500,118,1720717050,1720717740,5625.25,5649.25
cl1720722300,118,1720722150,1720722540,5629.5,5651.0
cl1720726140,118,1720725990,1720726620,5631.5,5652.0
cl1720748280,118,1720748130,1720748400,5634.0,5646.0
cl1720749960,118,1720749630,1720750140,5633.75,5645.75
ch1720752480,118,1720752390,1720752840,5634.25,5646.25
ch1720757880,118,1720757250,1720758540,5634.0,5646.0
cl1720758780,118,1720758630,1720759860,5633.75,5645.75
cl1720768680,118,1720768170,1720769100,5633.5,5649.5
ch1720770660,118,1720770150,1720771080,5629.5,5645.5
ch1720774200,118,1720772550,1720775040,5637.5,5650.0
ch1720781220,118,1720780950,1720781340,5637.25,5650.25
ch1720791660,118,1720791390,1720792020,5634.0,5657.0
ch1720793520,118,1720793250,1720794660,5651.5,5674.0
ch1720798140,118,1720797870,1720799040,5674.75,5693.25
ch1720805040,118,1720804770,1720805280,5682.75,5699.25
ch1720805820,118,1720805490,1720806060,5684.0,5705.0
ch1720810860,118,1720810470,1720811580,5689.75,5709.25
cl1721013360,118,1721013150,1721013840,5669.25,5681.25
ch1721016540,118,1721015970,1721016720,5670.0,5681.0
ch1721018160,118,1721017950,1721018520,5670.5,5682.0
cl1721020800,118,1721020530,1721020980,5671.25,5682.75
cl1721024880,118,1721024490,1721025600,5673.75,5687.75
ch1721030460,118,1721030370,1721030880,5677.5,5690.5
ch1721032740,118,1721032170,1721033040,5680.0,5693.5
cl1721037060,118,1721036730,1721037540,5683.5,5696.0
cl1721037660,118,1721037570,1721037780,5681.0,5695.5
ch1721042340,118,1721042130,1721042460,5683.25,5696.75
cl1721046360,118,1721045670,1721046840,5683.0,5698.0
cl1721046840,118,1721045730,1721047080,5682.5,5697.5
ch1721052300,118,1721051970,1721052480,5677.25,5700.25
ch1721053860,118,1721053590,1721054040,5686.0,5705.5
ch1721057040,118,1721056650,1721057220,5707.25,5723.75
ch1721058000,118,1721057790,1721058420,5697.75,5716.75
cl1721058300,118,1721058210,1721058720,5696.5,5722.5
cl1721062860,118,1721062770,1721062980,5680.0,5711.5
cl1721073120,118,1721072970,1721073360,5661.0,5689.5
cl1721094420,118,1721093910,1721095260,5685.0,5697.0
ch1721095740,118,1721095290,1721096040,5684.75,5697.75
cl1721099400,118,1721099130,1721099760,5686.75,5699.25
cl1721102940,118,1721102310,1721103240,5687.5,5699.0
ch1721103240,118,1721103030,1721103780,5687.25,5698.75
ch1721107980,118,1721107770,1721108280,5687.5,5699.5
cl1721108340,118,1721108190,1721108760,5687.5,5699.5
cl1721114040,118,1721113890,1721114340,5675.0,5690.5
cl1721116320,118,1721115810,1721116620,5677.0,5692.0
ch1721121180,118,1721121030,1721121360,5676.0,5691.0
ch1721123160,118,1721122890,1721123280,5676.25,5690.25
cl1721130120,118,1721129850,1721130600,5684.0,5698.5
ch1721136300,118,1721135250,1721136480,5687.0,5702.0
ch1721142360,118,1721142090,1721142480,5687.25,5713.25
cl1721143860,118,1721143770,1721145240,5692.25,5716.75
ch1721155620,118,1721155110,1721156220,5699.25,5718.75
cl1721175540,118,1721174610,1721175780,5706.0,5718.0
cl1721177700,118,1721177250,1721178060,5706.5,5718.0
ch1721179560,118,1721178870,1721180160,5704.25,5716.75
ch1721198340,118,1721198070,1721198520,5680.75,5696.25
cl1721203320,118,1721202930,1721203500,5671.5,5689.5
ch1721205300,118,1721204850,1721205900,5660.75,5678.75
cl1721212320,118,1721212170,1721212860,5670.25,5684.25
cl1721219400,118,1721218650,1721219760,5658.5,5674.0
cl1721221260,118,1721220810,1721221740,5651.75,5668.75
ch1721224440,118,1721224170,1721224860,5651.75,5677.75
cl1721234940,118,1721233650,1721235300,5632.75,5654.25
cl1721235960,118,1721235810,1721236080,5633.75,5655.25
cl1721236560,118,1721236110,1721236740,5628.25,5649.75
ch1721240700,118,1721240070,1721241000,5628.0,5654.0
ch1721262720,118,1721262450,1721263500,5643.75,5658.25
ch1721263500,118,1721263110,1721263800,5646.25,5658.75
ch1721268000,118,1721267850,1721268840,5647.0,5659.0
cl1721272800,118,1721272710,1721272920,5645.0,5658.5
cl1721275860,118,1721275410,1721276160,5645.0,5657.0
ch1721282280,118,1721281770,1721282460,5644.0,5656.5
ch1721283480,118,1721283390,1721284200,5645.75,5662.75
ch1721293200,118,1721292450,1721293500,5646.25,5661.75
cl1721295360,118,1721295150,1721295660,5641.75,5661.25
cl1721297400,118,1721296890,1721297520,5635.5,5652.5
ch1721299020,118,1721298810,1721299200,5633.0,5650.5
ch1721306640,118,1721305770,1721306880,5640.5,5659.0
cl1721319420,118,1721319090,1721319840,5585.25,5610.75
ch1721322840,118,1721322570,1721323020,5587.5,5616.5
ch1721323380,118,1721322690,1721324640,5596.0,5620.5
cl1721325660,118,1721325270,1721326260,5591.25,5621.75
cl1721329680,118,1721329410,1721329800,5578.75,5603.75
ch1721331780,118,1721331510,1721331960,5571.25,5600.25
cl1721350260,118,1721350110,1721350500,5595.75,5608.25
ch1721353080,118,1721352930,1721353800,5595.75,5610.25
cl1721354520,118,1721354370,1721354640,5595.5,5611.0
cl1721355180,118,1721354850,1721355780,5596.75,5609.25
cl1721355840,118,1721355750,1721356260,5595.5,5608.5
ch1721364180,118,1721364030,1721364660,5597.5,5609.0
ch1721364780,118,1721364630,1721365200,5597.25,5608.75
cl1721372640,118,1721372550,1721372820,5579.75,5599.75
cl1721385960,118,1721385510,1721386440,5585.25,5604.75
ch1721387220,118,1721386890,1721387580,5581.75,5599.75
ch1721387640,118,1721387550,1721388000,5586.75,5602.75
cl1721398920,118,1721398290,1721399040,5580.75,5608.25
cl1721402040,118,1721401770,1721402520,5561.5,5586.0
ch1721404560,118,1721404410,1721404680,5552.0,5574.5
ch1721404860,118,1721404650,1721405280,5552.25,5581.75
cl1721409780,118,1721409390,1721410140,5537.0,5559.0
cl1721613300,118,1721613090,1721613780,5550.75,5568.25
ch1721615520,118,1721615370,1721615940,5548.5,5563.5
cl1721619360,118,1721619090,1721619600,5557.75,5571.75
ch1721622600,118,1721622330,1721623020,5554.25,5568.75
ch1721624460,118,1721623710,1721624820,5558.25,5572.75
cl1721625060,118,1721624670,1721625180,5559.75,5574.25
cl1721625180,118,1721624670,1721625600,5559.25,5574.75
cl1721638260,118,1721638170,1721638500,5568.0,5582.5
ch1721640840,118,1721640210,1721641800,5567.0,5581.0
ch1721644080,118,1721643390,1721644560,5569.25,5585.75
ch1721646000,118,1721644950,1721646360,5575.5,5589.5
ch1721649960,118,1721649630,1721651040,5578.75,5592.75
cl1721650380,118,1721650110,1721650680,5580.5,5594.5
ch1721651460,118,1721651250,1721652240,5582.25,5597.25
cl1721652180,118,1721651730,1721652420,5583.5,5598.0
ch1721653860,118,1721653650,1721654580,5579.5,5595.0
cl1721656980,118,1721656710,1721657100,5577.5,5607.0
ch1721659500,118,1721659050,1721659680,5588.0,5612.5
ch1721659680,118,1721659050,1721659920,5587.75,5612.75
ch1721664000,118,1721663190,1721664480,5564.0,5587.5
ch1721665380,118,1721664450,1721666160,5567.75,5591.75
ch1721667960,118,1721667630,1721668380,5588.5,5610.0
ch1721677320,118,1721676930,1721678280,5598.75,5619.75
ch1721677620,118,1721676930,1721678280,5598.75,5619.75
ch1721702040,118,1721701350,1721703240,5596.25,5609.25
cl1721703720,118,1721703630,1721704380,5597.25,5609.75
cl1721714460,118,1721714250,1721714760,5593.75,5607.25
cl1721718720,118,1721717910,1721718900,5593.0,5609.0
ch1721720400,118,1721719830,1721720520,5580.0,5599.0
ch1721722500,118,1721722230,1721723100,5585.0,5601.5
cl1721728680,118,1721727270,1721728980,5601.0,5615.0
ch1721730060,118,1721729130,1721730240,5599.75,5613.25
ch1721738940,118,1721738790,1721739840,5599.25,5615.25
cl1721741520,118,1721741430,1721741940,5598.5,5616.5
ch1721742000,118,1721741850,1721742240,5597.5,5621.0
ch1721743200,118,1721742870,1721743560,5600.75,5625.75
cl1721763000,118,1721762850,1721763180,5606.5,5622.5
ch1721787000,118,1721786730,1721787300,5573.75,5585.75
ch1721789880,118,1721789670,1721790480,5571.25,5584.75
ch1721792820,118,1721792670,1721793900,5569.75,5581.75
cl1721794440,118,1721794350,1721794800,5561.5,5587.5
ch1721796540,118,1721795430,1721797380,5555.5,5570.0
cl1721802600,118,1721802330,1721802720,5557.75,5573.75
cl1721807160,118,1721806950,1721807460,5555.75,5572.75
cl1721812020,118,1721811210,1721812260,5555.5,5570.5
cl1721813220,118,1721812890,1721813880,5549.25,5565.25
ch1721813820,118,1721813310,1721814060,5547.25,5562.75
ch1721816460,118,1721816310,1721816640,5555.0,5568.5
cl1721817180,118,1721816970,1721817780,5555.0,5570.0
ch1721827860,118,1721827590,1721828040,5538.25,5556.75
ch1721832960,118,1721832510,1721833440,5501.5,5523.0
cl1721836800,118,1721836530,1721837100,5496.25,5517.25
ch1721841660,118,1721840850,1721842080,5492.75,5514.25
ch1721842860,118,1721842410,1721843340,5490.0,5513.5
cl1721848080,118,1721847630,1721848680,5472.25,5493.25
cl1721849340,118,1721849070,1721849700,5469.25,5493.25
ch1721866440,118,1721866230,1721866620,5476.0,5490.5
ch1721869020,118,1721868570,1721869260,5479.75,5494.75
cl1721870460,118,1721870010,1721870580,5481.25,5494.25
cl1721872080,118,1721871510,1721872560,5478.5,5493.0
ch1721874000,118,1721873670,1721874540,5475.25,5490.25
cl1721880180,118,1721879910,1721880420,5477.75,5492.25
cl1721881440,118,1721880690,1721881980,5477.25,5492.25
cl1721885640,118,1721885430,1721886300,5475.25,5488.75
ch1721888220,118,1721888070,1721888340,5450.25,5472.75
ch1721897520,118,1721897310,1721897760,5459.0,5480.5
ch1721902980,118,1721902830,1721903340,5447.25,5469.75
ch1721911080,118,1721910930,1721912760,5451.5,5480.5
cl1721912700,118,1721912550,1721912880,5459.25,5480.25
ch1721917020,118,1721916870,1721917140,5422.75,5457.25
ch1721934120,118,1721933730,1721935080,5451.0,5479.5
ch1721952540,118,1721952330,1721952660,5446.25,5460.75
ch1721963760,118,1721963670,1721963940,5452.75,5466.25
ch1721970900,118,1721970630,1721972400,5459.0,5474.0
ch1721971560,118,1721970630,1721972400,5459.0,5474.0
cl1721976900,118,1721976390,1721977140,5458.0,5474.0
ch1721977380,118,1721977170,1721977740,5454.75,5471.75
cl1721977920,118,1721977410,1721978100,5456.5,5474.5
ch1721979660,118,1721979090,1721980020,5458.0,5479.0
cl1721984580,118,1721984370,1721984760,5478.25,5496.75
cl1721992560,118,1721992410,1721992740,5476.25,5493.25
ch1722000780,118,1722000690,1722000900,5457.0,5484.5
ch1722001200,118,1722000990,1722001320,5469.0,5492.0
cl1722004500,118,1722004230,1722005040,5466.75,5503.25
cl1722015720,118,1722015390,1722016020,5490.75,5519.25
ch1722016020,118,1722015870,1722016260,5487.5,5515.0
cl1722020280,118,1722019890,1722020400,5485.25,5509.75
cl1722020400,118,1722019950,1722020700,5483.25,5507.25
ch1722021060,118,1722020790,1722021180,5475.75,5501.75
cl1722021480,118,1722021210,1722021900,5484.75,5510.75
ch1722023040,118,1722022770,1722023220,5475.0,5505.5
cl1722219060,118,1722218910,1722219300,5516.25,5530.75
cl1722223560,118,1722223110,1722223980,5516.25,5527.75
cl1722229920,118,1722229770,1722230040,5517.0,5529.0
ch1722243480,118,1722242910,1722244320,5500.75,5517.75
ch1722245100,118,1722244890,1722245340,5500.75,5516.75
cl1722254760,118,1722254490,1722255540,5514.75,5531.25
cl1722259080,118,1722258690,1722259500,5507.75,5526.75
ch1722270000,118,1722269250,1722270420,5504.5,5527.5
ch1722272160,118,1722270570,1722273120,5503.0,5526.5
cl1722277860,118,1722277290,1722279600,5494.5,5515.0
ch1722281880,118,1722280890,1722282060,5497.25,5519.25
ch1722300240,118,1722300090,1722300540,5482.25,5497.75
cl1722309540,118,1722309450,1722309900,5481.5,5495.0
ch1722310920,118,1722310710,1722311100,5479.25,5494.25
ch1722313320,118,1722313230,1722313440,5486.25,5500.75
ch1722318120,118,1722317970,1722318480,5491.75,5506.75
ch1722320940,118,1722320790,1722321240,5492.75,5509.25
ch1722322560,118,1722322050,1722322740,5494.0,5509.0
ch1722323220,118,1722323010,1722323700,5498.25,5514.75
cl1722327480,118,1722327030,1722328380,5499.5,5520.0
ch1722332040,118,1722331950,1722332280,5501.5,5516.0
cl1722332580,118,1722332190,1722332940,5500.0,5517.5
ch1722332880,118,1722332790,1722333300,5499.25,5515.25
ch1722333660,118,1722333210,1722335160,5501.0,5516.5
cl1722337200,118,1722336990,1722337380,5506.5,5521.0
cl1722338340,118,1722338250,1722339120,5506.75,5520.25
cl1722347400,118,1722347010,1722347640,5509.75,5535.25
cl1722347700,118,1722347370,1722348060,5506.5,5531.5
cl1722351960,118,1722351810,1722352320,5460.5,5488.5
ch1722353100,118,1722352170,1722353220,5456.0,5484.5
cl1722355020,118,1722353970,1722355380,5452.5,5477.0
ch1722360180,118,1722359910,1722360960,5440.25,5464.75
ch1722361560,118,1722360990,1722362400,5449.25,5473.25
ch1722363180,118,1722362670,1722363300,5453.25,5478.25
ch1722368940,118,1722368850,1722369540,5465.0,5496.0
cl1722384420,118,1722384330,1722384600,5473.25,5488.25
ch1722390240,118,1722390150,1722390540,5473.5,5490.0
ch1722391680,118,1722391590,1722391920,5477.75,5492.75
ch1722397080,118,1722396450,1722397260,5484.25,5497.75
ch1722403800,118,1722403710,1722403980,5488.0,5503.0
cl1722413640,118,1722413130,1722414060,5510.0,5530.0
ch1722429780,118,1722429630,1722430020,5526.25,5546.75
ch1722435180,118,1722434670,1722435420,5527.75,5558.75
cl1722437580,118,1722437370,1722437940,5544.75,5574.25
ch1722439560,118,1722438750,1722439860,5547.75,5571.25
ch1722439920,118,1722439770,1722440220,5553.5,5576.0
cl1722443100,118,1722443010,1722445080,5551.5,5575.0
cl1722444840,118,1722444690,1722445080,5551.5,5571.0
ch1722445320,118,1722445170,1722445500,5545.25,5565.25
cl1722446760,118,1722446610,1722446880,5550.25,5575.75
ch1722471840,118,1722471570,1722472380,5584.0,5599.5
ch1722475440,118,1722474750,1722476880,5571.5,5591.0
ch1722475980,118,1722474750,1722476880,5571.5,5591.0
ch1722483300,118,1722482790,1722483600,5584.0,5597.5
ch1722490920,118,1722490410,1722491460,5585.25,5598.25
cl1722497460,118,1722497250,1722497940,5573.0,5592.5
ch1722498360,118,1722497490,1722498840,5570.5,5588.5
cl1722500520,118,1722500310,1722501300,5554.75,5579.75
cl1722501660,118,1722501510,1722503040,5553.5,5575.0
cl1722513060,118,1722512970,1722513300,5575.0,5591.0
cl1722516480,118,1722515970,1722517380,5578.0,5596.5
ch1722517320,118,1722516570,1722517740,5574.5,5593.5
cl1722518160,118,1722518010,1722518280,5571.5,5590.0
cl1722534660,118,1722533910,1722534840,5450.25,5480.25
cl1722538140,118,1722537690,1722539040,5439.75,5467.75
ch1722539520,118,1722539310,1722540000,5429.75,5466.75
cl1722559500,118,1722559050,1722559800,5448.25,5466.75
ch1722560160,118,1722559950,1722560340,5443.0,5462.5
ch1722563160,118,1722562770,1722563820,5447.75,5466.75
ch1722567840,118,1722567270,1722568860,5420.5,5444.5
cl1722574260,118,1722574110,1722574740,5430.5,5446.5
ch1722575880,118,1722575670,1722576120,5432.5,5450.0
cl1722577860,118,1722577770,1722578580,5427.25,5445.25
ch1722578340,118,1722578130,1722578460,5425.5,5442.5
cl1722585360,118,1722585210,1722585780,5417.75,5438.75
cl1722586860,118,1722586590,1722587280,5413.5,5437.0
ch1722589080,118,1722588750,1722589560,5417.75,5437.25
cl1722590760,118,1722590430,1722591480,5410.5,5428.0
ch1722594240,118,1722594090,1722594360,5405.5,5426.5
ch1722600540,118,1722600210,1722601020,5408.75,5429.25
cl1722823560,118,1722823170,1722824520,5291.25,5316.75
ch1722829440,118,1722829050,1722829620,5287.0,5305.5
cl1722833700,118,1722833130,1722833880,5276.25,5297.25
cl1722834180,118,1722833850,1722834480,5272.75,5291.75
cl1722835620,118,1722834870,1722835800,5268.0,5291.0
cl1722837300,118,1722837150,1722837600,5200.0,5240.5
ch1722843300,118,1722843150,1722844020,5214.0,5255.0
ch1722844500,118,1722843810,1722844680,5219.5,5262.0
cl1722845040,118,1722844770,1722845220,5233.75,5277.75
ch1722855600,118,1722855450,1722855900,5202.0,5240.0
ch1722856920,118,1722856290,1722857400,5200.5,5235.0
cl1722857580,118,1722857490,1722857760,5196.25,5230.25
cl1722867780,118,1722866730,1722868080,5195.5,5271.0
cl1722868140,118,1722867690,1722868560,5184.0,5257.5
ch1722872220,118,1722871890,1722872700,5217.5,5269.0
cl1722877560,118,1722876810,1722877920,5221.0,5259.0
ch1722878100,118,1722877590,1722878220,5212.5,5249.0
cl1722880200,118,1722879750,1722880560,5232.0,5264.0
cl1722883620,118,1722883290,1722883740,5196.75,5239.25
cl1722887400,118,1722886830,1722887520,5187.25,5220.25
ch1722904440,118,1722903630,1722904560,5250.25,5274.25
cl1722908580,118,1722908310,1722908940,5270.75,5301.75
ch1722914940,118,1722914730,1722915060,5281.25,5304.25
cl1722917160,118,1722916350,1722918000,5290.5,5313.5
cl1722919260,118,1722918750,1722919560,5283.0,5310.0
cl1722924480,118,1722924270,1722924600,5276.25,5301.25
cl1722929280,118,1722929070,1722929640,5263.5,5297.0
ch1722940560,118,1722940170,1722940860,5228.5,5267.0
cl1722943920,118,1722943830,1722944400,5255.25,5287.75
cl1722954600,118,1722954510,1722955140,5260.0,5306.0
ch1722955740,118,1722955530,1722957120,5275.5,5314.0
ch1722970140,118,1722969210,1722970680,5323.0,5347.0
cl1722992820,118,1722991830,1722993600,5254.25,5277.25
ch1723000980,118,1723000890,1723001820,5290.75,5313.25
cl1723004280,118,1723004190,1723004580,5304.0,5323.5
ch1723013940,118,1723013250,1723014120,5282.5,5305.0
ch1723018440,118,1723018230,1723018560,5287.5,5315.5
ch1723027080,118,1723026330,1723027200,5312.75,5333.75
cl1723033320,118,1723033110,1723033440,5313.75,5334.25
ch1723038480,118,1723037790,1723038600,5317.75,5351.75
ch1723038600,118,1723037790,1723039020,5316.75,5352.75
cl1723040880,118,1723040670,1723041900,5320.25,5359.75
cl1723043640,118,1723043370,1723043760,5333.5,5367.5
ch1723047300,118,1723046670,1723047600,5286.25,5322.25
cl1723049400,118,1723049190,1723049580,5287.5,5318.0
cl1723052580,118,1723052310,1723052760,5273.0,5307.5
cl1723054020,118,1723053810,1723054200,5245.25,5274.25
cl1723054500,118,1723054290,1723054740,5231.5,5262.5
cl1723059060,118,1723058430,1723059840,5240.5,5283.5
cl1723060320,118,1723060170,1723060440,5230.75,5273.75
cl1723077540,118,1723077210,1723077780,5200.0,5228.0
ch1723078680,118,1723078110,1723078860,5191.25,5216.25
ch1723079100,118,1723078650,1723079220,5193.75,5221.25
cl1723081500,118,1723080810,1723081980,5209.0,5229.5
ch1723086060,118,1723085310,1723086840,5220.0,5238.5
ch1723095780,118,1723095630,1723096380,5199.0,5228.0
ch1723097520,118,1723097370,1723097820,5206.0,5228.5
cl1723110720,118,1723110510,1723110900,5198.0,5221.5
ch1723112760,118,1723112250,1723112940,5202.75,5223.75
cl1723119840,118,1723119510,1723119960,5221.5,5241.5
ch1723120680,118,1723120410,1723120920,5233.5,5281.0
ch1723125840,118,1723125570,1723126500,5273.5,5311.5
ch1723126620,118,1723126110,1723127100,5277.75,5319.25
ch1723127340,118,1723127010,1723127760,5284.25,5327.75
cl1723131600,118,1723131150,1723131720,5309.5,5342.0
ch1723133220,118,1723132950,1723133880,5305.5,5337.5
ch1723136100,118,1723135710,1723136640,5304.0,5331.0
cl1723136580,118,1723136490,1723136760,5306.5,5336.0
cl1723141680,118,1723141590,1723141920,5336.5,5362.5
ch1723144260,118,1723144050,1723145400,5324.25,5354.75
cl1723163100,118,1723162410,1723163400,5338.0,5358.5
cl1723163400,118,1723163070,1723164060,5335.5,5354.5
cl1723164180,118,1723164030,1723164420,5331.75,5352.75
ch1723169220,118,1723169010,1723169520,5340.5,5357.5
ch1723169520,118,1723169070,1723170660,5341.0,5358.5
ch1723171680,118,1723171230,1723171860,5344.75,5361.25
ch1723172460,118,1723171830,1723173300,5348.25,5363.75
ch1723186200,118,1723186110,1723186500,5340.25,5358.75
ch1723190460,118,1723190370,1723191420,5339.75,5365.75
ch1723202220,118,1723202070,1723202640,5349.0,5369.5
cl1723203480,118,1723203090,1723203600,5336.75,5359.25
ch1723204260,118,1723203870,1723204380,5330.5,5354.0
cl1723206960,118,1723206810,1723207260,5314.5,5338.5
cl1723208520,118,1723208190,1723208820,5321.25,5345.75
cl1723213620,118,1723212870,1723213800,5338.25,5369.25
ch1723214820,118,1723214130,1723214940,5315.75,5355.25
ch1723218780,118,1723218210,1723219020,5335.0,5363.5
cl1723219140,118,1723218930,1723219500,5335.75,5364.75
cl1723219980,118,1723218930,1723220280,5333.75,5366.75
ch1723224000,118,1723223670,1723224480,5355.75,5378.75
cl1723225860,118,1723225230,1723226040,5365.0,5394.5
ch1723231860,118,1723231470,1723232100,5351.0,5377.5
cl1723232640,118,1723232190,1723233060,5359.75,5384.75
cl1723421220,118,1723420830,1723421700,5358.5,5381.0
cl1723421700,118,1723420890,1723421880,5358.25,5375.25
ch1723423620,118,1723422870,1723424040,5356.0,5372.5
cl1723424700,118,1723424310,1723424820,5357.5,5373.5
ch1723428300,118,1723427970,1723429140,5357.0,5375.0
ch1723429800,118,1723429650,1723430340,5364.0,5378.5
ch1723442400,118,1723441950,1723442760,5365.75,5379.75
ch1723446420,118,1723446330,1723446660,5364.0,5380.0
cl1723451880,118,1723451670,1723452240,5371.25,5387.75
cl1723456080,118,1723455990,1723456560,5368.25,5383.25
ch1723457520,118,1723457430,1723457760,5364.0,5382.0
ch1723458060,118,1723457970,1723458480,5368.75,5385.75
cl1723460400,118,1723459530,1723460880,5373.25,5388.25
ch1723460400,118,1723459950,1723460520,5372.0,5387.0
ch1723461420,118,1723461090,1723461540,5373.25,5389.75
ch1723465620,118,1723465350,1723465740,5377.5,5393.5
cl1723475700,118,1723475070,1723476120,5383.25,5406.75
ch1723486440,118,1723486170,1723486800,5351.5,5374.0
ch1723486860,118,1723486170,1723489020,5349.75,5375.75
cl1723544100,118,1723543650,1723544460,5378.75,5395.75
ch1723547100,118,1723546590,1723547280,5363.0,5381.5
cl1723570440,118,1723570290,1723571100,5438.0,5459.0
ch1723572720,118,1723571670,1723573140,5434.75,5454.25
ch1723578120,118,1723576950,1723578240,5439.5,5457.0
ch1723599360,118,1723599090,1723599840,5450.25,5467.25
cl1723601580,118,1723601430,1723601760,5447.5,5466.0
cl1723606620,118,1723606050,1723607220,5451.25,5464.75
ch1723607400,118,1723607070,1723607940,5450.5,5464.5
ch1723610460,118,1723610010,1723611180,5453.5,5465.0
ch1723610580,118,1723610010,1723611180,5453.5,5465.0
cl1723611180,118,1723611030,1723611300,5453.0,5466.0
cl1723615200,118,1723614510,1723615500,5453.5,5469.0
ch1723621560,118,1723620870,1723621740,5449.75,5464.75
cl1723622220,118,1723621770,1723622400,5452.25,5466.75
ch1723632060,118,1723631610,1723632360,5453.75,5467.25
ch1723636080,118,1723635390,1723636320,5452.5,5466.0
ch1723636680,118,1723635930,1723638060,5452.75,5466.75
ch1723639080,118,1723638930,1723639380,5434.75,5469.75
ch1723647000,118,1723646370,1723647180,5432.0,5462.5
ch1723648620,118,1723647450,1723648800,5449.0,5471.0
ch1723651320,118,1723650870,1723651560,5470.5,5491.5
ch1723651620,118,1723650990,1723652220,5473.75,5492.75
cl1723652700,118,1723652550,1723653240,5454.0,5490.5
cl1723653900,118,1723653810,1723654380,5450.75,5479.25
ch1723661580,118,1723661310,1723661700,5464.25,5482.25
ch1723664580,118,1723664310,1723664700,5456.0,5478.5
ch1723680900,118,1723680330,1723681140,5468.0,5483.5
cl1723684500,118,1723684110,1723684740,5477.75,5492.25
ch1723688040,118,1723687830,1723688880,5478.5,5494.0
ch1723689180,118,1723687830,1723689420,5478.25,5494.25
cl1723698240,118,1723698150,1723698840,5482.75,5494.75
cl1723705380,118,1723705230,1723705740,5478.5,5493.5
cl1723706400,118,1723706190,1723706640,5480.0,5496.0
cl1723709940,118,1723709370,1723710120,5481.0,5497.0
ch1723715340,118,1723715070,1723715700,5477.0,5491.0
ch1723716060,118,1723715970,1723716660,5479.5,5492.5
ch1723718100,118,1723717890,1723718520,5472.75,5487.75
cl1723722780,118,1723722570,1723724280,5482.75,5498.25
ch1723731600,118,1723731030,1723731720,5517.0,5543.5
cl1723735800,118,1723735710,1723736580,5545.75,5564.75
ch1723744320,118,1723743870,1723744740,5553.25,5569.75
cl1723745760,118,1723745370,1723746540,5557.25,5574.25
ch1723746960,118,1723745910,1723747380,5556.25,5572.75
cl1723766940,118,1723766430,1723767420,5564.5,5580.0
ch1723771980,118,1723771230,1723772520,5563.0,5578.5
cl1723773060,118,1723772910,1723773300,5566.25,5581.75
cl1723778760,118,1723778490,1723778940,5569.0,5582.0
cl1723785840,118,1723785690,1723786140,5571.0,5583.0
ch1723787460,118,1723787310,1723787940,5573.75,5586.75
cl1723789680,118,1723789530,1723790100,5575.0,5587.5
ch1723790460,118,1723790190,1723790640,5574.5,5588.0
cl1723797300,118,1723796490,1723797720,5566.25,5587.75
ch1723800180,118,1723799970,1723800720,5566.5,5581.5
cl1723803120,118,1723803030,1723803300,5558.25,5575.25
cl1723810320,118,1723810170,1723810500,5550.0,5567.0
cl1723810560,118,1723810230,1723810740,5547.75,5566.75
cl1723811940,118,1723811490,1723812600,5533.5,5560.5
ch1723818000,118,1723817670,1723818840,5551.25,5576.75
ch1723819920,118,1723819830,1723822200,5541.75,5568.75
ch1723822620,118,1723821810,1723822920,5548.0,5570.5
ch1723823880,118,1723823490,1723824600,5556.5,5576.0
ch1723838340,118,1723837890,1723838580,5563.0,5584.0
ch1724032080,118,1724031450,1724032740,5578.25,5591.75
ch1724034000,118,1724033670,1724034540,5580.5,5593.5
cl1724035200,118,1724034810,1724035680,5580.75,5593.25
ch1724036040,118,1724035770,1724036640,5581.5,5593.5
ch1724038140,118,1724038050,1724038380,5582.0,5594.5
ch1724043780,118,1724043570,1724044440,5571.0,5587.0
cl1724046900,118,1724046690,1724047560,5569.5,5584.5
ch1724051100,118,1724050890,1724051220,5564.75,5579.75
ch1724051820,118,1724051070,1724052180,5565.25,5581.25
ch1724053500,118,1724053230,1724054040,5568.75,5583.75
cl1724056860,118,1724056650,1724057220,5567.25,5582.75
cl1724056980,118,1724056650,1724057220,5567.25,5582.75
ch1724063100,118,1724062890,1724063460,5572.5,5585.5
cl1724064780,118,1724064570,1724065020,5570.75,5586.25
cl1724068380,118,1724067390,1724069100,5573.75,5587.25
ch1724069040,118,1724068770,1724069640,5573.0,5587.0
cl1724071320,118,1724070870,1724071620,5576.0,5591.0
ch1724074380,118,1724074290,1724074680,5572.75,5594.25
cl1724075700,118,1724075550,1724076180,5576.25,5600.25
ch1724077680,118,1724077350,1724077860,5568.75,5595.25
ch1724078460,118,1724077590,1724078700,5574.75,5598.25
ch1724079780,118,1724079150,1724081580,5588.0,5608.0
ch1724084940,118,1724084130,1724085540,5591.75,5608.75
ch1724093100,118,1724092770,1724093880,5601.25,5625.25
ch1724095680,118,1724094930,1724097120,5608.0,5623.5
cl1724113980,118,1724113890,1724114700,5622.75,5635.75
ch1724122740,118,1724122650,1724122980,5629.0,5642.0
ch1724127180,118,1724127030,1724127420,5624.0,5637.5
ch1724131200,118,1724130930,1724131560,5625.0,5637.5
cl1724133900,118,1724133570,1724134500,5625.5,5640.0
ch1724135160,118,1724135070,1724135400,5624.75,5637.75
ch1724139360,118,1724138730,1724139780,5631.0,5644.5
ch1724150880,118,1724150610,1724151240,5628.75,5641.75
cl1724154720,118,1724154570,1724155860,5628.25,5641.75
cl1724156640,118,1724156310,1724157060,5627.25,5642.75
ch1724161320,118,1724161170,1724161500,5622.75,5641.25
cl1724163480,118,1724163090,1724163600,5618.5,5645.5
cl1724167740,118,1724167530,1724168280,5608.5,5630.0
ch1724169480,118,1724169330,1724169660,5611.0,5633.0
ch1724169660,118,1724169390,1724170620,5612.5,5634.0
cl1724170800,118,1724170470,1724172840,5611.75,5636.75
ch1724173800,118,1724173530,1724174820,5597.75,5622.25
ch1724177880,118,1724177550,1724178120,5613.25,5634.25
cl1724182200,118,1724181150,1724182980,5615.75,5631.75
cl1724183040,118,1724182710,1724183700,5614.25,5631.25
cl1724202420,118,1724202090,1724202840,5618.5,5633.0
ch1724204460,118,1724204190,1724204700,5616.0,5630.5
ch1724206920,118,1724206530,1724207280,5616.0,5629.5
ch1724208840,118,1724208450,1724208960,5618.5,5630.5
cl1724222040,118,1724221770,1724222820,5618.75,5632.25
cl1724230980,118,1724230650,1724231280,5614.25,5627.75
ch1724232060,118,1724231910,1724232420,5615.0,5628.5
cl1724232600,118,1724232330,1724232960,5615.25,5628.25
cl1724234040,118,1724233830,1724234580,5614.75,5627.75
ch1724245680,118,1724245230,1724246460,5622.25,5637.25
ch1724247960,118,1724247810,1724248620,5617.75,5641.25
cl1724252100,118,1724251830,1724252460,5614.5,5647.0
cl1724266920,118,1724266710,1724267040,5631.5,5652.5
ch1724268360,118,1724268210,1724268480,5616.0,5639.5
ch1724268540,118,1724268270,1724269740,5620.0,5641.0
ch1724287140,118,1724286810,1724288340,5639.25,5651.25
cl1724296020,118,1724295930,1724296320,5626.5,5643.0
cl1724300640,118,1724300550,1724300820,5627.75,5639.75
ch1724303160,118,1724302530,1724303400,5629.75,5642.25
ch1724303760,118,1724303490,1724304000,5630.0,5642.5
cl1724305620,118,1724305170,1724306400,5632.25,5644.75
cl1724319360,118,1724319270,1724319660,5640.0,5652.0
cl1724320680,118,1724320410,1724320860,5638.75,5651.25
ch1724325660,118,1724325570,1724326200,5646.5,5660.0
cl1724326620,118,1724326350,1724326800,5645.25,5659.25
ch1724328480,118,1724328150,1724328660,5645.75,5661.25
ch1724338980,118,1724338350,1724339220,5622.5,5650.0
cl1724340600,118,1724339910,1724340720,5617.75,5649.75
ch1724343000,118,1724342430,1724343540,5596.0,5624.5
cl1724345820,118,1724345610,1724346120,5600.25,5632.75
ch1724350500,118,1724350410,1724350740,5580.0,5606.0
ch1724396160,118,1724395890,1724396520,5606.75,5618.75
ch1724396520,118,1724395890,1724396700,5606.5,5619.0
ch1724398080,118,1724397390,1724399640,5606.25,5620.25
ch1724401440,118,1724401170,1724401980,5607.25,5620.25
cl1724412180,118,1724411790,1724413020,5616.25,5631.25
ch1724414880,118,1724414550,1724415060,5618.5,5632.0
ch1724416440,118,1724416170,1724416680,5614.75,5629.75
ch1724417160,118,1724416590,1724417280,5616.5,5631.5
cl1724421120,118,1724420970,1724421360,5616.75,5637.25
cl1724423700,118,1724423490,1724423880,5640.0,5672.5
cl1724424660,118,1724424450,1724425080,5609.25,5656.75
ch1724426100,118,1724426010,1724426280,5618.25,5655.25
cl1724427900,118,1724427810,1724428320,5628.25,5664.25
cl1724428320,118,1724427810,1724428440,5627.75,5664.75
cl1724430480,118,1724430210,1724430720,5605.25,5633.75
cl1724431560,118,1724431290,1724431920,5598.0,5638.0
cl1724441940,118,1724441610,1724442240,5638.75,5663.75
ch1724442720,118,1724442450,1724442840,5630.25,5656.75
ch1724442900,118,1724442810,1724443920,5637.75,5662.75
ch1724631480,118,1724631330,1724631660,5639.25,5654.75
ch1724635140,118,1724635050,1724635500,5648.5,5664.5
cl1724639040,118,1724638770,1724640060,5645.5,5659.0
cl1724641920,118,1724641830,1724642280,5645.75,5659.75
cl1724648580,118,1724648430,1724649000,5642.0,5654.5
cl1724670600,118,1724670390,1724671140,5655.0,5669.5
ch1724671080,118,1724670690,1724671800,5654.0,5668.0
cl1724675820,118,1724675370,1724676060,5652.25,5669.25
cl1724688000,118,1724687490,1724689080,5621.5,5645.0
ch1724691120,118,1724690250,1724691840,5632.75,5651.25
ch1724696520,118,1724696370,1724696760,5616.25,5637.25
ch1724696760,118,1724696370,1724697060,5615.25,5638.25
ch1724697060,118,1724696370,1724697300,5615.0,5638.5
ch1724697900,118,1724697270,1724700660,5620.75,5643.75
cl1724701200,118,1724700390,1724701440,5626.5,5645.0
ch1724701980,118,1724701710,1724702220,5620.75,5641.25
ch1724728200,118,1724727570,1724728740,5628.0,5641.0
ch1724728440,118,1724727570,1724728740,5628.0,5641.0
cl1724730060,118,1724729790,1724730240,5628.25,5640.25
ch1724732520,118,1724732370,1724733840,5628.75,5640.75
ch1724734680,118,1724734170,1724735100,5629.5,5641.5
cl1724737380,118,1724736990,1724737620,5631.5,5643.5
cl1724740140,118,1724739990,1724740500,5630.0,5644.0
ch1724740680,118,1724740530,1724741220,5630.25,5643.25
cl1724743200,118,1724742990,1724743740,5628.5,5645.5
ch1724744580,118,1724743890,1724745360,5629.75,5643.75
ch1724749500,118,1724749410,1724749800,5634.5,5648.0
cl1724753700,118,1724753610,1724754300,5627.75,5640.75
cl1724762340,118,1724762070,1724762520,5619.5,5638.0
cl1724766000,118,1724765850,1724766600,5606.5,5630.0
ch1724767860,118,1724766690,1724768520,5609.5,5638.0
ch1724768520,118,1724768250,1724768640,5613.75,5639.25
cl1724776260,118,1724775930,1724776440,5628.75,5646.25
cl1724785440,118,1724785350,1724785800,5635.0,5652.5
ch1724805060,118,1724804490,1724805240,5627.5,5642.0
ch1724805420,118,1724805210,1724805840,5629.75,5643.25
cl1724810640,118,1724810370,1724811120,5632.75,5645.75
ch1724813280,118,1724812590,1724813760,5635.0,5647.5
ch1724814540,118,1724813610,1724815260,5636.25,5647.75
cl1724815140,118,1724814810,1724815500,5636.25,5648.75
ch1724827680,118,1724827230,1724828640,5640.0,5651.5
ch1724833020,118,1724832750,1724833260,5636.5,5650.0
ch1724835300,118,1724834310,1724835600,5641.75,5655.25
cl1724841600,118,1724841390,1724841960,5640.5,5652.5
cl1724852820,118,1724852490,1724853600,5628.75,5653.75
ch1724860860,118,1724860110,1724861280,5594.5,5619.0
ch1724863440,118,1724862750,1724863800,5592.75,5614.75
ch1724866320,118,1724865930,1724867100,5594.0,5615.5
ch1724874420,118,1724874150,1724874660,5597.25,5622.75
ch1724891340,118,1724890950,1724891640,5571.25,5586.75
ch1724891700,118,1724891190,1724892060,5572.5,5587.5
cl1724894100,118,1724894010,1724894340,5574.25,5587.75
ch1724894340,118,1724894130,1724894760,5572.5,5588.0
ch1724896020,118,1724895510,1724896740,5574.5,5588.0
ch1724898180,118,1724898090,1724898360,5574.25,5587.75
ch1724899860,118,1724899590,1724900280,5579.5,5593.5
ch1724905260,118,1724904870,1724906220,5582.25,5597.75
ch1724907540,118,1724906910,1724907780,5584.25,5597.75
ch1724907660,118,1724906910,1724907780,5584.25,5597.75
ch1724909100,118,1724908950,1724909400,5585.5,5598.5
cl1724912160,118,1724912070,1724912340,5588.75,5601.75
ch1724913060,118,1724912610,1724913420,5589.0,5603.5
ch1724913900,118,1724913450,1724914800,5592.25,5607.75
cl1724916420,118,1724916270,1724917140,5601.5,5619.5
ch1724918700,118,1724918550,1724919180,5598.0,5615.5
ch1724923800,118,1724923290,1724924160,5610.75,5626.75
ch1724924640,118,1724924370,1724924760,5613.75,5631.25
ch1724931120,118,1724931030,1724931420,5610.0,5627.5
ch1724931480,118,1724931390,1724931900,5611.25,5630.75
ch1724937600,118,1724937150,1724937840,5617.5,5636.5
cl1724938260,118,1724938170,1724938440,5619.5,5641.5
ch1724940000,118,1724939730,1724941140,5618.75,5651.25
ch1724941680,118,1724941350,1724941860,5613.25,5651.75
ch1724942640,118,1724941530,1724942940,5623.25,5656.75
ch1724944500,118,1724944350,1724944740,5641.25,5664.25
cl1724944680,118,1724944590,1724944800,5642.5,5670.5
ch1724947320,118,1724947170,1724947620,5641.0,5663.0
ch1724949300,118,1724948430,1724949660,5647.25,5667.25
cl1724953680,118,1724953530,1724954100,5641.5,5660.5
ch1724957700,118,1724957490,1724959020,5585.5,5621.5
ch1724959680,118,1724959470,1724960220,5599.0,5628.5
cl1724961120,118,1724960610,1724961240,5600.0,5633.0
ch1724977980,118,1724977710,1724979420,5607.0,5624.0
cl1724983140,118,1724982870,1724984040,5611.25,5625.75
ch1724985180,118,1724984970,1724986740,5614.75,5627.75
ch1724993040,118,1724992830,1724993220,5613.75,5626.25
cl1724993820,118,1724993490,1724994120,5615.75,5627.75
ch1724999580,118,1724999010,1724999820,5616.5,5630.5
ch1725004680,118,1725004350,1725005400,5623.75,5638.25
ch1725006900,118,1725006690,1725007140,5625.25,5639.75
cl1725018300,118,1725018150,1725018600,5623.5,5639.5
ch1725019860,118,1725019470,1725020160,5628.0,5642.5
ch1725026040,118,1725025830,1725026400,5610.25,5647.25
cl1725029100,118,1725029010,1725029400,5625.0,5660.0
cl1725029580,118,1725029430,1725029700,5628.25,5652.75
cl1725030000,118,1725029790,1725031140,5613.25,5650.25
ch1725032400,118,1725031950,1725032760,5594.0,5619.0
cl1725033660,118,1725033570,1725033900,5600.0,5629.0
ch1725046200,118,1725045990,1725046500,5626.5,5648.5
ch1725047940,118,1725047610,1725048720,5641.0,5670.0
cl1725241080,118,1725240690,1725241500,5653.75,5665.75
cl1725243300,118,1725243090,1725243480,5649.0,5663.0
ch1725245100,118,1725244950,1725245400,5648.25,5660.75
cl1725252300,118,1725251670,1725252780,5646.0,5657.5
ch1725253140,118,1725252990,1725253320,5645.75,5658.25
ch1725255180,118,1725254850,1725255360,5648.75,5660.75
ch1725259200,118,1725258870,1725259680,5643.75,5656.75
ch1725272640,118,1725272430,1725272940,5646.75,5658.75
ch1725276720,118,1725276270,1725276900,5647.0,5658.5
cl1725284100,118,1725283950,1725284280,5650.25,5664.25
ch1725284400,118,1725284250,1725284640,5650.5,5664.5
cl1725286620,118,1725286350,1725286920,5647.75,5661.75
cl1725290940,118,1725290790,1725291960,5656.25,5670.25
cl1725295920,118,1725295830,1725296160,5654.25,5667.25
ch1725325260,118,1725325110,1725325740,5649.25,5662.75
cl1725331560,118,1725331410,1725332220,5649.25,5662.75
cl1725337440,118,1725337170,1725337920,5645.5,5658.0
ch1725340800,118,1725340290,1725340980,5646.5,5660.0
ch1725342900,118,1725341910,1725343080,5646.0,5659.5
ch1725346980,118,1725346890,1725347280,5651.75,5667.25
ch1725349380,118,1725349230,1725349860,5654.25,5671.25
cl1725352800,118,1725352470,1725352980,5642.75,5659.25
cl1725357660,118,1725357510,1725357900,5621.5,5639.5
ch1725360900,118,1725360510,1725361500,5622.25,5641.25
ch1725365400,118,1725365130,1725365640,5622.5,5638.5
cl1725366660,118,1725366150,1725367140,5625.75,5644.25
cl1725368460,118,1725368190,1725369120,5621.75,5638.25
cl1725372900,118,1725372690,1725373620,5579.75,5613.25
cl1725375240,118,1725374670,1725375900,5567.5,5597.5
ch1725376080,118,1725375750,1725377700,5565.0,5594.5
ch1725385140,118,1725384990,1725385440,5558.25,5581.75
cl1725389760,118,1725389370,1725391740,5541.5,5561.5
cl1725410640,118,1725410550,1725410820,5511.25,5532.75
ch1725413700,118,1725413430,1725414000,5506.0,5529.0
cl1725421860,118,1725421530,1725422040,5506.75,5524.25
ch1725422940,118,1725422790,1725423180,5508.5,5525.5
ch1725429720,118,1725429630,1725430200,5498.75,5522.75
cl1725439440,118,1725439050,1725441600,5515.5,5534.0
ch1725451020,118,1725450870,1725451380,5509.75,5526.75
cl1725456000,118,1725455190,1725456300,5517.25,5534.75
cl1725463260,118,1725462810,1725463560,5541.5,5569.0
cl1725471360,118,1725470610,1725471780,5525.25,5549.75
cl1725476760,118,1725476250,1725477000,5510.75,5532.75
ch1725502920,118,1725502830,1725503040,5523.5,5537.5
cl1725508020,118,1725507930,1725509340,5514.75,5532.25
cl1725512820,118,1725512670,1725513240,5513.75,5527.75
ch1725514680,118,1725514530,1725515280,5521.0,5535.0
cl1725524280,118,1725524190,1725524760,5529.5,5545.0
cl1725530940,118,1725530850,1725531180,5523.75,5540.25
ch1725532620,118,1725532170,1725532860,5521.75,5538.75
cl1725534720,118,1725534570,1725535080,5524.0,5543.0
cl1725538860,118,1725538710,1725539040,5508.0,5530.0
cl1725539100,118,1725538710,1725539460,5507.0,5531.0
ch1725541080,118,1725540750,1725541440,5507.0,5531.0
cl1725546840,118,1725546450,1725547200,5541.0,5569.0
ch1725555420,118,1725555330,1725555900,5496.25,5517.25
ch1725557820,118,1725557730,1725558000,5491.25,5515.75
cl1725560880,118,1725560550,1725561480,5513.0,5537.0
ch1725586800,118,1725586590,1725586920,5493.25,5509.75
ch1725591600,118,1725591210,1725591900,5501.0,5514.5
cl1725594240,118,1725594150,1725594480,5500.75,5516.75
cl1725602940,118,1725602790,1725603600,5494.0,5514.0
cl1725608820,118,1725608670,1725609420,5466.25,5487.75
ch1725609840,118,1725609390,1725610500,5469.0,5487.5
cl1725612120,118,1725611670,1725612360,5470.0,5491.5
ch1725624360,118,1725624030,1725624660,5477.5,5492.5
ch1725627000,118,1725626730,1725628920,5481.5,5525.0
cl1725644580,118,1725644070,1725644760,5410.25,5437.25
cl1725644760,118,1725644070,1725645000,5409.75,5437.75
cl1725645000,118,1725644070,1725645420,5409.5,5438.0
cl1725651540,118,1725651270,1725652200,5412.5,5438.5
cl1725652380,118,1725652170,1725652500,5409.25,5449.25
cl1725842580,118,1725842430,1725842940,5418.5,5434.5
ch1725846660,118,1725845250,1725847080,5422.0,5438.0
cl1725847440,118,1725846870,1725847980,5423.75,5439.75
ch1725850980,118,1725850350,1725851340,5425.25,5437.75
cl1725855420,118,1725855210,1725855780,5435.5,5450.5
ch1725862020,118,1725861930,1725862140,5432.5,5448.0
cl1725877200,118,1725876990,1725877320,5455.0,5470.0
ch1725882180,118,1725881850,1725882360,5447.5,5464.5
ch1725884220,118,1725884070,1725884640,5441.75,5458.25
cl1725895080,118,1725894630,1725895500,5437.5,5461.5
ch1725900660,118,1725900030,1725901080,5477.25,5497.25
cl1725904980,118,1725904710,1725905100,5462.25,5489.25
ch1725907800,118,1725907350,1725908700,5451.75,5475.75
cl1725908460,118,1725908010,1725908640,5457.75,5480.75
cl1725948360,118,1725948270,1725948780,5461.5,5476.0
ch1725954000,118,1725953850,1725954120,5470.75,5488.75
ch1725955200,118,1725955050,1725955560,5475.25,5492.75
cl1725963420,118,1725963270,1725963840,5463.25,5480.25
cl1725965520,118,1725965430,1725965700,5469.25,5484.75
cl1725968280,118,1725968130,1725968520,5469.75,5490.25
ch1725968460,118,1725968370,1725968700,5468.0,5485.5
ch1725978360,118,1725977790,1725978540,5458.0,5487.0
ch1725996480,118,1725995970,1725996660,5489.25,5507.25
ch1725997620,118,1725997290,1725998040,5488.0,5507.0
ch1726015020,118,1726014870,1726015380,5485.25,5499.25
cl1726019940,118,1726019370,1726020120,5478.75,5498.75
ch1726021440,118,1726021110,1726021920,5471.25,5491.25
cl1726022040,118,1726021470,1726022400,5476.25,5493.25
cl1726030560,118,1726029930,1726030800,5468.75,5481.75
cl1726031940,118,1726031790,1726032240,5468.0,5483.0
ch1726039020,118,1726038930,1726039320,5481.25,5500.25
cl1726047900,118,1726047750,1726048140,5477.25,5493.75
ch1726051620,118,1726051110,1726052400,5480.75,5495.75
ch1726054800,118,1726054710,1726055880,5486.75,5502.25
ch1726059780,118,1726059390,1726060560,5480.75,5509.25
ch1726068720,118,1726068330,1726068960,5417.75,5448.25
ch1726078080,118,1726077750,1726078200,5501.5,5524.0
ch1726082700,118,1726082550,1726083060,5531.25,5552.75
ch1726100040,118,1726099830,1726100160,5551.0,5564.5
ch1726101000,118,1726100910,1726101180,5553.5,5567.0
ch1726105080,118,1726104870,1726106160,5554.0,5568.5
ch1726112160,118,1726112070,1726112280,5556.75,5569.75
ch1726121160,118,1726120830,1726121400,5563.0,5578.5
ch1726122840,118,1726122210,1726123140,5563.0,5576.5
ch1726151640,118,1726150530,1726151820,5552.5,5580.5
cl1726154760,118,1726154490,1726155840,5554.5,5585.0
ch1726165500,118,1726165230,1726165680,5588.0,5610.0
ch1726166220,118,1726165950,1726167060,5590.0,5612.0
ch1726169760,118,1726167870,1726170180,5582.5,5608.5
ch1726170060,118,1726167870,1726170180,5582.5,5608.5
ch1726191660,118,1726190550,1726192140,5597.0,5610.0
cl1726191360,118,1726191270,1726191780,5598.25,5611.75
cl1726193820,118,1726193730,1726194240,5596.5,5610.0
cl1726204740,118,1726204470,1726204920,5602.0,5614.5
cl1726206360,118,1726206270,1726206540,5604.0,5618.0
cl1726206660,118,1726206510,1726206900,5602.0,5617.0
ch1726222440,118,1726221810,1726222860,5607.25,5621.25
ch1726224900,118,1726224690,1726225140,5606.75,5620.75
cl1726232700,118,1726232190,1726233600,5606.75,5622.75
ch1726236720,118,1726236150,1726236960,5606.75,5632.25
ch1726237080,118,1726236450,1726237380,5610.0,5634.5
cl1726254120,118,1726253250,1726255080,5616.0,5637.5
ch1726449900,183748,1726449450,1726450140,5679.75,5694.25
cl1726460580,183748,1726460430,1726460880,5688.75,5699.75
cl1726464660,183748,1726463790,1726465020,5686.75,5698.75
ch1726465680,183748,1726465530,1726466280,5686.25,5697.75
cl1726466460,183748,1726466370,1726466700,5685.75,5699.75
cl1726478640,183748,1726478490,1726479780,5691.75,5704.25
cl1726480020,183748,1726479870,1726480560,5689.5,5703.0
ch1726483620,183748,1726483230,1726483740,5681.0,5697.5
ch1726483980,183748,1726483470,1726484940,5683.5,5698.5
cl1726489440,183748,1726488930,1726490340,5679.75,5694.25
ch1726494960,183748,1726494690,1726495440,5677.5,5705.5
cl1726498980,183748,1726498290,1726499340,5667.5,5693.0
cl1726501080,183748,1726500330,1726501440,5672.5,5694.0
cl1726504380,183748,1726504230,1726504620,5673.75,5696.75
ch1726507020,183748,1726505430,1726507500,5676.75,5692.75
ch1726516260,183748,1726515450,1726516380,5684.25,5704.75
ch1726516500,183748,1726515810,1726516620,5688.5,5707.0
cl1726534020,183748,1726533450,1726535100,5687.25,5700.25
cl1726538040,183748,1726537650,1726538280,5687.25,5700.75
ch1726541160,183748,1726540770,1726541280,5686.5,5698.5
cl1726543680,183748,1726543050,1726543920,5686.5,5698.5
cl1726544520,183748,1726544190,1726544700,5686.75,5699.75
ch1726545060,183748,1726544550,1726546080,5686.5,5699.0
ch1726547820,183748,1726547730,1726548180,5688.75,5700.75
ch1726552020,183748,1726551630,1726552740,5693.5,5705.0
ch1726552440,183748,1726551630,1726552740,5693.5,5705.0
ch1726554540,183748,1726553910,1726554720,5693.5,5706.0
ch1726556520,183748,1726556370,1726556700,5696.25,5708.25
cl1726561620,183748,1726560870,1726562400,5705.5,5720.0
cl1726570140,183748,1726569810,1726570380,5710.75,5723.75
cl1726588560,183748,1726587150,1726589280,5713.5,5731.5
cl1726590180,183748,1726590090,1726590360,5694.25,5722.25
cl1726591380,183748,1726591290,1726591620,5689.25,5711.25
ch1726594200,183748,1726593630,1726594860,5681.75,5705.75
ch1726595460,183748,1726595310,1726595580,5675.25,5703.25
ch1726595580,183748,1726595310,1726596060,5674.0,5704.5
ch1726601460,183748,1726601070,1726602000,5672.5,5698.5
ch1726621020,183748,1726620270,1726621260,5699.0,5711.0
ch1726624260,183748,1726624170,1726624500,5700.5,5712.5
ch1726628340,183748,1726628010,1726628520,5701.0,5712.5
ch1726637220,183748,1726636890,1726637520,5697.0,5709.5
ch1726637940,183748,1726637610,1726638180,5694.5,5708.5
ch1726642260,183748,1726642170,1726642440,5700.75,5713.75
ch1726642860,183748,1726642770,1726643040,5702.5,5714.5
cl1726645320,183748,1726644810,1726645920,5696.75,5710.75
ch1726645860,183748,1726645770,1726646040,5695.75,5710.75
cl1726660440,183748,1726659750,1726660800,5699.0,5714.0
cl1726661160,183748,1726660830,1726661400,5696.0,5711.0
cl1726675440,183748,1726675110,1726675860,5677.25,5696.75
ch1726676460,183748,1726676070,1726676580,5683.25,5701.25
ch1726678320,183748,1726677990,1726678440,5691.75,5708.25
ch1726678440,183748,1726678170,1726678560,5693.0,5709.5
ch1726678740,183748,1726678410,1726680120,5694.5,5711.0
cl1726682880,183748,1726682790,1726683060,5709.25,5756.75
cl1726683120,183748,1726683030,1726683420,5691.5,5748.0
cl1726705860,183748,1726705650,1726705980,5707.75,5729.75
cl1726706580,183748,1726706130,1726706760,5701.5,5723.5
ch1726710720,183748,1726709790,1726711020,5693.0,5714.0
ch1726720500,183748,1726720230,1726720860,5728.25,5742.25
ch1726731840,183748,1726731570,1726732440,5730.5,5751.0
cl1726747800,183748,1726746630,1726748040,5766.5,5781.5
cl1726753920,183748,1726753770,1726754220,5743.25,5776.25
cl1726755000,183748,1726754850,1726755240,5756.25,5784.25
ch1726756320,183748,1726756050,1726756920,5763.5,5792.5
cl1726756980,183748,1726756770,1726757100,5767.5,5799.5
ch1726772640,183748,1726772130,1726773360,5770.5,5794.5
ch1726799640,183748,1726799190,1726799880,5760.75,5774.25
cl1726801080,183748,1726800510,1726801380,5760.0,5773.5
ch1726804980,183748,1726803450,1726805220,5763.0,5776.5
cl1726805820,183748,1726805730,1726806120,5764.25,5777.25
ch1726806780,183748,1726806570,1726807080,5765.25,5777.75
cl1726815660,183748,1726815330,1726816020,5761.0,5777.5
ch1726816800,183748,1726816350,1726817040,5760.25,5776.75
ch1726818180,183748,1726817370,1726818540,5761.0,5776.0
ch1726822320,183748,1726821390,1726822980,5757.5,5772.0
cl1726829760,183748,1726829430,1726830180,5755.5,5771.0
ch1726836480,183748,1726835850,1726837380,5763.0,5778.5
cl1726838820,183748,1726838070,1726839060,5753.75,5774.75
ch1726842180,183748,1726841790,1726842300,5734.5,5762.5
cl1726845360,183748,1726845210,1726845600,5728.5,5750.5
ch1726851060,183748,1726850490,1726851960,5752.75,5772.25
cl1726851840,183748,1726851690,1726852080,5755.75,5776.25
cl1726853040,183748,1726852710,1726853220,5757.25,5777.25
ch1727053260,183748,1727053050,1727053500,5770.25,5784.25
cl1727057160,183748,1727056710,1727058000,5771.5,5784.5
ch1727059980,183748,1727059230,1727060220,5773.0,5786.0
cl1727061900,183748,1727061510,1727062080,5775.5,5787.5
cl1727063880,183748,1727063790,1727064180,5773.5,5785.5
cl1727065440,183748,1727065230,1727066400,5774.75,5786.25
ch1727072520,183748,1727071950,1727073000,5764.75,5778.25
cl1727075220,183748,1727075070,1727075400,5756.0,5773.5
ch1727077860,183748,1727077110,1727078100,5748.75,5768.25
cl1727079180,183748,1727078910,1727079480,5756.0,5773.0
cl1727079480,183748,1727079150,1727079660,5754.75,5773.25
ch1727082720,183748,1727081430,1727083080,5756.25,5772.25
ch1727089860,183748,1727089590,1727090400,5760.0,5774.5
ch1727092620,183748,1727092410,1727092920,5762.75,5778.25
cl1727097540,183748,1727097090,1727098200,5765.5,5783.5
cl1727107200,183748,1727107050,1727107800,5768.75,5790.75
cl1727110860,183748,1727110770,1727111580,5756.0,5776.5
cl1727118720,183748,1727118390,1727119140,5765.25,5782.25
ch1727121000,183748,1727120730,1727121540,5763.0,5783.0
cl1727136300,183748,1727136030,1727136780,5765.75,5779.75
cl1727148900,183748,1727148810,1727149080,5760.25,5773.25
ch1727165100,183748,1727164650,1727165400,5779.5,5795.0
cl1727166840,183748,1727166570,1727167140,5785.75,5801.25
ch1727170440,183748,1727169990,1727170920,5780.0,5793.5
ch1727174520,183748,1727173950,1727174820,5781.0,5795.0
ch1727184060,183748,1727183250,1727184660,5775.25,5792.75
ch1727184480,183748,1727183370,1727184660,5778.75,5792.75
cl1727187780,183748,1727187690,1727188560,5752.0,5779.0
ch1727196060,183748,1727195670,1727196300,5777.25,5795.25
ch1727196300,183748,1727195910,1727196960,5778.25,5796.25
cl1727200800,183748,1727200470,1727201580,5777.75,5794.75
cl1727222880,183748,1727222730,1727223060,5785.0,5797.5
ch1727226660,183748,1727226270,1727227020,5779.25,5792.25
cl1727231220,183748,1727231010,1727231940,5775.75,5789.25
cl1727244000,183748,1727243850,1727244180,5772.0,5785.5
cl1727247240,183748,1727246670,1727247540,5769.25,5783.25
cl1727250420,183748,1727250090,1727251020,5776.0,5790.0
ch1727252100,183748,1727250870,1727252520,5775.0,5790.0
ch1727267100,183748,1727266590,1727268000,5782.75,5795.75
ch1727267220,183748,1727266590,1727268000,5782.75,5795.75
ch1727267640,183748,1727266590,1727268000,5782.75,5795.75
cl1727279520,183748,1727279370,1727280360,5777.5,5796.5
cl1727279760,183748,1727279370,1727280360,5777.5,5796.5
cl1727286420,183748,1727286030,1727286720,5763.25,5782.75
ch1727287200,183748,1727286810,1727287800,5766.0,5788.0
cl1727288100,183748,1727288010,1727288280,5764.0,5787.5
ch1727289420,183748,1727288730,1727291760,5768.0,5787.0
ch1727291040,183748,1727288730,1727291760,5768.0,5787.0
cl1727293140,183748,1727293050,1727293800,5767.5,5784.0
ch1727294340,183748,1727294190,1727294460,5767.25,5786.25
ch1727312280,183748,1727312070,1727313000,5786.25,5799.75
ch1727319240,183748,1727319030,1727319660,5792.75,5804.75
ch1727319780,183748,1727319630,1727320080,5792.0,5806.5
ch1727322420,183748,1727322270,1727323440,5797.25,5811.75
ch1727328720,183748,1727328330,1727329140,5802.0,5816.5
cl1727345160,183748,1727344770,1727345880,5817.5,5830.0
cl1727346900,183748,1727346690,1727347080,5819.0,5831.5
cl1727357160,183748,1727357070,1727357340,5819.25,5834.75
cl1727358060,183748,1727357910,1727358180,5808.0,5828.5
ch1727363280,183748,1727363010,1727363640,5782.25,5806.25
ch1727373660,183748,1727372370,1727373960,5783.75,5802.25
ch1727374560,183748,1727374470,1727374800,5793.0,5812.0
cl1727395380,183748,1727395290,1727395560,5794.0,5813.0
cl1727400300,183748,1727399910,1727400420,5797.0,5810.5
cl1727402460,183748,1727402250,1727402640,5791.5,5806.0
ch1727403780,183748,1727403150,1727404140,5791.0,5805.0
cl1727406780,183748,1727406450,1727407080,5791.5,5805.0
ch1727408160,183748,1727407710,1727408520,5793.75,5806.75
ch1727420820,183748,1727420610,1727421000,5792.25,5807.25
cl1727421660,183748,1727420910,1727421780,5791.5,5808.0
ch1727421960,183748,1727421870,1727422500,5789.0,5804.5
ch1727424780,183748,1727423370,1727425200,5784.0,5800.5
ch1727424900,183748,1727423370,1727425200,5784.0,5800.5
cl1727433120,183748,1727432670,1727433600,5793.25,5807.25
cl1727434740,183748,1727434350,1727435040,5792.0,5805.5
cl1727443500,183748,1727443050,1727443800,5805.0,5821.5
ch1727443860,183748,1727443590,1727444460,5803.0,5819.0
cl1727445600,183748,1727444310,1727445720,5800.0,5824.5
ch1727445660,183748,1727445510,1727445780,5796.75,5818.75
cl1727452200,183748,1727452110,1727452380,5798.0,5818.5
cl1727453580,183748,1727453250,1727453880,5791.5,5813.5
cl1727456940,183748,1727456730,1727457540,5790.75,5811.75
ch1727463420,183748,1727463330,1727465100,5786.75,5807.25
cl1727466120,183748,1727465670,1727466300,5788.5,5807.5
cl1727655540,183748,1727655030,1727655660,5793.75,5809.25
cl1727658780,183748,1727658690,1727659380,5786.25,5803.75
ch1727663280,183748,1727662530,1727663580,5779.25,5794.25
ch1727667120,183748,1727666730,1727667480,5786.5,5800.0
ch1727667480,183748,1727667390,1727668020,5787.25,5800.75
cl1727672400,183748,1727672130,1727672640,5786.75,5798.75
ch1727672940,183748,1727672850,1727673180,5785.75,5798.25
ch1727681580,183748,1727680890,1727681700,5780.25,5798.75
cl1727687040,183748,1727686770,1727687460,5780.5,5797.5
cl1727692140,183748,1727691990,1727692320,5782.75,5798.75
ch1727693940,183748,1727693130,1727694300,5777.25,5791.75
ch1727695320,183748,1727694870,1727695620,5769.25,5784.75
ch1727695620,183748,1727694930,1727696100,5768.5,5785.0
ch1727700720,183748,1727700450,1727701320,5770.0,5785.0
ch1727709420,183748,1727709150,1727710200,5780.5,5799.0
ch1727711220,183748,1727710950,1727711400,5775.25,5797.25
ch1727712480,183748,1727712330,1727712780,5785.25,5803.75
ch1727742420,183748,1727742330,1727742720,5800.0,5815.0
ch1727746620,183748,1727746470,1727747340,5810.5,5824.5
ch1727747340,183748,1727747190,1727747580,5812.0,5825.5
cl1727749260,183748,1727748210,1727749980,5813.0,5828.0
cl1727766600,183748,1727766510,1727766780,5799.0,5816.0
ch1727771580,183748,1727771430,1727771760,5800.75,5816.25
ch1727779200,183748,1727778990,1727779800,5805.0,5819.5
cl1727782800,183748,1727782590,1727783640,5803.25,5818.25
cl1727793120,183748,1727792730,1727793540,5734.5,5770.5
ch1727796840,183748,1727796510,1727797020,5737.0,5764.5
cl1727799240,183748,1727799150,1727800020,5753.5,5777.5
cl1727801220,183748,1727800950,1727801520,5734.0,5764.5
ch1727833980,183748,1727833590,1727834460,5751.0,5767.0
cl1727836320,183748,1727836170,1727836560,5753.0,5767.5
ch1727841300,183748,1727841030,1727842260,5752.0,5766.0
cl1727843760,183748,1727843610,1727844120,5743.75,5761.75
cl1727848440,183748,1727848290,1727848680,5733.75,5750.75
ch1727852160,183748,1727851770,1727852400,5731.75,5753.75
ch1727863020,183748,1727862750,1727863380,5732.25,5747.75
ch1727865300,183748,1727865150,1727866260,5739.5,5757.5
ch1727866380,183748,1727865990,1727866680,5740.25,5758.75
cl1727870940,183748,1727870010,1727871180,5737.5,5754.0
ch1727879280,183748,1727879010,1727879520,5733.0,5762.0
cl1727881080,183748,1727880690,1727881200,5749.25,5775.75
cl1727885880,183748,1727885790,1727886000,5757.75,5778.25
cl1727887860,183748,1727887410,1727888160,5752.0,5771.5
cl1727888400,183748,1727888250,1727889060,5745.25,5768.25
ch1727895000,183748,1727894370,1727895840,5748.25,5768.25
cl1727898000,183748,1727897370,1727898300,5755.5,5774.5
cl1727934420,183748,1727934270,1727934720,5742.0,5755.5
ch1727940120,183748,1727940030,1727940420,5731.25,5750.25
ch1727955480,183748,1727955270,1727955780,5740.25,5756.25
cl1727967840,183748,1727967450,1727968620,5728.5,5766.5
cl1727976600,183748,1727976450,1727976900,5729.25,5755.25
ch1727978400,183748,1727977410,1727978700,5725.5,5748.0
cl1728000540,183748,1728000390,1728000900,5740.75,5755.25
ch1728011520,183748,1728011250,1728011880,5747.25,5763.25
cl1728011760,183748,1728011670,1728011940,5750.0,5764.5
ch1728030180,183748,1728029910,1728030900,5744.5,5761.0
cl1728030780,183748,1728030210,1728031320,5746.75,5764.25
ch1728035100,183748,1728034050,1728035520,5744.5,5760.0
cl1728042240,183748,1728041550,1728042780,5758.75,5773.75
ch1728046560,183748,1728046050,1728046800,5776.5,5805.5
cl1728054900,183748,1728054750,1728055200,5758.0,5786.5
cl1728058140,183748,1728058050,1728058920,5760.75,5787.25
cl1728063000,183748,1728062730,1728063240,5774.25,5793.75
ch1728063840,183748,1728063690,1728064320,5763.75,5790.75
cl1728064620,183748,1728064170,1728064740,5769.25,5791.25
ch1728066660,183748,1728065970,1728066840,5763.0,5784.0
ch1728067800,183748,1728067170,1728067920,5769.25,5787.75
ch1728266760,183748,1728266370,1728267000,5789.75,5806.25
ch1728267000,183748,1728266370,1728267240,5789.5,5806.5
ch1728273960,183748,1728273270,1728274560,5788.25,5802.25
cl1728277920,183748,1728277470,1728278160,5789.25,5803.25
ch1728279600,183748,1728279270,1728280560,5783.75,5798.25
cl1728280080,183748,1728279510,1728280440,5786.25,5799.25
ch1728283080,183748,1728282750,1728283320,5780.75,5795.75
ch1728284220,183748,1728283710,1728284520,5784.5,5799.5
cl1728295740,183748,1728295470,1728296220,5761.5,5777.5
ch1728298260,183748,1728298050,1728298920,5763.75,5778.75
ch1728301080,183748,1728300870,1728301200,5763.25,5778.25
ch1728301320,183748,1728300990,1728301620,5763.5,5779.0
ch1728301620,183748,1728300990,1728301800,5763.25,5779.25
ch1728302280,183748,1728301890,1728302880,5766.25,5781.25
cl1728311520,183748,1728310710,1728312000,5775.5,5798.5
cl1728318720,183748,1728318570,1728319380,5768.75,5788.25
cl1728323400,183748,1728323310,1728323700,5761.75,5779.75
cl1728326940,183748,1728326730,1728327540,5730.25,5768.75
cl1728329580,183748,1728329310,1728329700,5735.0,5758.5
cl1728353280,183748,1728352890,1728353700,5736.75,5752.75
ch1728354120,183748,1728353730,1728354780,5734.0,5751.0
cl1728354900,183748,1728354630,1728355260,5734.75,5751.75
ch1728367320,183748,1728367170,1728367740,5736.25,5750.75
ch1728370320,183748,1728369750,1728370920,5736.25,5751.25
cl1728372420,183748,1728371910,1728372600,5731.25,5751.25
cl1728373800,183748,1728373470,1728374100,5742.25,5760.75
cl1728384000,183748,1728383910,1728384600,5756.0,5771.5
cl1728394800,183748,1728394350,1728394980,5758.75,5779.75
ch1728396060,183748,1728395850,1728396300,5763.5,5787.5
cl1728399240,183748,1728398850,1728399360,5781.0,5806.0
cl1728407340,183748,1728407250,1728407640,5769.5,5796.5
ch1728415680,183748,1728415050,1728415860,5787.5,5804.5
ch1728433020,183748,1728432810,1728433140,5788.25,5800.75
ch1728440460,183748,1728440010,1728441360,5784.0,5798.5
ch1728444240,183748,1728443250,1728444480,5783.25,5796.25
ch1728448260,183748,1728447390,1728448380,5784.75,5796.25
cl1728451860,183748,1728451650,1728452160,5782.25,5797.75
ch1728452820,183748,1728452490,1728453180,5782.25,5796.25
cl1728454980,183748,1728454470,1728455520,5780.25,5793.75
ch1728460920,183748,1728460530,1728461040,5777.25,5793.75
ch1728461040,183748,1728460530,1728461940,5777.0,5794.0
cl1728462060,183748,1728461850,1728462480,5777.25,5792.75
cl1728462480,183748,1728461850,1728463080,5777.0,5793.0
ch1728478620,183748,1728478290,1728478920,5788.25,5803.25
cl1728481020,183748,1728480870,1728481200,5788.75,5807.75
ch1728482460,183748,1728481530,1728482640,5789.25,5811.25
ch1728492420,183748,1728491790,1728492720,5822.5,5839.5
cl1728492840,183748,1728492750,1728493140,5819.5,5838.5
ch1728497220,183748,1728496890,1728497820,5815.75,5836.75
cl1728497460,183748,1728497250,1728497880,5820.75,5840.75
cl1728498120,183748,1728497670,1728498420,5818.5,5838.0
ch1728501720,183748,1728501510,1728502320,5824.0,5842.0
ch1728522480,183748,1728522270,1728522900,5832.5,5847.0
ch1728524580,183748,1728524430,1728524760,5834.0,5846.5
cl1728541080,183748,1728540210,1728541500,5828.0,5842.0
ch1728541440,183748,1728541290,1728541560,5827.5,5840.5
ch1728543900,183748,1728542910,1728544320,5829.5,5843.5
ch1728548940,183748,1728548790,1728549060,5824.5,5838.5
cl1728550800,183748,1728549630,1728551040,5824.5,5838.5
cl1728551280,183748,1728550770,1728552120,5823.5,5838.0
cl1728551400,183748,1728550770,1728552120,5823.5,5838.0
cl1728555660,183748,1728555510,1728556440,5826.0,5838.5
ch1728559260,183748,1728558930,1728559860,5822.0,5837.0
cl1728560940,183748,1728560310,1728561120,5827.0,5839.5
ch1728567000,183748,1728566850,1728567420,5814.75,5832.75
cl1728570180,183748,1728569490,1728570840,5819.25,5846.25
ch1728581460,183748,1728580770,1728581760,5815.0,5838.5
ch1728583140,183748,1728582930,1728583560,5812.0,5835.0
ch1728590040,183748,1728589950,1728590520,5818.5,5838.0
cl1728608220,183748,1728607830,1728609000,5828.0,5840.5
ch1728616380,183748,1728616170,1728616980,5826.75,5840.25
ch1728628140,183748,1728627810,1728628320,5821.25,5834.75
ch1728632760,183748,1728632370,1728632880,5813.75,5828.25
ch1728643620,183748,1728643530,1728643920,5813.0,5828.5
ch1728644040,183748,1728643890,1728644220,5813.25,5829.75
ch1728650580,183748,1728650490,1728651420,5816.0,5835.0
ch1728656340,183748,1728656010,1728656700,5841.25,5865.75
cl1728663180,183748,1728662850,1728663540,5849.25,5867.75
ch1728666000,183748,1728665850,1728666420,5842.0,5860.5
ch1728669120,183748,1728668610,1728670020,5847.0,5863.5
cl1728669360,183748,1728669270,1728669960,5849.25,5865.75
cl1728866640,183748,1728865650,1728866820,5849.75,5862.75
ch1728867420,183748,1728867210,1728867720,5848.75,5861.25
ch1728873960,183748,1728873450,1728874260,5847.25,5859.75
ch1728876180,183748,1728875250,1728877440,5846.25,5861.75
cl1728876840,183748,1728876570,1728877440,5850.5,5862.5
ch1728877440,183748,1728877170,1728877620,5850.25,5862.25
cl1728877560,183748,1728877470,1728877860,5850.5,5862.5
ch1728880380,183748,1728879870,1728880740,5850.25,5861.25
cl1728884040,183748,1728883410,1728884460,5851.75,5864.75
ch1728885300,183748,1728884910,1728885660,5850.25,5862.25
ch1728891600,183748,1728891090,1728891720,5852.75,5866.75
cl1728903780,183748,1728903690,1728905220,5862.25,5875.25
ch1728910440,183748,1728909930,1728910620,5864.25,5878.25
ch1728911280,183748,1728911190,1728911640,5869.25,5882.25
cl1728912420,183748,1728911910,1728912600,5871.25,5884.25
cl1728918060,183748,1728917910,1728918540,5883.75,5906.25
ch1728920760,183748,1728920070,1728921060,5885.25,5903.25
cl1728927300,183748,1728926970,1728927900,5896.0,5911.0
ch1728933840,183748,1728932490,1728934560,5899.5,5916.0
cl1728935940,183748,1728935850,1728936300,5901.75,5920.75
ch1728956280,183748,1728956190,1728956400,5905.75,5918.75
ch1728959400,183748,1728958470,1728960060,5907.5,5919.5
ch1728962820,183748,1728962730,1728962940,5906.0,5918.0
ch1728984720,183748,1728983670,1728985080,5896.5,5912.0
ch1728997680,183748,1728996930,1728997800,5903.0,5917.5
cl1729007220,183748,1729007010,1729007340,5876.75,5898.25
cl1729015020,183748,1729014870,1729015200,5868.25,5887.75
cl1729017780,183748,1729016790,1729018140,5862.0,5881.5
ch1729020180,183748,1729020030,1729020720,5846.0,5868.5
ch1729037700,183748,1729037370,1729037820,5855.75,5868.75
ch1729038240,183748,1729037850,1729038540,5857.25,5870.75
cl1729038840,183748,1729038270,1729039140,5858.0,5872.5
ch1729043040,183748,1729042710,1729043160,5857.5,5871.0
cl1729047120,183748,1729046970,1729047780,5861.0,5873.0
ch1729050480,183748,1729050090,1729050900,5861.25,5873.25
ch1729054980,183748,1729054650,1729055220,5862.25,5873.25
cl1729056060,183748,1729055790,1729056300,5859.75,5871.75
ch1729060380,183748,1729060110,1729060740,5856.75,5870.25
ch1729061460,183748,1729061130,1729061580,5858.25,5871.75
ch1729072260,183748,1729072110,1729072680,5855.75,5869.25
ch1729074360,183748,1729073850,1729074960,5856.25,5869.75
ch1729083960,183748,1729083750,1729084260,5858.25,5871.75
ch1729106160,183748,1729105650,1729106580,5878.25,5895.75
ch1729127520,183748,1729127310,1729127760,5872.75,5885.75
ch1729133160,183748,1729132890,1729134000,5866.5,5881.0
ch1729156020,183748,1729155570,1729156500,5901.0,5915.5
ch1729160040,183748,1729159350,1729161240,5903.25,5917.75
cl1729163040,183748,1729162950,1729164780,5905.0,5919.5
ch1729164600,183748,1729163790,1729165380,5904.75,5917.75
cl1729171620,183748,1729171170,1729171800,5915.5,5932.0
ch1729179480,183748,1729178790,1729180620,5889.0,5912.0
cl1729182360,183748,1729181250,1729182600,5900.0,5918.5
ch1729184580,183748,1729183170,1729185840,5896.0,5915.5
cl1729191900,183748,1729191690,1729192380,5885.75,5905.25
cl1729210140,183748,1729210050,1729210440,5883.75,5897.25
ch1729210440,183748,1729210290,1729210620,5883.0,5896.0
ch1729228320,183748,1729228110,1729228680,5879.25,5891.75
ch1729230240,183748,1729229430,1729230600,5879.75,5892.25
ch1729235340,183748,1729234830,1729235520,5883.5,5896.0
ch1729235520,183748,1729234890,1729235820,5883.75,5896.25
ch1729239480,183748,1729238670,1729239960,5890.75,5904.75
cl1729240620,183748,1729240530,1729241280,5890.0,5904.5
ch1729242180,183748,1729241010,1729242360,5888.5,5903.5
ch1729242660,183748,1729242330,1729242840,5892.0,5905.0
ch1729242840,183748,1729242510,1729243140,5892.0,5905.5
cl1729245840,183748,1729245210,1729246200,5888.0,5902.0
cl1729246200,183748,1729246050,1729246560,5887.0,5901.0
cl1729252620,183748,1729252350,1729253040,5893.75,5906.25
cl1729259400,183748,1729259250,1729260480,5885.25,5907.25
cl1729260780,183748,1729260630,1729260900,5888.25,5911.75
ch1729262820,183748,1729262310,1729264260,5885.25,5904.75
cl1729267080,183748,1729266930,1729267320,5893.0,5909.0
cl1729270920,183748,1729270650,1729271460,5902.5,5922.5
ch1729273500,183748,1729272690,1729274100,5899.0,5916.0
cl1729276680,183748,1729276110,1729276800,5904.75,5922.75
cl1729279320,183748,1729278990,1729279440,5898.75,5915.25
cl1729280520,183748,1729280370,1729280940,5896.25,5913.25
ch1729471020,183748,1729470750,1729471740,5905.75,5918.25
cl1729479300,183748,1729478970,1729480200,5903.75,5916.25
ch1729481880,183748,1729481550,1729482120,5903.5,5915.5
cl1729486620,183748,1729486110,1729486920,5900.25,5913.25
cl1729487820,183748,1729487310,1729488240,5898.75,5911.25
ch1729488060,183748,1729487550,1729488180,5897.5,5910.5
ch1729490940,183748,1729490490,1729491360,5896.5,5909.0
ch1729500240,183748,1729499730,1729500660,5897.0,5909.5
cl1729503120,183748,1729503030,1729503420,5887.5,5905.5
ch1729503960,183748,1729503810,1729504380,5891.0,5906.0
cl1729504680,183748,1729504530,1729504920,5891.5,5908.5
cl1729508400,183748,1729508190,1729508940,5881.0,5896.5
ch1729514160,183748,1729513830,1729514880,5882.25,5897.75
ch1729515300,183748,1729514670,1729515840,5884.75,5898.75
ch1729515900,183748,1729515750,1729516080,5885.25,5899.25
ch1729525800,183748,1729525470,1729525980,5864.25,5886.25
ch1729529760,183748,1729529490,1729530000,5874.0,5893.5
ch1729530000,183748,1729529610,1729530480,5876.25,5894.25
ch1729532520,183748,1729531350,1729532700,5879.5,5896.0
ch1729532700,183748,1729531350,1729532880,5879.25,5896.25
cl1729564140,183748,1729563870,1729564500,5882.5,5895.0
ch1729566360,183748,1729566270,1729566600,5879.25,5892.25
cl1729568280,183748,1729568070,1729568640,5881.75,5894.25
cl1729577400,183748,1729577010,1729577700,5877.25,5890.75
cl1729577700,183748,1729577070,1729578300,5876.75,5890.25
cl1729594320,183748,1729594110,1729594560,5860.0,5877.0
cl1729594560,183748,1729594110,1729595040,5859.75,5877.25
ch1729596360,183748,1729596030,1729596480,5861.25,5878.25
ch1729601820,183748,1729601730,1729601940,5856.25,5872.75
ch1729603800,183748,1729603290,1729603920,5861.5,5877.0
ch1729604580,183748,1729603950,1729604700,5853.25,5876.25
ch1729608900,183748,1729608690,1729609320,5863.75,5885.25
ch1729615980,183748,1729615770,1729616460,5869.5,5890.5
ch1729655820,183748,1729655610,1729656120,5881.25,5892.25
ch1729658760,183748,1729658070,1729659960,5882.25,5893.75
cl1729663740,183748,1729662810,1729663980,5881.0,5893.0
ch1729670880,183748,1729670610,1729671360,5880.25,5895.25
cl1729674000,183748,1729673190,1729674360,5877.5,5891.0
ch1729674540,183748,1729674210,1729674960,5875.75,5890.25
ch1729675800,183748,1729675410,1729676340,5877.0,5890.5
cl1729679400,183748,1729678890,1729679760,5873.0,5887.0
ch1729681080,183748,1729680870,1729681260,5869.5,5883.5
cl1729693200,183748,1729693050,1729693740,5853.0,5874.0
ch1729694580,183748,1729693950,1729694700,5855.75,5877.25
ch1729694820,183748,1729694310,1729695120,5856.75,5879.25
cl1729695660,183748,1729695090,1729696140,5855.25,5876.25
ch1729713000,183748,1729712490,1729713780,5824.25,5844.25
ch1729729560,183748,1729729170,1729729920,5834.25,5848.75
ch1729740480,183748,1729740210,1729741560,5848.0,5859.5
ch1729743000,183748,1729742910,1729743360,5843.5,5855.5
cl1729747140,183748,1729746990,1729747560,5843.5,5856.0
ch1729770120,183748,1729769970,1729770360,5858.0,5872.0
ch1729771020,183748,1729770330,1729771680,5859.5,5873.5
ch1729780440,183748,1729780230,1729781220,5835.5,5860.5
ch1729782900,183748,1729782750,1729783020,5836.5,5855.0
cl1729794360,183748,1729794270,1729794960,5838.75,5856.75
ch1729799280,183748,1729799010,1729800180,5839.75,5858.75
cl1729823520,183748,1729823370,1729823640,5848.0,5859.5
ch1729824720,183748,1729824210,1729825080,5847.75,5859.25
cl1729828080,183748,1729827930,1729828380,5841.75,5854.75
ch1729858140,183748,1729857990,1729858680,5859.0,5874.0
ch1729873800,183748,1729873650,1729873980,5870.25,5888.25
cl1729873920,183748,1729873830,1729874100,5872.25,5892.75
cl1729874940,183748,1729874670,1729875060,5870.75,5889.25
cl1729883640,183748,1729883550,1729883940,5839.5,5866.5
ch1730091180,183748,1730090910,1730091360,5871.5,5884.0
cl1730101980,183748,1730101650,1730102160,5870.75,5885.75
ch1730103300,183748,1730103090,1730103420,5864.0,5881.0
ch1730104260,183748,1730103990,1730104500,5866.75,5883.25
ch1730112660,183748,1730112510,1730112960,5873.0,5886.5
cl1730112780,183748,1730112690,1730112900,5874.25,5888.75
cl1730113380,183748,1730113290,1730113620,5866.5,5882.0
cl1730114580,183748,1730114430,1730115000,5868.5,5883.0
ch1730119080,183748,1730118810,1730119200,5863.75,5880.25
ch1730120400,183748,1730120130,1730121960,5869.0,5885.5
cl1730122860,183748,1730122590,1730123340,5865.25,5887.75
cl1730124240,183748,1730122830,1730124600,5861.5,5884.5
cl1730130900,183748,1730130690,1730131260,5857.0,5877.5
ch1730132220,183748,1730131710,1730132460,5853.75,5874.25
ch1730136720,183748,1730135910,1730136840,5855.0,5876.5
ch1730140020,183748,1730139810,1730140500,5858.5,5876.0
cl1730140500,183748,1730140110,1730140860,5859.5,5876.5
ch1730141640,183748,1730141370,1730142240,5856.25,5877.25
ch1730178960,183748,1730178690,1730179200,5849.0,5862.5
ch1730185500,183748,1730185230,1730185740,5859.75,5873.25
ch1730202360,183748,1730202030,1730202600,5845.75,5864.75
cl1730207580,183748,1730207430,1730208000,5843.75,5858.75
cl1730219340,183748,1730219070,1730219460,5861.75,5880.75
cl1730219580,183748,1730219430,1730219760,5858.0,5876.0
ch1730224440,183748,1730223930,1730224980,5861.0,5880.5
ch1730226000,183748,1730225790,1730226240,5862.25,5880.75
ch1730226960,183748,1730226510,1730227140,5868.25,5884.75
ch1730227140,183748,1730226570,1730227260,5869.25,5886.25
cl1730230920,183748,1730230530,1730231400,5872.5,5890.0
ch1730247180,183748,1730247030,1730247360,5879.75,5892.75
cl1730254440,183748,1730254050,1730254980,5884.75,5897.25
ch1730262960,183748,1730262690,1730263200,5872.0,5885.0
ch1730265060,183748,1730264730,1730265540,5870.5,5883.5
cl1730267460,183748,1730267310,1730267940,5869.5,5884.5
ch1730271660,183748,1730271390,1730271840,5876.25,5889.75
ch1730275920,183748,1730275830,1730276100,5871.5,5887.5
cl1730277780,183748,1730277570,1730277960,5875.5,5891.5
cl1730278020,183748,1730277690,1730278380,5874.0,5889.5
ch1730283360,183748,1730283210,1730283660,5875.0,5888.5
cl1730289180,183748,1730288910,1730289960,5865.25,5881.25
cl1730293740,183748,1730293230,1730293980,5856.5,5874.5
ch1730296080,183748,1730295930,1730296200,5835.5,5864.5
ch1730299020,183748,1730297310,1730299200,5864.0,5887.5
cl1730301300,183748,1730300970,1730302020,5864.0,5886.0
ch1730303640,183748,1730302770,1730304720,5872.25,5891.75
cl1730310720,183748,1730310630,1730311680,5853.25,5873.75
cl1730317860,183748,1730317350,1730318040,5848.75,5868.25
ch1730333580,183748,1730333490,1730335020,5823.25,5839.25
cl1730345220,183748,1730344350,1730345580,5823.0,5836.0
cl1730355420,183748,1730354850,1730355960,5816.0,5829.0
cl1730363520,183748,1730363370,1730364060,5796.0,5812.5
ch1730367840,183748,1730367630,1730368260,5795.5,5812.0
cl1730374260,183748,1730374110,1730374380,5804.25,5820.75
cl1730374560,183748,1730374170,1730375220,5803.0,5819.5
ch1730375040,183748,1730374830,1730375160,5801.5,5816.5
cl1730378220,183748,1730378010,1730378700,5807.75,5826.75
ch1730384340,183748,1730384070,1730384880,5759.75,5790.75
ch1730387280,183748,1730387190,1730387640,5742.0,5769.5
ch1730391480,183748,1730391090,1730391720,5748.5,5772.0
ch1730395500,183748,1730395050,1730395740,5756.0,5773.5
ch1730401680,183748,1730401530,1730402400,5748.75,5769.25
ch1730402460,183748,1730402010,1730402580,5748.5,5771.0
ch1730430660,183748,1730430390,1730431200,5737.25,5752.25
ch1730431920,183748,1730431710,1730432760,5741.0,5754.0
ch1730438400,183748,1730438190,1730438940,5742.75,5758.25
ch1730439480,183748,1730438850,1730440320,5745.5,5759.5
cl1730440260,183748,1730439570,1730440380,5747.25,5761.25
ch1730440680,183748,1730440470,1730440920,5745.75,5759.25
cl1730442780,183748,1730442210,1730443620,5743.25,5758.75
ch1730445480,183748,1730445270,1730445660,5736.5,5753.0
ch1730447520,183748,1730447430,1730447820,5740.5,5755.5
ch1730449980,183748,1730449470,1730450280,5744.25,5760.25
cl1730457300,183748,1730457090,1730457600,5752.0,5766.0
ch1730473440,183748,1730472990,1730473980,5770.0,5799.5
ch1730481360,183748,1730481090,1730481600,5759.0,5785.5
ch1730486700,183748,1730485890,1730487960,5754.25,5776.75
cl1730490840,183748,1730490570,1730491320,5747.5,5773.0
ch1730683320,183748,1730683170,1730683500,5745.5,5759.0
ch1730685000,183748,1730684790,1730685360,5748.75,5763.75
ch1730693040,183748,1730691810,1730693340,5761.5,5775.0
cl1730696460,183748,1730696370,1730696760,5765.5,5780.0
ch1730702580,183748,1730701830,1730702880,5768.5,5781.5
cl1730703540,183748,1730703450,1730703720,5768.0,5781.0
ch1730713560,183748,1730713410,1730713680,5751.75,5769.25
ch1730721660,183748,1730721570,1730721960,5761.5,5777.0
cl1730731020,183748,1730730930,1730731320,5733.5,5760.5
ch1730733840,183748,1730733750,1730734800,5752.5,5776.5
cl1730735160,183748,1730734350,1730735460,5754.25,5781.25
cl1730739420,183748,1730739210,1730739960,5723.25,5748.25
ch1730740680,183748,1730740290,1730740800,5715.5,5740.5
ch1730742600,183748,1730742270,1730743440,5737.25,5759.75
ch1730748900,183748,1730748630,1730749140,5740.25,5760.75
cl1730752560,183748,1730752470,1730752920,5732.5,5754.5
ch1730753040,183748,1730752770,1730753520,5727.75,5751.25
cl1730770740,183748,1730769750,1730771040,5730.0,5745.5
ch1730776620,183748,1730775810,1730776800,5740.75,5753.25
cl1730778300,183748,1730777610,1730778660,5740.5,5755.0
ch1730783340,183748,1730783190,1730783460,5738.0,5752.0
ch1730788560,183748,1730788170,1730788860,5738.5,5754.5
ch1730789040,183748,1730788890,1730790120,5743.5,5756.0
cl1730800260,183748,1730799930,1730800800,5747.5,5761.5
ch1730802420,183748,1730802090,1730802660,5743.75,5758.25
ch1730805600,183748,1730804610,1730805960,5747.0,5762.0
ch1730809920,183748,1730809770,1730810160,5743.0,5757.5
ch1730813160,183748,1730812770,1730813340,5745.25,5759.25
cl1730816520,183748,1730816130,1730817000,5745.5,5760.0
cl1730821980,183748,1730821830,1730822100,5781.25,5807.25
ch1730828820,183748,1730828670,1730828940,5797.75,5815.75
cl1730831400,183748,1730830710,1730831640,5794.75,5814.25
cl1730836320,183748,1730836170,1730836440,5791.25,5811.75
ch1730840040,183748,1730839650,1730840280,5790.0,5813.0
ch1730854860,183748,1730854770,1730855160,5823.5,5852.5
ch1730861100,183748,1730860590,1730861220,5856.75,5883.75
ch1730863560,183748,1730863350,1730863860,5870.5,5899.0
ch1730873820,183748,1730873670,1730873940,5869.0,5892.5
ch1730876640,183748,1730876550,1730876820,5896.5,5919.0
ch1730877600,183748,1730876790,1730877780,5899.5,5927.5
ch1730878620,183748,1730878470,1730878860,5910.25,5934.75
ch1730881320,183748,1730881170,1730881920,5908.5,5935.0
ch1730882580,183748,1730882250,1730882820,5916.75,5942.25
cl1730884260,183748,1730883750,1730884800,5929.5,5959.0
ch1730885820,183748,1730885490,1730886780,5927.75,5948.75
ch1730889120,183748,1730888670,1730890500,5934.25,5954.75
ch1730902200,183748,1730902050,1730902560,5919.5,5940.0
ch1730910720,183748,1730910330,1730910960,5914.0,5938.5
ch1730915340,183748,1730915070,1730916120,5926.5,5948.0
ch1730921340,183748,1730920710,1730921460,5941.75,5959.25
ch1730924220,183748,1730923950,1730924580,5950.0,5969.5
ch1730941320,183748,1730940690,1730941920,5945.5,5959.0
ch1730942100,183748,1730941890,1730942580,5945.75,5960.75
ch1730943180,183748,1730942970,1730943360,5946.75,5964.25
ch1730951100,183748,1730950890,1730951580,5957.5,5971.5
cl1730951820,183748,1730951250,1730952240,5958.75,5972.25
cl1730955840,183748,1730955270,1730956020,5960.0,5974.5
cl1730960220,183748,1730959350,1730960640,5962.75,5976.25
cl1730961660,183748,1730961450,1730961960,5962.25,5975.75
ch1730963280,183748,1730963130,1730964000,5958.25,5972.25
cl1730964540,183748,1730964330,1730965260,5954.25,5971.25
ch1730971380,183748,1730970870,1730971620,5961.5,5978.0
cl1730972580,183748,1730972130,1730973300,5962.75,5979.75
ch1730979960,183748,1730979750,1730980500,5961.5,5974.5
cl1730982000,183748,1730981730,1730982300,5966.25,5982.25
ch1730982300,183748,1730982150,1730982540,5963.5,5980.0
cl1731000000,183748,1730999610,1731001200,5990.75,6007.25
cl1731003060,183748,1731002970,1731003540,5987.5,6005.0
cl1731008520,183748,1731008430,1731008880,5980.5,6004.5
ch1731008760,183748,1731008550,1731008880,5978.25,6000.75
ch1731010260,183748,1731009450,1731010440,5988.25,6013.75
ch1731010860,183748,1731010410,1731011880,5996.5,6018.0
cl1731034200,183748,1731033450,1731034320,5997.0,6010.0
cl1731034560,183748,1731034170,1731035040,5996.25,6008.75
ch1731039120,183748,1731038730,1731039360,5996.5,6008.5
ch1731044460,183748,1731044370,1731044880,6000.0,6014.5
cl1731045600,183748,1731045030,1731046020,6002.25,6015.75
ch1731047700,183748,1731046890,1731047880,5998.25,6010.75
ch1731050700,183748,1731050490,1731050940,5999.5,6012.5
ch1731051360,183748,1731050610,1731051720,5999.75,6013.25
cl1731052560,183748,1731052350,1731052800,6003.0,6016.0
ch1731064740,183748,1731064170,1731065520,5984.5,6001.0
ch1731066060,183748,1731065310,1731067440,5986.25,6002.75
cl1731072780,183748,1731072570,1731073020,5995.5,6012.0
cl1731076980,183748,1731076650,1731077340,6000.75,6019.75
cl1731078300,183748,1731078210,1731079200,6003.5,6027.5
cl1731078660,183748,1731078210,1731079200,6003.5,6027.5
ch1731087360,183748,1731087090,1731087840,6013.0,6032.0
cl1731088800,183748,1731088530,1731090180,6018.5,6034.0
cl1731287160,183748,1731286590,1731287760,6026.75,6039.25
ch1731294720,183748,1731293730,1731295020,6027.0,6038.5
ch1731309960,183748,1731309810,1731310380,6031.75,6043.75
ch1731311940,183748,1731311490,1731312240,6033.0,6045.0
cl1731322380,183748,1731322290,1731322680,6035.0,6047.5
ch1731327120,183748,1731326970,1731327420,6036.0,6051.0
ch1731330120,183748,1731329970,1731330540,6044.5,6057.5
cl1731339840,183748,1731339690,1731340560,6029.5,6051.5
ch1731344520,183748,1731342810,1731345000,6026.0,6044.5
cl1731347400,183748,1731346830,1731347880,6021.75,6040.25
ch1731351060,183748,1731350730,1731351180,6015.25,6034.25
cl1731357060,183748,1731356670,1731357360,6019.25,6035.25
ch1731357300,183748,1731357210,1731357420,6017.5,6033.0
cl1731377880,183748,1731377370,1731378120,6023.75,6036.75
cl1731378300,183748,1731378090,1731378780,6022.5,6036.5
cl1731388020,183748,1731387870,1731388560,6020.0,6031.5
cl1731391080,183748,1731390810,1731391260,6017.25,6030.25
ch1731391380,183748,1731391110,1731391740,6016.0,6029.0
ch1731393120,183748,1731392370,1731393780,6017.5,6030.0
ch1731395580,183748,1731394950,1731395820,6019.0,6031.0
ch1731395820,183748,1731395730,1731396120,6019.75,6031.75
cl1731398520,183748,1731398370,1731398640,6019.75,6033.25
ch1731400200,183748,1731399690,1731400800,6016.0,6031.5
cl1731412560,183748,1731412290,1731412920,6014.5,6029.5
ch1731421320,183748,1731421230,1731421560,6019.0,6034.0
cl1731429540,183748,1731429390,1731430080,6002.75,6029.25
cl1731432060,183748,1731431490,1731432480,5998.75,6018.75
ch1731440280,183748,1731439410,1731440580,6014.0,6032.5
cl1731459600,183748,1731459030,1731459960,5999.5,6014.5
ch1731468420,183748,1731468030,1731468780,6001.0,6013.5
ch1731471840,183748,1731471450,1731472260,5996.25,6009.25
cl1731473100,183748,1731472290,1731473580,5997.75,6011.25
cl1731475140,183748,1731474990,1731475800,5996.5,6009.0
cl1731481200,183748,1731480930,1731481620,5990.5,6005.5
cl1731491820,183748,1731491730,1731492120,6002.75,6014.75
cl1731494700,183748,1731494370,1731494820,5997.25,6010.25
cl1731505740,183748,1731505530,1731505920,6015.0,6038.5
ch1731512820,183748,1731511890,1731513300,5995.25,6019.75
cl1731512400,183748,1731512250,1731512640,5998.0,6028.5
ch1731514800,183748,1731514110,1731515220,6004.5,6025.0
ch1731520440,183748,1731519930,1731520680,6017.25,6037.75
cl1731521520,183748,1731521250,1731521880,6021.5,6041.5
cl1731547740,183748,1731546150,1731549000,6008.25,6021.25
cl1731553020,183748,1731552330,1731553620,6004.5,6018.0
cl1731565320,183748,1731565230,1731565920,6002.75,6015.75
cl1731574620,183748,1731574290,1731574860,6011.75,6026.75
cl1731576540,183748,1731576330,1731576900,6013.5,6029.5
cl1731580920,183748,1731580830,1731581340,6013.0,6028.0
ch1731584760,183748,1731584490,1731584940,6014.75,6028.25
ch1731587700,183748,1731587310,1731588000,6014.0,6028.5
cl1731587880,183748,1731587790,1731588180,6015.5,6029.5
ch1731589380,183748,1731589230,1731589620,6012.25,6027.25
ch1731599040,183748,1731598410,1731599580,5993.0,6016.0
cl1731605580,183748,1731605430,1731605760,5975.5,6002.0
cl1731609120,183748,1731608910,1731609420,5984.5,6008.0
cl1731634020,183748,1731633690,1731634920,5950.25,5965.25
cl1731635040,183748,1731633750,1731636360,5950.0,5965.0
cl1731636120,183748,1731634230,1731636360,5950.0,5964.0
cl1731641580,183748,1731641370,1731641760,5955.0,5968.5
cl1731642840,183748,1731642750,1731643140,5954.0,5967.0
cl1731643620,183748,1731643350,1731644160,5951.25,5965.75
ch1731647040,183748,1731646890,1731647280,5954.25,5967.25
cl1731650220,183748,1731649530,1731650400,5950.25,5963.75
cl1731655380,183748,1731654990,1731655500,5940.0,5955.5
cl1731657180,183748,1731656730,1731657300,5937.25,5952.25
cl1731657300,183748,1731656730,1731657540,5936.25,5953.25
cl1731658380,183748,1731658110,1731658620,5930.5,5951.0
cl1731659220,183748,1731658830,1731659340,5927.75,5945.75
cl1731676380,183748,1731675750,1731676500,5943.25,5958.75
ch1731687480,183748,1731686970,1731688080,5885.75,5916.75
ch1731688320,183748,1731687810,1731688560,5894.25,5918.25
ch1731702060,183748,1731701730,1731702300,5882.75,5906.25
ch1731902460,183748,1731902190,1731903300,5904.25,5917.25
ch1731903600,183748,1731902370,1731904020,5905.0,5917.5
ch1731907560,183748,1731907470,1731907920,5905.5,5918.5
cl1731909060,183748,1731908850,1731909600,5906.25,5918.25
ch1731911040,183748,1731910950,1731911640,5906.25,5918.75
cl1731921420,183748,1731921330,1731921960,5890.5,5910.5
cl1731922860,183748,1731922290,1731923100,5889.5,5909.0
ch1731926820,183748,1731926310,1731927480,5891.5,5908.0
ch1731930420,183748,1731930330,1731930660,5890.75,5904.75
ch1731930840,183748,1731930750,1731930960,5890.0,5903.5
ch1731932580,183748,1731932070,1731933240,5890.5,5906.5
cl1731936180,183748,1731936030,1731936480,5881.5,5901.0
ch1731939480,183748,1731939210,1731939780,5895.25,5910.75
ch1731942480,183748,1731942090,1731942900,5882.5,5911.5
ch1731959160,183748,1731958830,1731959400,5899.0,5922.5
ch1731959640,183748,1731959370,1731960720,5907.25,5926.25
ch1731961740,183748,1731959970,1731962040,5910.25,5926.75
cl1731979380,183748,1731979230,1731979620,5909.0,5923.0
ch1731980700,183748,1731980250,1731980880,5909.25,5922.25
ch1731982680,183748,1731982470,1731983040,5913.0,5925.5
ch1731989160,183748,1731988710,1731989580,5923.5,5936.0
ch1731992520,183748,1731992070,1731993180,5923.5,5936.0
cl1732005840,183748,1732005510,1732006020,5899.5,5923.5
cl1732008060,183748,1732007790,1732008240,5900.75,5930.25
ch1732010880,183748,1732009830,1732011420,5870.5,5901.0
ch1732011660,183748,1732011330,1732012200,5880.75,5904.75
ch1732015980,183748,1732015890,1732016220,5880.75,5900.25
ch1732037220,183748,1732037010,1732037340,5909.75,5930.75
cl1732043160,183748,1732042710,1732043820,5937.0,5957.0
cl1732044420,183748,1732043730,1732044540,5934.25,5953.25
cl1732046580,183748,1732046190,1732047660,5924.75,5944.25
ch1732048560,183748,1732047390,1732048980,5925.25,5941.75
ch1732064760,183748,1732064550,1732065000,5943.0,5957.0
ch1732075200,183748,1732074990,1732075380,5936.25,5949.75
cl1732081740,183748,1732081470,1732082040,5939.75,5953.25
ch1732092780,183748,1732092630,1732092960,5941.5,5962.0
cl1732100400,183748,1732100190,1732100700,5936.75,5952.25
ch1732100760,183748,1732100550,1732100880,5936.25,5952.25
ch1732103160,183748,1732102830,1732103340,5934.0,5950.0
cl1732112040,183748,1732111830,1732112340,5934.75,5949.75
ch1732117200,183748,1732116690,1732117620,5882.25,5911.25
ch1732121760,183748,1732121370,1732122420,5900.25,5927.25
cl1732123020,183748,1732122690,1732123140,5899.25,5923.75
cl1732123320,183748,1732123170,1732123680,5890.5,5915.0
ch1732129020,183748,1732128450,1732130700,5884.5,5908.0
cl1732150980,183748,1732150530,1732151400,5912.75,5930.75
cl1732151700,183748,1732151490,1732152300,5910.25,5927.25
ch1732156260,183748,1732155990,1732157040,5910.0,5926.0
ch1732162140,183748,1732161990,1732162260,5912.75,5928.25
cl1732167540,183748,1732167390,1732167660,5918.75,5931.75
ch1732167900,183748,1732167750,1732168560,5917.0,5931.0
ch1732170600,183748,1732170450,1732170840,5918.75,5933.25
ch1732175040,183748,1732174590,1732175220,5904.25,5926.25
cl1732176060,183748,1732175670,1732176180,5917.0,5940.5
cl1732176780,183748,1732176210,1732176960,5917.0,5942.0
cl1732180920,183748,1732180470,1732181040,5904.25,5924.75
cl1732184820,183748,1732183770,1732185300,5910.75,5930.75
ch1732185360,183748,1732185150,1732185660,5909.5,5929.0
ch1732185840,183748,1732185270,1732186860,5910.0,5930.0
ch1732192980,183748,1732192770,1732193340,5942.0,5965.5
ch1732196400,183748,1732195830,1732196880,5949.75,5975.75
ch1732198500,183748,1732197570,1732198920,5953.5,5972.0
cl1732200840,183748,1732200690,1732200960,5929.0,5964.5
cl1732201620,183748,1732201170,1732202040,5912.0,5949.5
ch1732204320,183748,1732203690,1732204440,5893.0,5941.0
ch1732205640,183748,1732204530,1732206240,5929.5,5960.5
cl1732215000,183748,1732214790,1732215360,5968.0,5988.5
cl1732216740,183748,1732216050,1732217040,5964.25,5984.75
cl1732221360,183748,1732221210,1732221480,5970.75,5991.25
cl1732251780,183748,1732251690,1732252200,5962.0,5975.5
cl1732251960,183748,1732251690,1732252200,5962.0,5975.5
cl1732252620,183748,1732252530,1732252740,5958.0,5977.0
cl1732259940,183748,1732259550,1732260720,5964.5,5977.5
ch1732260780,183748,1732260630,1732261860,5966.5,5981.0
cl1732263120,183748,1732263030,1732263300,5965.75,5982.75
ch1732275720,183748,1732275570,1732276200,5942.25,5959.75
ch1732276980,183748,1732276710,1732277760,5949.0,5968.5
ch1732280100,183748,1732279890,1732280460,5957.25,5972.75
ch1732281060,183748,1732280010,1732281300,5957.75,5974.25
cl1732285260,183748,1732285050,1732285380,5960.0,5976.0
cl1732287900,183748,1732287750,1732288140,5973.5,6002.5
ch1732293540,183748,1732293270,1732293900,5962.5,5986.0
ch1732294500,183748,1732294050,1732295040,5962.25,5988.25
ch1732298880,183748,1732297770,1732299060,5976.0,5996.0
ch1732303560,183748,1732303170,1732304040,5968.25,5988.75
cl1732499640,183748,1732499370,1732499820,6008.75,6021.25
cl1732515300,183748,1732514550,1732515960,6006.75,6020.25
cl1732537560,183748,1732537470,1732538100,6006.5,6021.5
cl1732546860,183748,1732546710,1732547400,6010.5,6039.5
cl1732550400,183748,1732549830,1732550940,6003.0,6032.5
cl1732554120,183748,1732552590,1732554660,5996.5,6016.5
cl1732555320,183748,1732554990,1732555680,5986.25,6007.25
cl1732564980,183748,1732564770,1732566000,5992.5,6011.0
ch1732566960,183748,1732566210,1732567260,5991.75,6008.75
ch1732586100,183748,1732585770,1732586460,5984.5,6002.0
ch1732586820,183748,1732586490,1732587720,5989.5,6006.0
cl1732588260,183748,1732587810,1732588740,5993.5,6010.0
ch1732589220,183748,1732589070,1732589580,5994.5,6009.5
ch1732590540,183748,1732590450,1732590840,5994.25,6008.75
ch1732591560,183748,1732591290,1732591800,5997.5,6011.5
cl1732593540,183748,1732593270,1732593840,6001.0,6014.0
ch1732601340,183748,1732601070,1732602180,5997.75,6012.25
ch1732602180,183748,1732601310,1732603020,5998.75,6012.75
ch1732605480,183748,1732604910,1732605660,5997.25,6012.75
ch1732617360,183748,1732617270,1732617540,5993.5,6010.5
ch1732618620,183748,1732618230,1732618980,6000.25,6015.25
cl1732626900,183748,1732626630,1732627020,6012.5,6029.0
ch1732633200,183748,1732633110,1732633320,6008.25,6030.75
ch1732640100,183748,1732638450,1732640760,6014.5,6034.5
ch1732647360,183748,1732646370,1732647600,6019.75,6037.75
ch1732651680,183748,1732651230,1732652040,6022.0,6039.5
ch1732670160,183748,1732669890,1732670880,6034.25,6046.25
ch1732673220,183748,1732672590,1732673520,6036.0,6048.0
ch1732685940,183748,1732685490,1732686960,6030.75,6043.25
cl1732686960,183748,1732686870,1732687140,6030.75,6043.25
cl1732687140,183748,1732686870,1732687440,6030.5,6043.5
ch1732707660,183748,1732707150,1732707840,6018.75,6034.25
ch1732709760,183748,1732709550,1732709940,6022.25,6036.25
ch1732730280,183748,1732729590,1732730940,5999.25,6017.25
ch1732736880,183748,1732736490,1732737540,6009.0,6024.0
cl1732737600,183748,1732737450,1732737900,6008.75,6024.25
cl1732740840,183748,1732740690,1732741320,6007.75,6025.25
cl1732755960,183748,1732755570,1732756740,6015.75,6027.75
ch1732768740,183748,1732768470,1732769220,6018.0,6029.0
cl1732773240,183748,1732772610,1732773600,6017.75,6028.25
cl1732774440,183748,1732774110,1732774920,6017.5,6029.0
cl1732774920,183748,1732774770,1732775940,6017.25,6027.75
cl1732775940,183748,1732775850,1732777740,6016.75,6028.25
ch1732777680,183748,1732776510,1732777860,6016.25,6027.75
ch1732780020,183748,1732779930,1732780740,6014.25,6026.75
ch1732781280,183748,1732779990,1732781580,6014.75,6027.25
ch1732784880,183748,1732784310,1732785600,6015.75,6027.75
ch1732785600,183748,1732785150,1732785960,6017.0,6028.0
ch1732790340,183748,1732790070,1732790700,6015.5,6028.0
ch1732800300,183748,1732798590,1732800780,6018.75,6030.25
ch1732843200,183748,1732842750,1732843320,6012.5,6028.5
ch1732847520,183748,1732846830,1732848540,6025.25,6037.75
cl1732860480,183748,1732859790,1732860900,6025.75,6038.25
cl1732861740,183748,1732861470,1732861920,6024.5,6036.5
ch1732866120,183748,1732866030,1732866480,6018.25,6032.75
ch1732867560,183748,1732867290,1732868460,6024.25,6038.25
cl1732867980,183748,1732867770,1732869660,6024.75,6040.25
ch1732868880,183748,1732868490,1732869720,6022.75,6037.75
cl1732869660,183748,1732869570,1732869840,6024.0,6039.0
ch1732870500,183748,1732870170,1732871040,6022.5,6037.5
ch1732880220,183748,1732879530,1732880700,6025.5,6038.5
ch1732885080,183748,1732884750,1732886340,6020.25,6034.75
ch1732890000,183748,1732889310,1732890540,6020.0,6034.0
ch1732893060,183748,1732892970,1732893180,6029.5,6047.0
ch1732896900,183748,1732896630,1732898520,6038.25,6055.25
cl1733101260,183748,1733101110,1733101560,6038.25,6052.75
cl1733104980,183748,1733104650,1733105700,6036.0,6050.0
cl1733109180,183748,1733108550,1733109360,6036.0,6048.5
ch1733114040,183748,1733113950,1733114220,6034.75,6047.25
ch1733124060,183748,1733123910,1733125560,6031.5,6044.5
ch1733125560,183748,1733125350,1733125860,6032.75,6044.75
cl1733125980,183748,1733125530,1733126400,6032.75,6046.25
cl1733127360,183748,1733126790,1733128080,6034.0,6047.0
cl1733128080,183748,1733127930,1733128380,6033.5,6046.5
cl1733128740,183748,1733128590,1733129040,6033.75,6047.75
cl1733137560,183748,1733137470,1733138220,6035.0,6049.0
ch1733142660,183748,1733142570,1733142780,6042.5,6056.5
cl1733160480,183748,1733160390,1733160600,6054.75,6070.75
cl1733166840,183748,1733166750,1733167020,6051.5,6067.5
ch1733168160,183748,1733167830,1733168400,6051.5,6067.5
ch1733171340,183748,1733170650,1733172000,6057.0,6073.5
ch1733189100,183748,1733188830,1733190660,6055.75,6068.25
cl1733190600,183748,1733190450,1733190960,6056.25,6068.25
ch1733197920,183748,1733197290,1733198220,6060.5,6072.0
cl1733198100,183748,1733198010,1733198820,6060.5,6073.0
cl1733200320,183748,1733200170,1733200500,6060.75,6072.75
ch1733205660,183748,1733205570,1733205840,6059.75,6072.25
cl1733207460,183748,1733207070,1733208120,6059.0,6071.0
cl1733209380,183748,1733209230,1733209680,6056.5,6068.0
ch1733210580,183748,1733210430,1733211600,6057.5,6069.5
cl1733222040,183748,1733221950,1733222220,6056.25,6069.75
ch1733225940,183748,1733225670,1733226420,6052.25,6066.75
ch1733232900,183748,1733232450,1733233380,6057.0,6070.0
ch1733233740,183748,1733233410,1733234040,6058.25,6072.25
cl1733235300,183748,1733235210,1733235600,6049.0,6066.0
ch1733246580,183748,1733245950,1733247060,6043.25,6059.75
ch1733249040,183748,1733248290,1733250360,6051.25,6067.25
cl1733250720,183748,1733250510,1733250960,6053.75,6069.25
cl1733251500,183748,1733251110,1733251980,6052.0,6068.0
cl1733278320,183748,1733278230,1733278860,6062.0,6074.0
ch1733283720,183748,1733283570,1733284020,6063.75,6075.25
ch1733290380,183748,1733290170,1733290680,6066.75,6078.25
ch1733290920,183748,1733290530,1733291400,6067.25,6078.75
cl1733291280,183748,1733291130,1733291640,6067.75,6079.25
ch1733292300,183748,1733291730,1733293200,6066.5,6078.0
cl1733300040,183748,1733299410,1733301360,6066.5,6080.5
ch1733301300,183748,1733301210,1733301840,6066.0,6079.0
cl1733307840,183748,1733307150,1733308740,6070.0,6084.5
cl1733315700,183748,1733315190,1733316180,6075.25,6087.75
cl1733316060,183748,1733315190,1733316180,6075.25,6087.75
cl1733319060,183748,1733318850,1733319540,6075.0,6088.0
cl1733325360,183748,1733325270,1733325660,6067.5,6088.0
cl1733327280,183748,1733327130,1733327400,6075.5,6094.0
ch1733328720,183748,1733327850,1733329080,6075.25,6092.75
cl1733333760,183748,1733333370,1733334060,6078.75,6095.25
cl1733337180,183748,1733337090,1733337600,6070.25,6087.25
ch1733340240,183748,1733339910,1733340720,6079.25,6097.25
ch1733340900,183748,1733340630,1733341440,6083.25,6099.75
ch1733368080,183748,1733367990,1733370120,6087.5,6100.0
cl1733371020,183748,1733370570,1733371320,6089.75,6100.75
cl1733371380,183748,1733371230,1733371680,6089.25,6100.75
cl1733374800,183748,1733374530,1733375340,6088.75,6100.25
cl1733375040,183748,1733374530,1733375340,6088.75,6100.25
cl1733375340,183748,1733374590,1733375640,6088.5,6099.5
cl1733378760,183748,1733378550,1733379240,6090.75,6103.25
ch1733379840,183748,1733378790,1733380080,6090.0,6101.5
cl1733382180,183748,1733381970,1733382480,6089.25,6102.25
ch1733383800,183748,1733383410,1733384220,6088.75,6101.25
cl1733387520,183748,1733387370,1733387760,6090.25,6103.25
cl1733388900,183748,1733387490,1733389080,6089.75,6103.75
ch1733390880,183748,1733390010,1733392500,6087.75,6100.75
cl1733395620,183748,1733395410,1733395740,6089.5,6101.5
ch1733396760,183748,1733396070,1733397060,6087.5,6100.0
cl1733402040,183748,1733401050,1733402340,6090.25,6103.25
ch1733402760,183748,1733402250,1733403360,6090.25,6102.25
cl1733410260,183748,1733410050,1733410860,6091.5,6107.5
cl1733412600,183748,1733412210,1733413080,6087.5,6104.5
ch1733418840,183748,1733418570,1733420700,6094.25,6109.25
cl1733424900,183748,1733424630,1733425320,6088.0,6106.0
cl1733428140,183748,1733427690,1733428320,6088.0,6104.5
cl1733428320,183748,1733427690,1733428860,6087.75,6104.75
cl1733430420,183748,1733430330,1733430960,6083.5,6100.0
ch1733448600,183748,1733448510,1733449140,6077.0,6089.0
cl1733449800,183748,1733449350,1733449980,6077.25,6090.75
ch1733451480,183748,1733451390,1733451840,6076.25,6088.75
cl1733453640,183748,1733453130,1733454060,6079.75,6092.25
cl1733457840,183748,1733457630,1733459220,6076.0,6089.0
cl1733458440,183748,1733457630,1733459220,6076.0,6089.0
cl1733461740,183748,1733461170,1733463000,6078.5,6091.0
ch1733464740,183748,1733464590,1733465100,6079.0,6090.0
ch1733467620,183748,1733467470,1733468340,6079.0,6091.0
cl1733470500,183748,1733470170,1733470980,6079.25,6091.25
ch1733471340,183748,1733471010,1733471760,6077.75,6090.25
ch1733495940,183748,1733495490,1733496300,6088.0,6108.0
cl1733510040,183748,1733509830,1733510640,6091.25,6108.25
ch1733708340,183748,1733707950,1733708760,6090.0,6103.0
ch1733712660,183748,1733712210,1733713680,6090.5,6102.5
cl1733717100,183748,1733716650,1733717580,6089.25,6101.75
cl1733722260,183748,1733721330,1733723580,6089.5,6100.5
ch1733740380,183748,1733740170,1733740860,6087.25,6100.75
cl1733747820,183748,1733747670,1733748060,6091.25,6104.75
cl1733762280,183748,1733762190,1733763240,6068.5,6087.5
cl1733772120,183748,1733771550,1733772660,6066.25,6083.75
cl1733776920,183748,1733776410,1733777160,6057.0,6075.0
ch1733802480,183748,1733802330,1733802840,6056.25,6067.75
ch1733808060,183748,1733807670,1733808480,6057.0,6068.5
ch1733814000,183748,1733813910,1733814420,6055.25,6066.75
ch1733816520,183748,1733816250,1733816820,6057.5,6069.0
cl1733820300,183748,1733820030,1733820540,6055.5,6070.0
cl1733821260,183748,1733821170,1733821440,6054.0,6066.5
cl1733823720,183748,1733823330,1733823840,6052.75,6066.25
cl1733826180,183748,1733825970,1733826480,6057.5,6070.0
cl1733827260,183748,1733827170,1733827620,6059.25,6071.75
ch1733829660,183748,1733829270,1733830200,6061.5,6074.5
ch1733830380,183748,1733830170,1733830560,6062.75,6075.75
cl1733837100,183748,1733836770,1733837280,6062.0,6076.5
cl1733838960,183748,1733837250,1733839560,6060.25,6074.25
ch1733843340,183748,1733842710,1733843760,6051.0,6076.5
cl1733846100,183748,1733845770,1733846280,6063.75,6083.75
cl1733856660,183748,1733856330,1733857140,6054.0,6069.0
ch1733858700,183748,1733858250,1733859660,6045.5,6064.0
cl1733860560,183748,1733859930,1733860800,6049.0,6066.5
cl1733861640,183748,1733861370,1733861820,6043.0,6062.5
cl1733861880,183748,1733861370,1733862060,6042.5,6063.0
cl1733862720,183748,1733862630,1733862900,6034.75,6055.75
cl1733884680,183748,1733883690,1733885880,6044.25,6055.75
cl1733885340,183748,1733883690,1733885880,6044.25,6055.75
ch1733893020,183748,1733892870,1733893140,6043.25,6055.25
cl1733893260,183748,1733893170,1733893620,6044.25,6056.25
ch1733894580,183748,1733893350,1733895180,6044.0,6056.0
cl1733902200,183748,1733901930,1733902380,6041.0,6055.5
cl1733908740,183748,1733908470,1733908860,6045.75,6059.75
ch1733914800,183748,1733914530,1733915160,6045.25,6056.75
cl1733917440,183748,1733917110,1733918340,6046.75,6059.25
cl1733930940,183748,1733930130,1733931660,6077.25,6100.25
cl1733932860,183748,1733932290,1733933520,6077.5,6099.0
ch1733937060,183748,1733936550,1733937720,6088.5,6105.0
cl1733940780,183748,1733940270,1733941800,6092.75,6109.25
cl1733944020,183748,1733943810,1733944440,6088.5,6105.5
ch1733970480,183748,1733969550,1733971680,6077.75,6089.75
cl1733973720,183748,1733973510,1733974140,6077.75,6088.75
ch1733974080,183748,1733973930,1733974380,6078.0,6089.0
ch1733975940,183748,1733975490,1733976720,6077.75,6089.25
ch1733976720,183748,1733976390,1733977080,6078.5,6089.5
cl1733992560,183748,1733991870,1733992740,6077.5,6091.0
ch1734004200,183748,1734002970,1734004740,6075.25,6087.75
ch1734013740,183748,1734013650,1734013980,6072.0,6088.5
cl1734015720,183748,1734014730,1734016080,6068.0,6087.0
ch1734019860,183748,1734019290,1734021120,6073.25,6092.75
cl1734031320,183748,1734031230,1734031680,6059.0,6081.5
ch1734032340,183748,1734031770,1734032760,6054.75,6075.25
ch1734032760,183748,1734031770,1734033540,6054.5,6075.5
cl1734034380,183748,1734034050,1734035580,6058.25,6076.75
cl1734057780,183748,1734057390,1734058320,6059.25,6072.25
ch1734064680,183748,1734064470,1734065160,6058.0,6070.5
ch1734074400,183748,1734073950,1734074520,6061.5,6074.5
cl1734076020,183748,1734075390,1734076320,6064.25,6076.75
ch1734078060,183748,1734077790,1734078180,6065.5,6079.5
ch1734085680,183748,1734085590,1734085980,6073.75,6085.75
ch1734096780,183748,1734096150,1734097140,6077.25,6089.75
cl1734104520,183748,1734104430,1734104940,6044.25,6066.25
cl1734105780,183748,1734105030,1734106440,6040.0,6062.5
cl1734108000,183748,1734107790,1734108420,6045.5,6067.5
cl1734123240,183748,1734123030,1734123540,6049.25,6067.75
ch1734312420,5002,1734312210,1734312720,6123.0,6135.0
cl1734318060,5002,1734317850,1734318600,6127.0,6138.5
ch1734321840,5002,1734321510,1734322440,6125.0,6136.0
ch1734322500,5002,1734322410,1734322740,6125.75,6136.75
ch1734332700,5002,1734332550,1734332880,6122.5,6135.0
cl1734335640,5002,1734335490,1734335880,6122.75,6134.75
cl1734338580,5002,1734338310,1734338880,6123.75,6136.75
cl1734339660,5002,1734339450,1734340080,6122.75,6136.25
ch1734343560,5002,1734343470,1734344280,6129.75,6142.25
ch1734345060,5002,1734344850,1734345540,6132.5,6145.0
cl1734345600,5002,1734345390,1734345900,6132.5,6145.5
cl1734347580,5002,1734347490,1734348360,6128.5,6142.0
ch1734349980,5002,1734349530,1734350520,6129.75,6143.75
cl1734358680,5002,1734358050,1734358920,6138.25,6153.75
ch1734375420,5002,1734374430,1734375840,6153.5,6168.0
cl1734382020,5002,1734381870,1734382200,6146.25,6164.75
cl1734411180,5002,1734411090,1734411420,6144.25,6156.25
cl1734414480,5002,1734414210,1734415380,6141.0,6152.5
cl1734418320,5002,1734417990,1734418500,6135.5,6147.5
ch1734419160,5002,1734419070,1734419460,6135.75,6148.25
ch1734419460,5002,1734419250,1734420240,6136.75,6148.75
cl1734422460,5002,1734422310,1734422640,6130.0,6145.5
ch1734427860,5002,1734427770,1734428340,6126.75,6141.75
ch1734429600,5002,1734429210,1734429780,6130.25,6144.75
cl1734436440,5002,1734435870,1734436620,6129.25,6143.25
cl1734438060,5002,1734437310,1734440100,6128.25,6142.25
cl1734440640,5002,1734440550,1734440760,6120.5,6135.5
cl1734445140,5002,1734444510,1734445560,6125.5,6142.0
ch1734453840,5002,1734453210,1734454200,6122.25,6142.75
cl1734459600,5002,1734459450,1734459960,6121.25,6138.75
cl1734464400,5002,1734463890,1734464700,6114.0,6129.5
ch1734466200,5002,1734466050,1734466680,6109.5,6126.0
ch1734468000,5002,1734467910,1734468240,6109.5,6130.0
ch1734484140,5002,1734483570,1734484260,6119.75,6132.75
ch1734486600,5002,1734486090,1734487020,6125.75,6137.75
cl1734492360,5002,1734492270,1734492660,6125.5,6139.0
cl1734494340,5002,1734494010,1734494580,6125.25,6137.25
ch1734497760,5002,1734497370,1734498120,6130.25,6141.25
cl1734512640,5002,1734512370,1734512880,6127.5,6141.5
ch1734520680,5002,1734520350,1734520980,6137.75,6150.25
ch1734524640,5002,1734524070,1734524880,6138.75,6151.75
cl1734532080,5002,1734531750,1734532200,6118.25,6137.25
ch1734539340,5002,1734539250,1734539580,6126.5,6145.0
ch1734549720,5002,1734549570,1734549900,6067.75,6100.25
cl1734550740,5002,1734550470,1734550920,6068.25,6104.25
cl1734551280,5002,1734551130,1734551580,6051.0,6090.0
cl1734570960,5002,1734570810,1734571140,5947.25,5964.25
ch1734573060,5002,1734572790,1734573420,5937.5,5955.5
cl1734576120,5002,1734575970,1734576780,5937.25,5952.75
cl1734576900,5002,1734576810,1734577080,5939.25,5955.75
cl1734583320,5002,1734583170,1734583980,5939.5,5955.5
cl1734589260,5002,1734589050,1734589860,5935.75,5954.25
ch1734592560,5002,1734592410,1734592740,5935.5,5956.0
ch1734594840,5002,1734594690,1734595080,5945.75,5967.75
cl1734595260,5002,1734595110,1734595800,5952.25,5970.75
ch1734597600,5002,1734597090,1734598080,5951.25,5968.75
cl1734600240,5002,1734599910,1734600720,5952.0,5973.5
ch1734608820,5002,1734608250,1734608940,5955.75,5971.75
ch1734611100,5002,1734610770,1734611700,5970.75,5989.75
cl1734611640,5002,1734611130,1734612180,5974.0,5994.0
cl1734616620,5002,1734616170,1734616800,5974.0,5996.5
cl1734616920,5002,1734616530,1734617220,5970.0,5990.0
cl1734619500,5002,1734619410,1734619800,5976.25,6009.75
cl1734628620,5002,1734627150,1734628740,5960.75,5990.75
cl1734635460,5002,1734635130,1734635820,5961.25,5994.75
cl1734635820,5002,1734635310,1734636000,5960.0,5986.0
cl1734637020,5002,1734636450,1734637260,5954.25,5983.25
cl1734660780,5002,1734659970,1734660900,5904.0,5923.0
ch1734662760,5002,1734662610,1734663000,5901.0,5916.0
cl1734671820,5002,1734671730,1734672120,5908.0,5922.5
cl1734673200,5002,1734672510,1734673380,5908.25,5922.25
ch1734677160,5002,1734676530,1734677580,5914.5,5928.5
ch1734677760,5002,1734677670,1734678000,5916.75,5931.75
ch1734682920,5002,1734682770,1734683220,5895.0,5918.5
cl1734685680,5002,1734685590,1734685860,5879.25,5902.75
ch1734685860,5002,1734685710,1734686340,5874.5,5899.0
cl1734693900,5002,1734693450,1734694560,5881.0,5902.0
cl1734703320,5002,1734702570,1734704400,5890.25,5918.25
cl1734706200,5002,1734705990,1734706500,5893.25,5938.25
ch1734706920,5002,1734706230,1734707040,5876.75,5925.75
cl1734707400,5002,1734707190,1734707640,5906.25,5951.25
ch1734714720,5002,1734713730,1734715080,6014.25,6047.25
cl1734728220,5002,1734727830,1734728460,5982.25,6021.25
ch1734917400,5002,1734917190,1734917700,6010.5,6026.0
cl1734923460,5002,1734922830,1734924000,6016.5,6031.0
ch1734927540,5002,1734926970,1734927840,6017.0,6029.0
ch1734930360,5002,1734930090,1734930840,6022.0,6035.0
ch1734938880,5002,1734938430,1734939900,6018.25,6033.75
ch1734941580,5002,1734941310,1734942060,6015.0,6033.5
cl1734947940,5002,1734947430,1734948240,6012.75,6031.75
cl1734954840,5002,1734954690,1734955320,5988.25,6006.25
ch1734957960,5002,1734957510,1734958380,5995.0,6013.5
cl1734959700,5002,1734959010,1734960600,5997.5,6013.5
ch1734964380,5002,1734964170,1734965040,5984.25,6013.25
ch1734972600,5002,1734972150,1734972780,5993.75,6016.25
ch1734972780,5002,1734972150,1734973020,5993.25,6016.75
ch1734977700,5002,1734976830,1734978300,6005.75,6028.75
ch1734978300,5002,1734976830,1734978600,6005.5,6029.0
ch1734981420,5002,1734981090,1734982080,6019.0,6038.5
cl1734982020,5002,1734981510,1734982500,6021.5,6040.5
ch1734985680,5002,1734985470,1734985800,6007.5,6029.0
ch1734987120,5002,1734986970,1734987300,6022.0,6046.0
cl1735002060,5002,1735001490,1735002180,6028.25,6041.75
ch1735014660,5002,1735014330,1735015260,6028.25,6039.75
ch1735015680,5002,1735014450,1735015920,6027.75,6040.25
cl1735020360,5002,1735020030,1735020780,6028.25,6039.75
ch1735022520,5002,1735022250,1735022700,6030.25,6042.25
cl1735027920,5002,1735027530,1735028040,6030.75,6047.75
ch1735031820,5002,1735031430,1735032180,6035.25,6049.75
cl1735032600,5002,1735032390,1735032900,6035.0,6049.5
cl1735039440,5002,1735039350,1735039680,6036.0,6050.5
cl1735039980,5002,1735039650,1735040220,6036.25,6049.25
ch1735041060,5002,1735040970,1735041240,6031.25,6046.25
ch1735041900,5002,1735041030,1735042440,6032.5,6047.0
cl1735042140,5002,1735041930,1735042500,6034.25,6048.75
ch1735045140,5002,1735044450,1735045320,6034.25,6048.75
ch1735176960,5002,1735176150,1735177140,6091.0,6104.5
ch1735191300,5002,1735190970,1735191720,6096.5,6108.0
ch1735192260,5002,1735192170,1735192500,6097.75,6109.25
cl1735194960,5002,1735194870,1735195140,6096.0,6108.0
ch1735197720,5002,1735196730,1735198560,6093.25,6105.75
cl1735199820,5002,1735199550,1735200000,6095.75,6108.25
ch1735214280,5002,1735213770,1735214400,6067.75,6082.75
cl1735224840,5002,1735224750,1735225080,6058.25,6091.75
cl1735226220,5002,1735225530,1735226820,6071.25,6096.75
ch1735232820,5002,1735232070,1735233000,6089.0,6107.0
cl1735235880,5002,1735235730,1735236240,6083.5,6106.0
ch1735237500,5002,1735236930,1735238280,6085.25,6105.75
ch1735243200,5002,1735242330,1735243500,6088.25,6106.25
cl1735244040,5002,1735243890,1735244760,6091.75,6108.25
ch1735274460,5002,1735273350,1735275240,6077.5,6090.0
ch1735276740,5002,1735276290,1735276920,6079.5,6091.5
cl1735280700,5002,1735280430,1735280880,6073.5,6085.5
cl1735283340,5002,1735283130,1735283820,6072.25,6085.25
ch1735291320,5002,1735290510,1735292220,6065.0,6079.5
cl1735293060,5002,1735292970,1735293300,6066.75,6080.25
ch1735297200,5002,1735296990,1735297620,6066.5,6079.5
ch1735304340,5002,1735303530,1735304520,6067.25,6080.75
cl1735309440,5002,1735309050,1735309560,6052.75,6070.75
cl1735310160,5002,1735310070,1735310700,6037.25,6058.75
cl1735312620,5002,1735312410,1735313040,5998.75,6034.25
cl1735315500,5002,1735315290,1735316040,5997.25,6025.25
ch1735320660,5002,1735320570,1735321020,5977.25,6005.25
cl1735321080,5002,1735320930,1735322040,5977.75,6005.25
ch1735325700,5002,1735325370,1735325880,5994.5,6021.5
ch1735325880,5002,1735325430,1735326360,6000.25,6022.25
cl1735330860,5002,1735330350,1735331760,6004.5,6032.5
cl1735521000,5002,1735520850,1735521180,6015.5,6030.0
ch1735526520,5002,1735526010,1735526940,6014.5,6027.5
cl1735527240,5002,1735526790,1735527660,6014.5,6029.0
cl1735527780,5002,1735527630,1735528440,6012.75,6027.25
ch1735530120,5002,1735529670,1735530720,6013.5,6025.5
ch1735533000,5002,1735532850,1735533180,6009.0,6022.5
ch1735534080,5002,1735533810,1735534380,6012.25,6024.75
cl1735534980,5002,1735534890,1735535220,6011.0,6024.0
ch1735535400,5002,1735535070,1735535580,6009.75,6023.75
cl1735536420,5002,1735536330,1735536600,6010.5,6024.0
ch1735542960,5002,1735542210,1735543200,6002.25,6018.75
cl1735543860,5002,1735543710,1735544460,5998.5,6014.5
ch1735546740,5002,1735546350,1735547040,5998.5,6018.0
ch1735550880,5002,1735550550,1735551540,6003.75,6020.25
cl1735559040,5002,1735558350,1735559820,6009.25,6021.75
cl1735570860,5002,1735570590,1735571700,5916.25,5954.25
ch1735576560,5002,1735576170,1735576800,5940.5,5968.0
ch1735579380,5002,1735579050,1735579680,5962.5,5985.5
cl1735585680,5002,1735585530,1735585920,5972.0,5996.0
ch1735586880,5002,1735586610,1735587060,5960.0,5986.0
cl1735590900,5002,1735590450,1735591800,5963.25,5990.75
ch1735609800,5002,1735609530,1735610100,5951.75,5965.75
cl1735610100,5002,1735609950,1735610400,5952.5,5966.5
cl1735612800,5002,1735612710,1735613340,5959.25,5971.75
ch1735615680,5002,1735614990,1735615800,5949.25,5964.25
cl1735616220,5002,1735616070,1735616520,5950.5,5968.5
ch1735621620,5002,1735620930,1735622460,5947.0,5961.5
ch1735629300,5002,1735629210,1735629720,5947.75,5962.25
ch1735630620,5002,1735630530,1735630860,5943.5,5960.0
cl1735639440,5002,1735639050,1735639980,5968.0,5984.5
ch1735650960,5002,1735650630,1735651320,5963.75,5981.75
ch1735656480,5002,1735656270,1735656840,5949.5,5980.0
cl1735660140,5002,1735659570,1735660800,5953.75,5985.75
cl1735662000,5002,1735661910,1735662660,5936.0,5964.0
cl1735666860,5002,1735666290,1735667700,5916.75,5944.25
ch1735667940,5002,1735667850,1735668420,5922.5,5951.5
cl1735668900,5002,1735668510,1735669140,5931.25,5958.75
ch1735670040,5002,1735669650,1735670580,5904.75,5936.75
ch1735677000,5002,1735676490,1735677300,5923.5,5952.5
ch1735784580,5002,1735784250,1735784820,5939.5,5956.5
ch1735785660,5002,1735785510,1735786200,5946.0,5963.0
cl1735787760,5002,1735787490,1735788060,5947.25,5960.75
ch1735790040,5002,1735789770,1735790460,5944.5,5959.0
ch1735795140,5002,1735794990,1735795920,5949.25,5966.25
cl1735803060,5002,1735802970,1735803180,5961.0,5976.0
cl1735803180,5002,1735802970,1735803480,5960.0,5977.0
cl1735810740,5002,1735810650,1735811040,5957.25,5975.75
ch1735811040,5002,1735810830,1735811220,5955.0,5975.0
cl1735812780,5002,1735812690,1735813140,5958.75,5977.25
ch1735813320,5002,1735812990,1735814040,5956.0,5976.0
cl1735822320,5002,1735822230,1735822500,5971.0,5994.5
ch1735824720,5002,1735824390,1735824840,5967.5,5987.5
ch1735824900,5002,1735824690,1735825080,5966.75,5988.75
ch1735829700,5002,1735829610,1735830000,5944.5,5983.5
cl1735836840,5002,1735836690,1735837680,5940.5,5979.5
ch1735841340,5002,1735841130,1735841580,5870.75,5906.25
cl1735847940,5002,1735847790,1735848300,5886.25,5917.75
ch1735848240,5002,1735848150,1735848540,5884.0,5915.0
cl1735867560,5002,1735867470,1735868520,5919.75,5933.25
cl1735872600,5002,1735872510,1735872720,5922.0,5935.5
ch1735874700,5002,1735874610,1735875420,5925.5,5939.0
cl1735877580,5002,1735877070,1735878060,5923.75,5937.25
cl1735883700,5002,1735883490,1735884060,5920.5,5934.5
ch1735884120,5002,1735883670,1735884720,5918.75,5932.75
cl1735898760,5002,1735898430,1735899660,5929.5,5944.5
ch1735909740,5002,1735909350,1735910280,5923.25,5942.75
ch1735914780,5002,1735914690,1735915020,5938.0,5961.0
ch1735915440,5002,1735915110,1735915680,5939.75,5970.75
cl1735925580,5002,1735925250,1735926660,5964.25,5987.75
ch1735929120,5002,1735928910,1735929300,5972.75,5993.75
cl1736127540,5002,1736127270,1736128200,5976.75,5992.25
ch1736130120,5002,1736129550,1736130480,5978.0,5993.0
cl1736131440,5002,1736131290,1736131740,5977.75,5991.75
ch1736132520,5002,1736131650,1736133000,5978.5,5991.5
ch1736144280,5002,1736143950,1736144640,5985.0,5997.0
ch1736145540,5002,1736145390,1736145900,5987.5,6000.0
ch1736145960,5002,1736145870,1736146320,5987.0,6001.0
cl1736151960,5002,1736151810,1736152320,5992.0,6008.0
ch1736155320,5002,1736155230,1736155800,6003.25,6018.75
ch1736155980,5002,1736155770,1736156700,6004.0,6018.5
ch1736156760,5002,1736156610,1736156940,6005.25,6019.75
cl1736159460,5002,1736159370,1736159700,6010.75,6026.75
ch1736166600,5002,1736166090,1736167380,6021.0,6039.5
cl1736170980,5002,1736170770,1736171160,6026.75,6043.25
ch1736173500,5002,1736173230,1736173620,6008.25,6033.25
ch1736174580,5002,1736174370,1736174760,6017.5,6053.0
ch1736175720,5002,1736174430,1736175840,6022.0,6058.5
ch1736176440,5002,1736175570,1736177280,6034.0,6064.5
ch1736178960,5002,1736178270,1736180100,6042.25,6068.25
cl1736185500,5002,1736185170,1736185860,6041.75,6063.75
cl1736185920,5002,1736185650,1736186460,6038.5,6062.5
cl1736192580,5002,1736191710,1736193000,6012.25,6037.75
cl1736193480,5002,1736193390,1736193600,6006.25,6029.75
ch1736195400,5002,1736195010,1736196060,6007.0,6028.5
cl1736196000,5002,1736195790,1736196180,6009.25,6035.75
ch1736196900,5002,1736196570,1736197140,5987.5,6024.5
ch1736215440,5002,1736214990,1736215680,6015.75,6029.25
cl1736217240,5002,1736216970,1736217360,6018.5,6031.0
ch1736222400,5002,1736222130,1736222700,6013.0,6026.0
ch1736224320,5002,1736223870,1736224500,6013.25,6025.75
cl1736226060,5002,1736225250,1736226420,6011.0,6024.0
cl1736231280,5002,1736230890,1736231700,6008.25,6021.75
cl1736240040,5002,1736239890,1736240580,6016.0,6032.5
ch1736241120,5002,1736240490,1736241420,6015.75,6032.75
cl1736241480,5002,1736241270,1736242680,6017.75,6033.75
cl1736244000,5002,1736243790,1736244180,6013.25,6029.75
cl1736244180,5002,1736243910,1736244360,6012.5,6029.0
cl1736245680,5002,1736245470,1736245980,6020.25,6035.25
cl1736246880,5002,1736246610,1736247180,6020.0,6034.0
ch1736247240,5002,1736246970,1736248020,6019.0,6033.5
ch1736248920,5002,1736248590,1736249100,6018.5,6033.0
cl1736252100,5002,1736251950,1736253180,6018.5,6036.0
cl1736252880,5002,1736251950,1736253180,6018.5,6036.0
ch1736257200,5002,1736256750,1736257440,6021.5,6037.5
ch1736258880,5002,1736258430,1736259720,6030.0,6045.5
ch1736271180,5002,1736270970,1736271540,5958.25,5987.75
cl1736279340,5002,1736279190,1736279760,5962.0,5983.0
cl1736280720,5002,1736280510,1736281020,5948.5,5971.0
ch1736306340,5002,1736306250,1736307000,5956.25,5970.25
cl1736311440,5002,1736311290,1736311860,5961.25,5974.25
ch1736322600,5002,1736321490,1736322840,5951.75,5966.75
ch1736324040,5002,1736323110,1736324280,5955.0,5970.5
cl1736326260,5002,1736325870,1736326440,5961.75,5977.25
ch1736333580,5002,1736333190,1736334780,5966.5,5980.0
cl1736339580,5002,1736339070,1736339940,5921.5,5947.0
cl1736348040,5002,1736347890,1736348580,5926.25,5974.25
cl1736349300,5002,1736348970,1736349600,5921.75,5976.25
ch1736367780,5002,1736367270,1736367900,5927.5,5962.5
ch1736391360,5002,1736390490,1736392020,5943.5,5957.5
ch1736391480,5002,1736390490,1736392020,5943.5,5957.5
cl1736392080,5002,1736391690,1736392920,5945.25,5957.25
ch1736401140,5002,1736400810,1736401500,5938.75,5952.75
cl1736402580,5002,1736402070,1736402760,5943.0,5956.0
cl1736403360,5002,1736402970,1736403600,5943.25,5955.75
cl1736403600,5002,1736403450,1736403780,5942.75,5955.25
cl1736415960,5002,1736415870,1736416260,5944.5,5961.0
ch1736417400,5002,1736417250,1736417760,5945.5,5960.5
ch1736421720,5002,1736421270,1736421960,5936.25,5956.25
cl1736425620,5002,1736425170,1736425740,5939.0,5956.5
ch1736426220,5002,1736425830,1736426520,5938.0,5953.0
ch1736427000,5002,1736426850,1736427420,5936.75,5954.25
ch1736427420,5002,1736426910,1736427540,5939.25,5955.25
ch1736475960,5002,1736475450,1736476440,5928.0,5943.5
ch1736504640,5002,1736504430,1736505120,5932.75,5949.25
cl1736520060,5002,1736519790,1736520420,5890.0,5931.0
ch1736522460,5002,1736522070,1736522580,5835.5,5876.5
cl1736526600,5002,1736526330,1736527020,5849.0,5883.5
ch1736531880,5002,1736531190,1736532420,5854.5,5882.5
ch1736534220,5002,1736533890,1736534940,5879.0,5905.0
ch1736537280,5002,1736537070,1736537700,5866.75,5896.75
cl1736540040,5002,1736539890,1736540160,5861.75,5894.75
ch1736541480,5002,1736541330,1736541960,5850.75,5877.75
ch1736733120,5002,1736732850,1736733360,5828.25,5851.25
ch1736735160,5002,1736734710,1736736180,5837.25,5854.25
cl1736736180,5002,1736736030,1736736300,5838.25,5856.75
ch1736748300,5002,1736748150,1736748420,5833.25,5849.25
cl1736750280,5002,1736750130,1736750520,5837.25,5853.25
cl1736751960,5002,1736751870,1736752440,5836.25,5852.75
cl1736757720,5002,1736757570,1736758560,5820.25,5843.75
cl1736762040,5002,1736761230,1736763240,5804.25,5824.75
ch1736766300,5002,1736765970,1736766660,5807.75,5827.25
cl1736766780,5002,1736766510,1736767020,5808.75,5828.75
cl1736777400,5002,1736776830,1736777940,5812.5,5835.0
ch1736777940,5002,1736777550,1736778300,5807.5,5831.0
ch1736788320,5002,1736787990,1736788440,5803.5,5841.0
ch1736788740,5002,1736788410,1736788920,5819.75,5847.75
ch1736791440,5002,1736790990,1736791680,5831.75,5861.25
ch1736791680,5002,1736791050,1736791800,5837.75,5862.75
ch1736794140,5002,1736793930,1736794560,5845.75,5868.75
cl1736797620,5002,1736797530,1736797740,5854.5,5880.0
ch1736798880,5002,1736798010,1736799480,5845.75,5872.75
cl1736800380,5002,1736799690,1736801520,5854.5,5880.0
cl1736822220,5002,1736821650,1736823180,5880.25,5894.25
cl1736824800,5002,1736824470,1736825040,5883.25,5897.75
cl1736826420,5002,1736826210,1736826540,5883.0,5895.0
ch1736828760,5002,1736828550,1736828880,5881.25,5894.25
cl1736832420,5002,1736832150,1736832960,5885.25,5897.75
cl1736837400,5002,1736836770,1736837580,5887.25,5901.75
ch1736851020,5002,1736850750,1736851380,5896.25,5911.25
cl1736853840,5002,1736853570,1736854260,5892.5,5909.5
ch1736857740,5002,1736857530,1736858040,5876.75,5896.25
cl1736860080,5002,1736859510,1736860260,5879.75,5898.25
cl1736876100,5002,1736875950,1736876280,5837.5,5862.5
ch1736880720,5002,1736880330,1736880840,5877.75,5901.25
cl1736883000,5002,1736882790,1736883360,5884.5,5908.0
cl1736885040,5002,1736884890,1736885220,5845.0,5877.0
ch1736904120,5002,1736903610,1736904540,5880.25,5893.25
ch1736906280,5002,1736905050,1736906460,5880.25,5892.75
cl1736910060,5002,1736909250,1736910420,5878.25,5890.25
ch1736912340,5002,1736912130,1736912700,5877.75,5889.75
cl1736912640,5002,1736912370,1736913300,5878.25,5891.25
cl1736914140,5002,1736913930,1736914620,5876.0,5888.0
ch1736916060,5002,1736915910,1736916600,5877.25,5888.75
cl1736919540,5002,1736919210,1736920020,5878.0,5890.0
cl1736931600,5002,1736931390,1736931840,5878.0,5891.0
ch1736944920,5002,1736944470,1736945040,5892.0,5908.5
cl1736945700,5002,1736945490,1736946180,5894.25,5909.75
ch1736946360,5002,1736945970,1736946840,5894.0,5909.5
cl1736946840,5002,1736946390,1736947080,5896.0,5912.5
ch1736948880,5002,1736948310,1736950260,5943.75,5984.75
cl1736951460,5002,1736950170,1736951580,5953.5,5980.5
ch1736953980,5002,1736953050,1736954220,5966.5,5993.5
ch1736962440,5002,1736961990,1736962560,5958.5,5981.5
ch1736965920,5002,1736965650,1736966220,5972.25,5991.75
cl1736966100,5002,1736965950,1736966700,5976.25,5994.25
ch1736969400,5002,1736969250,1736969520,5979.25,5999.75
cl1736974260,5002,1736973990,1736974440,5986.0,6007.0
ch1737000240,5002,1736999490,1737000420,5984.25,5997.25
ch1737013020,5002,1737012810,1737013260,6000.5,6018.0
ch1737014280,5002,1737013410,1737014400,6004.75,6022.25
cl1737017520,5002,1737016770,1737017820,6003.5,6022.5
ch1737024660,5002,1737024330,1737025260,5998.0,6015.0
cl1737025260,5002,1737025050,1737025380,5999.75,6015.75
ch1737028260,5002,1737028110,1737028560,5997.0,6013.0
cl1737028860,5002,1737028770,1737028980,5995.75,6017.75
cl1737038880,5002,1737038670,1737039480,5977.25,6006.25
ch1737048420,5002,1737048150,1737049080,5974.5,6003.5
ch1737055620,5002,1737055470,1737056220,5962.5,5991.0
cl1737076860,5002,1737076590,1737077520,5972.25,5985.75
cl1737089340,5002,1737089010,1737089760,5980.25,5993.75
ch1737095100,5002,1737094890,1737095400,5978.0,5991.0
ch1737109200,5002,1737108930,1737109440,5989.0,6003.5
ch1737114120,5002,1737113850,1737114300,5992.25,6005.75
ch1737120900,5002,1737120750,1737121080,6006.25,6026.25
ch1737125580,5002,1737125070,1737126000,6002.25,6035.25
ch1737129240,5002,1737128310,1737129480,6017.25,6042.25
cl1737132960,5002,1737132630,1737133200,6033.75,6054.25
ch1737354780,5002,1737354510,1737355020,6026.25,6039.25
cl1737356700,5002,1737356250,1737357060,6029.25,6043.25
cl1737362580,5002,1737362370,1737363900,6030.5,6047.0
cl1737369300,5002,1737369030,1737370140,6030.5,6045.5
ch1737381480,5002,1737381150,1737381660,6039.0,6063.5
ch1737383160,5002,1737382830,1737383460,6044.0,6071.0
ch1737393660,5002,1737392910,1737393840,6045.25,6062.75
cl1737423420,5002,1737423270,1737423720,6016.75,6048.75
cl1737430620,5002,1737430470,1737431400,6039.75,6056.75
ch1737451440,5002,1737451170,1737451920,6043.25,6060.75
ch1737462540,5002,1737462030,1737463080,6046.5,6063.5
cl1737463680,5002,1737463230,1737463860,6049.0,6066.0
ch1737465720,5002,1737465330,1737466020,6047.25,6064.25
cl1737469440,5002,1737469110,1737469620,6052.25,6070.75
ch1737469800,5002,1737469710,1737470040,6049.25,6071.75
ch1737474240,5002,1737473010,1737474780,6039.75,6068.25
ch1737492600,5002,1737491850,1737492780,6071.25,6089.25
ch1737510900,5002,1737510570,1737511140,6093.25,6106.25
cl1737512880,5002,1737512250,1737513060,6095.75,6109.25
ch1737517080,5002,1737516930,1737517440,6095.75,6107.25
ch1737517440,5002,1737517350,1737517680,6095.75,6107.75
cl1737519840,5002,1737519270,1737520320,6095.5,6107.5
cl1737535560,5002,1737535350,1737536040,6100.75,6115.75
cl1737540780,5002,1737540390,1737540900,6103.25,6118.25
cl1737540900,5002,1737540630,1737541860,6102.75,6117.25
cl1737546420,5002,1737545790,1737546900,6104.0,6117.0
cl1737549600,5002,1737548430,1737549900,6106.75,6123.25
ch1737554400,5002,1737553290,1737554700,6110.25,6124.25
ch1737560280,5002,1737558450,1737561120,6113.0,6133.0
ch1737594420,5002,1737593970,1737594720,6109.25,6122.75
ch1737599040,5002,1737598470,1737599340,6106.25,6118.75
ch1737599400,5002,1737599250,1737599700,6107.25,6119.25
cl1737604200,5002,1737603990,1737604920,6107.5,6121.0
cl1737608400,5002,1737608010,1737608700,6110.75,6122.25
cl1737618840,5002,1737618690,1737619200,6103.5,6117.0
cl1737621420,5002,1737621150,1737621720,6100.25,6114.75
cl1737622260,5002,1737622170,1737622740,6097.75,6112.75
ch1737625860,5002,1737625770,1737626040,6099.75,6114.75
ch1737633180,5002,1737632490,1737633600,6103.0,6118.5
ch1737638820,5002,1737638550,1737639000,6104.0,6119.0
cl1737660000,5002,1737659070,1737660300,6124.25,6140.25
ch1737684480,5002,1737684150,1737684780,6140.0,6154.5
cl1737688680,5002,1737688350,1737688800,6146.0,6159.0
ch1737696540,5002,1737696330,1737697440,6141.0,6152.5
ch1737702600,5002,1737702330,1737702960,6139.25,6152.25
ch1737706320,5002,1737705750,1737706440,6137.25,6150.75
ch1737710280,5002,1737709950,1737710400,6139.5,6153.5
cl1737712140,5002,1737711270,1737712680,6140.25,6156.25
cl1737715440,5002,1737715050,1737715860,6134.0,6149.5
cl1737717900,5002,1737716910,1737718080,6136.75,6149.25
cl1737719700,5002,1737719430,1737720000,6137.0,6151.0
ch1737727680,5002,1737727530,1737728280,6137.0,6153.5
cl1737732180,5002,1737730950,1737732420,6142.25,6164.75
ch1737748380,5002,1737747870,1737748800,6118.75,6138.25
cl1737749400,5002,1737749070,1737749940,6122.25,6140.75
cl1737942360,5002,1737942270,1737942540,6067.75,6087.25
cl1737944220,5002,1737943770,1737944640,6067.5,6084.5
cl1737949920,5002,1737949710,1737950880,6075.25,6089.25
cl1737959400,5002,1737958890,1737959580,6048.25,6067.75
ch1737965100,5002,1737964890,1737965520,6019.75,6042.75
cl1737967380,5002,1737967110,1737967740,6001.75,6032.25
cl1737972240,5002,1737972150,1737972840,5992.25,6015.75
cl1737973020,5002,1737972870,1737973920,5985.0,6008.0
ch1737980040,5002,1737979590,1737980640,5972.75,5999.75
ch1737980820,5002,1737980430,1737981720,5975.0,6003.5
ch1737984060,5002,1737983910,1737984780,5998.25,6019.75
cl1737985380,5002,1737984630,1737985860,5998.25,6024.25
ch1737988740,5002,1737988530,1737989640,6005.75,6041.25
ch1737990000,5002,1737988650,1737990840,6009.25,6043.25
cl1737990780,5002,1737990030,1737990960,6019.75,6051.75
ch1737991560,5002,1737991350,1737991680,6007.0,6041.5
cl1737993180,5002,1737992550,1737993360,6030.25,6063.25
cl1737993780,5002,1737993330,1737993960,6021.25,6058.25
cl1737996000,5002,1737994950,1737996480,6008.25,6034.75
cl1738001940,5002,1738000230,1738002480,6007.25,6030.75
cl1738004220,5002,1738004070,1738004640,6010.25,6032.75
ch1738026960,5002,1738026330,1738027200,6038.75,6057.25
ch1738027560,5002,1738027290,1738028820,6040.25,6057.75
cl1738036800,5002,1738036410,1738037640,6037.25,6052.25
ch1738038900,5002,1738038690,1738039020,6033.75,6050.75
ch1738044060,5002,1738043910,1738044180,6035.0,6050.0
ch1738049820,5002,1738049550,1738050900,6037.5,6057.5
ch1738050420,5002,1738049610,1738050780,6041.5,6057.5
ch1738053840,5002,1738053150,1738054020,6042.5,6061.5
cl1738066800,5002,1738066650,1738067040,6041.0,6059.5
ch1738070760,5002,1738070430,1738071180,6050.75,6071.25
cl1738071120,5002,1738071030,1738071300,6053.0,6073.5
ch1738082940,5002,1738082610,1738083360,6050.75,6077.75
cl1738088820,5002,1738088550,1738089540,6087.0,6104.5
cl1738089660,5002,1738089570,1738090200,6081.5,6102.0
cl1738091100,5002,1738090950,1738091280,6080.5,6098.5
ch1738092840,5002,1738092330,1738092960,6081.0,6101.0
cl1738112880,5002,1738112670,1738114020,6085.0,6099.5
ch1738114320,5002,1738113990,1738114740,6085.25,6098.75
cl1738127340,5002,1738127130,1738127460,6091.25,6103.25
ch1738132920,5002,1738132710,1738133400,6096.25,6115.75
ch1738142040,5002,1738141710,1738142340,6091.25,6108.75
cl1738145100,5002,1738144530,1738145520,6094.25,6111.25
cl1738147860,5002,1738147410,1738148400,6096.5,6110.0
ch1738159440,5002,1738159110,1738159800,6076.25,6093.25
cl1738161420,5002,1738161090,1738161660,6074.25,6096.75
cl1738161780,5002,1738161630,1738162020,6069.5,6096.5
cl1738164420,5002,1738164270,1738165440,6072.25,6096.75
cl1738167480,5002,1738166670,1738168560,6067.0,6094.0
ch1738168620,5002,1738168230,1738168800,6065.0,6084.5
cl1738177860,5002,1738177410,1738178220,6041.25,6071.25
cl1738178280,5002,1738177770,1738179180,6037.25,6073.25
ch1738179660,5002,1738179570,1738180020,6044.25,6086.75
ch1738199820,5002,1738199670,1738200720,6077.5,6092.0
ch1738204380,5002,1738203570,1738204740,6085.5,6099.0
cl1738217460,5002,1738217250,1738218300,6083.5,6097.0
ch1738222140,5002,1738221690,1738222260,6081.25,6094.25
cl1738224000,5002,1738223910,1738224120,6085.5,6099.0
cl1738234620,5002,1738234290,1738234800,6082.25,6097.25
cl1738244820,5002,1738244010,1738245240,6073.75,6097.25
cl1738247700,5002,1738247610,1738247940,6078.5,6100.5
ch1738254300,5002,1738254150,1738254540,6055.5,6083.5
ch1738262400,5002,1738262130,1738262520,6084.0,6105.5
cl1738263840,5002,1738263570,1738264320,6090.75,6109.25
cl1738265460,5002,1738264530,1738265640,6091.5,6112.0
ch1738287120,5002,1738286910,1738287780,6098.0,6116.5
ch1738288320,5002,1738287870,1738288560,6102.5,6121.0
cl1738289340,5002,1738289190,1738289760,6110.75,6125.25
cl1738290180,5002,1738289970,1738290780,6109.25,6123.75
cl1738294440,5002,1738294110,1738294620,6106.5,6119.5
cl1738298640,5002,1738298550,1738298880,6106.5,6119.5
ch1738306140,5002,1738305570,1738306380,6111.25,6124.75
ch1738311660,5002,1738311450,1738312140,6111.5,6128.5
ch1738326120,5002,1738325670,1738326420,6121.0,6135.0
ch1738327620,5002,1738327170,1738328100,6118.0,6134.0
ch1738333800,5002,1738333710,1738333920,6111.25,6131.25
cl1738336860,5002,1738336710,1738337100,6125.75,6146.75
ch1738339860,5002,1738339170,1738340520,6132.25,6152.75
cl1738341780,5002,1738341450,1738342320,6129.75,6151.75
cl1738348200,5002,1738347930,1738348380,6105.75,6137.75
cl1738348620,5002,1738348410,1738348860,6090.75,6123.75
cl1738353960,5002,1738353690,1738355280,6057.0,6090.5
cl1738544700,5002,1738544550,1738544940,5953.0,5978.0
cl1738548180,5002,1738547670,1738548420,5951.0,5974.5
ch1738553160,5002,1738552650,1738553340,5933.75,5953.75
ch1738556160,5002,1738555770,1738556580,5937.0,5954.0
ch1738561440,5002,1738561170,1738561680,5937.25,5952.25
ch1738567320,5002,1738567050,1738568280,5946.0,5964.0
ch1738580880,5002,1738580490,1738581240,5971.5,5992.5
cl1738589700,5002,1738589550,1738590000,5962.25,5988.25
ch1738597380,5002,1738597230,1738598460,5980.5,6037.0
cl1738601880,5002,1738601730,1738602060,6009.75,6044.75
ch1738607280,5002,1738606290,1738607580,5993.5,6033.5
cl1738614660,5002,1738614450,1738615080,6022.25,6045.25
cl1738632660,5002,1738632570,1738632780,6033.75,6050.75
ch1738633680,5002,1738632870,1738633860,6030.5,6047.0
cl1738634460,5002,1738634310,1738634820,6035.0,6050.5
cl1738636380,5002,1738636170,1738636680,6032.0,6049.0
ch1738638660,5002,1738638390,1738639500,6023.5,6039.0
cl1738640160,5002,1738639590,1738640340,6026.5,6040.5
cl1738643700,5002,1738643430,1738643820,6026.25,6040.25
ch1738645980,5002,1738645710,1738646220,5984.0,6014.5
ch1738648260,5002,1738648170,1738648620,5996.25,6027.25
ch1738651800,5002,1738651590,1738652280,5997.25,6019.75
ch1738659780,5002,1738659570,1738660200,5991.75,6015.75
cl1738667880,5002,1738667550,1738668060,6005.25,6022.75
ch1738678380,5002,1738677810,1738678560,6015.0,6032.0
ch1738679340,5002,1738679010,1738679520,6010.25,6029.75
ch1738681500,5002,1738681170,1738681620,6018.5,6051.5
ch1738682340,5002,1738681710,1738683600,6034.0,6062.0
cl1738684740,5002,1738684530,1738684920,6042.0,6064.5
ch1738685160,5002,1738684770,1738685760,6033.5,6065.0
cl1738687800,5002,1738687710,1738688100,6048.5,6068.0
ch1738690980,5002,1738690470,1738691400,6030.5,6055.5
ch1738693140,5002,1738692630,1738693260,6040.5,6059.5
cl1738700460,5002,1738700190,1738700640,6053.25,6073.25
ch1738702740,5002,1738702410,1738702980,6052.75,6072.75
ch1738723560,5002,1738723470,1738723920,6035.75,6049.75
cl1738728960,5002,1738728630,1738729560,6029.0,6043.5
ch1738731480,5002,1738731330,1738731600,6030.0,6042.5
ch1738732200,5002,1738731450,1738732560,6030.75,6043.25
cl1738733580,5002,1738733130,1738733820,6029.5,6043.5
cl1738735440,5002,1738735350,1738736040,6026.0,6040.5
cl1738745040,5002,1738744890,1738745220,6019.0,6039.0
cl1738748580,5002,1738748490,1738749300,6015.75,6033.75
ch1738754700,5002,1738754610,1738755360,6026.25,6041.25
ch1738760400,5002,1738759830,1738760580,6029.25,6044.25
ch1738765740,5002,1738765350,1738765980,6039.75,6057.25
ch1738769160,5002,1738768890,1738769340,6026.0,6054.5
cl1738772520,5002,1738772130,1738772880,6040.25,6067.25
ch1738814700,5002,1738814130,1738814880,6088.0,6100.0
ch1738823160,5002,1738823010,1738823520,6095.25,6107.25
cl1738826520,5002,1738826130,1738826760,6093.0,6105.5
ch1738836420,5002,1738835970,1738837740,6091.0,6106.5
ch1738840080,5002,1738839870,1738841160,6083.75,6098.25
cl1738840860,5002,1738840710,1738841280,6084.5,6099.5
ch1738846560,5002,1738846170,1738846740,6088.75,6102.75
ch1738854900,5002,1738854510,1738855560,6085.75,6108.25
ch1738858440,5002,1738858110,1738858680,6083.5,6105.0
cl1738861200,5002,1738861050,1738862340,6086.25,6105.25
ch1738873800,5002,1738873110,1738874460,6077.5,6098.5
cl1738898400,5002,1738897890,1738898880,6099.25,6112.25
ch1738899360,5002,1738898910,1738899540,6098.75,6110.25
cl1738900620,5002,1738900470,1738901160,6097.25,6109.75
cl1738901400,5002,1738901010,1738901880,6096.5,6109.0
ch1738902300,5002,1738901730,1738902600,6096.25,6107.25
ch1738911120,5002,1738911030,1738911480,6090.5,6104.5
ch1738917300,5002,1738916730,1738917600,6091.75,6107.25
cl1738921560,5002,1738921410,1738922160,6098.25,6111.75
cl1738924560,5002,1738924470,1738924740,6097.25,6110.75
cl1738933320,5002,1738932990,1738933500,6098.75,6111.75
cl1738945740,5002,1738945290,1738946100,6055.0,6099.0
cl1738947120,5002,1738946490,1738947600,6048.75,6081.25
ch1738947480,5002,1738947270,1738947660,6042.5,6072.5
ch1738950060,5002,1738949190,1738950300,6039.0,6070.5
cl1738955220,5002,1738954590,1738955460,6045.5,6068.5
cl1738955520,5002,1738955190,1738956060,6042.25,6063.25
cl1738958580,5002,1738958370,1738959060,6040.5,6063.0
cl1739152320,5002,1739151990,1739152800,6058.25,6072.75
cl1739153520,5002,1739153130,1739153760,6057.25,6071.25
cl1739154480,5002,1739154210,1739154720,6055.75,6070.25
cl1739162760,5002,1739162670,1739163300,6059.75,6071.75
ch1739170860,5002,1739170650,1739171940,6058.5,6071.5
cl1739175360,5002,1739175270,1739175780,6059.5,6074.0
cl1739177640,5002,1739177190,1739178000,6061.75,6075.25
ch1739178240,5002,1739177610,1739178600,6061.0,6074.5
ch1739181240,5002,1739180910,1739181420,6061.75,6075.75
cl1739184180,5002,1739184030,1739185200,6069.25,6082.25
cl1739187900,5002,1739187690,1739188620,6070.0,6084.5
cl1739190960,5002,1739190570,1739191500,6069.5,6082.5
cl1739198460,5002,1739198190,1739198820,6062.75,6085.25
cl1739203680,5002,1739203410,1739204100,6081.25,6100.75
cl1739204100,5002,1739203950,1739204340,6078.25,6099.25
ch1739206680,5002,1739206170,1739207160,6072.5,6090.5
ch1739210340,5002,1739209950,1739210460,6074.75,6092.25
ch1739215380,5002,1739215170,1739215620,6083.5,6101.0
ch1739220900,5002,1739220810,1739221140,6074.0,6094.5
cl1739241600,5002,1739241030,1739242020,6063.25,6077.75
ch1739244900,5002,1739244450,1739246280,6065.25,6079.25
cl1739252880,5002,1739251890,1739253060,6071.5,6083.5
ch1739263260,5002,1739263110,1739263680,6066.25,6080.25
ch1739265000,5002,1739264670,1739265480,6066.25,6081.75
cl1739269620,5002,1739269230,1739270040,6064.5,6080.0
ch1739273820,5002,1739273490,1739274060,6063.5,6077.0
ch1739274540,5002,1739274450,1739275020,6064.25,6078.25
ch1739277900,5002,1739277510,1739278080,6063.0,6077.5
ch1739288820,5002,1739288550,1739288940,6073.5,6093.5
ch1739291220,5002,1739289930,1739291520,6076.0,6095.0
cl1739293200,5002,1739292810,1739293320,6074.0,6093.5
cl1739296320,5002,1739296050,1739296920,6070.5,6088.0
cl1739336040,5002,1739335410,1739336460,6081.75,6094.25
cl1739340600,5002,1739340390,1739341080,6080.25,6092.75
ch1739341800,5002,1739341410,1739342400,6080.5,6093.0
cl1739349720,5002,1739349510,1739349960,6084.25,6097.75
ch1739362680,5002,1739362350,1739363100,6079.5,6093.0
ch1739366220,5002,1739366070,1739366340,6086.0,6100.5
cl1739370660,5002,1739370570,1739370900,6018.75,6042.75
cl1739377320,5002,1739376690,1739377500,6037.0,6065.5
ch1739378760,5002,1739378490,1739379000,6040.75,6065.75
ch1739380440,5002,1739380350,1739380920,6059.5,6084.0
cl1739383380,5002,1739383290,1739383620,6073.5,6094.5
cl1739384340,5002,1739383350,1739384460,6070.25,6093.25
ch1739388120,5002,1739387610,1739388240,6057.25,6074.75
cl1739393580,5002,1739392950,1739393760,6059.75,6080.25
cl1739422200,5002,1739422050,1739422500,6082.25,6094.75
ch1739436300,5002,1739435850,1739437260,6048.5,6067.5
cl1739436900,5002,1739436570,1739437200,6052.0,6069.5
ch1739441580,5002,1739441310,1739442720,6061.75,6077.25
cl1739442720,5002,1739442090,1739442900,6063.5,6079.5
ch1739443260,5002,1739442870,1739445240,6063.25,6079.25
ch1739447160,5002,1739445570,1739447280,6068.5,6082.5
cl1739450880,5002,1739450670,1739451000,6061.75,6078.75
cl1739453520,5002,1739453430,1739453640,6058.0,6082.5
ch1739474520,5002,1739473650,1739475180,6107.0,6127.5
ch1739477340,5002,1739476830,1739477820,6118.25,6137.25
ch1739477940,5002,1739477730,1739478360,6123.0,6140.5
cl1739479500,5002,1739479230,1739480220,6124.25,6141.25
ch1739480340,5002,1739480070,1739480520,6121.5,6143.0
ch1739495280,5002,1739495070,1739495820,6128.25,6143.25
cl1739502600,5002,1739502330,1739505060,6136.25,6149.25
cl1739506320,5002,1739505510,1739508540,6137.5,6149.5
ch1739513100,5002,1739512890,1739513640,6133.75,6145.75
cl1739518860,5002,1739518530,1739519940,6137.75,6151.25
cl1739522340,5002,1739522250,1739522460,6129.5,6144.0
cl1739522460,5002,1739522250,1739522640,6129.0,6144.5
cl1739523120,5002,1739522910,1739523420,6127.25,6142.75
ch1739524320,5002,1739523690,1739525400,6129.5,6144.0
cl1739528520,5002,1739528370,1739528640,6125.25,6138.75
cl1739533980,5002,1739533290,1739534400,6116.25,6131.25
ch1739541300,5002,1739540670,1739541780,6124.0,6139.0
ch1739545800,5002,1739545410,1739546400,6127.75,6150.25
cl1739546100,5002,1739545890,1739546280,6134.5,6153.0
cl1739546340,5002,1739546070,1739546520,6132.0,6152.0
cl1739546520,5002,1739546250,1739547000,6131.5,6152.0
ch1739555520,5002,1739555250,1739555640,6119.5,6139.5
cl1739559600,5002,1739559330,1739560320,6134.0,6149.5
cl1739566140,5002,1739565630,1739566380,6125.75,6142.75
ch1739758440,5002,1739758350,1739759220,6132.5,6146.0
ch1739767800,5002,1739767530,1739767980,6137.25,6149.25
ch1739775660,5002,1739774790,1739775960,6139.25,6150.25
cl1739792940,5002,1739792730,1739793660,6136.25,6147.75
cl1739793300,5002,1739792730,1739793660,6136.25,6147.75
cl1739802420,5002,1739802210,1739802600,6138.0,6152.5
ch1739813760,5002,1739813490,1739814060,6139.25,6151.25
ch1739814600,5002,1739814450,1739815020,6139.25,6151.75
ch1739840400,5002,1739840250,1739840880,6134.25,6147.75
cl1739845860,5002,1739845530,1739846280,6137.5,6150.0
cl1739852760,5002,1739852430,1739853720,6139.25,6150.25
cl1739857620,5002,1739857290,1739858220,6138.25,6149.75
ch1739862240,5002,1739861910,1739862360,6146.75,6160.75
cl1739867700,5002,1739867490,1739868120,6142.25,6159.25
ch1739886660,5002,1739885790,1739888280,6148.75,6162.25
cl1739890020,5002,1739889810,1739890440,6128.75,6149.75
cl1739891940,5002,1739891670,1739892420,6123.75,6147.75
cl1739892420,5002,1739891670,1739892660,6123.5,6148.0
cl1739893560,5002,1739893470,1739893980,6126.0,6146.0
ch1739900040,5002,1739899530,1739900460,6125.0,6142.5
cl1739911020,5002,1739910750,1739911380,6126.75,6144.25
ch1739926800,5002,1739926590,1739927880,6147.5,6160.0
ch1739928540,5002,1739928270,1739928840,6148.0,6161.0
cl1739936040,5002,1739935590,1739936520,6150.5,6162.0
ch1739937240,5002,1739936970,1739937480,6151.0,6162.0
cl1739942520,5002,1739940090,1739943120,6147.0,6159.0
ch1739945760,5002,1739944650,1739946180,6147.0,6158.5
cl1739951640,5002,1739951550,1739951880,6145.75,6158.75
ch1739952120,5002,1739951970,1739952600,6143.0,6157.5
cl1739959860,5002,1739959650,1739960460,6142.25,6155.75
ch1739963160,5002,1739963010,1739964420,6131.75,6146.75
cl1739974620,5002,1739974530,1739974980,6127.0,6143.5
cl1739985180,5002,1739985030,1739985300,6143.5,6160.0
cl1739985300,5002,1739985030,1739985600,6142.75,6160.75
ch1739990160,5002,1739989770,1739990400,6143.0,6158.5
cl1739991600,5002,1739991150,1739991780,6142.75,6157.75
ch1739994660,5002,1739994570,1739995500,6154.0,6171.5
cl1740013680,5002,1740013410,1740013800,6150.0,6162.5
cl1740014700,5002,1740014610,1740014880,6144.25,6162.25
ch1740020940,5002,1740019590,1740021420,6141.5,6154.5
ch1740021060,5002,1740019590,1740021420,6141.5,6154.5
cl1740021720,5002,1740021090,1740021900,6142.75,6156.25
cl1740023400,5002,1740023310,1740023820,6142.75,6154.75
cl1740043440,5002,1740043290,1740043740,6143.75,6156.75
ch1740046080,5002,1740045690,1740046380,6145.0,6160.0
cl1740048120,5002,1740047190,1740048480,6148.0,6159.5
cl1740048960,5002,1740048810,1740049200,6146.75,6159.25
ch1740049500,5002,1740049350,1740049620,6145.75,6157.75
cl1740049620,5002,1740049530,1740050160,6145.25,6157.75
cl1740050160,5002,1740049530,1740050400,6144.75,6158.25
cl1740052740,5002,1740052650,1740052920,6138.25,6154.75
cl1740058620,5002,1740057150,1740059040,6138.5,6152.5
ch1740060360,5002,1740060090,1740060720,6139.5,6155.0
cl1740063660,5002,1740063570,1740063840,6097.75,6135.75
cl1740074520,5002,1740074070,1740075240,6105.25,6130.25
ch1740078720,5002,1740078570,1740079200,6110.5,6132.0
ch1740082800,5002,1740082650,1740082920,6113.25,6138.25
cl1740109440,5002,1740108690,1740109800,6128.25,6140.25
cl1740109860,5002,1740109710,1740111180,6127.75,6139.25
cl1740112500,5002,1740111750,1740113160,6127.25,6138.75
cl1740114240,5002,1740114150,1740114420,6125.25,6138.25
ch1740115800,5002,1740115470,1740116280,6124.25,6136.25
cl1740117360,5002,1740116730,1740117960,6125.0,6137.5
ch1740120000,5002,1740119790,1740120180,6127.0,6139.0
ch1740120720,5002,1740120390,1740121200,6128.75,6140.75
ch1740121620,5002,1740121170,1740122280,6129.0,6141.5
cl1740122220,5002,1740121770,1740122520,6130.25,6142.25
ch1740126600,5002,1740126510,1740128460,6125.0,6140.5
ch1740130380,5002,1740130170,1740131040,6128.5,6142.5
ch1740132000,5002,1740130350,1740132240,6129.5,6143.0
ch1740142320,5002,1740141510,1740142980,6132.75,6146.25
cl1740144660,5002,1740143850,1740144960,6133.25,6147.75
cl1740146400,5002,1740145710,1740146580,6134.0,6149.0
cl1740162720,5002,1740162510,1740163020,6040.5,6069.5
cl1740164460,5002,1740164190,1740165300,6037.25,6063.75
cl1740165960,5002,1740165690,1740166140,6026.25,6048.75
cl1740166680,5002,1740166410,1740166860,6021.0,6048.0
ch1740359520,5002,1740358650,1740360240,6043.5,6059.0
ch1740371220,5002,1740371070,1740371700,6053.25,6065.25
cl1740371760,5002,1740371670,1740372060,6052.75,6065.75
ch1740372420,5002,1740371910,1740372660,6052.0,6064.5
ch1740375840,5002,1740375390,1740376080,6054.0,6067.5
ch1740376860,5002,1740376530,1740377700,6054.5,6067.0
ch1740378480,5002,1740377910,1740378780,6057.0,6068.5
cl1740381360,5002,1740381270,1740381600,6049.75,6064.25
ch1740382860,5002,1740382710,1740383160,6046.0,6060.5
cl1740383100,5002,1740383010,1740383340,6045.75,6061.75
ch1740389460,5002,1740388530,1740389760,6055.5,6072.5
cl1740395580,5002,1740395430,1740396120,6053.5,6068.0
cl1740398160,5002,1740397650,1740398580,6053.75,6067.25
ch1740398340,5002,1740398250,1740398580,6052.25,6066.75
cl1740398700,5002,1740398550,1740399120,6050.5,6068.0
ch1740400680,5002,1740400170,1740400860,6047.5,6065.5
cl1740403980,5002,1740403770,1740404460,6053.0,6068.0
cl1740407400,5002,1740407190,1740407520,6042.25,6062.75
cl1740409140,5002,1740408870,1740409260,6011.0,6040.0
cl1740411420,5002,1740410790,1740411960,5999.0,6030.0
cl1740419820,5002,1740419430,1740419940,6032.25,6053.25
cl1740424740,5002,1740424590,1740424860,6025.0,6046.5
cl1740445260,5002,1740444930,1740445500,6002.25,6017.25
ch1740448860,5002,1740448410,1740448980,6005.0,6019.5
ch1740457320,5002,1740456990,1740458220,6004.75,6018.75
cl1740475560,5002,1740475050,1740475800,5989.0,6006.5
ch1740478620,5002,1740477810,1740480660,5976.0,5994.5
cl1740480960,5002,1740480570,1740481080,5975.75,5995.25
ch1740481920,5002,1740481170,1740482100,5971.25,5989.75
ch1740490200,5002,1740489930,1740490620,5997.25,6015.75
cl1740493620,5002,1740493470,1740493800,5986.5,6008.0
ch1740493980,5002,1740493890,1740494160,5976.0,6012.5
cl1740497340,5002,1740497010,1740497460,5929.75,5963.75
cl1740497460,5002,1740497010,1740497880,5928.5,5965.0
ch1740505320,5002,1740504990,1740505920,5954.25,5978.75
cl1740507480,5002,1740507150,1740507600,5969.25,5995.25
ch1740537660,5002,1740536310,1740538020,5974.25,5990.75
ch1740538020,5002,1740537510,1740538140,5977.75,5991.25
ch1740548700,5002,1740548310,1740549480,5986.5,5999.5
cl1740551580,5002,1740551250,1740551760,5986.75,5998.75
cl1740552060,5002,1740551250,1740552420,5986.25,5999.25
cl1740553440,5002,1740553290,1740553620,5985.5,5999.0
cl1740555420,5002,1740555210,1740555900,5986.5,6002.0
cl1740555600,5002,1740555210,1740555900,5986.5,6002.0
ch1740556080,5002,1740555690,1740556200,5984.0,6000.0
cl1740565860,5002,1740565590,1740566460,5991.75,6005.25
ch1740568380,5002,1740567690,1740568620,5993.0,6007.5
ch1740570240,5002,1740569670,1740570660,5993.75,6008.25
cl1740577320,5002,1740577230,1740577440,5993.0,6009.5
cl1740578160,5002,1740578070,1740578520,5984.0,6002.0
ch1740582000,5002,1740581310,1740582180,5977.0,6012.0
cl1740590340,5002,1740590250,1740590520,6003.75,6037.75
cl1740593820,5002,1740593430,1740594240,5967.5,6000.5
cl1740595740,5002,1740595110,1740595920,5952.75,5988.25
cl1740595920,5002,1740595530,1740596100,5949.5,5981.5
cl1740596880,5002,1740596610,1740597540,5940.5,5974.5
cl1740600000,5002,1740599850,1740600480,5946.5,5970.5
cl1740601860,5002,1740601710,1740602400,5953.25,5977.75
cl1740621600,5002,1740620610,1740621900,5965.0,5981.0
ch1740631260,5002,1740630990,1740631740,5964.5,5978.5
ch1740634200,5002,1740633630,1740634860,5973.0,5990.0
ch1740637080,5002,1740636930,1740637320,5984.0,5999.5
cl1740638100,5002,1740638010,1740638700,5986.75,6001.25
ch1740646740,5002,1740646530,1740647100,5992.0,6010.0
ch1740649800,5002,1740649050,1740650640,5995.0,6012.0
ch1740654060,5002,1740653430,1740654180,5996.75,6011.25
ch1740658860,5002,1740658650,1740659940,6001.0,6017.0
cl1740660120,5002,1740660030,1740660600,6004.5,6020.5
cl1740662760,5002,1740662490,1740662880,5999.25,6017.75
cl1740664440,5002,1740664110,1740664920,5972.5,6014.5
cl1740670440,5002,1740670170,1740670560,5959.0,6003.5
cl1740676560,5002,1740676410,1740676800,5937.75,5964.25
ch1740680760,5002,1740679890,1740681960,5951.25,5983.25
cl1740681900,5002,1740681630,1740682200,5960.75,5989.25
cl1740682800,5002,1740682710,1740683160,5953.75,5985.25
cl1740684600,5002,1740684510,1740684720,5921.5,5953.5
ch1740705480,5002,1740705030,1740705660,5871.75,5889.75
cl1740713880,5002,1740713490,1740714240,5855.0,5875.5
ch1740714780,5002,1740714630,1740715620,5850.25,5873.75
ch1740719160,5002,1740718770,1740719340,5869.25,5888.75
cl1740722460,5002,1740722070,1740722820,5872.75,5889.25
cl1740725700,5002,1740725610,1740726000,5869.5,5886.0
ch1740731280,5002,1740730830,1740731640,5877.25,5897.75
ch1740733080,5002,1740732630,1740733500,5881.5,5898.5
cl1740737400,5002,1740737310,1740737700,5886.25,5902.75
ch1740738180,5002,1740737730,1740738480,5882.25,5901.25
ch1740747540,5002,1740747210,1740747780,5877.5,5897.0
cl1740748620,5002,1740748230,1740749040,5880.0,5902.5
cl1740748800,5002,1740748230,1740749040,5880.0,5902.5
ch1740753420,5002,1740753330,1740753780,5852.25,5888.25
ch1740756660,5002,1740756150,1740758280,5870.75,5915.75
cl1740760200,5002,1740759930,1740760440,5876.75,5906.25
cl1740763440,5002,1740763350,1740763860,5883.5,5922.5
cl1740765000,5002,1740764730,1740765240,5858.0,5897.0
cl1740766740,5002,1740766530,1740766860,5843.5,5890.0
ch1740767220,5002,1740767130,1740767340,5837.75,5871.25
ch1740770160,5002,1740769170,1740770280,5839.25,5879.75
ch1740963780,5002,1740963570,1740963960,5945.25,5965.25
ch1740975240,5002,1740974970,1740975480,5959.5,5974.5
cl1740982320,5002,1740981930,1740982920,5967.5,5983.5
ch1740983280,5002,1740983010,1740983400,5965.75,5979.75
ch1740988380,5002,1740987510,1740988560,5963.25,5980.75
ch1740995640,5002,1740995430,1740995820,5969.0,5987.0
cl1741001760,5002,1741001670,1741001940,5978.0,5993.0
ch1741002240,5002,1741001850,1741002660,5975.75,5991.25
ch1741003140,5002,1741003050,1741003320,5979.25,5994.25
ch1741010340,5002,1741009470,1741010580,5974.5,5992.5
cl1741011240,5002,1741010910,1741011600,5981.5,6001.5
cl1741012200,5002,1741011990,1741012380,5975.5,5996.5
cl1741016220,5002,1741015830,1741016580,5944.75,5986.25
ch1741020960,5002,1741020510,1741021560,5931.5,5962.5
cl1741024980,5002,1741024470,1741025100,5931.25,5960.75
cl1741051200,5002,1741051050,1741051860,5861.0,5882.0
ch1741061820,5002,1741061010,1741062060,5863.0,5879.5
cl1741063800,5002,1741063050,1741064400,5863.5,5881.0
cl1741074000,5002,1741073730,1741074300,5855.25,5877.25
ch1741076460,5002,1741075770,1741076820,5845.0,5875.5
ch1741077780,5002,1741077030,1741078020,5858.0,5883.5
cl1741081320,5002,1741081170,1741081500,5854.5,5876.0
cl1741094940,5002,1741094250,1741095120,5807.0,5836.0
ch1741097400,5002,1741096890,1741097880,5807.75,5840.75
cl1741099980,5002,1741099710,1741100340,5782.0,5839.5
cl1741104120,5002,1741103370,1741104480,5749.75,5791.75
cl1741104600,5002,1741103430,1741104840,5741.5,5787.5
ch1741114680,5002,1741114470,1741114920,5801.75,5835.25
ch1741117560,5002,1741117350,1741118280,5825.0,5856.5
cl1741148580,5002,1741148190,1741148940,5822.0,5841.5
cl1741151880,5002,1741151790,1741152120,5815.75,5833.75
cl1741164960,5002,1741164330,1741165200,5816.25,5836.75
ch1741166820,5002,1741166490,1741167240,5820.5,5844.0
cl1741169820,5002,1741169490,1741170240,5821.25,5848.75
cl1741180740,5002,1741180650,1741181280,5784.25,5819.25
cl1741186200,5002,1741185930,1741186440,5781.5,5833.5
ch1741196400,5002,1741195650,1741196880,5787.0,5820.0
ch1741197180,5002,1741197030,1741197540,5797.5,5832.0
cl1741228980,5002,1741228590,1741230060,5835.0,5849.5
cl1741247100,5002,1741247010,1741247220,5827.5,5845.0
cl1741251600,5002,1741251510,1741251840,5792.25,5818.75
cl1741255080,5002,1741254510,1741255260,5783.5,5808.0
cl1741267260,5002,1741267110,1741267920,5764.25,5788.75
cl1741274820,5002,1741274610,1741275000,5783.75,5824.25
ch1741276800,5002,1741276590,1741276980,5773.0,5818.5
cl1741314360,5002,1741314030,1741314540,5761.75,5780.25
ch1741321800,5002,1741321710,1741321980,5749.25,5767.25
ch1741321980,5002,1741321710,1741322220,5749.0,5767.5
ch1741322520,5002,1741321950,1741323420,5754.0,5769.5
cl1741324380,5002,1741324290,1741324740,5753.5,5769.0
cl1741326240,5002,1741325670,1741326420,5756.25,5771.75
cl1741329360,5002,1741328490,1741329540,5745.5,5762.5
cl1741332000,5002,1741331610,1741332480,5752.75,5771.25
cl1741334460,5002,1741333950,1741334760,5753.0,5773.5
ch1741338660,5002,1741338090,1741338840,5752.75,5774.75
cl1741342140,5002,1741341930,1741342380,5751.5,5773.0
cl1741345860,5002,1741345590,1741346340,5755.5,5773.0
cl1741348860,5002,1741348110,1741349280,5756.5,5773.0
ch1741349160,5002,1741348890,1741349400,5754.75,5770.75
ch1741349700,5002,1741349550,1741350000,5752.75,5769.25
cl1741352700,5002,1741352370,1741352880,5742.25,5760.25
cl1741355940,5002,1741355790,1741356540,5724.25,5764.25
cl1741364160,5002,1741363170,1741364280,5704.25,5747.25
ch1741368840,5002,1741368690,1741368960,5665.75,5717.25
ch1741373280,5002,1741372590,1741373520,5730.25,5772.25
cl1741569780,5002,1741568850,1741569900,5735.75,5753.25
ch1741570920,5002,1741570710,1741571160,5738.0,5755.5
cl1741573680,5002,1741573530,1741573800,5743.25,5759.25
cl1741576440,5002,1741576290,1741576860,5741.75,5764.75
cl1741576980,5002,1741576770,1741577700,5739.5,5758.0
ch1741579620,5002,1741579410,1741579860,5743.25,5758.25
ch1741590360,5002,1741590090,1741590600,5742.5,5759.0
cl1741591020,5002,1741590930,1741591200,5740.5,5756.0
cl1741592880,5002,1741592670,1741593060,5739.25,5757.75
cl1741596240,5002,1741596090,1741596360,5709.0,5738.0
ch1741598700,5002,1741598430,1741598820,5704.25,5728.75
ch1741598820,5002,1741598490,1741599180,5705.5,5730.0
cl1741600620,5002,1741600410,1741600920,5708.75,5736.75
ch1741604520,5002,1741604370,1741604760,5696.25,5721.75
ch1741605480,5002,1741604730,1741605660,5691.5,5723.0
cl1741608540,5002,1741608270,1741608660,5690.5,5717.5
cl1741621440,5002,1741621230,1741621740,5647.25,5689.25
cl1741622880,5002,1741622070,1741623420,5644.5,5679.5
cl1741624740,5002,1741624590,1741626120,5637.25,5672.25
cl1741627860,5002,1741627470,1741628040,5623.5,5661.0
cl1741628220,5002,1741628010,1741629000,5613.5,5648.0
cl1741629960,5002,1741629570,1741630380,5605.0,5634.5
ch1741654680,5002,1741654470,1741654800,5547.75,5581.25
cl1741655280,5002,1741655190,1741656000,5553.0,5583.0
ch1741658520,5002,1741658310,1741658700,5573.5,5597.5
ch1741658880,5002,1741658790,1741659000,5587.25,5612.75
cl1741665300,5002,1741664310,1741665600,5617.75,5638.25
ch1741670220,5002,1741670070,1741671240,5623.0,5641.0
ch1741680900,5002,1741680570,1741681500,5621.0,5647.0
cl1741701600,5002,1741701210,1741701720,5593.25,5638.75
cl1741709220,5002,1741708950,1741709400,5567.0,5613.5
cl1741713780,5002,1741713630,1741714980,5529.0,5577.0
cl1741722780,5002,1741722570,1741722900,5582.25,5644.25
ch1741739040,5002,1741738830,1741739760,5583.0,5603.5
cl1741742400,5002,1741741530,1741742760,5584.0,5602.0
cl1741746480,5002,1741745970,1741746600,5590.25,5606.25
cl1741746780,5002,1741746270,1741746960,5589.25,5604.25
cl1741749060,5002,1741748910,1741749300,5585.0,5599.5
ch1741753440,5002,1741753110,1741753620,5584.25,5600.25
cl1741754760,5002,1741754370,1741755240,5586.25,5601.75
cl1741756620,5002,1741756470,1741757160,5584.75,5599.25
ch1741764780,5002,1741764210,1741765140,5573.5,5591.5
cl1741767420,5002,1741767030,1741767720,5584.25,5607.25
ch1741771800,5002,1741770930,1741771980,5598.5,5618.0
cl1741772700,5002,1741772490,1741773120,5602.0,5622.0
cl1741774140,5002,1741773870,1741774320,5603.75,5623.75
ch1741775400,5002,1741774650,1741775640,5597.5,5615.0
cl1741780800,5002,1741780710,1741780980,5612.5,5632.5
cl1741785540,5002,1741785030,1741785780,5623.5,5657.0
cl1741786200,5002,1741785090,1741786380,5623.0,5653.0
ch1741794420,5002,1741793730,1741794660,5574.5,5607.5
cl1741802400,5002,1741802130,1741802580,5586.75,5620.75
ch1741803060,5002,1741802850,1741803240,5580.25,5614.25
ch1741803600,5002,1741802970,1741804080,5577.5,5619.0
cl1741826340,5002,1741826010,1741826700,5608.25,5623.75
ch1741831020,5002,1741830690,1741831920,5598.25,5617.75
cl1741837020,5002,1741836930,1741837260,5581.25,5601.75
cl1741844340,5002,1741844010,1741844940,5565.75,5586.25
ch1741845000,5002,1741844790,1741845600,5564.5,5583.0
ch1741845360,5002,1741844790,1741845600,5564.5,5583.0
ch1741856400,5002,1741856070,1741856760,5565.75,5586.75
cl1741863240,5002,1741863030,1741863420,5596.5,5620.0
ch1741868280,5002,1741868070,1741868580,5564.0,5589.0
cl1741876560,5002,1741876350,1741876680,5570.0,5611.5
ch1741884780,5002,1741884510,1741885500,5511.5,5548.0
ch1741885500,5002,1741885050,1741885740,5514.0,5551.0
cl1741887420,5002,1741886970,1741887840,5508.25,5538.25
ch1741891740,5002,1741890930,1741892460,5528.0,5560.5
ch1741918260,5002,1741917570,1741918440,5553.0,5570.0
ch1741920840,5002,1741920690,1741921320,5556.75,5574.75
ch1741927560,5002,1741927230,1741928400,5559.5,5574.5
ch1741941000,5002,1741940610,1741941240,5555.25,5576.75
cl1741947360,5002,1741947150,1741948320,5558.0,5575.5
cl1741950480,5002,1741949850,1741950720,5563.75,5584.25
ch1741952640,5002,1741952250,1741952880,5561.0,5581.0
ch1741960440,5002,1741960050,1741960740,5582.75,5612.75
ch1741965360,5002,1741964310,1741965480,5587.25,5626.25
ch1741965480,5002,1741964310,1741965600,5587.0,5626.5
ch1741966920,5002,1741966290,1741967040,5612.25,5637.75
cl1741973220,5002,1741972710,1741973640,5617.75,5647.75
cl1741974540,5002,1741974030,1741975500,5610.5,5637.5
cl1741976400,5002,1741975890,1741976580,5610.75,5635.75
cl1741978620,5002,1741978230,1741979100,5618.25,5648.25
cl1741980960,5002,1741980450,1741981200,5621.25,5644.25
cl1741981320,5002,1741980870,1741981680,5619.0,5644.0
cl1742176320,4916,1742176230,1742176680,5661.0,5677.0
ch1742183340,4916,1742183070,1742183520,5654.5,5669.5
ch1742191200,4916,1742190750,1742191440,5655.25,5668.25
ch1742204880,4916,1742204190,1742205360,5657.25,5675.25
cl1742205600,4916,1742205090,1742205780,5659.75,5677.25
ch1742208720,4916,1742208390,1742209020,5669.75,5686.25
cl1742211120,4916,1742210970,1742211600,5674.25,5690.25
cl1742211420,4916,1742210970,1742211600,5674.25,5690.25
cl1742216280,4916,1742215350,1742216400,5686.75,5710.25
ch1742218860,4916,1742218590,1742219100,5701.75,5728.75
ch1742219160,4916,1742218710,1742219400,5697.5,5730.5
ch1742224920,4916,1742224290,1742225580,5687.0,5719.5
cl1742225400,4916,1742224950,1742225520,5697.0,5727.5
ch1742230320,4916,1742230110,1742230440,5688.5,5714.0
cl1742238120,4916,1742237910,1742238240,5745.5,5768.5
cl1742258280,4916,1742258010,1742259480,5720.5,5735.0
ch1742259900,4916,1742258250,1742260080,5718.5,5733.5
ch1742270820,4916,1742270550,1742271060,5706.5,5719.5
cl1742275380,4916,1742274990,1742275620,5706.0,5719.5
cl1742279820,4916,1742279730,1742280120,5710.75,5724.25
cl1742282040,4916,1742281830,1742282580,5711.75,5728.75
ch1742285760,4916,1742285310,1742285940,5713.75,5731.75
cl1742292540,4916,1742292270,1742292660,5709.5,5732.5
ch1742296260,4916,1742296170,1742296380,5710.5,5729.0
cl1742305500,4916,1742305410,1742306100,5667.0,5712.0
ch1742315220,4916,1742314230,1742315340,5652.75,5677.75
cl1742317620,4916,1742317470,1742318040,5653.25,5684.25
cl1742321640,4916,1742320950,1742322180,5652.25,5681.75
ch1742344860,4916,1742344470,1742345160,5670.75,5691.75
cl1742345820,4916,1742345550,1742346180,5679.75,5696.25
ch1742350260,4916,1742349930,1742350740,5674.75,5688.75
cl1742351460,4916,1742351190,1742352360,5676.5,5691.0
cl1742354940,4916,1742354790,1742355540,5675.0,5689.0
ch1742358300,4916,1742358030,1742358600,5670.25,5682.75
cl1742360520,4916,1742360430,1742360700,5669.25,5682.25
cl1742365080,4916,1742364750,1742365260,5667.25,5680.75
ch1742382660,4916,1742382570,1742384340,5675.25,5691.75
ch1742398440,4916,1742397690,1742398680,5691.75,5714.25
cl1742400840,4916,1742400690,1742400960,5706.5,5727.0
cl1742403060,4916,1742401830,1742403360,5702.5,5724.0
cl1742405520,4916,1742405310,1742405820,5683.5,5707.0
ch1742409180,4916,1742409030,1742409840,5692.25,5732.25
ch1742410860,4916,1742410290,1742411040,5705.75,5753.25
ch1742430600,4916,1742430270,1742430780,5739.5,5756.5
cl1742434500,4916,1742434170,1742434980,5743.75,5757.25
ch1742436840,4916,1742436570,1742437320,5740.25,5756.25
cl1742449260,4916,1742448930,1742449860,5750.25,5762.25
cl1742452860,4916,1742452590,1742452980,5745.0,5758.5
ch1742458020,4916,1742457630,1742458380,5743.25,5759.75
cl1742460360,4916,1742460210,1742461020,5748.5,5765.0
cl1742465580,4916,1742465490,1742465700,5703.5,5728.0
cl1742467380,4916,1742466390,1742467740,5678.25,5708.75
cl1742475960,4916,1742475570,1742476740,5688.5,5716.0
ch1742480220,4916,1742479590,1742480580,5725.0,5755.5
cl1742491020,4916,1742490630,1742491260,5715.75,5744.25
cl1742495460,4916,1742495250,1742495880,5690.0,5722.0
ch1742497620,4916,1742497170,1742497920,5686.75,5718.25
ch1742523240,4916,1742523150,1742523660,5712.0,5726.0
ch1742525160,4916,1742525070,1742525520,5711.0,5726.0
cl1742533800,4916,1742533470,1742534220,5701.75,5717.75
ch1742534280,4916,1742534190,1742535480,5702.0,5716.5
ch1742537040,4916,1742536650,1742537580,5697.75,5712.25
ch1742540460,4916,1742540130,1742540640,5705.75,5722.25
cl1742545320,4916,1742545230,1742545440,5684.5,5706.5
ch1742550120,4916,1742549550,1742550960,5683.5,5702.0
cl1742559600,4916,1742559330,1742559900,5690.0,5708.5
cl1742560020,4916,1742559570,1742560140,5687.75,5710.75
cl1742568000,4916,1742567730,1742568420,5657.25,5685.75
cl1742577300,4916,1742577030,1742577480,5693.0,5717.0
cl1742578320,4916,1742577990,1742578680,5682.75,5710.75
cl1742584080,4916,1742583570,1742584200,5685.5,5711.5
cl1742586060,4916,1742585910,1742586540,5686.0,5709.5
ch1742777520,4916,1742777130,1742777760,5745.75,5760.25
cl1742778300,4916,1742777970,1742778480,5748.5,5762.5
ch1742779380,4916,1742778990,1742779620,5747.25,5761.75
cl1742795880,4916,1742795010,1742796060,5750.25,5761.25
cl1742796060,4916,1742795970,1742796360,5750.0,5761.5
cl1742801760,4916,1742801430,1742802720,5760.5,5774.5
ch1742806500,4916,1742806170,1742807040,5767.75,5783.75
cl1742808360,4916,1742808270,1742808720,5768.0,5784.5
ch1742816400,4916,1742816190,1742816760,5774.25,5790.75
cl1742817360,4916,1742816910,1742817600,5778.5,5795.0
cl1742818620,4916,1742818410,1742818740,5775.75,5791.75
cl1742822700,4916,1742822550,1742822940,5777.25,5797.25
ch1742824200,4916,1742823870,1742824320,5781.25,5806.75
cl1742833800,4916,1742833710,1742834460,5799.5,5822.0
ch1742864340,4916,1742863950,1742864640,5805.25,5819.75
cl1742874300,4916,1742873970,1742874420,5802.0,5814.0
ch1742882040,4916,1742881470,1742883000,5800.5,5812.5
cl1742883120,4916,1742882910,1742883300,5801.0,5812.0
ch1742885520,4916,1742885370,1742885700,5799.75,5811.75
cl1742887500,4916,1742886990,1742887860,5806.0,5819.0
ch1742900580,4916,1742900430,1742900760,5811.0,5827.5
ch1742911860,4916,1742911530,1742912040,5804.75,5830.75
ch1742913000,4916,1742912370,1742913360,5811.0,5836.5
cl1742919540,4916,1742919090,1742919840,5811.5,5831.0
ch1742921220,4916,1742920830,1742921400,5807.5,5826.0
cl1742927520,4916,1742927070,1742928060,5808.75,5829.75
cl1742950620,4916,1742950050,1742950800,5829.0,5841.5
cl1742950800,4916,1742950230,1742951040,5828.5,5840.5
ch1742969160,4916,1742969070,1742970420,5813.5,5825.5
cl1742970840,4916,1742970510,1742971020,5812.25,5826.75
ch1742971500,4916,1742971170,1742971860,5812.5,5825.5
ch1742972460,4916,1742972370,1742973420,5814.5,5829.0
cl1742976000,4916,1742975910,1742976180,5817.75,5831.25
ch1742977800,4916,1742977470,1742978040,5810.25,5827.25
cl1742982360,4916,1742982090,1742982660,5811.5,5827.0
cl1742990760,4916,1742990370,1742991000,5821.25,5835.75
ch1742995920,4916,1742995770,1742996100,5814.25,5833.75
cl1742997480,4916,1742997330,1742998800,5800.5,5827.0
ch1743001380,4916,1743000570,1743002520,5787.0,5815.5
ch1743009180,4916,1743008730,1743009540,5756.5,5778.5
cl1743009900,4916,1743009330,1743010080,5755.25,5779.75
cl1743010080,4916,1743009390,1743010200,5753.75,5784.75
ch1743010920,4916,1743010770,1743011280,5739.5,5769.5
cl1743012180,4916,1743011010,1743012720,5746.0,5769.0
cl1743014640,4916,1743014430,1743014820,5746.25,5772.25
ch1743018240,4916,1743017910,1743018420,5739.25,5763.25
cl1743034740,4916,1743034290,1743035220,5740.75,5760.25
cl1743038640,4916,1743037950,1743039000,5746.5,5762.0
cl1743049200,4916,1743048690,1743049680,5760.5,5774.5
ch1743050160,4916,1743050070,1743050400,5760.0,5773.0
ch1743054120,4916,1743053850,1743054480,5762.75,5776.75
cl1743055020,4916,1743054810,1743055200,5759.0,5774.0
ch1743055800,4916,1743055650,1743055980,5757.0,5773.0
cl1743061500,4916,1743061350,1743061860,5752.0,5771.5
cl1743061860,4916,1743061710,1743062100,5750.25,5767.75
ch1743066240,4916,1743065730,1743067440,5751.0,5770.0
cl1743070980,4916,1743070470,1743071940,5758.0,5776.0
cl1743071340,4916,1743070470,1743071940,5758.0,5776.0
ch1743076680,4916,1743076470,1743077100,5744.0,5764.0
cl1743082980,4916,1743082590,1743083400,5715.0,5743.0
ch1743087360,4916,1743086250,1743087540,5758.5,5783.5
ch1743101520,4916,1743100770,1743101820,5742.75,5767.75
cl1743101940,4916,1743101790,1743102240,5739.25,5766.75
ch1743102900,4916,1743102750,1743103140,5739.5,5770.0
ch1743123120,4916,1743122970,1743123600,5731.25,5746.75
cl1743135480,4916,1743135090,1743136020,5735.0,5749.0
ch1743142920,4916,1743142830,1743143520,5739.25,5752.75
cl1743146880,4916,1743146730,1743147000,5722.5,5739.5
ch1743151740,4916,1743151530,1743152580,5713.0,5732.5
ch1743152580,4916,1743151650,1743154440,5714.5,5733.0
ch1743153180,4916,1743151650,1743154440,5714.5,5733.0
cl1743168540,4916,1743168270,1743168660,5715.5,5744.5
ch1743176220,4916,1743175830,1743176640,5639.5,5670.0
ch1743180120,4916,1743179130,1743180480,5623.75,5646.75
ch1743382020,4916,1743381510,1743382200,5566.25,5585.25
ch1743383040,4916,1743382890,1743383340,5570.75,5591.75
cl1743387660,4916,1743387510,1743387840,5581.0,5599.5
cl1743390900,4916,1743390630,1743391080,5570.25,5586.25
cl1743392220,4916,1743391770,1743392700,5570.75,5587.75
ch1743393120,4916,1743392490,1743393900,5570.25,5584.75
cl1743394920,4916,1743393990,1743395280,5572.75,5587.25
cl1743415920,4916,1743415350,1743417000,5561.0,5583.5
ch1743422880,4916,1743421710,1743423420,5548.25,5570.25
ch1743445920,4916,1743445710,1743446220,5616.75,5645.75
cl1743446820,4916,1743446670,1743447120,5622.75,5654.75
ch1743448080,4916,1743447630,1743448260,5622.25,5650.75
ch1743449040,4916,1743448290,1743449220,5631.25,5662.25
cl1743450480,4916,1743450210,1743450660,5646.5,5690.5
ch1743466680,4916,1743466470,1743466920,5618.25,5639.75
cl1743467700,4916,1743467370,1743468120,5622.0,5642.5
ch1743490680,4916,1743490050,1743490800,5635.75,5655.75
cl1743491880,4916,1743491670,1743492060,5645.5,5667.0
cl1743492420,4916,1743492270,1743492540,5640.75,5661.25
cl1743494400,4916,1743494070,1743494700,5632.0,5650.5
ch1743511920,4916,1743511770,1743512100,5618.25,5640.75
ch1743513960,4916,1743513570,1743514200,5629.75,5650.75
cl1743516480,4916,1743516090,1743516600,5609.25,5646.75
cl1743528180,4916,1743527790,1743528360,5655.0,5685.0
cl1743528540,4916,1743527850,1743528840,5651.25,5681.25
cl1743530820,4916,1743530490,1743531060,5632.0,5660.0
cl1743559500,4916,1743559290,1743559680,5661.75,5679.25
cl1743561420,4916,1743560970,1743561720,5662.5,5678.0
ch1743562920,4916,1743562230,1743563940,5661.0,5674.5
cl1743567420,4916,1743566970,1743568800,5659.5,5671.5
cl1743570420,4916,1743570150,1743570540,5660.0,5674.5
ch1743577320,4916,1743577230,1743577440,5660.75,5676.75
cl1743579060,4916,1743578430,1743579420,5654.5,5672.5
ch1743586620,4916,1743586530,1743587340,5648.75,5666.25
ch1743586980,4916,1743586530,1743587340,5648.75,5666.25
cl1743593940,4916,1743593670,1743594120,5632.25,5651.75
ch1743594480,4916,1743594210,1743595140,5628.5,5647.5
ch1743598080,4916,1743597450,1743598380,5603.5,5631.0
cl1743600660,4916,1743600210,1743600780,5605.75,5629.25
ch1743603480,4916,1743603090,1743603600,5632.75,5671.25
ch1743603600,4916,1743603270,1743603780,5637.0,5673.0
ch1743609960,4916,1743609210,1743610200,5668.0,5697.0
ch1743610500,4916,1743610170,1743610860,5674.5,5708.5
ch1743610920,4916,1743610230,1743611340,5681.0,5709.5
ch1743622620,4916,1743622230,1743622860,5677.75,5715.25
ch1743622920,4916,1743622350,1743623100,5684.25,5718.75
ch1743623340,4916,1743622890,1743623640,5697.5,5725.0
cl1743641160,4916,1743640770,1743641400,5532.75,5570.75
cl1743645600,4916,1743645450,1743645840,5544.25,5569.25
cl1743648180,4916,1743647430,1743648480,5544.0,5574.0
cl1743658260,4916,1743658170,1743658560,5534.0,5559.0
ch1743661380,4916,1743661110,1743663420,5527.25,5553.25
ch1743665160,4916,1743664950,1743665700,5522.0,5553.0
ch1743670860,4916,1743670590,1743671280,5533.0,5561.5
ch1743677100,4916,1743676890,1743677400,5496.5,5528.5
ch1743682200,4916,1743681930,1743682320,5507.75,5537.25
cl1743683940,4916,1743683550,1743684060,5503.25,5533.25
cl1743690240,4916,1743689850,1743690780,5470.5,5510.0
ch1743697320,4916,1743696690,1743697800,5485.25,5524.75
ch1743698580,4916,1743698370,1743698820,5483.75,5523.25
cl1743698760,4916,1743698610,1743698880,5496.5,5536.5
cl1743702780,4916,1743702390,1743702900,5478.0,5516.0
cl1743705060,4916,1743704610,1743705540,5453.75,5489.25
ch1743705720,4916,1743705390,1743705840,5449.0,5485.0
ch1743706200,4916,1743705510,1743707520,5451.0,5488.5
cl1743707880,4916,1743707790,1743708660,5439.25,5472.25
ch1743726540,4916,1743726330,1743726960,5416.5,5437.0
cl1743736320,4916,1743736050,1743737400,5400.25,5419.75
cl1743746760,4916,1743746550,1743747300,5415.25,5439.25
cl1743750060,4916,1743749190,1743750360,5400.75,5423.75
cl1743750360,4916,1743749790,1743750900,5397.5,5422.5
cl1743757320,4916,1743756930,1743757560,5379.0,5406.5
ch1743767940,4916,1743767730,1743768540,5239.5,5292.5
ch1743771180,4916,1743770610,1743771600,5248.5,5316.5
ch1743771600,4916,1743770610,1743771720,5246.25,5318.75
ch1743773460,4916,1743773250,1743773700,5255.5,5319.5
ch1743775140,4916,1743774930,1743775620,5221.75,5305.25
ch1743778440,4916,1743778290,1743778620,5149.75,5209.25
cl1743781020,4916,1743780510,1743781740,5187.0,5271.5
ch1743787380,4916,1743787110,1743787500,5123.0,5167.5
cl1743792240,4916,1743791790,1743792540,5102.5,5151.0
ch1743792540,4916,1743792330,1743792660,5082.75,5138.75
cl1743793380,4916,1743792750,1743793500,5112.25,5164.25
ch1743794520,4916,1743794430,1743794700,5113.0,5172.0
ch1743795300,4916,1743795030,1743796080,5128.75,5197.75
cl1743987960,4916,1743987750,1743988320,4920.25,4964.75
ch1743988440,4916,1743988170,1743988800,4914.0,4966.5
ch1743988860,4916,1743988650,1743989040,4924.75,4978.75
ch1743989160,4916,1743988770,1743989520,4927.5,4988.0
cl1743994500,4916,1743994290,1743994980,4954.5,4993.0
cl1743999660,4916,1743999150,1743999960,4920.75,4954.25
cl1744006440,4916,1744006110,1744006560,4916.25,4962.25
cl1744011000,4916,1744010670,1744011660,4846.0,4902.5
cl1744016160,4916,1744015470,1744016340,4922.0,4970.0
ch1744018740,4916,1744018410,1744018920,4906.5,4949.0
ch1744020960,4916,1744020270,1744021080,4927.0,4994.5
ch1744028760,4916,1744028550,1744028880,4935.25,4989.25
ch1744030380,4916,1744030110,1744030500,4928.0,5021.0
ch1744043160,4916,1744043010,1744043460,4975.25,5061.25
ch1744046640,4916,1744046010,1744046760,4994.5,5097.5
ch1744047600,4916,1744046550,1744047720,5037.5,5121.5
cl1744049160,4916,1744048830,1744049520,5102.75,5187.75
cl1744055040,4916,1744054770,1744055280,5060.0,5137.0
ch1744074720,4916,1744074570,1744075020,5122.5,5163.5
ch1744077120,4916,1744076370,1744077240,5153.0,5189.5
cl1744083840,4916,1744083330,1744084140,5159.75,5180.75
ch1744095000,4916,1744094550,1744095300,5154.25,5181.75
cl1744095360,4916,1744095030,1744095600,5159.25,5189.75
cl1744097520,4916,1744097370,1744097940,5171.5,5206.5
cl1744100700,4916,1744100550,1744101240,5147.25,5177.75
ch1744109040,4916,1744108770,1744109160,5160.5,5186.5
ch1744110540,4916,1744109550,1744110660,5149.5,5183.5
ch1744113120,4916,1744112910,1744113420,5195.0,5231.5
ch1744113480,4916,1744113390,1744113600,5201.5,5243.0
ch1744113600,4916,1744113450,1744113900,5211.0,5246.0
ch1744114200,4916,1744113990,1744114620,5206.5,5253.0
ch1744118280,4916,1744118010,1744118700,5233.0,5273.0
ch1744120380,4916,1744119690,1744120560,5199.5,5279.0
cl1744124400,4916,1744124070,1744124820,5224.5,5279.0
cl1744124880,4916,1744124670,1744125120,5216.25,5268.75
ch1744126860,4916,1744126590,1744127460,5186.25,5243.75
ch1744140300,4916,1744139970,1744140420,4966.25,5035.75
ch1744142340,4916,1744142010,1744142520,4953.75,5030.25
ch1744160880,4916,1744160070,1744161300,4910.5,4945.0
cl1744169400,4916,1744168710,1744169700,4939.5,4971.5
cl1744170120,4916,1744169730,1744170900,4924.0,4967.0
cl1744171260,4916,1744170870,1744171380,4910.5,4956.0
ch1744175760,4916,1744175250,1744176060,4878.0,4920.0
ch1744177860,4916,1744177710,1744178160,4864.5,4910.5
ch1744180500,4916,1744180230,1744181040,4905.0,4949.0
ch1744188840,4916,1744188210,1744188960,4980.75,5032.25
ch1744189080,4916,1744188750,1744189800,4990.0,5038.5
ch1744212060,4916,1744211670,1744213020,4976.0,5052.5
ch1744222740,4916,1744222110,1744223040,5313.5,5436.0
ch1744223280,4916,1744222890,1744223400,5339.0,5457.5
ch1744225860,4916,1744225350,1744225980,5340.5,5429.5
cl1744243800,4916,1744243650,1744244520,5497.5,5526.5
ch1744251600,4916,1744251270,1744251720,5462.25,5487.75
cl1744252320,4916,1744251870,1744252440,5465.75,5494.25
cl1744256580,4916,1744255290,1744256820,5439.5,5466.0
ch1744262760,4916,1744262310,1744263000,5434.75,5461.75
ch1744264020,4916,1744262310,1744264260,5434.5,5462.0
cl1744266180,4916,1744265550,1744266360,5452.25,5480.75
ch1744268160,4916,1744267830,1744268280,5436.5,5474.0
cl1744269600,4916,1744269270,1744269720,5453.0,5488.0
ch1744274880,4916,1744274430,1744275180,5361.25,5403.75
cl1744280760,4916,1744280430,1744281120,5396.5,5431.5
cl1744285440,4916,1744285110,1744285920,5394.0,5430.5
ch1744287480,4916,1744287150,1744287720,5373.25,5406.25
cl1744292280,4916,1744291770,1744292460,5346.25,5404.75
ch1744296120,4916,1744295430,1744296480,5312.75,5378.75
cl1744296780,4916,1744296270,1744296960,5321.25,5386.75
cl1744302180,4916,1744302030,1744302420,5148.75,5232.75
ch1744302900,4916,1744302570,1744303020,5110.25,5229.25
ch1744303140,4916,1744302690,1744303740,5158.75,5245.75
ch1744304400,4916,1744303710,1744304520,5186.75,5269.25
cl1744308900,4916,1744308510,1744309320,5250.75,5332.25
ch1744309440,4916,1744309170,1744309560,5230.25,5332.75
ch1744309680,4916,1744309290,1744309860,5267.0,5346.5
ch1744348500,4916,1744348350,1744349100,5292.0,5323.0
ch1744349640,4916,1744349310,1744350060,5313.5,5344.0
ch1744351380,4916,1744351170,1744351560,5337.75,5378.25
cl1744353540,4916,1744353090,1744354380,5341.5,5377.0
ch1744354080,4916,1744353570,1744354260,5325.75,5368.75
cl1744354920,4916,1744354650,1744355040,5336.0,5371.0
cl1744368120,4916,1744367790,1744368300,5333.5,5380.0
ch1744368900,4916,1744368690,1744370100,5312.5,5354.5
cl1744371600,4916,1744370850,1744372140,5299.0,5340.5
ch1744378980,4916,1744378890,1744379160,5237.5,5319.0
cl1744380180,4916,1744379970,1744380540,5280.0,5349.5
ch1744380480,4916,1744380270,1744380780,5267.25,5341.75
ch1744385940,4916,1744385730,1744386480,5249.0,5319.0
ch1744387200,4916,1744386390,1744387500,5276.75,5328.75
ch1744389540,4916,1744389270,1744389840,5322.0,5377.5
ch1744390140,4916,1744389690,1744390320,5335.75,5384.75
cl1744391940,4916,1744391790,1744392180,5343.75,5395.75
ch1744392120,4916,1744391970,1744392600,5329.75,5377.25
cl1744591860,4916,1744591230,1744592040,5421.75,5451.75
ch1744593060,4916,1744592550,1744593600,5416.25,5437.75
ch1744596000,4916,1744595550,1744596120,5410.25,5434.75
ch1744602360,4916,1744602270,1744602660,5429.0,5447.0
ch1744607520,4916,1744607190,1744607820,5444.5,5462.5
cl1744613760,4916,1744612770,1744614000,5451.75,5474.75
cl1744614060,4916,1744613970,1744614360,5446.25,5469.75
ch1744616940,4916,1744616430,1744617600,5451.25,5473.75
ch1744617600,4916,1744617450,1744617780,5454.5,5477.0
ch1744621560,4916,1744621170,1744622100,5456.5,5479.5
ch1744626900,4916,1744626570,1744627200,5444.25,5466.25
cl1744638420,4916,1744638330,1744638660,5439.25,5485.75
cl1744643700,4916,1744643070,1744643820,5451.75,5491.25
cl1744646400,4916,1744646250,1744647000,5401.0,5444.0
ch1744649280,4916,1744648230,1744649580,5391.25,5437.25
cl1744659120,4916,1744658670,1744659720,5454.25,5488.75
ch1744675740,4916,1744675470,1744675980,5413.0,5434.5
cl1744685520,4916,1744685370,1744686240,5421.25,5436.75
ch1744687800,4916,1744687590,1744687980,5424.25,5440.25
ch1744691640,4916,1744691550,1744691820,5431.25,5444.75
cl1744692540,4916,1744692450,1744693140,5427.25,5444.75
ch1744694580,4916,1744694010,1744694880,5427.25,5442.25
ch1744695420,4916,1744695210,1744695720,5417.5,5440.0
ch1744701600,4916,1744701510,1744701900,5444.25,5466.75
ch1744702440,4916,1744702050,1744702560,5443.5,5465.5
ch1744721040,4916,1744720650,1744721760,5411.25,5438.25
ch1744723920,4916,1744723830,1744724280,5432.75,5465.75
cl1744732260,4916,1744731210,1744732440,5441.5,5479.5
ch1744732440,4916,1744732290,1744732860,5424.5,5470.0
cl1744739580,4916,1744739490,1744739700,5421.0,5451.5
ch1744741500,4916,1744741290,1744741920,5406.75,5437.25
ch1744742160,4916,1744741470,1744742640,5408.5,5441.0
cl1744769940,4916,1744769670,1744770480,5375.75,5394.75
cl1744770240,4916,1744769670,1744770420,5375.75,5394.75
cl1744778880,4916,1744778730,1744779060,5372.25,5385.75
cl1744781520,4916,1744781250,1744781820,5335.0,5361.5
ch1744781940,4916,1744781610,1744783920,5324.75,5357.75
cl1744793940,4916,1744793430,1744794240,5381.5,5431.0
cl1744794300,4916,1744793490,1744795620,5379.25,5421.75
cl1744799400,4916,1744798170,1744799580,5381.5,5406.0
ch1744804080,4916,1744803690,1744804380,5376.75,5400.75
ch1744805340,4916,1744804890,1744805580,5376.75,5397.25
cl1744823100,4916,1744821870,1744823460,5347.5,5380.5
cl1744825680,4916,1744825470,1744825800,5299.75,5341.75
ch1744830840,4916,1744830690,1744831260,5240.75,5278.75
ch1744854960,4916,1744854810,1744855800,5318.75,5335.25
ch1744855980,4916,1744855410,1744856160,5318.75,5335.75
ch1744861860,4916,1744861590,1744862040,5330.0,5346.0
ch1744862040,4916,1744861770,1744862160,5331.5,5347.0
ch1744874940,4916,1744874790,1744875420,5352.5,5376.0
cl1744879320,4916,1744878750,1744879440,5348.75,5370.75
cl1744894860,4916,1744894650,1744894980,5321.0,5347.0
ch1744902720,4916,1744902330,1744902840,5282.75,5334.75
ch1744918320,4916,1744917750,1744918920,5300.75,5335.25
ch1745194140,4916,1745193810,1745194440,5285.25,5302.75
ch1745196120,4916,1745195970,1745196420,5289.25,5308.25
ch1745207160,4916,1745206590,1745207460,5260.5,5275.5
cl1745218980,4916,1745218890,1745219400,5262.5,5279.5
cl1745219640,4916,1745219550,1745220060,5255.25,5272.25
cl1745223420,4916,1745223090,1745224140,5249.25,5267.25
ch1745224380,4916,1745223990,1745225280,5249.5,5266.5
ch1745227560,4916,1745227470,1745228100,5243.0,5263.0
ch1745229960,4916,1745229870,1745230440,5250.25,5265.75
ch1745233080,4916,1745232930,1745233200,5250.0,5268.5
ch1745238540,4916,1745238270,1745238660,5241.5,5261.5
ch1745239140,4916,1745239050,1745239980,5245.75,5265.75
cl1745239920,4916,1745239230,1745240340,5248.75,5268.25
cl1745242620,4916,1745242530,1745243220,5230.0,5263.5
cl1745245080,4916,1745244930,1745245920,5191.5,5226.0
cl1745249340,4916,1745248890,1745249460,5167.0,5194.0
cl1745250900,4916,1745250330,1745251680,5146.75,5177.25
cl1745255640,4916,1745254950,1745255820,5134.25,5165.25
cl1745260860,4916,1745260530,1745260980,5132.5,5162.5
cl1745286840,4916,1745286570,1745287020,5210.5,5228.5
cl1745287500,4916,1745287290,1745287860,5205.5,5223.5
ch1745298540,4916,1745298390,1745298720,5199.5,5216.0
ch1745307060,4916,1745306550,1745307300,5223.0,5244.5
cl1745309880,4916,1745309250,1745310120,5219.75,5243.25
ch1745314200,4916,1745313870,1745315940,5224.0,5243.5
cl1745316000,4916,1745315790,1745316240,5226.25,5243.75
cl1745319420,4916,1745319150,1745319720,5223.75,5241.75
ch1745321160,4916,1745320770,1745321400,5214.5,5235.0
ch1745341740,4916,1745341650,1745341920,5301.5,5337.5
cl1745342580,4916,1745342370,1745342880,5271.75,5319.25
cl1745343060,4916,1745342490,1745343240,5260.25,5304.25
cl1745344320,4916,1745343570,1745345160,5257.25,5300.75
cl1745367480,4916,1745366910,1745368020,5396.0,5427.5
ch1745369760,4916,1745369370,1745370060,5380.25,5402.75
cl1745377740,4916,1745377230,1745378520,5382.25,5400.75
cl1745378520,4916,1745377230,1745378700,5382.0,5401.0
ch1745378640,4916,1745378550,1745379780,5379.0,5397.0
cl1745385240,4916,1745385090,1745385480,5385.75,5401.75
ch1745389620,4916,1745389350,1745390040,5393.25,5414.25
ch1745396280,4916,1745396010,1745397180,5410.75,5428.75
ch1745398200,4916,1745398110,1745398440,5419.75,5439.25
cl1745400540,4916,1745400330,1745400660,5419.75,5438.25
ch1745402520,4916,1745402130,1745402700,5413.0,5434.0
ch1745403780,4916,1745403330,1745404080,5417.75,5439.75
ch1745404620,4916,1745404290,1745404920,5424.5,5444.5
ch1745408400,4916,1745408130,1745409000,5427.0,5448.0
cl1745408640,4916,1745408550,1745409000,5430.0,5452.5
cl1745419320,4916,1745418990,1745419800,5476.0,5520.0
ch1745422800,4916,1745422410,1745423280,5403.5,5446.5
cl1745425260,4916,1745425050,1745425560,5382.5,5422.5
cl1745432940,4916,1745432550,1745433780,5403.75,5456.75
ch1745453040,4916,1745452890,1745453220,5401.0,5423.0
ch1745453280,4916,1745452950,1745453460,5404.75,5425.25
cl1745462160,4916,1745462010,1745462760,5388.5,5406.0
ch1745465940,4916,1745465730,1745466480,5378.75,5399.25
ch1745467380,4916,1745466030,1745467680,5384.25,5399.75
cl1745472720,4916,1745471970,1745472960,5384.0,5401.5
ch1745473680,4916,1745473470,1745473920,5384.0,5401.5
ch1745475960,4916,1745475690,1745476080,5378.25,5399.75
cl1745476560,4916,1745476290,1745477040,5382.0,5403.0
cl1745477040,4916,1745476410,1745478120,5381.25,5400.75
cl1745490240,4916,1745489730,1745490600,5370.25,5390.75
ch1745490840,4916,1745490570,1745491140,5370.0,5393.5
cl1745493780,4916,1745493390,1745494200,5380.0,5402.0
cl1745497500,4916,1745497350,1745497980,5381.5,5404.5
ch1745497920,4916,1745497770,1745498040,5379.5,5405.0
ch1745509200,4916,1745508750,1745509980,5454.75,5482.75
cl1745510220,4916,1745510130,1745510340,5467.5,5501.0
ch1745512560,4916,1745512050,1745513760,5465.0,5504.0
cl1745514000,4916,1745513910,1745514540,5488.5,5518.5
cl1745518860,4916,1745518050,1745519520,5491.25,5517.25
ch1745542380,4916,1745542290,1745543160,5529.5,5548.0
cl1745545980,4916,1745545710,1745547240,5524.5,5544.5
cl1745554980,4916,1745554710,1745555100,5536.5,5558.0
cl1745574120,4916,1745573970,1745574420,5519.5,5538.0
cl1745581080,4916,1745580750,1745581440,5494.75,5520.25
cl1745591280,4916,1745590830,1745591460,5477.25,5539.25
cl1745599680,4916,1745599590,1745599980,5518.25,5543.25
ch1745604600,4916,1745604150,1745605260,5508.25,5543.25
cl1745800740,4916,1745800470,1745800920,5520.0,5537.5
cl1745810820,4916,1745810670,1745810940,5511.25,5527.25
ch1745821860,4916,1745820990,1745822220,5518.75,5535.25
ch1745824080,4916,1745823870,1745824200,5529.5,5549.0
ch1745830260,4916,1745829690,1745830380,5526.25,5544.25
ch1745830920,4916,1745830590,1745831340,5529.25,5547.75
ch1745831160,4916,1745830590,1745831340,5529.25,5547.75
ch1745832180,4916,1745831670,1745832420,5530.0,5547.5
ch1745833980,4916,1745833410,1745834220,5537.25,5554.25
ch1745836800,4916,1745836230,1745836980,5532.0,5547.5
cl1745837580,4916,1745837430,1745837700,5527.0,5546.5
ch1745838540,4916,1745838270,1745838720,5523.5,5542.0
ch1745842680,4916,1745842350,1745842920,5523.5,5547.5
ch1745843580,4916,1745843250,1745844300,5532.75,5554.75
ch1745846760,4916,1745846490,1745847000,5550.0,5568.0
ch1745854860,4916,1745854530,1745855460,5501.5,5533.5
cl1745856180,4916,1745855730,1745856300,5503.25,5535.75
cl1745856660,4916,1745856030,1745856780,5497.75,5532.75
ch1745857020,4916,1745856810,1745857680,5489.25,5518.25
cl1745886120,4916,1745885490,1745886720,5541.5,5560.5
cl1745901720,4916,1745901330,1745901900,5557.25,5574.75
cl1745907840,4916,1745907690,1745908080,5547.25,5564.25
ch1745910720,4916,1745910450,1745910900,5551.0,5569.0
ch1745915520,4916,1745915130,1745916060,5552.5,5570.5
cl1745918280,4916,1745918010,1745918520,5555.5,5573.0
ch1745919420,4916,1745919210,1745919600,5551.75,5569.75
cl1745921040,4916,1745920050,1745921340,5555.75,5575.25
ch1745926500,4916,1745925990,1745926740,5541.75,5561.75
ch1745929680,4916,1745929530,1745929800,5531.5,5552.0
cl1745930880,4916,1745930790,1745931000,5539.5,5575.5
cl1745931060,4916,1745930790,1745931240,5537.75,5577.25
cl1745936880,4916,1745936430,1745937300,5531.25,5572.25
ch1745937480,4916,1745937270,1745937960,5533.0,5568.0
ch1745937960,4916,1745937270,1745938440,5531.25,5569.75
ch1745949900,4916,1745949150,1745950320,5577.25,5602.25
cl1745950860,4916,1745950710,1745951400,5578.5,5607.5
ch1745975700,4916,1745975070,1745976960,5553.5,5569.5
cl1745982120,4916,1745981970,1745982300,5548.25,5562.25
ch1745983500,4916,1745982630,1745983740,5541.25,5558.75
ch1745984100,4916,1745983650,1745984280,5545.75,5560.75
ch1745989080,4916,1745988870,1745989380,5552.0,5564.5
cl1745990820,4916,1745990130,1745991240,5550.0,5567.0
cl1746008520,4916,1746008250,1746009000,5567.25,5584.25
cl1746015480,4916,1746015270,1746015600,5546.25,5572.75
cl1746015780,4916,1746015630,1746016200,5536.25,5565.75
cl1746018420,4916,1746017970,1746018840,5496.0,5528.0
cl1746020580,4916,1746020370,1746021000,5461.25,5505.25
ch1746025200,4916,1746024990,1746025620,5485.5,5528.0
ch1746026280,4916,1746025590,1746026460,5503.25,5536.75
ch1746028800,4916,1746026850,1746029100,5509.5,5544.5
cl1746030720,4916,1746030090,1746030900,5511.5,5545.5
ch1746033540,4916,1746033270,1746033900,5504.0,5535.5
cl1746064440,4916,1746064050,1746064920,5634.0,5650.0
ch1746064920,4916,1746064590,1746066360,5632.0,5647.0
cl1746069600,4916,1746069450,1746069780,5633.0,5647.5
ch1746072000,4916,1746071790,1746072240,5639.75,5653.75
ch1746072240,4916,1746071850,1746072600,5640.0,5654.0
cl1746078900,4916,1746078570,1746079200,5635.5,5651.5
ch1746083280,4916,1746083070,1746083580,5626.25,5648.25
ch1746087540,4916,1746087150,1746088140,5629.25,5649.25
ch1746092820,4916,1746092490,1746093060,5645.25,5664.75
cl1746104400,4916,1746104190,1746104580,5632.0,5656.0
cl1746116220,4916,1746116070,1746116820,5626.5,5662.0
ch1746117240,4916,1746116670,1746117420,5617.0,5653.0
cl1746118320,4916,1746117930,1746118980,5627.5,5655.0
ch1746127260,4916,1746126750,1746127680,5637.5,5666.0
ch1746145380,4916,1746145290,1746145560,5605.75,5630.25
ch1746163980,4916,1746163770,1746164220,5654.25,5670.25
ch1746166020,4916,1746165870,1746166260,5640.25,5663.75
ch1746169080,4916,1746168030,1746169200,5637.0,5660.0
ch1746173880,4916,1746173250,1746174420,5637.5,5658.0
cl1746180000,4916,1746179490,1746180420,5639.25,5659.25
cl1746182340,4916,1746182130,1746182640,5641.5,5662.5
cl1746185040,4916,1746184830,1746185280,5641.25,5661.25
cl1746185520,4916,1746185430,1746185700,5636.75,5655.75
ch1746202320,4916,1746201630,1746203820,5680.25,5725.25
ch1746208020,4916,1746207510,1746209040,5698.75,5721.75
cl1746212460,4916,1746212250,1746212640,5701.25,5728.75
ch1746405000,4916,1746404670,1746405960,5670.25,5687.25
cl1746407340,4916,1746407190,1746407460,5670.0,5687.0
cl1746410100,4916,1746410010,1746410280,5656.0,5674.0
cl1746415140,4916,1746414990,1746415260,5658.75,5674.25
cl1746415440,4916,1746415350,1746415680,5658.25,5673.75
ch1746419040,4916,1746418770,1746419520,5658.0,5673.0
ch1746424680,4916,1746424290,1746424800,5661.0,5676.0
ch1746432060,4916,1746431970,1746432180,5662.75,5679.25
cl1746436140,4916,1746435930,1746436680,5650.25,5667.75
ch1746437520,4916,1746437190,1746437880,5656.0,5673.0
ch1746445860,4916,1746445410,1746446820,5649.25,5666.75
ch1746450120,4916,1746450030,1746450480,5656.0,5675.0
cl1746450540,4916,1746450270,1746450720,5657.5,5676.0
ch1746450660,4916,1746450570,1746451560,5654.5,5673.0
ch1746453420,4916,1746453270,1746453600,5647.5,5677.5
ch1746491460,4916,1746491310,1746492000,5656.0,5672.5
cl1746497880,4916,1746497070,1746499140,5649.5,5668.5
ch1746504240,4916,1746503790,1746504660,5655.0,5668.5
ch1746508260,4916,1746508110,1746508500,5651.5,5665.0
cl1746509340,4916,1746508650,1746509520,5649.25,5663.75
ch1746513000,4916,1746512670,1746513120,5645.5,5662.0
ch1746520680,4916,1746520350,1746520920,5618.25,5637.75
ch1746521280,4916,1746520890,1746522180,5618.0,5642.0
cl1746528240,4916,1746527970,1746528720,5629.25,5648.75
cl1746532320,4916,1746532230,1746532800,5611.5,5642.5
cl1746533520,4916,1746533310,1746533760,5618.0,5640.0
ch1746541380,4916,1746541170,1746541980,5622.0,5652.0
cl1746544140,4916,1746543990,1746544920,5637.5,5662.5
cl1746548460,4916,1746548370,1746548580,5639.25,5680.25
cl1746550740,4916,1746550170,1746551400,5623.75,5651.25
cl1746580080,4916,1746579870,1746580200,5670.5,5690.0
cl1746580200,4916,1746579930,1746580380,5669.25,5688.75
cl1746582480,4916,1746581370,1746582660,5660.25,5681.75
cl1746589380,4916,1746589110,1746590160,5653.75,5672.25
cl1746592500,4916,1746592230,1746592680,5654.75,5671.25
cl1746623700,4916,1746623130,1746623880,5628.0,5648.5
cl1746624900,4916,1746624210,1746625320,5626.25,5654.75
cl1746624600,4916,1746624510,1746624780,5626.75,5648.25
ch1746627060,4916,1746626070,1746628080,5624.5,5660.5
ch1746631260,4916,1746630870,1746632400,5607.0,5637.0
cl1746633000,4916,1746632790,1746633240,5617.25,5650.25
ch1746633420,4916,1746633090,1746633660,5613.75,5642.25
ch1746633900,4916,1746633090,1746634620,5612.0,5644.0
ch1746636300,4916,1746635970,1746636480,5624.0,5647.5
ch1746637020,4916,1746636750,1746637380,5633.5,5656.0
cl1746639600,4916,1746639270,1746639900,5633.25,5658.25
ch1746643080,4916,1746642690,1746643320,5602.0,5644.0
ch1746644220,4916,1746644130,1746645960,5606.5,5654.0
ch1746646980,4916,1746646890,1746647280,5608.0,5680.0
ch1746666120,4916,1746665790,1746666360,5630.25,5674.75
ch1746666660,4916,1746666450,1746667200,5660.0,5685.0
cl1746667740,4916,1746667410,1746668400,5670.5,5693.0
ch1746671100,4916,1746670470,1746671400,5664.5,5682.0
ch1746677940,4916,1746677190,1746678240,5687.75,5704.75
cl1746686100,4916,1746685890,1746686580,5678.0,5693.0
ch1746687780,4916,1746686490,1746687900,5678.5,5696.0
ch1746688980,4916,1746688170,1746689280,5684.25,5702.25
ch1746694860,4916,1746694110,1746695040,5696.5,5712.0
cl1746698040,4916,1746697890,1746698160,5707.5,5722.0
cl1746703740,4916,1746702810,1746703920,5702.75,5718.75
ch1746707520,4916,1746707370,1746707820,5691.5,5711.0
cl1746715440,4916,1746714930,1746715740,5663.75,5701.25
ch1746718980,4916,1746718830,1746719100,5691.75,5736.75
ch1746753180,4916,1746753030,1746753360,5667.25,5683.25
cl1746759480,4916,1746759390,1746759660,5677.75,5697.75
ch1746765540,4916,1746764850,1746765900,5681.75,5695.75
ch1746766080,4916,1746765870,1746766440,5683.5,5698.0
cl1746771960,4916,1746771690,1746772260,5683.25,5699.75
ch1746774600,4916,1746774330,1746774960,5679.5,5696.5
ch1746776700,4916,1746776430,1746777000,5684.0,5703.0
cl1746777840,4916,1746777450,1746778200,5681.5,5700.5
ch1746789420,4916,1746788970,1746789960,5694.25,5710.25
cl1746793680,4916,1746792570,1746794040,5689.75,5709.75
cl1746797160,4916,1746796710,1746797280,5696.75,5715.25
ch1746799080,4916,1746798810,1746799260,5679.75,5711.25
ch1746803280,4916,1746802590,1746804180,5665.5,5692.5
cl1746809100,4916,1746808710,1746809280,5664.0,5690.0
ch1746811380,4916,1746810930,1746812460,5658.25,5684.25
cl1746814680,4916,1746814590,1746815700,5670.5,5694.0
cl1747016460,4916,1747015830,1747018080,5747.5,5763.0
ch1747021440,4916,1747021110,1747021860,5749.25,5764.25
cl1747027560,4916,1747026930,1747027680,5754.75,5767.75
cl1747030740,4916,1747030530,1747031160,5754.25,5770.75
ch1747033680,4916,1747033590,1747034340,5807.25,5851.75
ch1747037820,4916,1747036650,1747038240,5806.75,5832.25
ch1747052460,4916,1747052190,1747052580,5840.5,5861.5
cl1747053480,4916,1747053270,1747053660,5845.25,5866.75
ch1747054560,4916,1747053990,1747054800,5837.25,5857.75
ch1747066200,4916,1747065690,1747066620,5807.75,5832.75
ch1747067820,4916,1747066890,1747068060,5817.0,5840.5
cl1747111200,4916,1747110990,1747111320,5830.75,5848.75
ch1747114680,4916,1747114050,1747115040,5837.0,5851.0
cl1747117440,4916,1747117170,1747117560,5841.25,5856.25
ch1747121280,4916,1747121070,1747121460,5829.25,5850.25
cl1747123620,4916,1747123470,1747123800,5833.5,5850.5
ch1747124520,4916,1747124070,1747124640,5832.25,5851.25
cl1747126800,4916,1747126050,1747127040,5832.5,5850.5
cl1747135440,4916,1747135290,1747135620,5845.25,5861.75
cl1747143060,4916,1747142670,1747143360,5858.5,5883.0
ch1747149120,4916,1747147770,1747149540,5886.0,5914.5
cl1747152240,4916,1747151970,1747152540,5900.75,5924.25
cl1747152540,4916,1747151970,1747152660,5900.5,5924.5
ch1747154460,4916,1747153470,1747154700,5896.25,5921.25
cl1747156320,4916,1747155450,1747156440,5907.5,5928.0
cl1747159320,4916,1747159110,1747159560,5905.5,5926.0
cl1747181880,4916,1747181490,1747182240,5898.75,5916.75
ch1747186920,4916,1747186830,1747187280,5892.5,5911.0
cl1747195740,4916,1747195350,1747195980,5898.5,5911.5
ch1747196280,4916,1747196010,1747196580,5898.75,5911.25
cl1747202760,4916,1747201830,1747202940,5902.25,5916.75
cl1747203840,4916,1747202910,1747204080,5900.5,5914.0
ch1747212360,4916,1747211730,1747212600,5896.25,5912.75
ch1747212660,4916,1747212570,1747213200,5899.5,5915.5
ch1747214520,4916,1747214130,1747214640,5889.0,5908.0
ch1747214700,4916,1747214610,1747215300,5892.5,5912.0
ch1747224480,4916,1747224270,1747225080,5905.0,5923.5
cl1747226520,4916,1747226190,1747226640,5909.25,5929.25
ch1747228500,4916,1747228290,1747229220,5906.25,5923.75
ch1747231680,4916,1747231050,1747231920,5885.75,5918.25
ch1747233120,4916,1747232490,1747233960,5888.0,5919.5
ch1747243860,4916,1747243590,1747244280,5882.0,5906.5
ch1747244400,4916,1747244070,1747244520,5885.75,5910.25
cl1747252020,4916,1747251390,1747252260,5893.75,5915.75
cl1747272420,4916,1747272030,1747272600,5891.75,5906.25
cl1747272600,4916,1747272090,1747273020,5891.5,5905.0
cl1747274040,4916,1747273950,1747274280,5890.5,5904.0
ch1747279560,4916,1747278930,1747279800,5894.25,5906.75
cl1747284480,4916,1747283850,1747284780,5891.25,5903.25
ch1747285140,4916,1747284690,1747285740,5891.5,5904.0
ch1747285380,4916,1747284690,1747285740,5891.5,5904.0
cl1747286160,4916,1747285770,1747286400,5889.25,5903.25
ch1747290720,4916,1747290330,1747291020,5886.5,5901.5
cl1747291320,4916,1747291170,1747291680,5886.0,5901.0
cl1747292160,4916,1747291830,1747292580,5884.75,5899.25
cl1747295880,4916,1747295430,1747296000,5872.75,5891.25
ch1747304760,4916,1747304430,1747306500,5868.5,5885.0
ch1747308660,4916,1747308510,1747309260,5876.5,5894.5
cl1747309620,4916,1747309410,1747309920,5878.25,5894.25
cl1747313220,4916,1747313070,1747313340,5882.5,5908.0
cl1747315260,4916,1747314570,1747315380,5882.25,5902.75
ch1747317240,4916,1747317090,1747317360,5872.75,5900.25
cl1747330020,4916,1747329750,1747330200,5933.75,5953.75
cl1747333260,4916,1747332810,1747333620,5916.25,5943.25
cl1747336980,4916,1747336650,1747337100,5921.25,5944.25
ch1747354260,4916,1747354170,1747355040,5930.0,5945.0
cl1747356840,4916,1747356330,1747356960,5921.25,5942.75
cl1747371240,4916,1747371090,1747372320,5927.0,5940.0
cl1747389000,4916,1747388310,1747389600,5939.75,5954.25
ch1747390680,4916,1747390530,1747390920,5937.0,5953.0
ch1747392060,4916,1747391910,1747392360,5941.75,5956.25
cl1747393740,4916,1747393530,1747394280,5941.75,5956.75
cl1747400040,4916,1747399830,1747400160,5941.0,5958.0
cl1747402020,4916,1747401870,1747402140,5936.0,5958.5
ch1747410060,4916,1747409370,1747411080,5928.5,5953.5
ch1747414500,4916,1747414230,1747415040,5940.75,5962.25
cl1747613280,4916,1747612830,1747613400,5928.75,5948.25
cl1747618680,4916,1747618590,1747618800,5924.25,5940.75
ch1747621980,4916,1747621710,1747622400,5925.0,5940.0
cl1747624380,4916,1747624170,1747624560,5916.0,5933.5
ch1747625160,4916,1747625070,1747625580,5911.0,5927.5
cl1747630620,4916,1747630170,1747631220,5906.25,5920.25
ch1747632480,4916,1747632270,1747632720,5906.25,5921.75
cl1747636620,4916,1747636170,1747636860,5906.0,5924.0
ch1747639320,4916,1747639050,1747639620,5896.25,5916.25
ch1747644660,4916,1747644210,1747644840,5883.0,5904.0
cl1747649220,4916,1747648950,1747649400,5891.5,5908.5
cl1747654440,4916,1747654050,1747654620,5901.75,5919.75
ch1747672020,4916,1747671810,1747672140,5957.0,5977.0
ch1747673640,4916,1747673370,1747673760,5959.25,5981.25
cl1747682820,4916,1747682670,1747683120,5957.75,5978.75
ch1747707000,4916,1747706850,1747707420,5961.0,5976.5
cl1747708140,4916,1747707930,1747708260,5961.75,5977.75
cl1747709580,4916,1747709250,1747709880,5963.0,5977.5
ch1747729140,4916,1747728990,1747729260,5953.0,5970.5
cl1747731180,4916,1747730970,1747731420,5957.25,5976.25
ch1747739040,4916,1747738590,1747739400,5958.75,5977.25
ch1747740600,4916,1747740030,1747741380,5963.5,5979.5
cl1747744680,4916,1747744530,1747745040,5957.5,5976.5
cl1747747500,4916,1747747350,1747747620,5960.25,5980.25
cl1747748460,4916,1747748010,1747748820,5953.0,5978.5
ch1747759500,4916,1747758990,1747760100,5949.25,5970.75
ch1747760940,4916,1747760070,1747761240,5955.5,5973.5
ch1747764420,4916,1747763430,1747765080,5946.75,5967.75
cl1747790820,4916,1747790430,1747791000,5942.25,5958.25
cl1747792560,4916,1747792350,1747792860,5942.0,5957.0
cl1747795620,4916,1747795410,1747796160,5938.0,5953.0
ch1747799460,4916,1747799070,1747799880,5934.25,5949.75
cl1747801620,4916,1747801230,1747801800,5932.75,5947.25
ch1747801980,4916,1747801890,1747802520,5930.0,5945.0
cl1747805400,4916,1747805130,1747805520,5935.25,5949.25
cl1747807560,4916,1747807050,1747807800,5925.5,5942.0
ch1747808400,4916,1747808310,1747809000,5921.0,5937.5
ch1747810380,4916,1747810170,1747810620,5915.25,5934.75
ch1747811880,4916,1747810950,1747813140,5914.75,5936.75
ch1747817640,4916,1747816950,1747817820,5915.0,5931.0
cl1747818300,4916,1747818090,1747818660,5919.0,5934.5
cl1747818660,4916,1747818090,1747819440,5918.5,5935.0
ch1747827900,4916,1747827690,1747828620,5920.0,5937.5
ch1747835520,4916,1747835190,1747836060,5916.25,5940.25
cl1747838220,4916,1747837650,1747838820,5916.5,5942.5
cl1747854660,4916,1747854450,1747854900,5847.75,5876.25
cl1747874640,4916,1747873710,1747874880,5858.25,5878.25
ch1747879740,4916,1747879650,1747879920,5856.0,5874.0
cl1747880640,4916,1747879890,1747881360,5856.75,5873.75
cl1747885080,4916,1747884930,1747885380,5858.75,5872.75
cl1747887900,4916,1747886610,1747888440,5858.75,5871.25
cl1747898100,4916,1747897770,1747898280,5862.25,5881.25
ch1747900920,4916,1747900530,1747901040,5859.0,5876.0
cl1747909980,4916,1747909770,1747911420,5861.25,5878.25
cl1747913400,4916,1747913130,1747913820,5853.75,5875.25
cl1747914720,4916,1747914510,1747914840,5843.75,5864.75
cl1747916640,4916,1747916490,1747916940,5825.0,5848.0
ch1747921980,4916,1747921830,1747922220,5839.75,5874.25
ch1747922820,4916,1747922190,1747923240,5846.5,5885.5
ch1747926480,4916,1747925910,1747927020,5835.25,5870.75
ch1747928340,4916,1747927950,1747928580,5843.5,5874.5
ch1747935300,4916,1747935150,1747935840,5860.5,5885.0
cl1747939200,4916,1747939050,1747939980,5872.75,5896.75
ch1747940700,4916,1747940130,1747942020,5877.5,5898.0
cl1747962540,4916,1747962330,1747962720,5852.5,5868.0
ch1747966920,4916,1747966590,1747967040,5857.0,5871.5
cl1747982940,4916,1747982790,1747983240,5842.5,5859.0
cl1747986060,4916,1747985730,1747987680,5861.0,5877.0
ch1747988580,4916,1747988490,1747988820,5854.5,5873.5
cl1747990380,4916,1747990230,1747990800,5855.0,5872.0
ch1747995960,4916,1747995570,1747996620,5843.0,5861.0
ch1747997940,4916,1747997790,1747998060,5844.0,5862.0
ch1748009520,4916,1748009010,1748010060,5777.5,5818.5
cl1748012160,4916,1748011770,1748012280,5791.5,5826.0
cl1748019660,4916,1748019330,1748019960,5807.0,5830.0
ch1748021340,4916,1748020590,1748022120,5813.75,5841.75
ch1748023320,4916,1748023050,1748023500,5821.25,5844.75
ch1748027280,4916,1748027130,1748027400,5815.0,5840.5
cl1748219280,4916,1748218650,1748219460,5858.5,5878.5
ch1748220180,4916,1748219790,1748220480,5855.25,5873.75
cl1748222760,4916,1748222310,1748222940,5858.0,5876.5
ch1748225040,4916,1748224530,1748225880,5862.25,5878.75
ch1748225880,4916,1748225790,1748226060,5862.5,5880.0
ch1748226360,4916,1748226030,1748226840,5864.5,5883.0
ch1748230440,4916,1748230290,1748230980,5867.0,5881.5
ch1748234280,4916,1748234010,1748234400,5866.25,5882.25
ch1748246460,4916,1748246250,1748246580,5876.75,5899.25
ch1748246580,4916,1748246250,1748247660,5876.0,5900.0
cl1748247600,4916,1748247390,1748247780,5884.25,5900.75
ch1748253180,4916,1748252430,1748253300,5876.25,5889.75
cl1748262540,4916,1748262150,1748262780,5884.25,5897.25
ch1748264520,4916,1748264430,1748264820,5879.5,5894.0
cl1748265000,4916,1748264670,1748265180,5880.25,5894.25
ch1748267100,4916,1748266350,1748267520,5880.5,5898.0
cl1748267460,4916,1748267250,1748267640,5883.0,5900.5
cl1748270460,4916,1748270070,1748270880,5872.25,5889.25
ch1748277420,4916,1748277270,1748277900,5878.0,5891.5
ch1748307240,4916,1748307030,1748307780,5871.5,5887.5
cl1748308020,4916,1748307810,1748308140,5868.25,5885.75
cl1748310360,4916,1748309610,1748311200,5863.75,5879.25
ch1748316000,4916,1748315730,1748316180,5862.25,5875.75
cl1748318400,4916,1748318190,1748318640,5858.75,5873.75
ch1748321100,4916,1748320410,1748322300,5861.75,5874.75
ch1748321280,4916,1748320410,1748322300,5861.75,5874.75
ch1748325660,4916,1748325570,1748326200,5867.75,5883.25
ch1748326200,4916,1748326110,1748326500,5868.75,5884.25
ch1748328480,4916,1748328090,1748328720,5876.5,5890.0
cl1748339400,4916,1748339190,1748339700,5899.25,5917.25
ch1748361960,4916,1748361690,1748362080,5907.25,5925.75
ch1748368860,4916,1748368590,1748369040,5923.25,5943.75
ch1748369700,4916,1748369550,1748370060,5926.25,5942.75
cl1748404860,4916,1748403690,1748405520,5924.25,5937.75
ch1748407440,4916,1748407290,1748407680,5922.75,5934.75
cl1748408220,4916,1748408130,1748408460,5923.0,5934.5
cl1748411760,4916,1748411430,1748412000,5924.25,5939.25
cl1748413860,4916,1748413770,1748414160,5923.25,5938.25
cl1748414640,4916,1748414250,1748415240,5923.25,5936.75
cl1748415540,4916,1748415450,1748415720,5920.0,5934.5
cl1748417400,4916,1748417310,1748417520,5919.25,5936.25
cl1748418900,4916,1748418630,1748419740,5918.0,5935.0
cl1748419980,4916,1748419650,1748420880,5917.0,5933.5
cl1748422140,4916,1748421870,1748422320,5919.0,5934.0
ch1748425980,4916,1748425470,1748426160,5911.5,5929.5
ch1748434080,4916,1748433630,1748434560,5931.75,5946.75
cl1748443860,4916,1748443350,1748444040,5913.0,5937.0
ch1748444640,4916,1748444430,1748445120,5909.75,5930.75
ch1748445720,4916,1748445450,1748446200,5907.75,5928.75
ch1748455440,4916,1748455230,1748455800,5914.5,5932.5
ch1748480100,4916,1748479950,1748480520,5986.75,6007.75
cl1748487780,4916,1748487270,1748488080,5992.0,6011.5
ch1748494740,4916,1748494230,1748495220,5990.0,6005.0
ch1748500080,4916,1748499630,1748500320,5981.75,6000.75
cl1748501460,4916,1748500950,1748501640,5985.75,6002.25
ch1748509980,4916,1748509470,1748510280,5984.0,5999.5
ch1748511060,4916,1748510970,1748511300,5983.0,6000.0
ch1748511720,4916,1748511510,1748512380,5982.5,5999.5
cl1748511900,4916,1748511750,1748512320,5985.5,6003.0
cl1748512320,4916,1748512170,1748512440,5984.75,6002.25
ch1748517360,4916,1748516130,1748517840,5957.0,5975.5
ch1748523180,4916,1748522610,1748524500,5930.75,5956.25
ch1748525040,4916,1748524590,1748525220,5942.25,5962.75
ch1748526960,4916,1748526630,1748527080,5912.25,5949.25
cl1748527680,4916,1748527590,1748527860,5907.5,5938.5
ch1748530680,4916,1748530290,1748531100,5908.25,5939.75
cl1748532840,4916,1748532690,1748533740,5907.25,5934.75
cl1748534400,4916,1748534250,1748534700,5879.0,5916.5
ch1748537100,4916,1748536050,1748537820,5898.5,5925.0
cl1748540220,4916,1748538870,1748540880,5908.5,5935.0
ch1748564340,4916,1748563230,1748565240,5896.25,5916.75
ch1748565900,4916,1748565690,1748566080,5898.75,5916.75
cl1748566200,4916,1748565930,1748566440,5901.0,5918.0
ch1748567220,4916,1748567130,1748567940,5886.5,5910.5
cl1748568000,4916,1748567790,1748568300,5890.5,5912.5
ch1748570220,4916,1748569290,1748570400,5897.0,5915.0
ch1748574000,4916,1748573850,1748574300,5903.25,5917.75
ch1748578560,4916,1748577930,1748579340,5901.25,5916.75
cl1748580480,4916,1748579910,1748580900,5901.5,5917.0
ch1748581200,4916,1748580990,1748581320,5902.5,5916.0
cl1748584980,4916,1748584170,1748585100,5911.5,5927.5
ch1748596980,4916,1748596650,1748597460,5906.0,5923.0
cl1748598600,4916,1748598450,1748598960,5907.0,5926.5
ch1748605860,4916,1748605710,1748606280,5907.75,5924.25
cl1748606160,4916,1748605890,1748606280,5910.0,5927.5
ch1748611140,4916,1748610870,1748611740,5883.0,5914.0
ch1748614020,4916,1748613630,1748614140,5886.0,5915.5
cl1748617860,4916,1748616990,1748618160,5900.25,5928.75
cl1748619660,4916,1748619210,1748619960,5890.25,5919.25
ch1748624940,4916,1748624670,1748626380,5856.25,5886.75
ch1748629620,4916,1748629050,1748631180,5878.5,5913.5
cl1748633520,4916,1748633370,1748633820,5913.75,5942.25
ch1748823300,4916,1748823030,1748824140,5892.0,5911.0
cl1748825400,4916,1748825310,1748826300,5891.75,5909.75
ch1748831880,4916,1748831730,1748832180,5888.75,5902.75
ch1748834220,4916,1748833650,1748834400,5878.25,5895.75
ch1748843280,4916,1748842590,1748843880,5875.25,5891.25
cl1748844480,4916,1748844390,1748844660,5875.5,5891.0
ch1748846100,4916,1748845590,1748846460,5873.75,5891.25
ch1748847900,4916,1748847810,1748848440,5879.5,5897.0
cl1748857620,4916,1748857410,1748858340,5871.5,5890.0
ch1748860620,4916,1748859870,1748860740,5873.0,5892.5
cl1748868780,4916,1748868510,1748869200,5889.5,5907.5
ch1748869260,4916,1748869050,1748869560,5889.0,5906.5
ch1748871240,4916,1748871090,1748871480,5889.25,5920.75
ch1748871540,4916,1748871090,1748872080,5887.25,5922.75
ch1748874900,4916,1748874750,1748875200,5889.5,5921.0
ch1748882100,4916,1748881650,1748883120,5900.5,5923.0
cl1748909400,4916,1748909070,1748909940,5927.75,5944.75
ch1748911020,4916,1748910810,1748912100,5926.0,5940.5
cl1748917920,4916,1748917770,1748918100,5917.0,5932.5
cl1748928960,4916,1748928690,1748929500,5919.25,5933.75
cl1748929500,4916,1748929170,1748929740,5919.0,5932.0
ch1748933160,4916,1748933070,1748933400,5918.5,5932.5
cl1748942520,4916,1748942430,1748942700,5912.25,5928.75
ch1748943660,4916,1748943330,1748943780,5911.75,5929.75
cl1748945100,4916,1748944950,1748945280,5915.75,5932.25
cl1748951220,4916,1748950830,1748951400,5929.5,5946.5
ch1748952060,4916,1748951970,1748952300,5930.25,5946.25
ch1748960940,4916,1748960310,1748962020,5941.75,5964.25
ch1748967540,4916,1748967330,1748968260,5969.5,5988.0
ch1748971380,4916,1748970750,1748972160,5977.75,5996.25
ch1748976480,4916,1748975190,1748977200,5966.5,5990.0
cl1748998740,4916,1748998590,1749000600,5977.25,5991.25
ch1748998860,4916,1748998770,1748999520,5975.0,5990.0
cl1749000660,4916,1749000570,1749001200,5976.5,5991.5
ch1749004500,4916,1749004290,1749005520,5970.75,5984.25
cl1749006240,4916,1749005610,1749006840,5970.25,5983.25
ch1749008760,4916,1749008130,1749009900,5968.75,5982.25
cl1749009660,4916,1749009030,1749009960,5970.5,5983.5
cl1749014340,4916,1749014130,1749014520,5971.25,5984.75
cl1749018480,4916,1749017850,1749018900,5972.75,5987.75
ch1749019500,4916,1749019050,1749019800,5970.5,5985.0
cl1749020640,4916,1749020070,1749021000,5974.0,5990.0
cl1749025260,4916,1749025050,1749025680,5986.75,6003.25
ch1749028800,4916,1749028410,1749029820,5981.5,5998.5
ch1749031500,4916,1749031290,1749031680,5984.25,5999.25
ch1749033840,4916,1749033390,1749034020,5982.25,5996.25
ch1749034380,4916,1749033930,1749034680,5984.0,5998.0
ch1749034560,4916,1749033990,1749034680,5984.0,5998.0
cl1749037020,4916,1749036150,1749037380,5983.75,5998.25
ch1749037200,4916,1749037050,1749037440,5982.25,5996.75
cl1749045120,4916,1749045030,1749045600,5986.25,6007.25
ch1749049620,4916,1749049110,1749050580,5983.25,6003.25
ch1749059340,4916,1749057570,1749059820,5982.25,6000.25
cl1749064140,4916,1749063870,1749064620,5982.0,5999.5
ch1749088440,4916,1749088230,1749088680,5969.75,5982.75
ch1749090840,4916,1749090690,1749091260,5966.5,5981.0
ch1749097260,4916,1749097050,1749097500,5971.75,5983.75
cl1749099840,4916,1749099750,1749100020,5969.0,5981.5
ch1749100920,4916,1749100410,1749101640,5968.0,5980.5
ch1749102300,4916,1749101970,1749102720,5968.0,5980.5
ch1749103560,4916,1749103350,1749104220,5967.75,5980.25
ch1749104940,4916,1749104730,1749105120,5967.0,5981.0
ch1749116520,4916,1749115410,1749117120,5976.25,5992.25
ch1749123120,4916,1749122970,1749123660,5968.0,5988.0
cl1749123600,4916,1749123510,1749124080,5972.5,5992.5
cl1749142140,4916,1749141990,1749142320,5962.25,5992.25
cl1749147420,4916,1749147330,1749147600,5943.75,5982.25
ch1749148020,4916,1749147690,1749148260,5947.0,5978.0
ch1749148560,4916,1749148350,1749150000,5959.25,5984.25
cl1749153360,4916,1749152970,1749153480,5937.0,5986.5
cl1749172860,4916,1749172650,1749173040,5948.75,5964.25
cl1749182640,4916,1749182310,1749183240,5953.0,5967.0
ch1749182820,4916,1749182730,1749183240,5951.5,5965.5
cl1749184380,4916,1749184290,1749184560,5953.75,5968.75
cl1749189300,4916,1749189030,1749189600,5962.25,5976.25
ch1749194760,4916,1749194130,1749195000,5960.25,5977.25
ch1749203580,4916,1749203370,1749204540,5964.5,5979.0
ch1749216060,4916,1749215850,1749216780,5987.5,6012.0
cl1749216420,4916,1749216090,1749216600,5995.5,6017.0
ch1749216780,4916,1749216450,1749216960,5991.75,6013.25
ch1749231660,4916,1749230970,1749231900,5987.25,6009.25
ch1749232620,4916,1749231750,1749232800,5992.25,6011.75
cl1749234420,4916,1749234210,1749234840,6006.5,6027.0
cl1749237720,4916,1749237270,1749238740,6003.0,6023.5
ch1749237960,4916,1749237750,1749238500,5999.5,6019.0
cl1749432120,4916,1749431910,1749432420,5992.0,6006.0
cl1749435180,4916,1749434790,1749435420,5991.25,6005.75
ch1749437700,4916,1749437370,1749438120,5988.75,6002.25
cl1749439380,4916,1749439110,1749440340,5987.25,6000.75
cl1749440460,4916,1749440370,1749440640,5987.5,6000.5
ch1749441600,4916,1749441090,1749441840,5988.5,6001.5
ch1749444300,4916,1749444210,1749444720,5987.75,6001.75
cl1749445620,4916,1749445470,1749445920,5989.5,6003.5
cl1749447480,4916,1749447270,1749447600,5991.75,6005.25
ch1749452460,4916,1749452010,1749452640,5997.25,6011.25
ch1749454500,4916,1749454170,1749455040,5995.5,6013.0
ch1749454620,4916,1749454170,1749455040,5995.5,6013.0
ch1749459300,4916,1749459090,1749460080,6003.25,6020.75
ch1749465660,4916,1749465090,1749465960,6002.25,6015.75
cl1749465960,4916,1749465810,1749466440,6002.75,6016.25
ch1749467280,4916,1749466950,1749467580,6004.0,6018.5
cl1749467580,4916,1749467430,1749467760,6004.0,6020.0
ch1749475380,4916,1749475230,1749475920,6003.75,6021.25
cl1749475920,4916,1749475830,1749476040,5998.75,6026.25
cl1749480600,4916,1749480210,1749481320,6000.5,6022.0
ch1749481560,4916,1749481110,1749482580,5999.5,6019.0
ch1749483420,4916,1749482970,1749483540,5997.75,6017.25
ch1749483600,4916,1749483150,1749483900,5999.0,6018.0
ch1749487140,4916,1749486750,1749487320,6007.0,6022.5
ch1749487920,4916,1749487830,1749488280,6011.0,6031.5
cl1749492420,4916,1749491610,1749493380,6017.75,6036.25
ch1749493320,4916,1749492570,1749493560,6015.5,6032.0
ch1749493560,4916,1749492570,1749493680,6015.0,6032.5
cl1749519660,4916,1749519270,1749520680,6030.5,6049.5
cl1749524340,4916,1749524130,1749524700,6032.5,6047.0
cl1749524880,4916,1749524790,1749526680,6029.5,6042.5
ch1749526560,4916,1749526170,1749527580,6028.5,6041.5
ch1749533940,4916,1749533790,1749538440,5992.25,6021.25
ch1749534120,4916,1749533790,1749538440,5992.25,6021.25
ch1749546900,4916,1749546270,1749547380,6002.0,6018.0
cl1749552480,4916,1749551250,1749552720,6008.0,6023.0
ch1749556560,4916,1749556290,1749556740,6006.75,6023.75
ch1749561480,4916,1749561390,1749562140,6010.25,6025.25
cl1749563040,4916,1749562950,1749563520,6010.75,6035.25
cl1749563820,4916,1749563550,1749564720,6012.25,6037.75
ch1749572880,4916,1749572610,1749573300,6022.0,6039.5
cl1749600420,4916,1749600330,1749600720,6032.5,6049.0
cl1749603180,4916,1749602730,1749603480,6027.25,6044.25
ch1749606060,4916,1749605910,1749606180,6016.0,6033.5
cl1749608460,4916,1749608130,1749609540,6021.0,6034.5
cl1749610620,4916,1749609870,1749610800,6021.5,6035.0
cl1749612960,4916,1749612870,1749613380,6021.25,6035.25
cl1749619440,4916,1749619230,1749620820,6019.5,6034.0
ch1749621180,4916,1749621030,1749621540,6018.5,6033.0
ch1749622620,4916,1749622530,1749622800,6017.5,6032.0
cl1749623700,4916,1749623430,1749624240,6019.25,6034.25
cl1749627240,4916,1749626910,1749627480,6019.75,6035.75
ch1749630300,4916,1749629370,1749630720,6023.75,6040.75
cl1749634980,4916,1749634710,1749635340,6028.75,6042.75
cl1749639720,4916,1749639510,1749639900,6028.75,6043.25
cl1749655560,4916,1749655170,1749655800,6050.25,6071.25
cl1749659760,4916,1749659490,1749660120,6036.5,6062.0
ch1749666360,4916,1749665970,1749666720,6002.0,6031.5
cl1749666660,4916,1749666330,1749666780,6007.25,6040.75
ch1749671820,4916,1749671370,1749671940,6001.25,6033.75
cl1749689520,4916,1749689370,1749690060,5999.75,6021.75
ch1749693300,4916,1749693090,1749693600,5989.25,6009.75
ch1749693600,4916,1749693150,1749694260,5993.75,6011.25
cl1749696540,4916,1749696270,1749696840,5996.5,6010.5
cl1749706860,4916,1749706770,1749707040,6002.5,6019.5
ch1749711000,4916,1749710850,1749711120,6002.75,6022.25
ch1749711780,4916,1749711630,1749712620,6006.5,6025.5
cl1749714360,4916,1749714270,1749714600,5999.0,6019.0
cl1749719700,4916,1749719430,1749719880,5999.25,6015.75
cl1749727800,4916,1749727710,1749728280,5987.5,6004.0
ch1749735780,4916,1749735450,1749736140,5996.0,6027.0
ch1749738660,4916,1749737790,1749738840,6021.0,6045.5
ch1749738840,4916,1749737790,1749739020,6020.5,6046.0
ch1749740520,4916,1749740430,1749741120,6030.0,6055.0
cl1749747300,4916,1749746790,1749747540,6033.0,6055.0
cl1749777180,4916,1749776970,1749777780,5932.75,5972.25
ch1749783420,4916,1749783330,1749783660,5928.0,5953.0
ch1749789720,4916,1749789630,1749790440,5943.0,5962.0
ch1749792000,4916,1749791490,1749792360,5943.5,5963.5
ch1749802380,4916,1749802110,1749802560,5969.0,5990.5
ch1749808620,4916,1749808170,1749808920,5962.75,5987.75
ch1749815100,4916,1749814770,1749815280,5982.25,6002.25
ch1749815820,4916,1749814890,1749816180,5985.0,6003.0
cl1749816120,4916,1749815910,1749816300,5986.75,6008.25
cl1749820320,4916,1749819570,1749820680,5981.75,6002.25
ch1749821520,4916,1749821430,1749821820,5988.75,6019.75
cl1749822300,4916,1749821970,1749822480,5996.25,6027.25
ch1749825720,4916,1749825390,1749825960,5967.5,6005.5
ch1749827280,4916,1749826410,1749827580,5986.25,6013.25
ch1749827700,4916,1749826890,1749828000,5985.0,6016.5
ch1749828000,4916,1749827490,1749828120,5991.5,6017.0
ch1749830040,4916,1749829530,1749830520,6008.25,6033.25
cl1749834720,4916,1749834570,1749834900,6003.75,6025.75
cl1749836100,4916,1749835530,1749836220,6000.25,6024.75
cl1749839220,4916,1749839130,1749839400,5976.0,6009.5
cl1749839760,4916,1749839490,1749839880,5965.0,5995.5
ch1749841740,4916,1749841350,1749842040,5958.5,5992.0
ch1750034040,14160,1750033950,1750035600,6025.5,6047.0
cl1750037400,14160,1750037010,1750037640,6032.25,6048.75
cl1750044780,14160,1750044570,1750044960,6034.0,6047.5
cl1750047840,14160,1750047750,1750048440,6033.5,6049.0
ch1750048980,14160,1750048530,1750049100,6031.5,6044.5
cl1750052580,14160,1750052490,1750052700,6042.5,6056.0
cl1750064940,14160,1750064490,1750065060,6056.0,6077.0
ch1750069080,14160,1750068570,1750070160,6047.75,6065.75
ch1750069440,14160,1750068690,1750070160,6051.25,6065.75
cl1750072440,14160,1750071630,1750073160,6053.25,6074.25
cl1750077360,14160,1750077090,1750079160,6065.0,6082.5
cl1750078740,14160,1750077090,1750079160,6065.0,6082.5
cl1750080300,14160,1750079790,1750080480,6063.0,6080.5
ch1750080900,14160,1750080630,1750081020,6061.5,6084.0
ch1750081560,14160,1750080690,1750081740,6062.5,6087.0
cl1750085760,14160,1750085190,1750085880,6096.5,6117.5
ch1750087080,14160,1750086750,1750087320,6090.75,6109.75
ch1750090620,14160,1750090290,1750090920,6085.5,6105.0
cl1750094100,14160,1750093050,1750094760,6082.25,6101.75
ch1750119720,14160,1750119330,1750119840,6047.5,6071.0
ch1750121460,14160,1750121310,1750121640,6048.0,6071.0
cl1750126260,14160,1750125930,1750126620,6052.0,6076.0
ch1750128060,14160,1750127670,1750128600,6046.25,6065.75
cl1750129440,14160,1750129290,1750129860,6058.75,6085.75
cl1750134600,14160,1750134150,1750134780,6061.0,6076.5
ch1750136160,14160,1750136070,1750136520,6056.5,6072.5
ch1750147380,14160,1750146750,1750147500,6039.5,6064.0
ch1750150860,14160,1750150650,1750150980,6046.25,6069.25
ch1750153440,14160,1750152930,1750153620,6043.25,6061.25
cl1750155960,14160,1750155330,1750156620,6047.75,6065.25
ch1750157820,14160,1750157490,1750157940,6043.0,6061.0
ch1750168800,14160,1750168530,1750169400,6052.5,6080.0
ch1750169640,14160,1750169310,1750170960,6059.25,6084.75
ch1750176240,14160,1750175970,1750176660,6057.75,6082.25
cl1750182000,14160,1750181850,1750182240,6048.75,6072.75
cl1750187100,14160,1750186830,1750187580,6031.25,6054.25
ch1750188300,14160,1750187970,1750188960,6028.5,6051.5
cl1750189260,14160,1750189110,1750189740,6033.25,6058.25
cl1750209960,14160,1750209810,1750210560,6036.25,6052.25
ch1750218360,14160,1750218030,1750218480,6033.25,6047.75
ch1750223880,14160,1750222890,1750224420,6037.5,6052.0
ch1750224720,14160,1750224570,1750224960,6038.25,6052.75
ch1750255440,14160,1750255290,1750255680,6035.25,6064.25
ch1750255740,14160,1750255350,1750255920,6042.0,6065.5
ch1750257900,14160,1750256610,1750258500,6056.25,6078.75
cl1750258500,14160,1750258050,1750259160,6062.0,6083.0
cl1750259820,14160,1750259130,1750259940,6059.25,6080.25
cl1750260300,14160,1750259910,1750261080,6055.5,6075.5
cl1750261200,14160,1750260210,1750261380,6053.75,6073.25
ch1750265460,14160,1750265370,1750265700,6046.25,6067.75
cl1750267440,14160,1750267230,1750267680,6046.25,6066.25
cl1750272660,14160,1750272270,1750272780,6045.0,6086.5
ch1750293180,14160,1750292790,1750293600,6012.25,6030.75
cl1750297140,14160,1750297050,1750297440,6006.0,6024.5
ch1750300500,14160,1750299450,1750300800,6008.75,6023.25
ch1750300860,14160,1750300770,1750301040,6009.5,6026.0
cl1750301940,14160,1750301370,1750302180,6010.5,6026.0
ch1750308060,14160,1750307970,1750308240,6016.75,6031.25
ch1750308420,14160,1750308210,1750308960,6018.5,6033.5
cl1750311180,14160,1750311090,1750312080,6015.5,6029.0
ch1750312980,14160,1750312830,1750313340,6007.5,6025.0
cl1750317960,14160,1750317690,1750318200,5997.25,6015.25
ch1750318200,14160,1750318050,1750319100,5996.25,6014.75
cl1750334700,14160,1750334610,1750335120,5994.25,6009.75
cl1750334820,14160,1750334610,1750335120,5994.25,6009.75
cl1750337220,14160,1750337070,1750337340,5987.25,6005.25
ch1750339080,14160,1750338570,1750339380,5983.5,6001.5
ch1750342080,14160,1750341810,1750342560,5966.75,5989.75
ch1750349820,14160,1750349070,1750350000,5969.75,5988.75
ch1750383600,14160,1750383450,1750383720,6000.0,6018.0
cl1750389360,14160,1750389270,1750389600,6010.75,6025.75
ch1750400700,14160,1750400430,1750401000,6019.25,6035.75
cl1750401300,14160,1750400970,1750401660,6018.5,6036.5
cl1750403100,14160,1750402770,1750403640,6011.5,6030.5
cl1750411860,14160,1750411470,1750413120,6012.0,6028.5
cl1750415400,14160,1750414470,1750415580,6012.75,6028.25
ch1750417500,14160,1750417410,1750417680,6015.75,6031.25
ch1750421220,14160,1750420710,1750421760,6027.75,6047.75
ch1750422660,14160,1750422390,1750422780,6028.75,6050.25
cl1750431060,14160,1750430670,1750431600,6010.25,6046.75
ch1750433760,14160,1750433370,1750433880,6011.5,6041.5
cl1750436220,14160,1750435950,1750436940,6012.75,6038.25
cl1750437780,14160,1750437570,1750438500,6019.25,6041.75
ch1750443600,14160,1750443450,1750444740,6011.5,6034.0
cl1750637160,14160,1750636830,1750637340,5985.25,6005.75
cl1750637700,14160,1750637370,1750637880,5986.75,6005.75
cl1750641960,14160,1750641390,1750642260,5985.75,6003.25
ch1750645920,14160,1750645590,1750646220,5991.5,6005.5
cl1750646940,14160,1750646670,1750647600,5993.0,6008.5
ch1750648920,14160,1750648470,1750649700,5992.25,6006.75
cl1750651560,14160,1750651410,1750651860,5995.75,6009.75
cl1750656720,14160,1750656030,1750657500,6001.0,6016.0
ch1750664400,14160,1750664130,1750665840,6011.0,6035.0
cl1750671600,14160,1750670490,1750672740,6025.25,6047.25
cl1750674600,14160,1750674090,1750674720,6018.5,6036.0
cl1750677480,14160,1750677270,1750677720,6006.25,6024.75
ch1750680300,14160,1750679730,1750680540,6003.0,6021.5
ch1750683540,14160,1750683210,1750684200,6015.75,6032.75
ch1750684680,14160,1750684590,1750684920,6013.25,6032.25
cl1750685640,14160,1750685430,1750685820,6005.5,6030.0
ch1750686180,14160,1750685790,1750686300,6011.25,6037.75
cl1750689060,14160,1750688490,1750689480,6043.0,6070.0
cl1750690380,14160,1750690050,1750690500,6038.25,6059.75
ch1750691700,14160,1750690950,1750692420,6034.5,6057.0
ch1750698300,14160,1750698030,1750698600,5989.5,6034.5
ch1750736100,14160,1750735590,1750736280,6103.75,6116.75
ch1750736280,14160,1750735650,1750737180,6103.0,6117.0
ch1750748100,14160,1750747710,1750748280,6126.75,6143.25
ch1750751160,14160,1750750650,1750751640,6113.0,6135.0
cl1750754160,14160,1750753770,1750754520,6118.5,6143.5
ch1750765680,14160,1750765050,1750766580,6110.75,6131.25
ch1750776360,14160,1750775970,1750777320,6114.25,6134.75
ch1750777380,14160,1750776030,1750777620,6115.25,6136.75
ch1750777620,14160,1750776750,1750778580,6116.0,6137.0
ch1750781460,14160,1750780950,1750781760,6125.25,6143.75
ch1750782120,14160,1750781670,1750782360,6129.5,6145.5
cl1750783800,14160,1750783530,1750784160,6138.0,6157.0
cl1750784280,14160,1750784070,1750784580,6135.25,6151.75
ch1750787640,14160,1750787430,1750788060,6139.0,6155.5
ch1750813080,14160,1750812570,1750813620,6138.75,6152.75
cl1750815000,14160,1750814910,1750815120,6136.25,6149.25
ch1750828980,14160,1750828890,1750829940,6142.75,6154.75
ch1750831980,14160,1750831470,1750832220,6141.25,6154.75
cl1750836000,14160,1750835670,1750836660,6140.25,6154.75
cl1750837500,14160,1750837410,1750837920,6138.0,6154.0
ch1750839360,14160,1750839210,1750839660,6138.0,6153.5
cl1750840020,14160,1750839510,1750840200,6138.75,6153.75
cl1750840260,14160,1750840170,1750840440,6136.25,6152.25
ch1750842060,14160,1750841970,1750842360,6141.5,6155.0
ch1750846860,14160,1750846470,1750847100,6135.75,6148.75
ch1750846980,14160,1750846470,1750847100,6135.75,6148.75
ch1750851840,14160,1750851570,1750852080,6142.25,6156.75
cl1750854060,14160,1750853970,1750854420,6148.25,6162.25
cl1750860240,14160,1750859910,1750860660,6148.25,6168.25
cl1750863060,14160,1750862790,1750863360,6146.75,6169.25
cl1750863360,14160,1750862790,1750863720,6146.5,6169.5
cl1750864200,14160,1750863810,1750864440,6139.75,6159.25
cl1750870200,14160,1750869870,1750870680,6135.0,6151.5
cl1750876320,14160,1750875870,1750877880,6131.5,6148.5
ch1750878780,14160,1750878630,1750879920,6137.75,6154.75
cl1750900980,14160,1750900770,1750901400,6140.5,6155.0
ch1750902960,14160,1750902690,1750903380,6139.25,6152.25
ch1750903980,14160,1750903830,1750904280,6142.75,6155.75
ch1750907220,14160,1750906950,1750907400,6143.75,6156.75
ch1750908900,14160,1750908450,1750909080,6146.5,6159.0
ch1750910400,14160,1750910010,1750910700,6146.0,6158.5
cl1750911720,14160,1750911510,1750912140,6145.75,6158.25
ch1750912260,14160,1750911990,1750912860,6145.25,6158.25
ch1750916880,14160,1750916670,1750917060,6148.25,6160.25
cl1750928580,14160,1750927110,1750928880,6161.0,6174.0
cl1750934640,14160,1750934250,1750934760,6161.75,6177.75
cl1750940100,14160,1750939530,1750940280,6162.0,6178.5
ch1750944900,14160,1750943970,1750945740,6154.75,6174.75
ch1750958160,14160,1750957770,1750959000,6177.75,6194.25
cl1750965300,14160,1750965090,1750965600,6183.75,6201.75
cl1750992000,14160,1750991670,1750992480,6194.0,6207.5
ch1750993320,14160,1750993170,1750993440,6195.5,6208.5
cl1750995060,14160,1750994850,1750995660,6197.25,6208.75
cl1750996500,14160,1750996050,1750997040,6196.25,6209.25
cl1750998240,14160,1750997910,1750999080,6195.5,6207.5
ch1750999620,14160,1750998870,1751000220,6195.25,6207.25
cl1751000400,14160,1751000190,1751000640,6194.75,6207.25
cl1751001540,14160,1751001390,1751001660,6196.25,6208.25
ch1751014260,14160,1751013570,1751014500,6202.5,6216.0
ch1751018640,14160,1751018550,1751019180,6202.0,6215.5
cl1751020080,14160,1751019750,1751020440,6202.25,6216.25
cl1751027520,14160,1751027370,1751028120,6205.0,6227.0
cl1751029500,14160,1751029230,1751029680,6201.5,6217.5
ch1751031720,14160,1751031390,1751031900,6197.75,6216.75
cl1751036280,14160,1751036070,1751036820,6215.75,6236.25
cl1751037420,14160,1751037210,1751038020,6218.0,6237.0
cl1751041020,14160,1751040810,1751041800,6228.5,6244.5
cl1751044680,14160,1751044470,1751044920,6225.25,6242.75
cl1751046960,14160,1751046810,1751047200,6202.25,6227.25
ch1751047560,14160,1751046990,1751048040,6197.75,6223.75
cl1751049660,14160,1751049450,1751049780,6181.0,6209.0
ch1751053800,14160,1751053650,1751053980,6198.75,6220.25
cl1751245260,14160,1751245170,1751245860,6232.75,6247.25
cl1751250420,14160,1751250210,1751250540,6237.0,6250.5
ch1751256600,14160,1751256390,1751256720,6243.0,6255.0
cl1751259420,14160,1751259150,1751259660,6242.25,6254.75
cl1751280600,14160,1751280270,1751280720,6244.75,6257.25
ch1751281140,14160,1751280810,1751281440,6244.25,6256.25
cl1751284920,14160,1751284470,1751286060,6243.5,6258.5
cl1751291040,14160,1751290770,1751291340,6231.5,6252.5
ch1751293800,14160,1751293350,1751294280,6225.25,6247.25
ch1751301480,14160,1751301150,1751301600,6230.75,6247.75
ch1751301780,14160,1751301570,1751302800,6232.25,6250.75
cl1751308920,14160,1751308710,1751309160,6222.0,6239.5
ch1751311260,14160,1751311170,1751311440,6234.25,6256.25
ch1751328780,14160,1751328150,1751328960,6244.75,6259.75
ch1751333700,14160,1751333550,1751333820,6247.0,6260.5
ch1751334780,14160,1751334690,1751335080,6249.5,6262.5
ch1751339100,14160,1751338830,1751339640,6241.5,6255.5
cl1751339880,14160,1751339430,1751340420,6242.5,6255.5
cl1751340960,14160,1751339550,1751341560,6242.25,6255.25
cl1751345220,14160,1751345010,1751345400,6238.5,6252.0
cl1751346600,14160,1751346390,1751348160,6237.75,6251.75
ch1751347380,14160,1751346690,1751347560,6236.5,6249.5
cl1751347380,14160,1751347170,1751348160,6237.75,6250.25
cl1751348700,14160,1751348610,1751349000,6237.0,6250.5
cl1751356260,14160,1751356170,1751356500,6233.0,6247.5
ch1751359860,14160,1751359470,1751360400,6233.75,6249.25
ch1751371200,14160,1751371110,1751371680,6232.25,6247.25
ch1751377860,14160,1751377710,1751378340,6231.5,6254.5
cl1751380440,14160,1751380350,1751380620,6236.25,6258.25
cl1751380920,14160,1751380350,1751381100,6232.25,6262.25
cl1751382660,14160,1751382450,1751382780,6224.25,6247.25
ch1751388780,14160,1751388690,1751389080,6240.25,6259.25
ch1751390580,14160,1751389830,1751390700,6239.0,6260.0
ch1751420580,14160,1751420430,1751420940,6245.25,6257.75
ch1751426280,14160,1751425470,1751426760,6251.75,6265.75
cl1751427180,14160,1751426430,1751427420,6253.0,6265.5
ch1751429160,14160,1751428890,1751429580,6253.0,6265.5
cl1751432460,14160,1751432190,1751432700,6259.0,6272.0
ch1751440200,14160,1751440050,1751440560,6258.75,6275.25
cl1751442720,14160,1751442270,1751443440,6250.5,6265.0
cl1751447040,14160,1751446410,1751447580,6248.0,6263.0
cl1751449140,14160,1751448930,1751449320,6248.5,6261.5
cl1751453820,14160,1751453490,1751454000,6247.0,6263.5
cl1751459580,14160,1751459430,1751460060,6234.5,6257.0
ch1751463000,14160,1751462850,1751463180,6232.0,6252.5
ch1751463960,14160,1751463450,1751464980,6231.0,6253.5
cl1751468220,14160,1751468010,1751470020,6252.25,6273.25
ch1751474520,14160,1751474130,1751476680,6255.75,6273.25
ch1751477460,14160,1751476950,1751478120,6256.0,6274.0
ch1751479800,14160,1751479410,1751480340,6258.0,6273.5
ch1751480820,14160,1751480250,1751481000,6258.5,6274.0
cl1751484480,14160,1751484210,1751485320,6264.0,6280.0
ch1751501820,14160,1751501730,1751502120,6269.75,6284.75
cl1751508120,14160,1751507910,1751508300,6270.0,6282.0
ch1751514180,14160,1751514090,1751514660,6274.0,6289.0
cl1751515320,14160,1751514810,1751515620,6273.5,6287.0
ch1751520540,14160,1751520210,1751520900,6273.75,6285.25
ch1751531400,14160,1751531310,1751531580,6273.25,6287.25
cl1751536980,14160,1751536650,1751537160,6269.5,6283.5
cl1751537460,14160,1751537070,1751538060,6268.0,6282.0
ch1751540340,14160,1751539590,1751540580,6271.0,6283.0
cl1751541420,14160,1751541090,1751541600,6272.5,6287.5
ch1751541660,14160,1751541450,1751542260,6271.75,6285.25
ch1751553660,14160,1751553390,1751554080,6312.0,6329.5
cl1751593920,14160,1751593830,1751594160,6310.25,6322.75
cl1751594160,14160,1751593890,1751594580,6309.5,6322.0
cl1751601120,14160,1751600790,1751602620,6302.75,6315.75
ch1751602320,14160,1751602050,1751602500,6302.5,6314.0
ch1751606160,14160,1751606010,1751606340,6299.25,6311.75
cl1751612760,14160,1751612670,1751613000,6295.5,6311.0
ch1751613960,14160,1751613630,1751615280,6284.25,6303.25
cl1751614260,14160,1751614110,1751614560,6289.25,6305.75
cl1751621820,14160,1751621490,1751622000,6278.75,6293.75
cl1751625960,14160,1751625870,1751626140,6277.75,6292.75
ch1751626920,14160,1751626770,1751627700,6272.0,6290.5
cl1751628960,14160,1751628450,1751629140,6278.25,6294.75
ch1751630580,14160,1751630310,1751631420,6278.0,6292.5
cl1751631480,14160,1751630670,1751631600,6279.0,6296.0
cl1751636340,14160,1751636070,1751636520,6274.25,6293.25
ch1751643300,14160,1751642970,1751643540,6279.5,6295.0
ch1751645700,14160,1751644950,1751646000,6282.25,6294.75
cl1751864340,14160,1751863650,1751864760,6291.5,6304.5
ch1751867280,14160,1751867130,1751867580,6289.25,6303.25
ch1751875020,14160,1751874630,1751875140,6287.25,6302.25
cl1751875860,14160,1751875770,1751876220,6287.25,6302.25
cl1751878080,14160,1751877930,1751878320,6289.0,6305.0
cl1751878320,14160,1751877930,1751878800,6288.5,6305.5
cl1751885400,14160,1751885130,1751885940,6300.25,6314.25
cl1751886660,14160,1751885310,1751887740,6299.5,6314.0
cl1751888460,14160,1751888310,1751888640,6300.25,6315.25
ch1751889000,14160,1751888730,1751889360,6301.0,6315.0
cl1751892120,14160,1751891850,1751892300,6302.75,6318.25
ch1751908500,14160,1751908050,1751908740,6254.0,6279.5
ch1751913420,14160,1751913210,1751913600,6236.5,6262.5
ch1751918340,14160,1751918070,1751918520,6258.0,6283.0
ch1751934420,14160,1751934150,1751934540,6259.0,6274.0
ch1751936280,14160,1751935890,1751936580,6266.25,6280.75
cl1751936520,14160,1751936250,1751936940,6266.75,6284.25
cl1751949900,14160,1751949450,1751950260,6271.75,6285.75
ch1751951700,14160,1751951490,1751952300,6270.25,6283.75
ch1751952300,14160,1751951490,1751952840,6270.0,6284.0
cl1751952780,14160,1751952630,1751952900,6271.25,6285.25
ch1751954220,14160,1751953590,1751954760,6272.25,6286.75
ch1751961120,14160,1751961030,1751961300,6278.5,6293.0
ch1751970060,14160,1751969790,1751970720,6269.75,6284.75
ch1751973900,14160,1751973510,1751974920,6274.75,6290.75
ch1751978880,14160,1751978670,1751979060,6270.5,6285.5
ch1751980140,14160,1751979390,1751980740,6273.0,6289.5
ch1751982120,14160,1751981970,1751982300,6262.75,6285.25
ch1751990520,14160,1751989530,1751990880,6264.25,6284.75
ch1751991540,14160,1751990970,1751991660,6262.75,6284.25
cl1751994000,14160,1751993490,1751994120,6268.75,6290.25
cl1751996520,14160,1751995950,1751997180,6264.5,6285.0
ch1751998380,14160,1751997090,1751999220,6264.75,6285.75
ch1752023100,14160,1752022890,1752023220,6258.75,6272.25
ch1752024900,14160,1752024750,1752025140,6253.75,6268.75
cl1752030960,14160,1752030570,1752031200,6260.5,6273.0
cl1752037860,14160,1752037650,1752038160,6262.25,6274.25
ch1752047340,14160,1752047250,1752048000,6264.75,6279.25
cl1752048000,14160,1752047910,1752048300,6265.5,6279.0
cl1752062220,14160,1752061890,1752062400,6278.5,6294.0
ch1752068100,14160,1752067890,1752068220,6290.0,6309.5
cl1752088320,14160,1752087870,1752088860,6293.25,6310.25
cl1752111900,14160,1752111390,1752112440,6289.5,6304.5
ch1752113700,14160,1752113490,1752113940,6289.75,6303.25
cl1752118860,14160,1752118290,1752119400,6286.5,6300.0
ch1752124500,14160,1752123690,1752125400,6286.5,6299.0
ch1752126780,14160,1752126510,1752127140,6284.5,6298.0
ch1752131100,14160,1752128730,1752131640,6282.25,6296.75
ch1752133560,14160,1752133170,1752133740,6286.0,6300.0
cl1752133920,14160,1752133830,1752134580,6287.25,6302.75
ch1752135480,14160,1752135330,1752135720,6290.0,6304.0
ch1752138180,14160,1752137910,1752138300,6294.0,6306.5
ch1752148320,14160,1752147690,1752148860,6302.25,6316.25
ch1752158880,14160,1752158370,1752159060,6299.0,6321.0
ch1752161460,14160,1752161130,1752162180,6310.0,6328.5
cl1752164220,14160,1752163830,1752164700,6311.5,6329.5
ch1752168240,14160,1752167850,1752168660,6316.25,6333.75
ch1752168360,14160,1752167850,1752168660,6316.25,6333.75
ch1752171540,14160,1752171210,1752171720,6325.75,6340.25
cl1752172680,14160,1752172290,1752173100,6325.0,6341.0
ch1752176100,14160,1752175890,1752176400,6320.0,6336.5
ch1752202800,14160,1752202170,1752202920,6294.25,6309.25
ch1752204540,14160,1752204150,1752205740,6300.0,6314.0
ch1752216420,14160,1752215850,1752217080,6296.0,6311.0
cl1752218460,14160,1752218250,1752218580,6290.75,6310.25
cl1752222000,14160,1752221070,1752222360,6279.75,6298.75
cl1752236820,14160,1752236550,1752237000,6280.25,6297.25
ch1752247920,14160,1752247650,1752248040,6285.0,6305.5
ch1752256560,14160,1752256230,1752256800,6296.75,6314.75
cl1752258240,14160,1752257310,1752258480,6301.25,6317.75
cl1752260400,14160,1752260190,1752260520,6300.5,6318.0
ch1752261480,14160,1752260910,1752261600,6293.75,6312.75
ch1752261960,14160,1752261450,1752263100,6295.75,6316.25
ch1752456600,14160,1752456270,1752456840,6261.25,6276.25
cl1752462240,14160,1752462030,1752462480,6264.0,6276.5
cl1752467280,14160,1752467070,1752468420,6266.75,6279.25
ch1752469680,14160,1752469410,1752470340,6264.75,6277.75
ch1752475140,14160,1752474930,1752475680,6258.5,6273.5
cl1752475560,14160,1752475170,1752475920,6260.5,6275.0
cl1752477900,14160,1752477390,1752478320,6254.75,6270.75
ch1752479040,14160,1752478830,1752479220,6259.75,6276.75
cl1752483720,14160,1752483450,1752484140,6272.25,6286.75
cl1752487920,14160,1752487650,1752488160,6274.75,6287.25
cl1752492180,14160,1752491790,1752493200,6271.75,6287.25
cl1752494100,14160,1752493710,1752494400,6276.25,6291.75
ch1752495360,14160,1752494910,1752495660,6273.75,6288.75
ch1752507660,14160,1752506850,1752508200,6291.0,6312.0
cl1752508500,14160,1752507870,1752508620,6295.5,6313.0
ch1752512040,14160,1752511710,1752512160,6295.25,6312.25
ch1752513420,14160,1752513330,1752513840,6301.75,6317.75
ch1752517860,14160,1752517530,1752518160,6303.75,6319.75
ch1752523140,14160,1752523050,1752523440,6301.0,6318.5
cl1752546900,14160,1752546510,1752547740,6305.25,6324.25
ch1752556260,14160,1752556110,1752556380,6319.0,6335.0
ch1752557280,14160,1752557010,1752557460,6324.25,6337.75
cl1752561540,14160,1752561390,1752561900,6322.25,6336.25
cl1752566460,14160,1752566310,1752566880,6322.25,6336.25
cl1752566880,14160,1752566370,1752567480,6321.75,6337.25
ch1752567960,14160,1752567810,1752569760,6320.75,6337.25
ch1752568200,14160,1752567810,1752569760,6320.75,6337.25
cl1752580020,14160,1752579870,1752580680,6325.25,6342.75
cl1752580920,14160,1752580710,1752581100,6326.75,6341.25
cl1752582120,14160,1752581970,1752582660,6320.0,6336.5
ch1752584160,14160,1752583650,1752584520,6321.75,6343.75
cl1752589920,14160,1752589770,1752590460,6305.5,6329.0
cl1752597660,14160,1752597210,1752598020,6295.25,6314.75
ch1752600240,14160,1752599850,1752600480,6285.25,6305.25
cl1752604620,14160,1752604470,1752604980,6300.5,6319.5
cl1752609180,14160,1752608970,1752609300,6286.75,6310.25
ch1752628080,14160,1752627690,1752628260,6265.0,6280.0
cl1752629400,14160,1752628950,1752629640,6269.0,6283.0
ch1752635700,14160,1752635250,1752635820,6268.5,6281.0
cl1752640680,14160,1752640470,1752641040,6270.0,6283.0
cl1752641760,14160,1752641370,1752642000,6268.0,6281.0
ch1752659580,14160,1752659310,1752659940,6268.75,6283.75
ch1752665100,14160,1752665010,1752665520,6272.25,6288.25
ch1752667980,14160,1752667770,1752668160,6277.5,6291.5
cl1752672660,14160,1752672570,1752673020,6288.25,6308.75
cl1752679020,14160,1752678930,1752679140,6261.75,6325.75
cl1752680220,14160,1752680010,1752680580,6236.0,6282.0
ch1752685380,14160,1752684750,1752685560,6278.75,6299.75
cl1752689460,14160,1752689310,1752690000,6285.75,6304.25
cl1752711000,14160,1752710910,1752711720,6285.25,6299.75
cl1752711420,14160,1752710910,1752711720,6285.25,6299.75
ch1752711660,14160,1752711570,1752711960,6284.25,6297.75
ch1752715080,14160,1752714630,1752715560,6290.25,6302.75
ch1752742620,14160,1752742230,1752742920,6295.25,6312.75
ch1752750840,14160,1752750270,1752751560,6292.5,6308.0
cl1752751920,14160,1752751830,1752752280,6293.75,6308.25
ch1752754320,14160,1752753690,1752754500,6291.75,6308.25
cl1752759000,14160,1752758910,1752759180,6297.0,6316.0
ch1752761340,14160,1752760110,1752761940,6305.75,6328.25
cl1752770400,14160,1752770130,1752771540,6321.0,6339.5
ch1752771660,14160,1752770430,1752771840,6320.75,6335.25
ch1752776340,14160,1752776130,1752776520,6325.25,6341.25
ch1752778980,14160,1752778890,1752779940,6335.0,6350.5
cl1752781500,14160,1752781230,1752781740,6333.5,6349.5
cl1752799500,14160,1752798570,1752800100,6342.0,6355.0
cl1752799680,14160,1752798570,1752800100,6342.0,6355.0
cl1752807600,14160,1752807330,1752808320,6345.0,6358.0
cl1752811740,14160,1752810990,1752812040,6344.25,6355.75
cl1752818580,14160,1752818490,1752818940,6349.5,6362.0
cl1752820140,14160,1752820050,1752820380,6348.75,6361.25
ch1752826860,14160,1752826710,1752827700,6340.5,6355.5
ch1752828600,14160,1752828150,1752828840,6340.25,6354.25
ch1752829500,14160,1752829110,1752832020,6341.75,6355.25
ch1752831300,14160,1752830790,1752831780,6343.0,6355.0
cl1752836760,14160,1752836490,1752837120,6336.25,6353.25
ch1752842940,14160,1752841890,1752843420,6337.0,6353.0
ch1752852780,14160,1752852390,1752853740,6324.25,6343.75
ch1752853920,14160,1752853590,1752854460,6327.75,6345.25
ch1752860400,14160,1752859830,1752860880,6319.75,6339.25
ch1752861660,14160,1752861450,1752862380,6320.0,6338.0
cl1753061220,14160,1753061070,1753061400,6338.25,6351.25
cl1753061820,14160,1753061370,1753062720,6336.75,6349.75
ch1753062120,14160,1753061850,1753062420,6336.0,6348.5
ch1753072080,14160,1753071870,1753072560,6335.5,6348.0
cl1753080600,14160,1753080270,1753080840,6342.25,6355.75
cl1753080900,14160,1753080810,1753081020,6341.0,6354.0
cl1753083720,14160,1753083570,1753084920,6343.5,6358.5
cl1753084200,14160,1753083570,1753084920,6343.5,6358.5
ch1753092720,14160,1753092630,1753092900,6343.0,6359.0
ch1753101000,14160,1753100370,1753101300,6341.25,6354.25
cl1753101720,14160,1753101630,1753102260,6341.5,6355.5
cl1753101840,14160,1753101630,1753102260,6341.5,6355.5
ch1753103760,14160,1753103670,1753104120,6332.25,6348.25
cl1753109280,14160,1753108350,1753109520,6361.25,6383.25
cl1753109580,14160,1753109070,1753110000,6359.75,6378.25
cl1753127220,14160,1753127010,1753127520,6337.25,6356.75
cl1753144860,14160,1753144470,1753145460,6344.25,6357.75
cl1753145640,14160,1753144650,1753145820,6343.5,6358.0
ch1753147920,14160,1753147830,1753148760,6342.75,6355.75
ch1753158720,14160,1753158510,1753159500,6334.75,6347.75
ch1753166220,14160,1753165890,1753167660,6334.25,6347.75
cl1753192140,14160,1753191990,1753192260,6331.0,6350.5
cl1753198860,14160,1753198530,1753199040,6326.5,6346.5
ch1753231800,14160,1753230570,1753232340,6343.5,6359.0
cl1753234200,14160,1753234110,1753234560,6350.0,6364.0
ch1753234560,14160,1753234410,1753235040,6349.0,6364.0
ch1753235940,14160,1753235490,1753236720,6351.0,6366.0
cl1753236900,14160,1753236810,1753237080,6351.75,6365.25
cl1753244160,14160,1753243650,1753244340,6352.5,6364.5
ch1753245300,14160,1753244670,1753245480,6352.75,6365.25
ch1753248660,14160,1753248450,1753248960,6355.25,6369.25
ch1753253100,14160,1753252770,1753253580,6355.5,6369.5
ch1753255200,14160,1753254870,1753255440,6357.5,6372.5
cl1753262460,14160,1753262010,1753262700,6365.25,6378.75
ch1753274940,14160,1753274550,1753275300,6359.25,6375.25
cl1753279200,14160,1753278870,1753279800,6348.5,6369.5
ch1753282680,14160,1753282230,1753282800,6351.25,6369.25
cl1753283040,14160,1753282890,1753283640,6356.0,6373.5
cl1753285140,14160,1753284990,1753285740,6356.25,6372.75
cl1753290900,14160,1753290630,1753291380,6366.75,6385.75
ch1753296240,14160,1753295730,1753297560,6381.0,6397.5
ch1753316040,14160,1753315590,1753316220,6393.75,6408.25
ch1753317840,14160,1753317450,1753318380,6396.5,6409.5
cl1753318860,14160,1753318230,1753319100,6396.5,6410.5
cl1753323720,14160,1753323630,1753324140,6399.25,6412.25
cl1753325280,14160,1753324710,1753326060,6399.5,6412.0
ch1753327260,14160,1753327050,1753327500,6398.0,6410.0
ch1753333020,14160,1753332870,1753333260,6394.5,6406.5
cl1753334460,14160,1753333710,1753334760,6395.5,6408.0
cl1753343160,14160,1753342890,1753343340,6388.75,6402.75
ch1753344720,14160,1753344570,1753345020,6388.0,6404.0
ch1753345020,14160,1753344630,1753345440,6390.0,6404.5
ch1753350840,14160,1753350450,1753351200,6396.5,6409.0
ch1753356060,14160,1753355670,1753356240,6393.5,6406.5
ch1753357320,14160,1753357230,1753357500,6396.75,6411.75
cl1753358160,14160,1753357710,1753358460,6397.75,6410.75
ch1753363800,14160,1753363650,1753363980,6391.75,6410.25
ch1753364880,14160,1753364790,1753365360,6393.75,6415.25
cl1753365360,14160,1753365210,1753366020,6397.0,6416.5
ch1753367880,14160,1753367250,1753368060,6393.0,6413.0
cl1753374420,14160,1753374270,1753375200,6394.0,6414.5
ch1753380660,14160,1753380570,1753381260,6405.25,6423.25
cl1753386180,14160,1753385970,1753386300,6400.25,6417.75
ch1753402860,14160,1753402230,1753403820,6405.75,6419.75
cl1753403880,14160,1753403370,1753404120,6407.25,6420.75
cl1753406220,14160,1753405830,1753406400,6408.0,6421.5
ch1753410600,14160,1753410270,1753412220,6411.25,6423.75
cl1753414560,14160,1753414230,1753414920,6413.25,6425.75
cl1753419000,14160,1753418550,1753419240,6406.75,6419.25
ch1753423440,14160,1753423230,1753423800,6406.75,6419.25
ch1753424220,14160,1753423230,1753424520,6406.5,6419.5
ch1753424340,14160,1753423230,1753424520,6406.5,6419.5
cl1753442280,14160,1753442190,1753442580,6401.5,6414.0
cl1753443120,14160,1753443030,1753444200,6400.75,6413.75
ch1753446720,14160,1753446570,1753446960,6401.25,6414.75
ch1753451580,14160,1753450710,1753452300,6393.5,6415.5
cl1753455360,14160,1753455210,1753455480,6405.75,6421.75
ch1753458780,14160,1753458270,1753459680,6402.75,6419.25
ch1753464480,14160,1753464210,1753464600,6416.0,6431.5
cl1753466580,14160,1753466310,1753467060,6419.75,6434.75
cl1753469940,14160,1753469370,1753470720,6422.0,6436.5
cl1753472700,14160,1753472310,1753473000,6422.25,6437.25
ch1753662060,14160,1753661670,1753662900,6440.75,6455.25
cl1753662360,14160,1753662210,1753662840,6443.0,6456.0
ch1753664100,14160,1753663650,1753664520,6443.25,6456.25
ch1753675320,14160,1753675170,1753675500,6445.5,6457.5
ch1753679820,14160,1753679730,1753680360,6448.0,6459.5
ch1753685040,14160,1753684710,1753685340,6445.75,6460.25
cl1753688040,14160,1753687770,1753688220,6440.0,6454.5
ch1753694520,14160,1753694130,1753694700,6439.0,6450.5
ch1753702860,14160,1753702230,1753703220,6428.0,6442.0
ch1753704780,14160,1753704210,1753704960,6428.0,6442.0
cl1753712520,14160,1753712430,1753712880,6421.75,6442.75
cl1753719060,14160,1753718670,1753719480,6419.0,6435.0
ch1753719480,14160,1753719150,1753719600,6417.25,6433.75
cl1753720560,14160,1753720170,1753721100,6419.25,6436.25
ch1753724280,14160,1753723590,1753724400,6408.75,6425.75
cl1753729560,14160,1753729410,1753730460,6405.5,6421.0
ch1753732200,14160,1753731990,1753732380,6409.0,6424.0
cl1753750500,14160,1753750050,1753751700,6421.75,6433.25
cl1753768740,14160,1753768650,1753768920,6427.75,6439.75
ch1753774260,14160,1753773990,1753774440,6425.0,6438.0
ch1753774980,14160,1753774590,1753775100,6427.5,6440.0
ch1753785180,14160,1753784850,1753786800,6433.0,6446.5
ch1753785480,14160,1753784850,1753786800,6433.0,6446.5
ch1753786260,14160,1753785150,1753786800,6433.5,6446.5
cl1753787340,14160,1753787070,1753787940,6434.25,6446.75
ch1753790280,14160,1753789350,1753790460,6429.0,6444.0
cl1753795620,14160,1753795470,1753795800,6429.5,6443.5
cl1753799820,14160,1753799010,1753800180,6421.5,6439.5
cl1753801380,14160,1753800630,1753801560,6413.0,6435.0
ch1753804260,14160,1753803990,1753804560,6393.0,6420.0
ch1753813020,14160,1753812750,1753813440,6396.75,6415.75
cl1753817220,14160,1753816830,1753817340,6398.75,6416.25
cl1753838460,14160,1753838130,1753839000,6404.75,6417.75
ch1753843200,14160,1753843050,1753843560,6405.25,6417.25
cl1753858440,14160,1753858290,1753858860,6407.75,6420.25
cl1753871220,14160,1753871010,1753872000,6406.5,6420.0
ch1753880220,14160,1753879050,1753880520,6400.25,6418.75
cl1753889520,14160,1753889190,1753890180,6398.0,6415.0
ch1753892580,14160,1753892130,1753893720,6406.75,6424.75
cl1753893660,14160,1753893330,1753894380,6409.75,6425.25
cl1753895400,14160,1753895190,1753895820,6410.0,6425.5
cl1753902000,14160,1753901910,1753902300,6364.25,6408.25
ch1753921200,14160,1753921050,1753921320,6434.75,6450.25
ch1753926000,14160,1753925670,1753926240,6442.5,6456.0
cl1753926960,14160,1753926750,1753928280,6444.25,6457.25
cl1753932360,14160,1753932210,1753933440,6447.0,6459.5
ch1753938720,14160,1753938630,1753939200,6449.25,6462.75
ch1753947960,14160,1753947750,1753948380,6454.5,6473.5
cl1753951440,14160,1753951170,1753951800,6456.5,6472.0
cl1753952100,14160,1753951950,1753952820,6455.5,6471.5
cl1753958520,14160,1753958250,1753958760,6454.0,6468.0
ch1753963200,14160,1753963050,1753963500,6441.5,6457.5
cl1753968300,14160,1753967790,1753968420,6442.0,6460.0
ch1753970280,14160,1753969890,1753971720,6423.0,6456.0
cl1753973940,14160,1753973730,1753974540,6412.0,6435.0
cl1753982940,14160,1753982790,1753983120,6390.5,6417.0
cl1753985220,14160,1753985130,1753985400,6374.0,6404.0
ch1754008380,14160,1754008110,1754008680,6335.5,6360.0
ch1754009040,14160,1754008770,1754009280,6346.25,6364.75
ch1754010660,14160,1754010090,1754010780,6347.25,6365.25
ch1754011740,14160,1754011170,1754011860,6352.25,6370.25
ch1754015820,14160,1754015670,1754015940,6357.0,6372.0
cl1754022780,14160,1754022450,1754023740,6357.75,6371.25
cl1754030220,14160,1754029710,1754030940,6343.25,6361.25
cl1754031360,14160,1754031210,1754031720,6343.5,6364.5
cl1754031780,14160,1754031690,1754031900,6340.25,6360.75
cl1754031900,14160,1754031690,1754032140,6340.0,6361.0
cl1754034660,14160,1754034450,1754034840,6307.0,6330.0
ch1754036280,14160,1754035890,1754036580,6307.0,6331.5
ch1754047920,14160,1754046750,1754048280,6299.0,6318.0
cl1754054040,14160,1754052930,1754054160,6298.75,6327.25
ch1754057040,14160,1754056950,1754057400,6224.0,6267.5
ch1754059560,14160,1754059470,1754059800,6252.5,6290.0
cl1754066520,14160,1754066370,1754067000,6271.0,6298.5
cl1754069280,14160,1754068350,1754069820,6245.0,6274.5
ch1754070600,14160,1754070450,1754071020,6234.75,6265.75
cl1754071500,14160,1754070870,1754071740,6242.75,6269.25
cl1754074620,14160,1754074230,1754075940,6251.0,6281.5
ch1754266260,14160,1754265930,1754266800,6261.0,6280.5
cl1754270040,14160,1754269530,1754270400,6270.5,6289.5
ch1754278260,14160,1754277990,1754278920,6279.0,6293.0
cl1754280300,14160,1754280030,1754280720,6282.25,6296.25
cl1754280540,14160,1754280030,1754280720,6282.25,6296.25
cl1754281440,14160,1754281290,1754281620,6274.75,6290.25
ch1754289900,14160,1754289570,1754290140,6270.5,6291.5
ch1754293680,14160,1754293470,1754293860,6291.5,6308.5
ch1754297100,14160,1754296470,1754297400,6292.75,6309.25
ch1754297940,14160,1754297310,1754298060,6294.75,6311.75
ch1754298900,14160,1754298150,1754299680,6298.25,6314.75
cl1754305020,14160,1754304270,1754305200,6295.25,6313.25
cl1754307900,14160,1754307150,1754308020,6294.75,6310.75
ch1754314680,14160,1754314470,1754314920,6303.5,6327.5
ch1754314980,14160,1754314890,1754315100,6308.25,6330.75
cl1754322120,14160,1754321970,1754322720,6327.5,6349.0
ch1754327400,14160,1754327010,1754327640,6340.75,6356.75
cl1754359320,14160,1754358870,1754360100,6359.25,6373.25
cl1754375040,14160,1754374890,1754375220,6365.75,6379.75
ch1754384580,14160,1754383410,1754384820,6356.25,6369.75
cl1754394660,14160,1754394390,1754396100,6365.5,6380.5
cl1754404020,14160,1754403630,1754404260,6332.5,6357.5
cl1754405280,14160,1754405010,1754405400,6310.75,6336.75
ch1754406360,14160,1754405790,1754406480,6308.0,6336.0
ch1754409660,14160,1754409150,1754409840,6305.75,6333.75
ch1754412720,14160,1754412630,1754412840,6318.0,6341.5
ch1754413860,14160,1754412630,1754414100,6316.0,6343.5
ch1754415420,14160,1754415330,1754415840,6331.75,6351.25
ch1754421180,14160,1754420370,1754421660,6318.75,6340.75
ch1754421660,14160,1754420370,1754421840,6318.5,6341.0
ch1754439900,14160,1754439510,1754440320,6313.25,6329.25
ch1754445120,14160,1754445030,1754445300,6321.75,6336.75
cl1754448840,14160,1754448330,1754449380,6332.25,6347.75
ch1754453100,14160,1754452770,1754453220,6333.5,6347.0
ch1754454660,14160,1754454570,1754454900,6335.0,6347.5
ch1754456520,14160,1754456430,1754456640,6335.25,6347.75
ch1754457840,14160,1754457150,1754457960,6334.0,6347.0
ch1754458380,14160,1754458290,1754458740,6339.25,6352.75
ch1754458920,14160,1754458650,1754459100,6340.75,6353.75
ch1754461140,14160,1754460930,1754461680,6340.5,6355.5
ch1754470980,14160,1754469870,1754471580,6337.25,6352.75
cl1754473620,14160,1754472990,1754474280,6333.25,6352.25
cl1754474640,14160,1754474430,1754475120,6331.25,6348.25
cl1754489640,14160,1754489430,1754489760,6334.0,6360.5
cl1754490300,14160,1754490090,1754491020,6320.75,6352.75
ch1754491560,14160,1754490930,1754492040,6319.25,6354.25
ch1754494320,14160,1754494050,1754494740,6352.25,6374.25
ch1754526060,14160,1754525850,1754526300,6374.25,6390.25
cl1754529300,14160,1754529030,1754530740,6380.75,6394.75
cl1754533380,14160,1754532930,1754533680,6382.25,6396.25
cl1754557380,14160,1754557170,1754557740,6397.25,6414.75
cl1754573100,14160,1754572890,1754573220,6402.5,6420.0
cl1754582580,14160,1754582430,1754583240,6349.75,6373.25
ch1754584380,14160,1754583150,1754584800,6349.0,6374.5
ch1754589300,14160,1754588490,1754590140,6335.5,6359.5
ch1754595060,14160,1754594970,1754595420,6335.0,6358.0
ch1754595900,14160,1754595630,1754596620,6339.5,6364.5
cl1754611560,14160,1754611470,1754611680,6368.75,6383.25
ch1754612820,14160,1754612550,1754613000,6373.75,6388.75
ch1754614800,14160,1754614710,1754615460,6376.75,6391.25
ch1754620020,14160,1754619210,1754620920,6378.5,6392.0
cl1754622900,14160,1754622510,1754623200,6380.75,6392.75
ch1754626320,14160,1754625990,1754626620,6371.75,6386.25
cl1754629080,14160,1754628930,1754629260,6372.25,6384.75
cl1754635680,14160,1754635050,1754636340,6371.25,6385.25
ch1754643720,14160,1754642850,1754644080,6372.0,6386.5
cl1754653920,14160,1754653710,1754654520,6383.0,6395.5
ch1754657400,14160,1754656830,1754657880,6367.75,6387.75
ch1754660520,14160,1754660370,1754660700,6375.0,6395.5
ch1754663640,14160,1754663370,1754664180,6395.5,6418.0
cl1754664900,14160,1754664570,1754665080,6395.25,6418.75
cl1754679960,14160,1754679450,1754680740,6408.0,6423.5
cl1754681460,14160,1754681370,1754681700,6406.75,6423.75
ch1754682840,14160,1754682750,1754683140,6400.5,6418.5
ch1754875260,14160,1754874630,1754875440,6415.75,6429.25
ch1754882220,14160,1754881890,1754882340,6420.25,6433.75
ch1754885640,14160,1754885490,1754886240,6418.25,6430.75
cl1754891220,14160,1754890890,1754891520,6415.0,6429.5
cl1754891580,14160,1754890890,1754892000,6415.0,6429.5
cl1754892480,14160,1754892270,1754892840,6416.5,6431.5
ch1754895300,14160,1754895150,1754895540,6419.5,6433.0
ch1754901540,14160,1754900970,1754901660,6404.5,6420.5
ch1754904060,14160,1754903430,1754904300,6409.0,6423.0
ch1754905200,14160,1754904570,1754905560,6412.0,6425.0
cl1754906040,14160,1754905710,1754906580,6413.5,6426.5
cl1754906580,14160,1754905710,1754907060,6413.25,6426.75
ch1754907900,14160,1754907750,1754908500,6414.0,6428.0
ch1754908200,14160,1754907750,1754908500,6414.0,6428.0
ch1754910060,14160,1754909910,1754910240,6414.75,6428.25
cl1754915220,14160,1754915130,1754915400,6415.5,6430.5
cl1754915940,14160,1754915730,1754916780,6412.25,6426.75
cl1754916840,14160,1754916750,1754917500,6410.75,6425.25
ch1754922000,14160,1754921790,1754922360,6404.5,6426.5
cl1754923680,14160,1754923590,1754925360,6401.75,6421.25
ch1754927640,14160,1754927310,1754927820,6405.5,6423.5
cl1754957400,14160,1754957310,1754957940,6392.0,6406.0
cl1754966940,14160,1754966190,1754967180,6399.0,6411.5
ch1754975100,14160,1754975010,1754975220,6385.0,6406.0
ch1754978100,14160,1754977950,1754978280,6389.5,6406.0
cl1754986500,14160,1754986170,1754986680,6400.0,6414.5
ch1754994060,14160,1754993430,1754994600,6392.0,6406.5
cl1754996160,14160,1754995470,1754996400,6393.0,6406.5
ch1755002280,14160,1755002070,1755002400,6410.25,6441.75
ch1755002460,14160,1755002190,1755003480,6415.5,6447.0
cl1755006600,14160,1755006450,1755006900,6405.25,6442.75
ch1755008100,14160,1755007590,1755008400,6406.75,6438.75
ch1755016440,14160,1755015750,1755017160,6446.0,6462.5
cl1755023460,14160,1755023130,1755025680,6455.75,6471.25
ch1755043680,14160,1755043590,1755044160,6458.0,6477.0
cl1755044820,14160,1755043950,1755045060,6462.5,6477.0
ch1755059220,14160,1755058590,1755059580,6463.0,6475.0
cl1755070200,14160,1755070050,1755070320,6469.25,6483.75
ch1755072360,14160,1755072030,1755073140,6466.5,6484.5
cl1755080760,14160,1755080670,1755081600,6475.75,6488.75
cl1755093840,14160,1755093270,1755094260,6486.5,6516.0
cl1755098880,14160,1755098790,1755099240,6469.75,6489.25
cl1755099000,14160,1755098790,1755099240,6469.75,6489.25
cl1755102120,14160,1755101850,1755102600,6467.25,6488.25
ch1755108840,14160,1755108750,1755109860,6469.0,6487.0
cl1755111720,14160,1755111450,1755112560,6473.5,6493.0
ch1755151320,14160,1755150870,1755151980,6472.25,6485.75
ch1755151620,14160,1755150870,1755151980,6472.25,6485.75
cl1755157800,14160,1755157710,1755158100,6475.0,6488.0
ch1755159420,14160,1755158370,1755159600,6478.0,6491.5
ch1755172860,14160,1755172530,1755173100,6483.25,6496.75
ch1755175380,14160,1755174990,1755175500,6436.5,6471.5
ch1755179100,14160,1755178410,1755179220,6448.0,6480.0
ch1755179220,14160,1755178410,1755179400,6446.5,6481.5
ch1755182880,14160,1755182730,1755183480,6479.25,6500.25
cl1755183480,14160,1755183390,1755183900,6479.0,6500.5
cl1755185220,14160,1755185070,1755185640,6464.0,6494.0
ch1755191280,14160,1755190410,1755191400,6471.0,6489.0
ch1755197040,14160,1755196770,1755197280,6473.0,6491.5
ch1755216900,14160,1755216690,1755217800,6480.75,6495.75
ch1755221220,14160,1755220890,1755221400,6487.0,6500.5
ch1755221760,14160,1755221670,1755222000,6489.75,6502.75
ch1755222960,14160,1755222690,1755223500,6490.75,6503.75
ch1755225420,14160,1755225210,1755225840,6492.5,6505.5
cl1755229440,14160,1755228810,1755229680,6493.0,6506.0
ch1755230880,14160,1755230790,1755231180,6496.25,6509.75
cl1755235020,14160,1755234690,1755236160,6497.25,6510.75
cl1755237660,14160,1755237570,1755237840,6499.75,6511.75
cl1755245580,14160,1755245130,1755246180,6499.75,6514.25
cl1755269100,14160,1755268170,1755269400,6466.75,6490.75
ch1755280800,14160,1755280470,1755281100,6471.5,6490.5
ch1755282660,14160,1755282390,1755283080,6470.5,6488.0
ch1755287280,14160,1755284850,1755287400,6463.25,6482.25
ch1755287400,14160,1755286530,1755287520,6466.25,6483.25
cl1755478020,14160,1755477810,1755478500,6475.25,6488.25
ch1755481320,14160,1755480690,1755481800,6476.5,6488.5
cl1755488040,14160,1755487770,1755488400,6475.5,6488.5
cl1755488520,14160,1755488190,1755488880,6474.75,6487.25
ch1755489420,14160,1755488730,1755490020,6474.5,6486.5
ch1755491340,14160,1755490950,1755491760,6473.0,6485.0
cl1755498120,14160,1755497910,1755498240,6465.25,6479.25
ch1755499860,14160,1755499590,1755500100,6457.5,6472.5
ch1755501720,14160,1755501270,1755502260,6455.5,6473.0
cl1755502440,14160,1755502170,1755502800,6454.0,6474.5
ch1755509700,14160,1755509310,1755511440,6447.25,6466.75
cl1755515400,14160,1755515310,1755515940,6459.0,6472.5
cl1755516300,14160,1755515850,1755516720,6457.5,6471.0
ch1755520140,14160,1755519270,1755520320,6457.25,6470.75
ch1755521460,14160,1755521010,1755521760,6456.5,6471.0
ch1755526620,14160,1755525630,1755526920,6452.25,6475.25
ch1755534120,14160,1755533850,1755534600,6455.75,6473.75
ch1755534600,14160,1755533910,1755534960,6456.25,6474.75
cl1755562920,14160,1755561870,1755563100,6464.0,6477.5
cl1755565680,14160,1755565590,1755566040,6461.25,6476.25
cl1755567120,14160,1755566910,1755567360,6459.5,6474.0
cl1755570180,14160,1755569790,1755570300,6458.0,6471.5
cl1755572700,14160,1755572130,1755573060,6455.0,6469.0
ch1755583440,14160,1755583230,1755583560,6448.25,6462.25
ch1755584460,14160,1755584310,1755584760,6450.5,6463.5
ch1755587040,14160,1755586710,1755587460,6452.5,6467.0
ch1755589320,14160,1755589170,1755589680,6451.75,6465.75
cl1755591120,14160,1755590970,1755591780,6453.0,6469.0
ch1755593700,14160,1755593190,1755593940,6457.25,6470.25
ch1755594600,14160,1755594450,1755595080,6458.75,6471.75
cl1755597180,14160,1755596850,1755597480,6460.5,6473.0
cl1755608400,14160,1755607710,1755608760,6457.5,6472.5
ch1755610200,14160,1755610110,1755610320,6458.75,6472.75
cl1755618060,14160,1755617670,1755618420,6440.75,6465.25
ch1755629940,14160,1755629490,1755630120,6413.25,6432.75
cl1755633240,14160,1755632970,1755633420,6416.75,6435.75
cl1755652260,14160,1755652110,1755652680,6416.5,6434.0
cl1755653160,14160,1755652230,1755653340,6415.0,6431.0
cl1755653580,14160,1755653070,1755653760,6413.75,6429.25
ch1755657060,14160,1755656070,1755659100,6412.25,6425.75
ch1755660300,14160,1755660210,1755660600,6406.0,6420.5
cl1755661080,14160,1755660930,1755661320,6408.0,6423.0
ch1755664140,14160,1755663390,1755664260,6407.5,6420.5
ch1755672960,14160,1755672750,1755673200,6409.0,6423.5
ch1755673200,14160,1755672930,1755673560,6409.75,6424.75
ch1755674400,14160,1755674310,1755674700,6413.0,6428.5
cl1755684000,14160,1755683610,1755684300,6418.25,6431.75
ch1755696480,14160,1755696390,1755696600,6416.75,6433.75
cl1755697260,14160,1755697110,1755697440,6410.5,6436.5
cl1755699420,14160,1755698790,1755699720,6365.0,6397.5
ch1755703740,14160,1755703170,1755703920,6374.0,6403.0
ch1755704280,14160,1755703410,1755705000,6379.75,6407.75
ch1755705840,14160,1755705570,1755706200,6372.5,6397.5
ch1755707340,14160,1755706770,1755707880,6389.0,6413.5
ch1755717120,14160,1755717030,1755717480,6399.25,6421.75
cl1755719940,14160,1755719730,1755721740,6406.25,6430.25
cl1755738360,14160,1755738270,1755738600,6396.25,6411.25
ch1755740820,14160,1755739770,1755741060,6398.25,6413.25
cl1755754800,14160,1755754590,1755755040,6401.5,6414.5
ch1755756480,14160,1755755910,1755756600,6405.25,6419.75
cl1755767280,14160,1755766710,1755767520,6396.25,6414.75
ch1755767940,14160,1755767370,1755768060,6394.75,6410.75
ch1755768120,14160,1755767370,1755768300,6394.25,6411.25
ch1755769680,14160,1755769290,1755770100,6398.75,6413.25
ch1755770760,14160,1755770610,1755770940,6394.0,6409.0
ch1755772020,14160,1755771690,1755772200,6391.25,6406.75
ch1755772200,14160,1755771690,1755773460,6390.75,6407.25
cl1755776220,14160,1755776010,1755776760,6393.5,6411.0
cl1755777660,14160,1755777570,1755778140,6389.0,6406.5
cl1755779400,14160,1755779310,1755779520,6380.75,6399.25
ch1755781800,14160,1755781350,1755782520,6376.25,6396.75
cl1755783960,14160,1755783870,1755784140,6370.5,6414.5
ch1755784200,14160,1755783990,1755784920,6354.75,6399.25
cl1755792660,14160,1755791850,1755793020,6377.0,6401.5
cl1755796980,14160,1755796530,1755797100,6367.25,6389.75
cl1755824100,14160,1755823710,1755824520,6384.75,6398.75
ch1755824400,14160,1755824190,1755824880,6384.0,6398.0
ch1755832620,14160,1755831930,1755832800,6378.75,6392.75
cl1755841260,14160,1755841110,1755841620,6377.75,6392.75
cl1755842760,14160,1755842490,1755842880,6377.0,6392.0
ch1755854580,14160,1755853830,1755854940,6392.0,6407.0
cl1755855540,14160,1755855270,1755855720,6393.5,6407.5
cl1755861480,14160,1755861150,1755862260,6395.5,6409.5
cl1755866160,14160,1755866070,1755866460,6394.75,6411.25
cl1755869460,14160,1755869370,1755869580,6397.5,6418.0
ch1755871320,14160,1755871230,1755871740,6438.5,6477.0
ch1755874560,14160,1755873750,1755874980,6463.75,6497.75
cl1755878340,14160,1755877650,1755878640,6479.0,6506.0
ch1755880620,14160,1755880170,1755881640,6467.0,6490.5
ch1755887760,14160,1755887370,1755888120,6475.75,6494.75
cl1755888120,14160,1755887850,1755888540,6478.75,6499.75
cl1755890160,14160,1755889530,1755890400,6477.25,6496.75
cl1756087200,14160,1756086330,1756087680,6469.25,6482.25
ch1756093080,14160,1756092990,1756093260,6467.75,6481.25
ch1756097040,14160,1756096110,1756098120,6472.5,6485.0
cl1756099620,14160,1756099350,1756099800,6474.0,6486.0
cl1756119660,14160,1756119510,1756120020,6457.75,6471.25
cl1756133160,14160,1756132710,1756133460,6461.75,6482.75
ch1756134720,14160,1756133850,1756134900,6463.25,6482.75
ch1756135500,14160,1756134630,1756136580,6464.25,6485.25
cl1756140780,14160,1756140450,1756141200,6473.5,6490.5
cl1756142940,14160,1756142370,1756143420,6469.0,6485.0
cl1756149360,14160,1756149270,1756150260,6460.5,6478.5
ch1756167420,14160,1756167270,1756167720,6447.75,6468.25
ch1756175880,14160,1756175790,1756176120,6440.0,6458.0
cl1756176900,14160,1756176630,1756177560,6440.75,6457.25
ch1756186140,14160,1756185810,1756186320,6443.25,6457.25
cl1756189560,14160,1756189170,1756190100,6441.5,6460.0
ch1756196700,14160,1756196610,1756197120,6435.5,6452.0
ch1756197120,14160,1756196610,1756197540,6435.0,6452.5
ch1756198200,14160,1756197810,1756199160,6436.5,6453.0
cl1756198560,14160,1756198230,1756198860,6440.0,6455.5
cl1756198860,14160,1756198710,1756199100,6439.25,6453.75
ch1756200900,14160,1756200510,1756201320,6441.5,6456.0
ch1756204140,14160,1756203870,1756204320,6444.25,6457.75
cl1756205220,14160,1756204890,1756205580,6446.25,6459.25
cl1756207020,14160,1756206810,1756207200,6443.25,6457.75
cl1756207200,14160,1756206870,1756207800,6442.75,6457.25
ch1756213560,14160,1756212990,1756213920,6441.5,6457.5
cl1756216140,14160,1756215990,1756216320,6439.5,6462.0
ch1756216440,14160,1756216230,1756216800,6438.75,6461.75
ch1756217940,14160,1756216770,1756218120,6444.0,6464.5
ch1756229280,14160,1756229010,1756229700,6454.25,6470.25
ch1756233000,14160,1756232910,1756233600,6455.75,6471.75
ch1756234740,14160,1756234470,1756235040,6460.0,6474.5
cl1756237380,14160,1756237110,1756237920,6463.25,6481.75
cl1756262040,14160,1756261650,1756262400,6481.75,6493.75
cl1756262580,14160,1756261710,1756262820,6481.25,6493.75
ch1756263720,14160,1756263630,1756263960,6480.5,6492.5
ch1756266360,14160,1756265550,1756267140,6481.5,6492.5
ch1756268220,14160,1756268010,1756268580,6481.25,6492.75
cl1756277640,14160,1756277490,1756278300,6478.75,6491.25
cl1756282500,14160,1756282230,1756282800,6474.75,6488.25
cl1756288560,14160,1756288050,1756289520,6479.5,6491.5
cl1756289520,14160,1756289070,1756289820,6479.0,6491.5
ch1756293000,14160,1756292850,1756293240,6478.25,6490.75
ch1756295580,14160,1756294530,1756296000,6479.75,6492.75
ch1756303380,14160,1756302750,1756303560,6467.0,6489.5
ch1756307400,14160,1756306350,1756308120,6481.0,6498.5
cl1756312020,14160,1756311870,1756312260,6478.25,6495.25
ch1756316580,14160,1756315770,1756317060,6485.5,6500.5
ch1756318560,14160,1756318410,1756320900,6490.25,6507.25
ch1756319220,14160,1756318410,1756321020,6490.25,6507.25
ch1756345020,14160,1756344570,1756345200,6472.75,6488.25
cl1756348380,14160,1756348230,1756348560,6482.0,6495.5
ch1756350060,14160,1756348710,1756350300,6481.5,6493.5
cl1756351380,14160,1756351230,1756352100,6486.0,6499.0
ch1756363380,14160,1756362570,1756363800,6483.0,6502.5
ch1756369380,14160,1756368270,1756369680,6494.25,6511.75
ch1756372320,14160,1756371930,1756372500,6493.25,6506.75
cl1756374420,14160,1756374330,1756374720,6491.25,6505.25
ch1756374900,14160,1756374570,1756375380,6490.75,6504.25
cl1756375860,14160,1756375110,1756376400,6491.5,6504.5
ch1756387860,14160,1756387770,1756387980,6487.0,6513.0
cl1756394760,14160,1756394550,1756394940,6484.5,6506.5
ch1756405320,14160,1756403070,1756405620,6504.25,6518.75
ch1756405800,14160,1756405590,1756405920,6504.75,6520.75
cl1756409100,14160,1756408470,1756409580,6511.5,6527.5
ch1756410420,14160,1756410270,1756410720,6511.5,6527.0
ch1756426800,14160,1756426590,1756427700,6508.5,6521.5
ch1756427520,14160,1756426590,1756427700,6508.5,6521.5
cl1756433040,14160,1756431750,1756433400,6506.5,6518.5
ch1756437300,14160,1756436670,1756437780,6506.25,6519.25
ch1756438980,14160,1756438710,1756439160,6507.5,6519.5
ch1756442880,14160,1756442250,1756443000,6504.75,6515.75
cl1756451940,14160,1756451550,1756452240,6503.75,6519.75
cl1756452660,14160,1756452210,1756452960,6501.75,6515.75
ch1756460400,14160,1756459470,1756460820,6488.5,6502.5
cl1756463760,14160,1756463430,1756464240,6489.25,6502.25
ch1756479660,14160,1756479210,1756480020,6445.5,6472.0
cl1756487160,14160,1756487010,1756487700,6457.0,6476.5
ch1756488600,14160,1756487970,1756489200,6450.5,6472.0
ch1756496640,14160,1756496430,1756496820,6458.5,6478.5
ch1756691220,14160,1756690830,1756691580,6480.75,6493.25
cl1756693920,14160,1756693410,1756694340,6469.75,6486.25
ch1756704120,14160,1756703550,1756704360,6456.5,6473.0
ch1756704480,14160,1756703970,1756704720,6459.0,6473.5
ch1756705140,14160,1756704330,1756705260,6459.5,6474.5
ch1756705980,14160,1756705890,1756706460,6460.5,6475.0
cl1756709400,14160,1756709310,1756709580,6465.5,6484.5
ch1756718520,14160,1756718370,1756719060,6474.75,6487.25
ch1756719060,14160,1756718370,1756719300,6474.5,6487.5
cl1756720020,14160,1756719930,1756721340,6473.0,6488.0
cl1756722300,14160,1756722030,1756722660,6473.5,6486.0
ch1756723080,14160,1756722810,1756723200,6472.0,6484.5
cl1756724460,14160,1756724250,1756724700,6471.5,6486.5
cl1756727280,14160,1756727010,1756727400,6465.5,6481.5
cl1756727400,14160,1756727130,1756727580,6465.25,6479.75
ch1756730100,14160,1756729950,1756730640,6466.5,6480.5
ch1756731900,14160,1756731510,1756732020,6466.0,6480.0
ch1756735860,14160,1756734510,1756736940,6470.25,6484.25
ch1756741380,14160,1756740750,1756742280,6474.5,6489.0
cl1756771380,14160,1756771290,1756771740,6462.75,6478.25
ch1756774200,14160,1756773930,1756774800,6464.75,6479.25
cl1756777320,14160,1756777050,1756777680,6469.0,6481.5
ch1756782960,14160,1756782870,1756784760,6458.25,6473.75
ch1756792200,14160,1756792110,1756792560,6460.25,6473.75
cl1756792440,14160,1756792350,1756792620,6460.5,6475.5
cl1756793580,14160,1756793310,1756794060,6461.25,6476.75
cl1756794660,14160,1756794450,1756794900,6461.0,6477.0
cl1756799880,14160,1756799430,1756800240,6422.75,6450.75
cl1756807020,14160,1756806330,1756807200,6432.5,6448.0
ch1756807740,14160,1756807530,1756807860,6429.5,6445.0
cl1756808640,14160,1756808550,1756808880,6425.75,6443.25
ch1756831860,14160,1756831770,1756832100,6370.75,6392.75
ch1756834860,14160,1756834530,1756835040,6395.0,6417.0
cl1756836360,14160,1756836090,1756836480,6399.5,6420.5
cl1756837740,14160,1756836870,1756838100,6394.5,6414.0
cl1756862220,14160,1756862010,1756862340,6426.5,6439.0
ch1756863960,14160,1756863750,1756864320,6424.25,6438.25
cl1756864500,14160,1756864410,1756865220,6427.25,6440.25
cl1756865220,14160,1756864410,1756866540,6427.0,6440.5
ch1756870980,14160,1756870890,1756871460,6421.75,6435.75
ch1756875540,14160,1756875450,1756875900,6424.25,6436.25
cl1756877160,14160,1756877070,1756877460,6421.75,6436.25
cl1756882140,14160,1756881990,1756882440,6429.5,6443.5
ch1756887780,14160,1756887390,1756888560,6442.0,6459.0
ch1756890000,14160,1756889910,1756890180,6443.0,6458.0
ch1756892580,14160,1756892430,1756892880,6448.75,6462.75
cl1756893780,14160,1756892730,1756894140,6449.25,6463.75
cl1756899120,14160,1756899030,1756899300,6445.25,6460.25
ch1756901460,14160,1756900950,1756901640,6443.5,6460.5
ch1756905240,14160,1756904670,1756905600,6438.25,6456.25
cl1756916700,14160,1756916550,1756917360,6439.0,6465.5
ch1756944780,14160,1756944210,1756945140,6452.5,6468.0
cl1756954320,14160,1756954170,1756954620,6458.75,6474.75
cl1756962300,14160,1756962150,1756962600,6459.75,6472.25
ch1756966200,14160,1756965990,1756966440,6456.5,6471.0
cl1756973160,14160,1756973010,1756973760,6458.25,6473.75
ch1756974000,14160,1756973610,1756974180,6456.75,6472.75
cl1756986480,14160,1756986390,1756986720,6461.0,6476.0
ch1756987860,14160,1756987590,1756988100,6461.25,6475.75
ch1756992300,14160,1756991790,1756992540,6454.75,6469.75
cl1757005860,14160,1757005710,1757006580,6479.5,6497.5
ch1757009760,14160,1757009550,1757010240,6486.75,6502.75
ch1757011860,14160,1757011650,1757012460,6487.75,6503.25
ch1757012700,14160,1757011770,1757012820,6489.25,6504.75
cl1757015400,14160,1757015070,1757015520,6495.5,6512.5
ch1757015880,14160,1757015730,1757016420,6499.25,6517.75
cl1757030700,14160,1757030550,1757030880,6509.5,6523.0
ch1757032140,14160,1757031810,1757033280,6511.25,6524.75
ch1757034000,14160,1757033790,1757034960,6511.75,6525.25
cl1757036460,14160,1757035770,1757036820,6513.5,6526.0
ch1757062800,14160,1757062590,1757062980,6519.75,6531.75
cl1757063460,14160,1757063130,1757064540,6519.25,6531.75
ch1757071320,14160,1757071230,1757071740,6518.0,6531.5
cl1757071920,14160,1757071830,1757072220,6517.5,6531.0
ch1757073960,14160,1757073690,1757074140,6508.25,6525.75
cl1757074080,14160,1757073990,1757074620,6511.5,6529.5
ch1757077680,14160,1757077110,1757079000,6524.0,6545.5
cl1757080500,14160,1757080290,1757080620,6521.0,6556.0
cl1757082600,14160,1757082150,1757082780,6474.25,6511.75
cl1757083020,14160,1757082450,1757083140,6467.5,6510.5
cl1757088180,14160,1757087370,1757088720,6466.75,6499.25
ch1757088900,14160,1757088450,1757089380,6456.25,6491.25
cl1757091000,14160,1757090790,1757091180,6468.5,6494.5
cl1757093820,14160,1757093250,1757094060,6467.25,6491.75
ch1757098740,14160,1757096970,1757099100,6464.5,6487.0
ch1757100960,14160,1757100810,1757101500,6470.25,6495.75
ch1757290080,14160,1757289870,1757290620,6495.5,6512.5
cl1757292360,14160,1757292210,1757292660,6496.25,6510.25
cl1757292480,14160,1757292210,1757292660,6496.25,6510.25
cl1757292660,14160,1757292270,1757292840,6496.0,6510.0
cl1757293680,14160,1757292630,1757293860,6495.0,6509.0
ch1757300520,14160,1757300370,1757300880,6490.0,6503.0
cl1757304180,14160,1757303910,1757304480,6493.0,6506.0
cl1757307300,14160,1757306910,1757307960,6488.75,6503.25
ch1757311020,14160,1757310330,1757311200,6487.0,6500.5
cl1757313180,14160,1757312970,1757313900,6492.5,6507.5
ch1757317200,14160,1757316870,1757317320,6493.75,6508.75
ch1757318880,14160,1757318610,1757319060,6493.5,6507.5
ch1757319240,14160,1757318850,1757319480,6495.0,6509.0
cl1757321700,14160,1757321490,1757322420,6497.0,6509.5
cl1757325420,14160,1757325330,1757325600,6500.25,6512.75
ch1757334720,14160,1757334570,1757335680,6490.75,6508.25
cl1757338740,14160,1757338650,1757339040,6493.5,6520.0
cl1757341140,14160,1757340810,1757341680,6490.25,6513.25
ch1757342940,14160,1757342250,1757343300,6496.75,6518.25
cl1757347560,14160,1757347230,1757347680,6500.5,6519.0
ch1757384340,14160,1757383830,1757385060,6505.0,6518.0
ch1757385960,14160,1757385450,1757386380,6506.5,6519.0
cl1757386140,14160,1757385990,1757386260,6507.5,6519.5
cl1757390820,14160,1757390490,1757392140,6508.5,6520.5
cl1757390940,14160,1757390490,1757392140,6508.5,6520.5
cl1757390640,14160,1757390550,1757391480,6508.5,6520.0
cl1757399760,14160,1757399670,1757401920,6510.0,6524.5
ch1757406300,14160,1757405970,1757407080,6506.5,6521.0
ch1757406600,14160,1757405970,1757407080,6506.5,6521.0
cl1757412000,14160,1757411430,1757412420,6506.25,6519.75
ch1757412840,14160,1757412450,1757413800,6506.5,6519.5
cl1757416680,14160,1757416530,1757417100,6502.0,6517.0
ch1757418360,14160,1757418270,1757418540,6503.75,6518.25
cl1757419260,14160,1757419170,1757419500,6506.75,6520.25
ch1757421720,14160,1757421150,1757422260,6504.0,6518.5
ch1757463660,14160,1757463030,1757463780,6525.0,6538.0
ch1757477160,14160,1757476830,1757477580,6531.75,6543.25
ch1757482020,14160,1757481510,1757482200,6531.75,6543.75
ch1757485500,14160,1757485170,1757485740,6530.75,6544.75
ch1757485740,14160,1757485170,1757486100,6530.5,6545.0
ch1757488260,14160,1757487690,1757488440,6530.75,6546.75
cl1757495820,14160,1757494830,1757496420,6524.5,6542.5
ch1757498220,14160,1757497710,1757499060,6528.0,6541.0
ch1757502000,14160,1757501910,1757502300,6532.75,6545.75
ch1757502540,14160,1757502090,1757502720,6534.25,6546.25
cl1757505240,14160,1757504790,1757505480,6538.5,6552.0
cl1757507100,14160,1757506950,1757507400,6534.75,6549.25
cl1757509440,14160,1757507790,1757510040,6546.0,6568.0
ch1757519400,14160,1757519010,1757519640,6538.25,6557.75
cl1757525460,14160,1757525070,1757525760,6532.25,6553.75
ch1757527140,14160,1757526990,1757527320,6527.25,6545.25
ch1757530680,14160,1757530470,1757530800,6521.75,6542.75
ch1757550420,14160,1757549970,1757550780,6532.75,6548.75
cl1757553720,14160,1757553090,1757554080,6539.5,6553.5
ch1757554200,14160,1757553930,1757554620,6538.25,6552.25
cl1757554740,14160,1757554590,1757555040,6540.25,6554.75
cl1757555400,14160,1757555190,1757555940,6539.5,6553.0
ch1757561040,14160,1757560470,1757561220,6540.0,6551.5
cl1757566380,14160,1757565570,1757566980,6534.5,6547.5
ch1757570820,14160,1757570670,1757571000,6533.0,6547.0
ch1757571540,14160,1757570970,1757571780,6535.5,6548.5
ch1757574060,14160,1757573850,1757574300,6540.5,6553.5
cl1757574240,14160,1757573970,1757574480,6540.25,6555.25
ch1757577300,14160,1757576850,1757577720,6540.5,6554.5
ch1757578560,14160,1757578290,1757578860,6542.25,6556.25
ch1757584560,14160,1757584350,1757584980,6541.75,6553.25
ch1757595240,14160,1757594670,1757595540,6535.75,6561.75
cl1757596560,14160,1757595690,1757597520,6547.0,6569.0
ch1757597100,14160,1757596590,1757597220,6544.0,6563.0
ch1757604780,14160,1757604570,1757605080,6581.5,6600.0
cl1757605200,14160,1757604930,1757605440,6581.75,6601.25
cl1757610420,14160,1757609130,1757610660,6580.0,6597.0
ch1757616600,14160,1757615910,1757617020,6580.75,6598.25
ch1757618580,14160,1757617770,1757619000,6582.25,6599.75
ch1757619180,14160,1757618970,1757619480,6585.75,6602.75
cl1757637120,14160,1757636970,1757638260,6586.0,6598.5
cl1757640960,14160,1757640270,1757641500,6583.5,6597.0
cl1757642700,14160,1757642070,1757643360,6582.25,6594.75
cl1757643480,14160,1757643210,1757644200,6581.5,6594.5
cl1757647740,14160,1757647530,1757648220,6584.0,6596.0
cl1757653200,14160,1757652870,1757653440,6586.0,6598.0
cl1757660940,14160,1757660730,1757661720,6582.75,6598.25
ch1757663400,14160,1757663070,1757663940,6577.25,6592.25
ch1757665260,14160,1757665110,1757665440,6569.0,6584.5
ch1757665740,14160,1757665410,1757666220,6570.5,6587.0
ch1757666280,14160,1757665650,1757667060,6573.25,6588.25
ch1757671740,14160,1757671470,1757672100,6576.25,6589.25
ch1757673420,14160,1757672970,1757673900,6577.75,6590.75
cl1757698680,14160,1757698290,1757699040,6587.75,6603.75
ch1757699880,14160,1757699190,1757701500,6589.0,6603.5
cl1757704740,14160,1757704290,1757705040,6593.0,6609.5
cl1757705580,14160,1757705490,1757705820,6584.25,6603.25
ch1757706840,14160,1757706570,1757707080,6582.5,6602.0
ch1757895000,294973,1757894910,1757895420,6637.25,6650.25
cl1757896620,294973,1757896470,1757896860,6637.5,6650.5
ch1757902080,294973,1757901750,1757902680,6641.0,6653.5
ch1757904300,294973,1757904210,1757904600,6642.5,6654.0
ch1757909340,294973,1757909250,1757909520,6643.0,6655.0
ch1757910480,294973,1757909970,1757910840,6644.0,6655.5
cl1757913180,294973,1757913090,1757913360,6644.75,6656.25
cl1757919600,294973,1757919510,1757919780,6649.75,6662.25
ch1757923020,294973,1757922750,1757923320,6649.0,6661.5
cl1757925120,294973,1757924850,1757925240,6642.25,6659.25
ch1757926140,294973,1757925930,1757926560,6643.75,6659.25
cl1757927040,294973,1757926770,1757927760,6643.75,6657.75
ch1757928660,294973,1757928210,1757929140,6641.75,6656.25
ch1757933640,294973,1757933490,1757933940,6649.0,6661.0
ch1757937540,294973,1757937390,1757937780,6650.5,6664.5
cl1757945340,294973,1757944830,1757945520,6665.75,6685.25
cl1757945520,294973,1757944890,1757946420,6665.25,6683.75
cl1757960160,294973,1757959710,1757960940,6664.5,6683.0
ch1757984280,294973,1757983590,1757984700,6669.5,6681.5
cl1757990700,294973,1757990130,1757991360,6675.5,6688.5
cl1757996040,294973,1757995830,1757996520,6678.5,6690.0
ch1758004920,294973,1758004770,1758005340,6677.75,6690.75
ch1758008940,294973,1758008610,1758009360,6678.0,6692.5
ch1758011100,294973,1758010890,1758012120,6685.25,6699.25
cl1758020460,294973,1758020250,1758020700,6685.5,6698.0
cl1758023040,294973,1758022650,1758023580,6682.75,6695.25
ch1758024780,294973,1758024510,1758024900,6680.25,6693.75
cl1758028260,294973,1758027930,1758029100,6677.75,6693.75
cl1758029460,294973,1758029070,1758029760,6677.75,6694.75
ch1758029400,294973,1758029190,1758029700,6676.75,6693.25
cl1758030720,294973,1758030570,1758031320,6665.25,6692.75
ch1758032280,294973,1758032070,1758032580,6659.0,6679.5
cl1758032820,294973,1758032670,1758033120,6663.25,6684.25
ch1758040140,294973,1758038790,1758040620,6657.0,6674.0
cl1758040560,294973,1758040470,1758040800,6659.0,6676.0
ch1758042360,294973,1758041550,1758042900,6661.75,6677.25
cl1758044640,294973,1758044370,1758045000,6664.5,6680.5
cl1758046800,294973,1758046110,1758047220,6664.25,6680.25
cl1758051420,294973,1758051210,1758051720,6660.75,6677.25
ch1758076860,294973,1758076290,1758077160,6659.0,6671.5
ch1758077820,294973,1758077550,1758078180,6659.75,6671.75
cl1758084480,294973,1758084390,1758085500,6660.25,6671.25
cl1758085200,294973,1758084390,1758085500,6660.25,6671.25
ch1758090600,294973,1758090150,1758090780,6659.5,6672.0
ch1758091620,294973,1758091290,1758091860,6661.25,6673.75
ch1758092400,294973,1758091410,1758092580,6662.25,6674.25
cl1758098580,294973,1758098430,1758098760,6648.75,6667.25
ch1758103380,294973,1758102810,1758103620,6660.0,6673.0
ch1758107460,294973,1758107370,1758107640,6656.25,6670.25
cl1758110280,294973,1758110070,1758110400,6657.5,6671.0
ch1758113820,294973,1758113490,1758114180,6658.0,6673.0
ch1758114420,294973,1758113670,1758114660,6659.5,6673.5
cl1758118560,294973,1758117810,1758118680,6655.0,6676.5
cl1758120660,294973,1758118530,1758120960,6654.0,6673.0
cl1758125520,294973,1758124890,1758125880,6652.0,6669.5
cl1758125640,294973,1758124890,1758125880,6652.0,6669.5
cl1758138360,294973,1758137310,1758138720,6653.25,6697.75
cl1758139140,294973,1758137790,1758139380,6648.5,6691.0
ch1758157920,294973,1758157530,1758158400,6672.75,6688.25
cl1758161160,294973,1758160770,1758161340,6676.75,6690.25
cl1758168480,294973,1758168390,1758168780,6683.75,6696.75
ch1758174120,294973,1758173970,1758174480,6678.0,6693.0
ch1758178680,294973,1758178410,1758178860,6681.0,6695.0
ch1758179760,294973,1758179430,1758179880,6683.25,6698.75
ch1758183480,294973,1758183030,1758183840,6693.5,6710.5
cl1758202200,294973,1758202110,1758202560,6676.25,6696.25
cl1758203220,294973,1758203010,1758203400,6665.25,6694.25
cl1758203820,294973,1758203550,1758204060,6672.25,6702.25
ch1758205860,294973,1758205470,1758206280,6696.0,6723.0
cl1758207960,294973,1758207090,1758208680,6689.0,6712.0
ch1758212700,294973,1758211950,1758212880,6684.0,6708.0
ch1758213960,294973,1758213450,1758214860,6698.0,6715.5
cl1758247800,294973,1758247410,1758247920,6692.0,6707.0
cl1758250680,294973,1758249630,1758251400,6690.75,6702.75
cl1758254640,294973,1758254550,1758254880,6687.25,6702.75
cl1758260700,294973,1758260550,1758261000,6686.0,6700.5
cl1758264480,294973,1758264390,1758264720,6681.25,6696.75
cl1758265680,294973,1758265410,1758265920,6674.5,6695.0
ch1758270900,294973,1758270450,1758271320,6686.5,6700.5
ch1758279660,294973,1758279570,1758280020,6688.0,6704.0
cl1758279960,294973,1758279690,1758280200,6691.0,6707.0
ch1758283500,294973,1758283290,1758284640,6692.5,6707.5
ch1758285060,294973,1758284790,1758285900,6693.5,6710.5
ch1758284940,294973,1758284850,1758285780,6696.5,6710.5
cl1758290580,294973,1758290010,1758291000,6698.25,6722.25
cl1758295800,294973,1758295530,1758296520,6682.25,6703.75
ch1758298980,294973,1758298530,1758299640,6697.25,6716.25
ch1758311460,294973,1758311370,1758311640,6714.25,6733.25
cl1758502560,294973,1758502470,1758502740,6705.75,6720.25
ch1758503160,294973,1758503070,1758503400,6705.25,6720.75
ch1758506460,294973,1758505950,1758508740,6706.5,6720.5
ch1758507840,294973,1758507090,1758508740,6707.0,6720.5
cl1758514380,294973,1758514110,1758514980,6711.75,6723.75
cl1758515880,294973,1758514710,1758516180,6711.25,6723.25
cl1758519000,294973,1758518790,1758519900,6711.25,6723.25
ch1758527520,294973,1758527070,1758528120,6693.25,6709.25
ch1758528720,294973,1758528570,1758528900,6696.25,6713.75
cl1758531060,294973,1758530910,1758531300,6701.75,6716.25
cl1758532200,294973,1758531870,1758532380,6695.25,6712.25
cl1758537240,294973,1758537090,1758537420,6700.75,6713.25
cl1758542640,294973,1758542370,1758542760,6695.5,6711.5
ch1758546780,294973,1758546210,1758547020,6695.0,6710.0
ch1758548940,294973,1758548670,1758549060,6700.5,6719.0
ch1758552660,294973,1758552390,1758553020,6721.25,6739.25
cl1758556140,294973,1758555210,1758556320,6724.25,6742.25
cl1758556560,294973,1758555570,1758557220,6723.5,6739.5
ch1758559680,294973,1758558810,1758559800,6734.5,6751.5
ch1758570960,294973,1758570450,1758571260,6744.25,6761.75
cl1758586320,294973,1758586170,1758586620,6743.5,6756.5
ch1758595260,294973,1758595110,1758595440,6745.5,6757.0
cl1758600060,294973,1758599970,1758600360,6745.5,6757.0
cl1758601980,294973,1758601890,1758602460,6741.25,6754.25
ch1758604260,294973,1758603690,1758604560,6743.0,6754.5
cl1758606780,294973,1758606330,1758606960,6746.75,6759.75
cl1758614220,294973,1758613710,1758614880,6743.75,6758.75
cl1758617160,294973,1758616230,1758617460,6746.25,6759.75
cl1758622440,294973,1758622170,1758622740,6746.0,6758.5
ch1758635580,294973,1758635130,1758635940,6740.0,6761.5
cl1758638160,294973,1758637890,1758638340,6739.5,6758.0
cl1758643440,294973,1758642630,1758643620,6732.0,6749.0
cl1758646560,294973,1758646470,1758646800,6727.5,6748.0
cl1758653580,294973,1758653310,1758653700,6699.25,6717.75
ch1758655080,294973,1758654930,1758655380,6694.25,6715.25
ch1758656460,294973,1758655950,1758656640,6699.25,6716.75
cl1758676200,294973,1758675510,1758676560,6711.25,6725.25
ch1758683100,294973,1758682950,1758683580,6711.75,6723.75
ch1758689640,294973,1758689490,1758690120,6714.5,6726.0
ch1758689940,294973,1758689490,1758690120,6714.5,6726.0
ch1758690180,294973,1758690030,1758690360,6715.0,6726.5
ch1758693120,294973,1758692730,1758693300,6715.25,6727.25
ch1758693300,294973,1758692790,1758693540,6715.5,6727.5
cl1758695160,294973,1758694770,1758695340,6718.25,6732.25
cl1758695340,294973,1758694890,1758695520,6717.75,6730.25
cl1758702240,294973,1758701970,1758702480,6718.0,6732.5
ch1758705540,294973,1758705210,1758706260,6718.75,6732.25
ch1758712440,294973,1758711930,1758713640,6719.25,6733.25
ch1758715140,294973,1758714930,1758715560,6717.0,6732.0
ch1758715620,294973,1758715350,1758716280,6718.0,6732.5
cl1758728100,294973,1758727890,1758728460,6698.0,6716.5
cl1758729120,294973,1758728910,1758729300,6686.25,6706.25
cl1758729720,294973,1758729450,1758729960,6677.5,6704.5
cl1758732720,294973,1758732150,1758733020,6682.0,6702.5
cl1758775440,294973,1758775170,1758775680,6697.0,6708.5
ch1758795000,294973,1758794490,1758795780,6679.0,6694.5
ch1758795120,294973,1758794490,1758795780,6679.0,6694.5
ch1758796500,294973,1758796290,1758796920,6676.25,6692.75
cl1758797220,294973,1758797070,1758797820,6674.25,6690.75
cl1758803820,294973,1758803370,1758804060,6657.25,6680.75
cl1758804180,294973,1758803550,1758804420,6655.25,6674.75
ch1758809820,294973,1758809310,1758810060,6639.25,6672.25
cl1758846780,294973,1758846330,1758848100,6652.25,6667.25
ch1758854220,294973,1758853890,1758854520,6655.25,6668.75
ch1758857580,294973,1758857070,1758858060,6647.25,6661.25
cl1758861240,294973,1758860970,1758861420,6651.0,6664.5
ch1758866520,294973,1758866430,1758866700,6654.5,6668.5
ch1758871800,294973,1758871590,1758872220,6660.0,6679.5
cl1758872280,294973,1758871830,1758872460,6664.75,6682.25
cl1758873420,294973,1758873270,1758873600,6662.5,6679.0
cl1758876720,294973,1758876450,1758877140,6655.5,6671.5
cl1758883020,294973,1758882450,1758883320,6653.0,6668.5
cl1758885900,294973,1758885630,1758886200,6652.0,6668.5
ch1758889500,294973,1758888870,1758889680,6659.75,6674.75
cl1758892200,294973,1758891570,1758893160,6670.25,6692.75
cl1758896820,294973,1758896610,1758897600,6652.25,6689.75
ch1758914580,294973,1758914190,1758915120,6686.5,6702.5
cl1758916020,294973,1758915750,1758916260,6687.0,6703.5
ch1758916140,294973,1758916050,1758916380,6683.5,6701.5
ch1759106760,294973,1759106610,1759107240,6705.0,6718.5
ch1759108920,294973,1759108470,1759109640,6702.5,6716.0
cl1759110900,294973,1759110750,1759111200,6705.25,6719.75
cl1759111200,294973,1759110990,1759111440,6705.0,6718.0
cl1759111440,294973,1759110990,1759111620,6704.75,6718.25
ch1759111920,294973,1759111470,1759112400,6703.25,6717.75
ch1759113240,294973,1759112310,1759113900,6706.25,6718.75
ch1759115520,294973,1759115370,1759116120,6708.0,6720.5
ch1759117020,294973,1759116870,1759117320,6709.75,6721.75
ch1759120200,294973,1759119690,1759121340,6711.5,6724.0
cl1759121940,294973,1759121550,1759122240,6712.25,6723.75
ch1759125180,294973,1759124970,1759125360,6711.25,6723.25
ch1759127820,294973,1759127550,1759128060,6714.5,6727.5
ch1759131480,294973,1759131270,1759131960,6716.0,6731.5
ch1759133460,294973,1759132830,1759134960,6715.25,6732.75
ch1759138020,294973,1759137930,1759138320,6723.0,6737.0
cl1759139460,294973,1759139070,1759139700,6725.25,6740.25
cl1759146060,294973,1759145850,1759146360,6718.75,6732.75
cl1759146480,294973,1759145850,1759146720,6718.5,6733.0
ch1759168440,294973,1759168230,1759169040,6695.0,6714.0
ch1759169520,294973,1759169430,1759170120,6699.25,6716.75
ch1759169880,294973,1759169430,1759170120,6699.25,6716.75
ch1759170000,294973,1759169430,1759170120,6699.25,6716.75
ch1759193460,294973,1759193250,1759193700,6706.0,6720.0
ch1759193700,294973,1759193250,1759194120,6705.5,6720.5
cl1759195920,294973,1759195770,1759196880,6704.5,6719.0
cl1759196880,294973,1759196670,1759197360,6703.5,6717.0
ch1759197960,294973,1759197390,1759198260,6701.0,6715.5
ch1759199040,294973,1759198830,1759199400,6704.0,6716.5
ch1759201080,294973,1759200990,1759201560,6707.5,6721.0
ch1759217280,294973,1759216830,1759217640,6694.75,6710.75
cl1759222980,294973,1759222710,1759223820,6695.5,6711.0
ch1759232880,294973,1759231890,1759233120,6695.75,6709.25
cl1759233780,294973,1759233690,1759233900,6693.75,6709.25
ch1759239900,294973,1759239750,1759240260,6691.75,6715.25
ch1759241820,294973,1759241610,1759242900,6691.5,6716.0
ch1759242120,294973,1759241610,1759242900,6691.5,6716.0
cl1759243200,294973,1759242930,1759243560,6689.0,6716.0
cl1759255140,294973,1759254870,1759255680,6695.5,6718.5
cl1759280640,294973,1759280130,1759280820,6708.25,6724.25
ch1759281840,294973,1759281030,1759282080,6705.75,6719.75
ch1759282860,294973,1759282650,1759283280,6706.5,6721.5
ch1759285260,294973,1759285050,1759285440,6705.25,6719.25
cl1759285980,294973,1759285830,1759286400,6705.5,6721.0
cl1759288200,294973,1759287750,1759288440,6702.75,6716.75
ch1759291320,294973,1759291170,1759291740,6702.25,6714.75
cl1759299900,294973,1759299330,1759300320,6697.0,6710.5
cl1759302420,294973,1759302270,1759302660,6677.5,6700.5
cl1759304400,294973,1759303950,1759304820,6679.25,6700.25
cl1759311660,294973,1759310970,1759313400,6695.5,6713.5
ch1759314960,294973,1759314810,1759315260,6692.5,6708.0
cl1759317000,294973,1759316910,1759317360,6697.25,6713.25
cl1759327200,294973,1759327050,1759327500,6703.5,6730.5
ch1759329360,294973,1759329210,1759329900,6717.75,6740.75
cl1759329660,294973,1759329450,1759330920,6722.5,6744.0
cl1759336920,294973,1759336710,1759337100,6736.0,6753.5
ch1759338120,294973,1759337910,1759338240,6733.75,6752.25
ch1759364640,294973,1759364490,1759365120,6754.25,6769.25
cl1759368660,294973,1759368030,1759368960,6764.0,6778.5
cl1759371900,294973,1759371090,1759372380,6760.75,6774.25
cl1759375860,294973,1759375650,1759376520,6758.75,6772.75
cl1759382700,294973,1759382430,1759383000,6762.5,6775.5
ch1759387500,294973,1759387350,1759387800,6760.0,6773.5
cl1759397940,294973,1759397730,1759398300,6760.5,6776.0
ch1759398300,294973,1759398150,1759398480,6760.0,6774.5
ch1759399020,294973,1759398450,1759399200,6762.25,6776.25
cl1759402620,294973,1759401930,1759403040,6766.25,6778.75
ch1759403580,294973,1759403370,1759404180,6768.25,6781.25
ch1759404480,294973,1759404030,1759405140,6768.5,6782.0
ch1759406160,294973,1759405890,1759407000,6768.5,6783.5
cl1759415580,294973,1759414170,1759416240,6751.75,6775.25
ch1759420500,294973,1759420170,1759420620,6734.25,6761.25
cl1759457580,294973,1759457130,1759457940,6768.75,6782.75
cl1759459800,294973,1759459650,1759460100,6770.5,6782.5
cl1759461780,294973,1759461630,1759462140,6771.5,6783.5
cl1759464840,294973,1759464570,1759465020,6775.0,6786.5
ch1759469340,294973,1759469070,1759469880,6777.25,6788.75
ch1759469880,294973,1759469190,1759470000,6777.0,6789.0
ch1759472340,294973,1759471770,1759472460,6773.0,6787.0
cl1759476300,294973,1759476150,1759477020,6777.25,6791.75
cl1759476600,294973,1759476150,1759477020,6777.25,6791.75
ch1759485240,294973,1759484790,1759485480,6778.5,6792.0
cl1759487340,294973,1759487130,1759487520,6778.25,6790.75
cl1759512480,294973,1759511910,1759512600,6771.0,6794.0
ch1759515600,294973,1759515270,1759515720,6752.25,6778.75
ch1759516020,294973,1759515690,1759516440,6761.25,6784.75
ch1759709760,294973,1759709490,1759710240,6769.25,6784.25
ch1759713060,294973,1759712610,1759713720,6770.0,6783.0
ch1759718460,294973,1759717830,1759719180,6774.75,6786.25
cl1759727700,294973,1759727550,1759728600,6777.0,6791.0
cl1759728360,294973,1759727610,1759728600,6777.0,6789.5
ch1759729380,294973,1759729290,1759729620,6775.0,6788.0
cl1759735440,294973,1759735290,1759735680,6775.75,6791.25
cl1759748280,294973,1759748070,1759748400,6784.0,6799.0
ch1759750800,294973,1759750650,1759751460,6773.75,6791.75
cl1759753980,294973,1759753770,1759754220,6781.75,6797.75
cl1759754220,294973,1759754070,1759754520,6779.75,6795.25
cl1759755840,294973,1759755450,1759756140,6776.25,6790.75
ch1759756080,294973,1759755870,1759756440,6772.5,6790.0
cl1759758660,294973,1759758030,1759758900,6768.0,6791.5
cl1759759800,294973,1759758870,1759760040,6761.5,6788.0
ch1759761180,294973,1759759950,1759761480,6762.75,6784.75
ch1759764120,294973,1759762950,1759764360,6772.0,6789.5
ch1759767900,294973,1759767330,1759768020,6777.5,6795.0
cl1759772640,294973,1759772490,1759773060,6785.5,6801.5
cl1759774200,294973,1759773930,1759774800,6788.5,6804.5
cl1759778460,294973,1759778070,1759778580,6783.75,6801.75
ch1759815000,294973,1759814670,1759815240,6777.75,6790.25
ch1759817220,294973,1759816890,1759817460,6776.0,6789.5
cl1759821600,294973,1759820850,1759822140,6771.5,6788.0
cl1759823280,294973,1759822470,1759823580,6772.5,6787.5
ch1759826880,294973,1759826610,1759827060,6771.75,6785.75
ch1759828500,294973,1759828230,1759828680,6777.5,6790.5
ch1759830660,294973,1759829130,1759831140,6778.0,6791.5
ch1759831140,294973,1759830930,1759831440,6779.25,6791.75
cl1759834020,294973,1759833810,1759834320,6780.75,6793.25
cl1759837380,294973,1759837290,1759837680,6780.0,6794.0
cl1759839180,294973,1759838850,1759839780,6783.5,6799.5
ch1759842240,294973,1759841970,1759842420,6790.75,6807.25
ch1759844040,294973,1759843830,1759844640,6784.75,6806.75
cl1759847820,294973,1759847670,1759848960,6774.25,6797.75
ch1759852860,294973,1759852530,1759853700,6732.0,6764.0
ch1759854420,294973,1759854210,1759854720,6739.25,6763.75
cl1759856280,294973,1759855710,1759856640,6747.0,6770.5
cl1759858620,294973,1759858230,1759859160,6748.75,6770.25
ch1759885080,294973,1759884810,1759885260,6757.75,6771.25
ch1759892040,294973,1759891650,1759892340,6762.75,6775.75
ch1759893780,294973,1759893450,1759894080,6764.75,6777.25
cl1759894500,294973,1759894290,1759894680,6765.75,6777.25
cl1759896660,294973,1759896570,1759896900,6765.75,6777.25
ch1759906320,294973,1759906230,1759906500,6754.75,6768.25
ch1759907100,294973,1759907010,1759907400,6755.25,6770.75
ch1759908600,294973,1759908150,1759908840,6756.25,6772.75
ch1759908840,294973,1759908150,1759908960,6756.0,6773.0
ch1759916340,294973,1759916130,1759917300,6764.25,6777.75
cl1759917000,294973,1759916850,1759918080,6765.0,6779.0
cl1759922400,294973,1759922310,1759922820,6764.75,6778.75
cl1759922940,294973,1759922790,1759923360,6762.5,6777.5
ch1759923300,294973,1759923210,1759923960,6761.25,6777.25
ch1759924320,294973,1759923990,1759925100,6765.25,6779.75
cl1759924860,294973,1759924530,1759925040,6767.25,6781.75
cl1759933320,294973,1759933050,1759933680,6777.75,6801.75
ch1759937160,294973,1759937070,1759938600,6785.75,6803.75
ch1759942920,294973,1759942650,1759943580,6789.25,6804.75
ch1759943940,294973,1759943610,1759944300,6789.0,6806.0
ch1759944300,294973,1759943730,1759945260,6791.25,6806.75
cl1759946400,294973,1759945950,1759946700,6791.25,6806.75
cl1759949340,294973,1759948950,1759949880,6787.75,6804.75
ch1759953120,294973,1759952970,1759954020,6791.75,6808.25
ch1759970100,294973,1759969530,1759971240,6799.25,6812.25
ch1759970460,294973,1759969530,1759971240,6799.25,6812.25
cl1759971360,294973,1759970490,1759971480,6801.0,6813.0
cl1759975560,294973,1759975410,1759975740,6791.5,6804.5
cl1759976340,294973,1759975470,1759976760,6791.25,6803.75
ch1759989420,294973,1759989150,1759989540,6796.0,6809.5
cl1760004060,294973,1760003910,1760004240,6794.0,6808.0
ch1760007960,294973,1760007570,1760008140,6792.0,6807.0
cl1760010360,294973,1760010150,1760011080,6796.25,6810.25
cl1760011140,294973,1760010990,1760012700,6794.75,6809.25
cl1760023440,294973,1760023230,1760023620,6774.25,6795.25
ch1760024280,294973,1760024130,1760024880,6761.25,6782.75
ch1760025480,294973,1760024910,1760025600,6765.75,6789.25
cl1760030280,294973,1760029770,1760030940,6757.5,6784.5
ch1760032200,294973,1760031390,1760033100,6754.75,6777.75
ch1760037660,294973,1760036910,1760037780,6760.5,6780.0
ch1760038080,294973,1760037450,1760038560,6761.5,6781.0
ch1760057820,294973,1760057550,1760058960,6782.5,6796.0
cl1760060400,294973,1760060190,1760060700,6785.0,6797.5
cl1760062800,294973,1760061930,1760063640,6785.75,6797.75
ch1760073960,294973,1760073570,1760074440,6779.25,6791.25
cl1760077680,294973,1760077230,1760077800,6784.25,6797.75
cl1760082720,294973,1760082570,1760082960,6777.5,6793.5
ch1760083980,294973,1760083530,1760084280,6777.75,6794.25
ch1760086020,294973,1760085330,1760086920,6782.5,6795.0
ch1760096040,294973,1760095770,1760096400,6777.5,6793.0
ch1760097120,294973,1760096610,1760097540,6779.25,6792.75
ch1760107680,294973,1760107410,1760108340,6777.0,6802.5
cl1760116440,294973,1760115510,1760117040,6636.5,6672.5
cl1760121840,294973,1760121210,1760122080,6637.25,6671.75
cl1760122380,294973,1760122050,1760123460,6626.5,6663.0
cl1760322240,294973,1760321790,1760322600,6675.5,6690.0
cl1760325840,294973,1760325270,1760326020,6674.75,6689.75
cl1760329440,294973,1760329290,1760329680,6666.25,6683.25
ch1760330460,294973,1760329470,1760331120,6665.5,6683.0
ch1760332980,294973,1760332530,1760333460,6672.5,6687.5
ch1760333460,294973,1760332830,1760334060,6672.5,6688.0
ch1760335140,294973,1760334510,1760335500,6672.5,6688.5
ch1760339580,294973,1760339190,1760339820,6679.25,6700.25
ch1760340300,294973,1760340090,1760340420,6683.75,6705.75
ch1760340540,294973,1760340150,1760340660,6684.0,6708.5
cl1760341800,294973,1760341410,1760342040,6689.5,6710.5
cl1760345040,294973,1760344950,1760345580,6676.0,6699.0
ch1760347080,294973,1760346810,1760347320,6675.5,6694.0
cl1760349600,294973,1760349390,1760349780,6675.5,6692.0
cl1760355000,294973,1760354730,1760355240,6652.25,6682.25
cl1760360280,294973,1760360190,1760360520,6662.25,6681.75
ch1760366100,294973,1760365890,1760366340,6645.25,6691.25
ch1760368920,294973,1760368590,1760369040,6669.5,6697.5
ch1760401020,294973,1760400930,1760401200,6692.0,6710.0
ch1760413380,294973,1760412930,1760414100,6684.5,6701.0
cl1760424120,294973,1760423970,1760424600,6637.0,6659.5
cl1760427480,294973,1760427390,1760427600,6618.25,6673.25
ch1760429580,294973,1760429250,1760430180,6613.5,6647.0
ch1760438160,294973,1760437950,1760438700,6607.25,6629.25
cl1760438700,294973,1760438490,1760438820,6604.75,6631.25
ch1760439660,294973,1760439390,1760439780,6597.5,6625.5
ch1760441160,294973,1760440830,1760441760,6620.0,6642.5
ch1760442720,294973,1760442450,1760443380,6626.0,6647.5
cl1760443500,294973,1760443290,1760443860,6624.75,6648.75
ch1760444880,294973,1760444310,1760445180,6623.25,6644.25
ch1760452920,294973,1760451870,1760453160,6638.75,6670.75
cl1760455020,294973,1760454450,1760455140,6656.25,6685.75
cl1760463360,294973,1760463150,1760463900,6703.0,6727.0
ch1760467800,294973,1760467530,1760468400,6701.0,6721.0
ch1760468580,294973,1760468310,1760469300,6701.0,6722.5
cl1760496480,294973,1760496090,1760496720,6692.5,6708.0
cl1760498340,294973,1760498190,1760498580,6686.75,6704.25
ch1760503620,294973,1760503350,1760503740,6696.5,6710.5
ch1760504700,294973,1760504370,1760505540,6693.0,6717.5
cl1760506380,294973,1760506170,1760506860,6704.0,6720.0
ch1760512320,294973,1760512230,1760512500,6705.75,6723.75
ch1760519700,294973,1760519430,1760520000,6718.25,6736.25
ch1760525280,294973,1760525190,1760525520,6719.75,6735.25
ch1760529300,294973,1760528310,1760529720,6718.75,6735.75
cl1760533980,294973,1760533230,1760534100,6728.0,6744.5
cl1760534880,294973,1760533650,1760535000,6725.75,6743.25
cl1760540700,294973,1760539110,1760541060,6743.5,6771.0
cl1760541120,294973,1760540970,1760541360,6737.75,6761.75
cl1760543460,294973,1760543310,1760543820,6697.0,6726.5
cl1760573880,294973,1760573610,1760574600,6703.5,6722.0
ch1760575740,294973,1760575170,1760575980,6695.0,6713.5
ch1760577540,294973,1760576490,1760577900,6704.0,6721.0
cl1760581380,294973,1760580810,1760581560,6705.25,6720.25
cl1760581740,294973,1760581350,1760581860,6703.5,6719.5
ch1760582880,294973,1760582730,1760583360,6699.5,6716.5
cl1760592600,294973,1760592270,1760592720,6707.5,6721.5
cl1760593680,294973,1760593350,1760593920,6710.75,6726.25
ch1760594820,294973,1760594730,1760595000,6705.5,6728.0
ch1760596440,294973,1760596350,1760597160,6715.25,6733.25
ch1760600880,294973,1760600670,1760601120,6714.5,6732.5
cl1760606340,294973,1760605650,1760606520,6723.5,6740.5
ch1760608980,294973,1760607990,1760609220,6726.75,6742.25
ch1760610480,294973,1760610330,1760610780,6732.25,6747.25
cl1760616840,294973,1760616570,1760617380,6727.5,6745.5
cl1760627160,294973,1760626530,1760627340,6723.25,6758.75
cl1760637240,294973,1760636370,1760637780,6668.0,6710.0
ch1760641260,294973,1760640150,1760641800,6630.25,6674.25
ch1760643360,294973,1760642550,1760643900,6631.75,6663.25
ch1760671080,294973,1760670930,1760671260,6636.75,6653.25
ch1760671980,294973,1760671230,1760672160,6640.25,6655.25
cl1760672640,294973,1760672250,1760673120,6635.25,6654.75
cl1760676360,294973,1760676210,1760677440,6630.5,6649.0
cl1760677440,294973,1760676270,1760677560,6630.25,6645.75
cl1760678400,294973,1760678010,1760678580,6620.0,6639.5
ch1760681100,294973,1760680890,1760681520,6617.5,6639.5
cl1760682120,294973,1760681790,1760682480,6616.5,6637.5
cl1760683080,294973,1760682930,1760683680,6607.5,6630.5
ch1760695440,294973,1760695170,1760695680,6575.75,6608.75
ch1760697900,294973,1760697510,1760698200,6589.25,6618.25
cl1760698200,294973,1760697990,1760698560,6594.75,6621.25
ch1760698920,294973,1760698590,1760699340,6598.0,6625.5
cl1760702040,294973,1760701890,1760702220,6633.0,6660.5
cl1760704320,294973,1760703870,1760704740,6653.0,6681.5
cl1760712960,294973,1760712630,1760713080,6649.75,6700.75
ch1760718300,294973,1760716950,1760718600,6670.5,6699.0
cl1760721060,294973,1760720370,1760721480,6664.5,6695.5
ch1760724000,294973,1760723550,1760724120,6663.75,6698.25
ch1760728320,294973,1760728110,1760728860,6689.75,6720.75
cl1760919120,294973,1760919030,1760919420,6693.75,6709.75
ch1760922540,294973,1760921790,1760923080,6705.5,6723.0
ch1760931720,294973,1760931330,1760931900,6709.75,6724.75
ch1760932080,294973,1760931870,1760932200,6712.0,6726.5
ch1760936160,294973,1760935890,1760936460,6718.0,6732.5
cl1760947680,294973,1760947590,1760947800,6723.5,6738.5
cl1760950260,294973,1760950050,1760950800,6713.5,6732.0
ch1760952000,294973,1760951430,1760952300,6712.5,6730.5
cl1760957220,294973,1760957130,1760957460,6707.75,6729.25
ch1760958780,294973,1760958450,1760958900,6707.0,6724.5
ch1760961240,294973,1760961030,1760962080,6712.25,6729.75
ch1760964000,294973,1760963730,1760964180,6718.75,6732.75
cl1760968560,294973,1760968410,1760969100,6739.75,6766.25
ch1760970480,294973,1760970270,1760971140,6746.0,6769.5
ch1760972100,294973,1760971470,1760972760,6758.0,6780.5
ch1760983800,294973,1760983170,1760983920,6769.75,6787.75
cl1760984820,294973,1760984430,1760985060,6773.25,6788.75
cl1760989440,294973,1760989050,1760989680,6770.25,6785.75
cl1761005040,294973,1761004950,1761005520,6771.0,6786.5
ch1761005640,294973,1761005550,1761006300,6771.0,6785.5
cl1761017400,294973,1761017250,1761017580,6774.5,6787.5
cl1761019380,294973,1761019170,1761019860,6771.0,6784.5
cl1761025200,294973,1761024270,1761025320,6766.0,6780.5
ch1761026100,294973,1761025950,1761026220,6761.5,6776.0
cl1761032820,294973,1761032490,1761033300,6759.0,6775.0
cl1761038520,294973,1761038070,1761038820,6760.0,6775.0
ch1761043980,294973,1761043650,1761044100,6762.25,6776.75
ch1761049440,294973,1761049050,1761049980,6769.25,6782.75
cl1761050040,294973,1761049830,1761050580,6768.0,6784.5
ch1761056520,294973,1761056250,1761056880,6758.0,6783.5
ch1761057480,294973,1761057210,1761057600,6749.75,6779.75
ch1761061680,294973,1761061470,1761062460,6767.5,6790.0
cl1761065700,294973,1761065490,1761065820,6770.5,6803.0
cl1761065820,294973,1761065490,1761065940,6770.0,6803.5
ch1761069180,294973,1761068370,1761069300,6762.75,6786.25
ch1761069720,294973,1761068910,1761069840,6770.5,6788.5
ch1761069840,294973,1761068910,1761070020,6770.25,6788.75
cl1761073500,294973,1761073110,1761074160,6771.5,6789.5
cl1761092640,294973,1761092070,1761093060,6761.25,6779.25
ch1761096120,294973,1761095370,1761096240,6760.75,6775.25
ch1761096900,294973,1761095370,1761097620,6760.5,6775.5
cl1761100740,294973,1761100470,1761102180,6769.75,6783.25
cl1761101100,294973,1761100530,1761102180,6769.75,6782.25
ch1761112200,294973,1761111930,1761112920,6774.25,6788.75
ch1761130020,294973,1761128910,1761130680,6772.25,6787.75
ch1761132000,294973,1761131790,1761132780,6761.75,6779.25
cl1761134280,294973,1761134190,1761134700,6763.5,6781.5
ch1761148080,294973,1761147570,1761148200,6725.25,6756.75
cl1761150780,294973,1761150570,1761150900,6693.0,6775.5
ch1761151140,294973,1761150810,1761151260,6696.75,6738.75
cl1761153360,294973,1761153090,1761153540,6710.75,6749.75
ch1761160140,294973,1761159870,1761160260,6703.25,6737.75
ch1761161520,294973,1761161130,1761161820,6716.75,6743.25
ch1761180780,294973,1761180630,1761181020,6724.0,6741.5
cl1761187080,294973,1761186810,1761187620,6740.75,6754.75
cl1761199920,294973,1761199770,1761200640,6737.75,6754.75
ch1761213480,294973,1761213030,1761213600,6729.75,6745.75
ch1761214560,294973,1761213870,1761215160,6728.5,6747.0
cl1761221100,294973,1761220650,1761221940,6718.0,6735.0
ch1761230280,294973,1761230010,1761230460,6737.0,6764.5
cl1761231420,294973,1761231030,1761231660,6747.25,6774.75
ch1761236100,294973,1761235530,1761236940,6753.0,6774.5
cl1761266760,294973,1761266190,1761267600,6774.0,6788.5
ch1761268500,294973,1761268290,1761268620,6776.5,6790.0
cl1761285060,294973,1761284970,1761285600,6784.75,6798.25
ch1761286620,294973,1761286230,1761286860,6788.75,6802.25
cl1761293160,294973,1761293010,1761293580,6779.25,6794.25
cl1761299880,294973,1761299370,1761300060,6789.0,6802.0
ch1761301020,294973,1761300630,1761301440,6789.75,6802.75
cl1761301740,294973,1761301290,1761301980,6789.25,6803.75
cl1761303360,294973,1761303150,1761303720,6787.5,6800.5
ch1761304440,294973,1761304230,1761304740,6788.5,6802.0
cl1761308700,294973,1761308130,1761308940,6788.75,6803.25
ch1761318960,294973,1761318750,1761319200,6816.25,6840.75
ch1761322440,294973,1761321450,1761322800,6826.5,6844.5
ch1761322860,294973,1761322170,1761323220,6827.75,6846.25
ch1761332700,294973,1761332310,1761333120,6830.25,6845.75
cl1761334560,294973,1761334410,1761334860,6830.25,6846.25
cl1761335280,294973,1761334830,1761335400,6827.0,6843.5
ch1761525360,294973,1761524970,1761525780,6866.75,6881.25
cl1761526620,294973,1761525930,1761526860,6867.25,6881.75
ch1761530520,294973,1761530370,1761530880,6862.75,6876.25
ch1761531420,294973,1761531270,1761532260,6861.5,6876.0
ch1761532500,294973,1761532410,1761532860,6864.0,6878.0
ch1761532860,294973,1761532650,1761533100,6864.25,6878.75
ch1761536160,294973,1761535170,1761536340,6871.25,6886.25
ch1761544080,294973,1761543930,1761544320,6876.0,6888.0
ch1761544560,294973,1761543990,1761544860,6875.75,6888.75
cl1761553560,294973,1761553470,1761553860,6872.25,6887.75
ch1761558840,294973,1761558330,1761559920,6878.5,6892.0
ch1761562020,294973,1761561090,1761562200,6880.25,6892.75
ch1761562260,294973,1761561990,1761562860,6881.5,6893.5
cl1761562800,294973,1761562710,1761562980,6881.0,6893.5
ch1761567120,294973,1761566970,1761567420,6875.25,6890.25
cl1761567960,294973,1761567270,1761568200,6876.75,6892.25
cl1761568260,294973,1761568170,1761568620,6875.0,6890.0
cl1761572160,294973,1761572070,1761572340,6872.0,6894.0
ch1761573840,294973,1761573570,1761574680,6876.0,6897.5
ch1761581220,294973,1761580770,1761582120,6881.75,6898.75
cl1761585000,294973,1761584850,1761585420,6885.75,6900.25
cl1761624180,294973,1761623730,1761624660,6902.25,6915.25
cl1761628440,294973,1761628110,1761629040,6898.25,6911.75
cl1761631080,294973,1761630990,1761631320,6899.5,6913.0
cl1761633540,294973,1761633270,1761633840,6901.0,6915.5
cl1761634740,294973,1761634050,1761634920,6898.75,6912.25
cl1761636960,294973,1761636750,1761637380,6901.25,6914.25
cl1761639360,294973,1761638850,1761640380,6896.75,6910.75
ch1761647100,294973,1761646950,1761647640,6902.5,6915.5
ch1761654000,294973,1761653850,1761654840,6908.25,6923.25
cl1761655500,294973,1761654690,1761655860,6910.0,6925.5
cl1761657540,294973,1761657330,1761658200,6918.25,6934.75
cl1761662520,294973,1761662310,1761662700,6907.25,6928.75
ch1761675360,294973,1761675270,1761675480,6925.5,6942.0
ch1761697860,294973,1761697650,1761698100,6921.0,6935.5
cl1761698340,294973,1761697950,1761698580,6922.0,6936.5
ch1761704760,294973,1761704130,1761704940,6927.5,6943.0
cl1761711000,294973,1761710910,1761711120,6929.0,6941.5
cl1761711240,294973,1761711090,1761711480,6928.0,6940.5
ch1761715320,294973,1761714030,1761715560,6933.5,6945.0
ch1761715980,294973,1761714870,1761716340,6933.5,6945.5
ch1761716340,294973,1761715950,1761716940,6933.25,6945.75
cl1761717000,294973,1761716850,1761717240,6933.25,6946.25
cl1761721320,294973,1761721230,1761721440,6935.75,6950.25
cl1761722520,294973,1761722430,1761722820,6934.5,6948.5
ch1761731760,294973,1761731370,1761732360,6924.5,6941.5
ch1761736560,294973,1761736350,1761736800,6935.25,6949.75
cl1761749160,294973,1761748770,1761749340,6931.5,6952.5
cl1761753720,294973,1761753330,1761753840,6927.75,6946.25
cl1761757800,294973,1761757470,1761758100,6932.0,6949.0
cl1761758820,294973,1761758670,1761759060,6926.5,6946.5
ch1761762840,294973,1761762570,1761763020,6922.0,6947.5
cl1761785100,294973,1761784890,1761785400,6925.25,6945.25
ch1761790680,294973,1761790470,1761791100,6934.75,6953.75
ch1761792180,294973,1761792030,1761792540,6937.0,6953.5
cl1761797460,294973,1761797370,1761797640,6910.5,6954.0
cl1761797700,294973,1761797610,1761797940,6903.0,6928.0
ch1761798000,294973,1761797730,1761798240,6891.25,6928.25
cl1761804960,294973,1761804870,1761805500,6911.75,6932.25
cl1761820860,294973,1761820530,1761821220,6906.0,6923.5
ch1761827700,294973,1761827550,1761828180,6888.25,6912.25
cl1761828720,294973,1761827970,1761828900,6889.0,6916.5
cl1761831540,294973,1761831330,1761831840,6862.75,6898.75
ch1761832800,294973,1761832170,1761833100,6868.25,6918.75
ch1761839760,294973,1761838890,1761840240,6874.5,6899.5
ch1761845340,294973,1761845010,1761845820,6880.5,6905.0
cl1761846120,294973,1761845370,1761846480,6885.0,6911.0
ch1761874620,294973,1761874410,1761875700,6893.25,6908.25
cl1761889140,294973,1761888270,1761889800,6891.0,6905.0
ch1761897000,294973,1761896430,1761897240,6895.25,6909.75
cl1761905880,294973,1761905670,1761906300,6891.0,6906.5
ch1761921240,294973,1761920610,1761921360,6868.25,6894.75
cl1761925320,294973,1761924990,1761925440,6873.0,6904.0
cl1761927600,294973,1761927270,1761927960,6851.5,6882.0
cl1761932160,294973,1761931950,1761932640,6840.5,6872.0
ch1761933900,294973,1761933570,1761934080,6845.5,6875.0
ch1761935100,294973,1761934770,1761935400,6857.5,6881.0
ch1761935400,294973,1761934770,1761935940,6857.25,6881.25
ch1761936120,294973,1761934830,1761936720,6859.0,6882.5
cl1761936600,294973,1761936210,1761936720,6865.25,6887.75
cl1761936840,294973,1761936270,1761937200,6863.75,6887.75
ch1761937980,294973,1761937110,1761938160,6865.5,6887.0
ch1761938880,294973,1761938670,1761939060,6879.75,6899.75
ch1762136100,294973,1762135890,1762136220,6883.0,6898.0
cl1762140360,294973,1762140150,1762140600,6875.75,6891.25
ch1762145400,294973,1762145250,1762145580,6878.5,6892.0
ch1762147680,294973,1762147530,1762147800,6876.75,6891.75
cl1762152360,294973,1762152210,1762152660,6872.75,6889.75
cl1762157400,294973,1762157250,1762157580,6870.5,6887.5
ch1762168020,294973,1762167690,1762168140,6889.5,6905.0
cl1762170180,294973,1762170090,1762170660,6891.25,6906.75
cl1762181460,294973,1762180890,1762181640,6871.0,6899.0
ch1762185180,294973,1762184370,1762185420,6851.25,6879.25
ch1762190460,294973,1762189650,1762190760,6870.75,6894.75
ch1762192080,294973,1762191150,1762192260,6874.75,6893.75
ch1762194720,294973,1762194630,1762195440,6878.25,6897.75
ch1762195080,294973,1762194630,1762195440,6878.25,6897.75
cl1762195920,294973,1762195770,1762196520,6880.0,6897.0
ch1762199220,294973,1762199010,1762199580,6868.5,6889.5
cl1762222500,294973,1762222170,1762222920,6857.0,6874.5
cl1762223040,294973,1762222470,1762223220,6855.75,6870.75
cl1762228860,294973,1762228290,1762229040,6846.25,6862.75
cl1762230420,294973,1762230270,1762230960,6841.75,6860.25
ch1762239120,294973,1762238430,1762239720,6804.25,6830.25
cl1762239660,294973,1762239150,1762239780,6812.25,6836.75
cl1762239900,294973,1762239750,1762240200,6808.0,6827.0
cl1762246500,294973,1762245690,1762246980,6806.5,6830.0
ch1762252860,294973,1762252410,1762252980,6796.75,6817.75
cl1762257420,294973,1762255950,1762257600,6806.75,6824.25
cl1762258320,294973,1762257750,1762258560,6800.0,6822.0
ch1762258560,294973,1762258470,1762258680,6799.75,6818.25
cl1762262160,294973,1762261710,1762262580,6805.75,6824.75
ch1762269180,294973,1762268070,1762269360,6817.5,6847.0
cl1762271820,294973,1762271670,1762272120,6820.75,6846.25
cl1762276260,294973,1762275810,1762276620,6813.75,6839.75
ch1762316700,294973,1762316370,1762317060,6775.75,6794.75
ch1762319760,294973,1762319370,1762320420,6782.5,6803.0
cl1762321320,294973,1762320930,1762321440,6786.75,6804.75
cl1762321740,294973,1762321470,1762321860,6780.75,6801.75
ch1762322640,294973,1762322490,1762322940,6774.75,6794.25
ch1762331100,294973,1762331010,1762331220,6782.5,6801.0
cl1762333320,294973,1762332990,1762333680,6788.75,6807.25
cl1762340460,294973,1762340190,1762340700,6766.75,6786.25
ch1762347540,294973,1762347330,1762347840,6780.75,6800.75
ch1762348500,294973,1762348290,1762348920,6780.0,6801.0
cl1762353300,294973,1762353210,1762353540,6784.75,6815.25
cl1762356060,294973,1762355610,1762356300,6804.5,6835.0
cl1762364820,294973,1762364370,1762365000,6846.5,6865.5
cl1762365000,294973,1762364670,1762365300,6845.75,6865.75
ch1762367880,294973,1762367670,1762369320,6843.5,6862.5
cl1762369320,294973,1762369170,1762369560,6845.0,6865.5
cl1762374480,294973,1762374330,1762374600,6840.75,6857.25
ch1762375200,294973,1762375050,1762375500,6835.5,6853.0
ch1762391700,294973,1762391550,1762392000,6803.0,6824.5
cl1762394640,294973,1762394370,1762394940,6805.5,6825.0
cl1762410540,294973,1762410330,1762410720,6809.75,6825.75
cl1762413420,294973,1762412970,1762413720,6808.75,6823.25
cl1762414980,294973,1762414770,1762415160,6803.0,6819.5
cl1762416060,294973,1762415970,1762416360,6799.5,6817.5
ch1762423980,294973,1762423410,1762424280,6817.25,6832.25
ch1762429380,294973,1762429290,1762429560,6822.0,6839.0
cl1762431960,294973,1762431870,1762432440,6826.0,6843.0
cl1762440720,294973,1762440570,1762440840,6793.75,6823.25
ch1762453560,294973,1762453410,1762453800,6731.75,6764.75
cl1762460160,294973,1762459110,1762460700,6766.0,6794.5
cl1762462200,294973,1762461930,1762462560,6745.5,6773.0
cl1762462740,294973,1762462590,1762462920,6737.5,6763.0
cl1762478520,294973,1762478310,1762478940,6748.25,6768.25
cl1762482180,294973,1762481430,1762482420,6739.0,6761.0
ch1762482960,294973,1762482690,1762483620,6735.75,6756.75
cl1762485540,294973,1762485390,1762485720,6738.75,6758.25
cl1762490340,294973,1762489350,1762491540,6740.5,6758.5
cl1762493400,294973,1762492770,1762493700,6750.25,6768.25
ch1762495620,294973,1762495050,1762495860,6755.0,6771.0
ch1762503480,294973,1762501710,1762503660,6755.75,6775.75
ch1762506840,294973,1762506570,1762507260,6746.75,6770.75
ch1762507260,294973,1762506570,1762507440,6746.25,6771.25
cl1762507380,294973,1762507290,1762507560,6754.25,6776.25
cl1762513740,294973,1762513410,1762513920,6730.5,6749.5
ch1762535820,294973,1762535550,1762536000,6647.5,6680.0
ch1762536360,294973,1762536030,1762537200,6662.5,6691.5
cl1762544820,294973,1762544670,1762545300,6722.75,6753.25
cl1762546860,294973,1762546650,1762547100,6721.25,6749.75
ch1762548240,294973,1762547670,1762548900,6718.25,6750.25
cl1762753080,294973,1762752690,1762754100,6795.75,6811.25
ch1762760460,294973,1762760370,1762760880,6793.25,6808.75
cl1762767060,294973,1762766490,1762767180,6810.25,6830.25
ch1762768200,294973,1762768050,1762768980,6808.75,6825.75
ch1762771200,294973,1762770870,1762771860,6810.75,6826.75
cl1762773900,294973,1762773390,1762774860,6806.0,6822.5
ch1762775700,294973,1762775010,1762775880,6807.0,6823.0
ch1762776060,294973,1762775850,1762776480,6808.75,6826.25
ch1762778160,294973,1762777950,1762778460,6806.5,6821.5
cl1762782120,294973,1762781910,1762782300,6810.75,6828.25
ch1762783020,294973,1762782930,1762783500,6806.25,6825.75
ch1762784460,294973,1762784190,1762784580,6804.75,6822.75
ch1762787400,294973,1762786410,1762787520,6812.0,6839.5
cl1762790520,294973,1762790310,1762790700,6794.0,6823.5
ch1762791120,294973,1762790790,1762791780,6782.5,6816.0
cl1762791720,294973,1762791330,1762792500,6793.0,6822.0
ch1762797360,294973,1762797030,1762797720,6821.75,6845.75
cl1762799340,294973,1762799130,1762799640,6832.25,6851.75
ch1762804020,294973,1762803630,1762804260,6842.75,6859.75
cl1762808340,294973,1762808070,1762808820,6850.0,6877.0
ch1762828680,294973,1762828410,1762828800,6850.5,6868.0
cl1762831140,294973,1762830690,1762831260,6854.25,6869.75
ch1762835580,294973,1762835310,1762835940,6850.75,6864.75
cl1762836840,294973,1762836750,1762837020,6848.75,6863.25
ch1762841700,294973,1762841370,1762841820,6841.0,6859.5
cl1762845960,294973,1762845810,1762846800,6843.0,6859.5
cl1762847220,294973,1762847070,1762847340,6841.5,6858.5
cl1762853700,294973,1762852530,1762853820,6836.75,6852.25
ch1762859640,294973,1762859010,1762860060,6836.25,6852.25
cl1762872660,294973,1762872510,1762873020,6832.5,6861.5
ch1762873140,294973,1762872930,1762873620,6830.0,6857.0
ch1762884060,294973,1762883670,1762884960,6850.75,6874.75
ch1762884360,294973,1762883670,1762884960,6850.75,6874.75
ch1762887120,294973,1762886610,1762888080,6861.25,6881.75
ch1762888560,294973,1762888290,1762889400,6860.5,6882.0
ch1762889400,294973,1762888290,1762890540,6860.25,6882.25
ch1762891980,294973,1762891230,1762892520,6866.25,6884.25
ch1762918620,294973,1762918290,1762920360,6874.25,6888.75
ch1762919580,294973,1762918470,1762920360,6874.75,6888.75
ch1762920600,294973,1762920390,1762921140,6872.25,6887.25
ch1762929240,294973,1762929150,1762929540,6880.25,6895.25
ch1762939440,294973,1762938990,1762939860,6884.25,6901.75
ch1762941720,294973,1762941390,1762942140,6891.5,6905.5
cl1762942020,294973,1762941750,1762942260,6892.5,6908.0
cl1762944960,294973,1762944810,1762945380,6887.25,6902.25
cl1762946100,294973,1762945890,1762946820,6886.5,6902.5
ch1762947180,294973,1762947030,1762947300,6876.5,6894.5
ch1762950300,294973,1762949430,1762950480,6883.0,6900.5
cl1762954140,294973,1762953570,1762954680,6888.75,6903.75
ch1762955580,294973,1762955310,1762956180,6887.0,6902.0
cl1762965840,294973,1762965150,1762965960,6858.5,6884.5
cl1762975680,294973,1762974810,1762975860,6862.5,6888.0
cl1762975860,294973,1762975650,1762975980,6861.25,6882.25
ch1762976520,294973,1762976130,1762977360,6856.75,6879.75
cl1762977720,294973,1762977390,1762977960,6861.0,6885.0
ch1762980660,294973,1762980570,1762981020,6864.5,6889.0
cl1762981080,294973,1762980930,1762981260,6864.5,6886.0
ch1762996260,294973,1762996050,1762996620,6868.0,6894.5
cl1762999020,294973,1762998210,1762999680,6877.25,6896.75
ch1763010060,294973,1763009610,1763010420,6879.0,6892.5
ch1763021220,294973,1763020950,1763021580,6872.75,6890.75
ch1763027220,294973,1763026830,1763028300,6852.25,6872.75
ch1763028300,294973,1763026950,1763028480,6854.5,6873.0
cl1763030880,294973,1763030550,1763031300,6864.75,6882.75
ch1763036640,294973,1763035770,1763036880,6850.5,6870.5
cl1763038800,294973,1763038530,1763038980,6857.25,6877.75
cl1763040120,294973,1763039970,1763040300,6851.5,6872.5
ch1763041800,294973,1763041590,1763042280,6844.0,6863.5
ch1763043900,294973,1763043750,1763044140,6837.0,6858.0
ch1763045520,294973,1763045190,1763045820,6807.75,6838.75
ch1763046000,294973,1763045310,1763046360,6807.75,6841.25
cl1763048280,294973,1763048010,1763048580,6808.25,6843.25
cl1763061240,294973,1763059710,1763061840,6751.75,6780.75
ch1763061780,294973,1763061450,1763061900,6746.5,6775.0
cl1763063700,294973,1763063610,1763063940,6741.0,6773.0
ch1763066100,294973,1763065710,1763066280,6738.5,6771.0
cl1763084820,294973,1763084430,1763085420,6760.75,6779.25
ch1763086260,294973,1763085570,1763088060,6759.75,6777.75
ch1763086500,294973,1763085570,1763088060,6759.75,6777.75
cl1763092440,294973,1763092350,1763092620,6756.5,6774.5
cl1763097120,294973,1763096730,1763097240,6744.0,6762.0
cl1763101080,294973,1763100390,1763101320,6752.5,6770.0
cl1763103960,294973,1763103690,1763104080,6742.5,6771.5
ch1763106660,294973,1763106510,1763107680,6731.0,6753.5
cl1763120820,294973,1763120670,1763121060,6700.0,6723.0
ch1763125440,294973,1763124450,1763126040,6675.5,6705.5
cl1763133180,294973,1763132370,1763133480,6702.25,6747.75
ch1763146500,294973,1763146230,1763147340,6738.5,6781.5
cl1763344920,294973,1763344230,1763345220,6765.0,6782.5
ch1763352960,294973,1763352210,1763353200,6776.75,6791.25
cl1763357820,294973,1763357610,1763358720,6776.75,6792.75
cl1763359320,294973,1763358630,1763359860,6775.0,6792.5
ch1763364420,294973,1763364090,1763364540,6783.5,6800.0
ch1763367240,294973,1763366610,1763367660,6785.5,6804.0
ch1763368500,294973,1763368170,1763368680,6786.25,6804.25
cl1763372220,294973,1763372070,1763372580,6778.25,6800.75
cl1763380620,294973,1763380530,1763380800,6764.0,6784.5
cl1763384580,294973,1763383350,1763384700,6750.25,6772.75
cl1763384700,294973,1763384310,1763384880,6749.5,6769.5
cl1763387100,294973,1763386650,1763387400,6733.25,6755.75
ch1763392560,294973,1763392170,1763393340,6729.0,6764.0
ch1763398920,294973,1763398110,1763400000,6746.0,6772.5
cl1763401260,294973,1763401050,1763401500,6740.5,6771.0
cl1763408400,294973,1763408250,1763408520,6669.5,6703.5
cl1763408820,294973,1763408250,1763409360,6666.75,6706.25
cl1763409420,294973,1763409030,1763409540,6662.0,6696.5
cl1763434260,294973,1763433390,1763434680,6685.25,6706.75
cl1763436780,294973,1763436510,1763436960,6673.75,6696.25
cl1763436960,294973,1763436510,1763437680,6672.0,6698.0
cl1763437920,294973,1763437650,1763438460,6667.5,6687.0
ch1763441400,294973,1763440650,1763441640,6636.75,6664.25
cl1763449260,294973,1763449170,1763449380,6634.0,6659.5
ch1763455200,294973,1763455050,1763455560,6665.75,6690.75
ch1763462040,294973,1763461770,1763462220,6662.0,6683.5
ch1763465040,294973,1763464890,1763465640,6660.5,6682.5
cl1763465700,294973,1763465490,1763465820,6661.75,6684.25
ch1763466900,294973,1763466390,1763467140,6658.0,6678.5
ch1763469540,294973,1763468970,1763469780,6644.75,6671.25
cl1763472120,294973,1763471850,1763472780,6650.25,6675.75
cl1763476980,294973,1763476770,1763477220,6646.25,6688.25
cl1763480220,294973,1763480010,1763481000,6604.75,6653.75
ch1763483580,294973,1763483070,1763483880,6613.5,6662.5
cl1763487180,294973,1763486790,1763487480,6609.75,6659.75
ch1763488680,294973,1763488350,1763489220,6646.75,6684.75
ch1763489580,294973,1763488350,1763490780,6646.0,6685.5
cl1763496840,294973,1763496210,1763497140,6658.5,6693.0
cl1763498760,294973,1763498490,1763498940,6641.0,6673.5
ch1763518080,294973,1763517810,1763518260,6626.25,6650.75
ch1763519580,294973,1763519190,1763519880,6635.75,6656.25
cl1763524380,294973,1763524050,1763524860,6624.75,6644.25
cl1763529960,294973,1763529810,1763530200,6621.0,6643.0
cl1763535660,294973,1763535510,1763535840,6625.25,6642.25
ch1763537940,294973,1763537490,1763538420,6628.5,6652.0
ch1763540580,294973,1763540370,1763540820,6627.25,6651.25
cl1763542800,294973,1763542230,1763543040,6633.0,6653.0
cl1763542920,294973,1763542230,1763543040,6633.0,6653.0
ch1763543640,294973,1763543430,1763544000,6632.0,6653.5
cl1763545020,294973,1763544750,1763545560,6640.75,6663.25
ch1763547840,294973,1763547570,1763548080,6651.0,6668.0
ch1763558820,294973,1763558130,1763558940,6641.0,6662.0
ch1763563740,294973,1763563350,1763563920,6647.5,6678.0
ch1763565180,294973,1763564490,1763565300,6677.0,6708.0
cl1763565960,294973,1763565450,1763566080,6689.5,6720.5
cl1763570160,294973,1763569710,1763570400,6639.75,6673.75
ch1763571420,294973,1763570970,1763571540,6633.0,6663.5
cl1763576340,294973,1763576010,1763576580,6641.5,6677.0
cl1763577780,294973,1763577510,1763577900,6643.0,6683.5
cl1763578140,294973,1763577750,1763578380,6637.75,6671.25
cl1763578800,294973,1763578650,1763579100,6647.25,6679.75
cl1763580360,294973,1763580270,1763580780,6624.75,6663.75
ch1763606700,294973,1763606010,1763606880,6733.0,6748.0
cl1763618820,294973,1763618670,1763619360,6740.5,6756.0
cl1763624400,294973,1763624130,1763624520,6744.25,6763.75
ch1763628420,294973,1763628210,1763628660,6739.5,6760.0
cl1763631180,294973,1763630850,1763631900,6724.25,6747.25
cl1763632080,294973,1763631870,1763633160,6720.5,6742.5
ch1763637060,294973,1763636790,1763637420,6723.5,6744.0
cl1763645280,294973,1763644950,1763645520,6732.0,6751.5
cl1763647920,294973,1763647470,1763648100,6756.75,6781.25
cl1763656920,294973,1763656650,1763657040,6671.5,6717.5
cl1763657940,294973,1763657790,1763658420,6623.0,6677.0
cl1763660160,294973,1763659950,1763660400,6583.25,6643.75
ch1763666280,294973,1763665710,1763666820,6548.75,6604.75
ch1763668740,294973,1763668410,1763668980,6575.0,6622.0
ch1763670120,294973,1763669610,1763670360,6572.5,6614.5
ch1763686860,294973,1763686290,1763687460,6565.5,6587.5
cl1763691120,294973,1763690910,1763691660,6572.0,6592.5
cl1763694300,294973,1763693790,1763694720,6573.5,6592.5
ch1763702220,294973,1763701830,1763703060,6570.5,6590.5
cl1763720460,294973,1763719950,1763720580,6523.0,6553.0
ch1763721480,294973,1763721150,1763721600,6521.25,6557.75
ch1763722380,294973,1763722110,1763722740,6538.25,6565.75
ch1763728620,294973,1763728410,1763729100,6538.0,6587.5
cl1763735580,294973,1763734590,1763735880,6570.0,6604.5
ch1763736840,294973,1763736450,1763737320,6535.5,6601.0
ch1763740140,294973,1763739750,1763740440,6527.0,6579.5
ch1763743080,294973,1763742510,1763743260,6557.5,6610.0
ch1763743980,294973,1763743650,1763744100,6581.0,6627.5
cl1763748660,294973,1763748210,1763748900,6601.5,6657.5
cl1763751420,294973,1763751090,1763751960,6643.0,6698.5
ch1763753100,294973,1763752530,1763753640,6646.0,6682.5
cl1763753640,294973,1763753370,1763754000,6655.5,6693.0
ch1763754000,294973,1763753670,1763754240,6644.25,6679.75
cl1763754840,294973,1763754750,1763756580,6636.5,6673.5
ch1763949240,294973,1763949090,1763949720,6635.75,6654.25
ch1763952300,294973,1763952090,1763953140,6646.5,6665.0
cl1763955360,294973,1763955270,1763955840,6649.0,6668.0
ch1763958720,294973,1763958450,1763959080,6638.75,6656.25
cl1763959680,294973,1763959530,1763960040,6642.25,6660.75
cl1763962320,294973,1763962230,1763962500,6648.75,6666.25
cl1763965620,294973,1763964210,1763965800,6647.5,6665.0
ch1763977560,294973,1763977410,1763979300,6616.75,6647.75
cl1763979240,294973,1763978970,1763979720,6625.75,6651.75
cl1763980500,294973,1763980230,1763980680,6620.5,6643.0
ch1763980920,294973,1763980530,1763981460,6617.25,6643.25
ch1763983200,294973,1763982930,1763984640,6616.75,6640.75
ch1763986080,294973,1763985030,1763986560,6631.5,6652.0
ch1763999100,294973,1763998470,1763999340,6673.75,6707.75
ch1764006000,294973,1764005850,1764006300,6700.0,6726.5
cl1764012120,294973,1764011730,1764012300,6716.25,6735.25
cl1764034800,294973,1764034530,1764035160,6710.75,6726.25
ch1764040020,294973,1764039150,1764040440,6712.25,6726.25
ch1764049140,294973,1764048690,1764049980,6710.0,6724.0
ch1764050580,294973,1764050370,1764050940,6709.5,6724.0
ch1764052560,294973,1764052350,1764052920,6707.75,6723.25
cl1764054720,294973,1764054210,1764055080,6705.75,6720.75
ch1764057600,294973,1764057510,1764058140,6710.0,6725.5
cl1764069720,294973,1764069330,1764070080,6704.25,6721.75
ch1764071820,294973,1764071610,1764072000,6700.0,6717.0
ch1764072240,294973,1764072090,1764072420,6706.25,6724.75
cl1764077820,294973,1764077610,1764078120,6712.0,6733.5
ch1764082500,294973,1764082290,1764082620,6671.0,6714.5
ch1764085320,294973,1764084510,1764085440,6689.0,6732.5
ch1764090000,294973,1764089550,1764090240,6733.75,6758.25
cl1764097920,294973,1764096870,1764098160,6760.5,6783.5
ch1764102240,294973,1764101550,1764102660,6763.75,6782.75
ch1764102900,294973,1764102630,1764103080,6763.75,6789.25
ch1764103200,294973,1764102810,1764103620,6771.25,6790.25
cl1764121680,294973,1764121530,1764122400,6790.0,6805.0
cl1764122100,294973,1764121530,1764122400,6790.0,6805.0
cl1764125340,294973,1764125250,1764125580,6791.0,6804.5
ch1764144900,294973,1764144630,1764145260,6793.0,6813.0
cl1764148860,294973,1764148650,1764149100,6788.5,6807.0
ch1764152280,294973,1764151770,1764153060,6791.75,6807.75
ch1764156300,294973,1764156150,1764156780,6795.5,6810.0
cl1764156780,294973,1764156690,1764157080,6793.75,6810.75
cl1764159000,294973,1764158850,1764159360,6782.5,6804.0
ch1764161700,294973,1764161130,1764162420,6783.0,6802.5
ch1764161880,294973,1764161130,1764162420,6783.0,6802.5
cl1764164040,294973,1764163770,1764164220,6791.5,6810.0
ch1764166620,294973,1764166230,1764166980,6787.75,6809.25
ch1764168660,294973,1764168270,1764168840,6805.0,6829.0
ch1764183000,294973,1764182850,1764183420,6819.5,6842.0
cl1764207480,294973,1764206970,1764208200,6823.0,6836.5
ch1764208800,294973,1764208650,1764209460,6825.5,6838.5
cl1764211200,294973,1764211050,1764211320,6825.25,6838.25
cl1764214260,294973,1764214110,1764214500,6821.5,6833.5
cl1764217140,294973,1764216390,1764217440,6822.25,6834.25
ch1764227640,294973,1764227370,1764227760,6819.5,6832.5
ch1764229740,294973,1764229590,1764230520,6821.25,6835.25
ch1764230340,294973,1764229590,1764230520,6821.25,6835.25
ch1764231540,294973,1764231330,1764231720,6822.0,6837.0
cl1764233340,294973,1764233010,1764233880,6823.25,6837.75
ch1764235920,294973,1764235530,1764236100,6820.0,6835.5
cl1764241560,294973,1764241410,1764241800,6822.25,6835.75
ch1764243960,294973,1764243690,1764244320,6821.0,6834.5
ch1764248100,294973,1764247710,1764248460,6821.0,6833.5
cl1764259620,294973,1764259350,1764260280,6820.0,6832.5
ch1764260520,294973,1764260130,1764260700,6819.75,6832.75
cl1764297840,294973,1764297090,1764336660,6829.75,6842.75
cl1764338160,294973,1764337710,1764338340,6833.0,6850.0
cl1764339840,294973,1764339570,1764340020,6828.75,6843.75
ch1764343200,294973,1764342870,1764343680,6830.0,6855.0
cl1764347220,294973,1764347130,1764347580,6837.5,6860.0
ch1764349800,294973,1764348150,1764350460,6838.25,6861.75
cl1764351000,294973,1764350490,1764351540,6842.25,6861.75
ch1764552120,294973,1764551730,1764553200,6813.75,6834.25
ch1764553500,294973,1764553170,1764553740,6812.75,6834.25
cl1764554760,294973,1764554010,1764555240,6818.0,6837.0
ch1764556560,294973,1764555990,1764556740,6811.0,6830.0
cl1764558840,294973,1764558570,1764559020,6808.25,6826.25
cl1764561360,294973,1764561030,1764561900,6808.5,6823.0
ch1764564060,294973,1764563850,1764564840,6804.75,6818.75
cl1764565200,294973,1764564870,1764565380,6801.75,6818.75
cl1764570720,294973,1764570630,1764571320,6805.0,6820.0
cl1764573180,294973,1764573030,1764573480,6805.0,6822.5
ch1764574140,294973,1764573990,1764574440,6805.0,6822.5
ch1764575280,294973,1764575070,1764575640,6806.5,6822.5
ch1764576120,294973,1764575850,1764576360,6806.0,6822.5
cl1764576300,294973,1764576150,1764576420,6807.25,6825.75
cl1764577680,294973,1764577470,1764578040,6817.5,6836.0
cl1764578040,294973,1764577470,1764578700,6816.75,6836.75
cl1764582480,294973,1764581850,1764582600,6811.75,6832.25
cl1764585660,294973,1764585510,1764586080,6815.5,6831.0
cl1764586800,294973,1764586410,1764587040,6814.0,6831.0
cl1764590880,294973,1764590610,1764591060,6809.25,6831.25
cl1764591120,294973,1764591030,1764591300,6805.25,6824.25
ch1764595200,294973,1764594450,1764595560,6804.0,6822.0
ch1764597660,294973,1764597390,1764598200,6803.75,6823.25
cl1764602700,294973,1764602430,1764603000,6816.0,6845.0
ch1764615000,294973,1764613830,1764615120,6844.5,6860.5
cl1764615960,294973,1764615870,1764616200,6839.0,6857.0
cl1764618360,294973,1764618030,1764618600,6822.0,6844.5
ch1764621540,294973,1764621270,1764621840,6820.75,6840.75
cl1764637320,294973,1764636570,1764637620,6820.0,6833.5
cl1764656520,294973,1764656310,1764656640,6810.0,6824.0
ch1764658860,294973,1764658770,1764659760,6813.25,6828.75
ch1764660600,294973,1764660090,1764660780,6816.5,6830.0
ch1764667560,294973,1764667410,1764667980,6825.0,6842.0
cl1764668100,294973,1764667830,1764668700,6825.75,6843.75
ch1764682860,294973,1764682710,1764683340,6835.5,6853.0
cl1764688260,294973,1764688170,1764688680,6843.0,6868.5
cl1764696960,294973,1764696750,1764697260,6839.75,6862.25
cl1764700620,294973,1764700290,1764700860,6822.25,6850.75
ch1764703860,294973,1764703710,1764704100,6825.5,6848.0
ch1764723720,294973,1764723390,1764725580,6839.25,6855.75
cl1764726840,294973,1764726690,1764727020,6843.75,6857.75
cl1764729180,294973,1764729030,1764729480,6845.75,6859.25
cl1764731100,294973,1764730950,1764731520,6844.75,6858.75
ch1764733140,294973,1764732570,1764733440,6848.25,6861.75
cl1764743700,294973,1764743490,1764743880,6844.25,6858.25
cl1764745020,294973,1764744630,1764745440,6846.75,6860.75
ch1764749040,294973,1764748590,1764749580,6846.5,6860.0
cl1764750300,294973,1764750090,1764750420,6842.75,6859.25
cl1764754200,294973,1764753330,1764754620,6842.0,6857.5
ch1764756540,294973,1764755850,1764756660,6844.0,6859.0
cl1764758100,294973,1764757830,1764758220,6846.25,6860.25
ch1764759720,294973,1764759090,1764759960,6841.0,6855.0
ch1764778800,294973,1764778530,1764779460,6831.5,6857.0
cl1764780600,294973,1764780450,1764780840,6844.5,6867.5
ch1764782580,294973,1764782310,1764783000,6840.5,6866.0
ch1764783900,294973,1764782370,1764784080,6844.0,6866.5
ch1764792600,294973,1764792390,1764792720,6863.0,6878.0
ch1764810660,294973,1764810570,1764812580,6855.0,6870.0
ch1764815280,294973,1764815010,1764815520,6853.0,6866.5
cl1764818700,294973,1764818430,1764819060,6854.0,6867.0
ch1764824100,294973,1764823770,1764825180,6856.0,6868.5
ch1764839040,294973,1764838830,1764839760,6849.25,6867.75
cl1764846000,294973,1764845790,1764846300,6856.5,6871.0
ch1764848160,294973,1764847770,1764848460,6853.5,6869.5
cl1764853320,294973,1764853170,1764853560,6861.0,6875.5
cl1764853560,294973,1764853170,1764853980,6860.75,6875.75
ch1764870900,294973,1764870210,1764871620,6852.5,6873.0
ch1764881640,294973,1764881370,1764881820,6840.0,6868.0
cl1764908160,294973,1764908070,1764908280,6873.75,6886.75
cl1764912960,294973,1764912870,1764913200,6874.25,6885.75
ch1764915120,294973,1764914850,1764915480,6876.25,6888.75
ch1764915480,294973,1764914850,1764915660,6876.0,6889.0
cl1764915960,294973,1764915570,1764916260,6876.0,6889.0
cl1764918960,294973,1764918510,1764919560,6875.25,6888.75
ch1764928200,294973,1764927810,1764928560,6871.0,6883.5
ch1764931200,294973,1764931110,1764932100,6873.25,6885.75
ch1764931320,294973,1764931110,1764932100,6873.25,6885.75
cl1764933360,294973,1764932970,1764933660,6872.25,6885.25
cl1764937380,294973,1764937290,1764937620,6871.0,6886.0
ch1764942900,294973,1764942810,1764943200,6852.0,6870.5
ch1764944400,294973,1764944070,1764944700,6861.5,6878.0
cl1764949260,294973,1764949050,1764949440,6892.5,6913.0
cl1764963120,294973,1764962130,1764963780,6872.25,6894.75
ch1765160280,294973,1765160130,1765160700,6878.0,6891.0
ch1765160700,294973,1765160250,1765161420,6878.0,6891.5
ch1765164360,294973,1765164210,1765164900,6882.0,6894.5
ch1765164960,294973,1765164690,1765165440,6882.5,6895.0
cl1765165680,294973,1765165290,1765166340,6882.5,6895.5
cl1765181580,294973,1765180830,1765181880,6882.25,6897.75
cl1765188300,294973,1765188090,1765188720,6877.25,6891.25
ch1765188720,294973,1765188570,1765189140,6877.0,6890.5
ch1765202400,294973,1765201470,1765202580,6879.5,6894.5
cl1765208640,294973,1765208370,1765209120,6854.75,6877.75
cl1765209120,294973,1765208430,1765209300,6853.75,6876.75
ch1765216800,294973,1765216590,1765217040,6846.0,6868.5
ch1765223640,294973,1765223250,1765223880,6833.0,6853.0
cl1765242300,294973,1765242210,1765242660,6858.0,6874.0
cl1765249740,294973,1765249590,1765251240,6856.25,6869.75
cl1765250880,294973,1765250370,1765251240,6856.25,6868.75
cl1765253700,294973,1765252650,1765254180,6856.5,6870.0
ch1765259160,294973,1765259070,1765259400,6852.5,6865.5
ch1765265700,294973,1765264770,1765265940,6855.0,6868.5
cl1765272000,294973,1765271790,1765272300,6854.0,6869.5
ch1765272720,294973,1765272510,1765273140,6852.25,6866.75
cl1765274280,294973,1765274070,1765275120,6851.5,6865.5
cl1765286160,294973,1765286010,1765286400,6851.0,6866.5
cl1765293720,294973,1765292670,1765294020,6852.75,6876.25
cl1765297740,294973,1765297290,1765298100,6861.5,6881.0
cl1765300320,294973,1765299990,1765300500,6862.75,6880.75
cl1765305720,294973,1765305330,1765305900,6850.5,6867.5
cl1765306920,294973,1765306650,1765307220,6852.25,6870.75
ch1765310100,294973,1765309650,1765310880,6843.0,6862.0
ch1765331220,294973,1765330530,1765331760,6837.75,6850.25
cl1765334700,294973,1765334250,1765335180,6841.25,6853.75
cl1765340580,294973,1765340010,1765341060,6843.25,6855.75
ch1765344420,294973,1765344330,1765344840,6840.75,6853.25
cl1765345080,294973,1765344930,1765345620,6842.25,6854.75
ch1765354080,294973,1765353990,1765354200,6848.75,6863.75
ch1765354680,294973,1765354470,1765355040,6849.75,6863.75
ch1765363860,294973,1765362870,1765364160,6832.25,6848.25
ch1765365420,294973,1765364670,1765367100,6832.5,6851.5
cl1765367100,294973,1765366530,1765367580,6837.5,6853.5
ch1765367580,294973,1765367430,1765368240,6836.25,6851.25
cl1765369380,294973,1765368570,1765369980,6834.25,6849.25
ch1765369920,294973,1765369590,1765370400,6833.75,6848.25
ch1765372920,294973,1765372830,1765373100,6841.5,6859.0
cl1765373580,294973,1765373430,1765374540,6843.25,6862.25
cl1765376340,294973,1765376190,1765376640,6835.0,6851.5
ch1765377000,294973,1765376490,1765377180,6832.5,6850.5
cl1765381200,294973,1765380930,1765381440,6829.25,6852.75
ch1765393800,294973,1765393530,1765394640,6835.25,6880.25
ch1765396680,294973,1765396290,1765396800,6852.5,6903.5
ch1765397040,294973,1765396410,1765397280,6866.5,6907.5
ch1765397580,294973,1765396410,1765398000,6864.75,6909.25
cl1765400340,294973,1765399950,1765400700,6884.5,6909.5
cl1765427040,294973,1765426830,1765427760,6829.0,6848.5
cl1765427760,294973,1765426890,1765428060,6828.5,6847.5
cl1765430520,294973,1765430370,1765430880,6826.75,6842.25
ch1765436280,294973,1765436070,1765436580,6827.0,6843.0
ch1765444260,294973,1765443630,1765444440,6830.75,6850.75
cl1765449420,294973,1765449030,1765450860,6846.5,6862.0
ch1765453620,294973,1765453530,1765453740,6848.5,6865.5
ch1765454400,294973,1765453830,1765454640,6852.25,6869.25
ch1765455960,294973,1765455630,1765456260,6861.5,6879.5
ch1765459020,294973,1765458690,1765459740,6861.0,6877.5
cl1765467420,294973,1765466910,1765467840,6866.5,6898.0
ch1765471380,294973,1765471230,1765471560,6863.75,6889.25
ch1765473900,294973,1765473750,1765474800,6877.5,6901.0
cl1765484340,294973,1765483530,1765484760,6897.75,6914.75
ch1765505460,294973,1765505250,1765506480,6897.5,6916.0
ch1765507020,294973,1765506570,1765507140,6901.25,6915.75
ch1765507500,294973,1765506930,1765507620,6902.75,6916.75
ch1765508460,294973,1765507950,1765509180,6901.5,6915.5
cl1765512540,294973,1765511970,1765512720,6900.0,6913.0
cl1765515300,294973,1765515210,1765515900,6898.75,6911.25
ch1765517520,294973,1765517370,1765517760,6899.0,6914.5
ch1765518180,294973,1765517970,1765518960,6903.5,6917.0
ch1765518960,294973,1765518810,1765519560,6905.25,6917.75
cl1765529220,294973,1765529130,1765529400,6901.75,6917.25
cl1765530660,294973,1765530510,1765530900,6895.25,6911.75
cl1765535880,294973,1765535730,1765536240,6887.25,6902.25
ch1765536480,294973,1765536150,1765536660,6886.25,6902.75
cl1765540140,294973,1765539990,1765540980,6885.25,6901.25
cl1765549080,294973,1765548570,1765549500,6896.75,6912.75
cl1765550700,294973,1765550430,1765550880,6886.5,6916.5
cl1765555920,294973,1765555350,1765556460,6810.25,6848.25
cl1765556460,294973,1765556250,1765557420,6805.25,6843.25
ch1765558860,294973,1765558590,1765558980,6795.75,6832.75
ch1765563420,294973,1765563090,1765563780,6822.25,6861.75
cl1765567140,294973,1765566390,1765567260,6824.0,6847.0
cl1765567440,294973,1765566750,1765568520,6821.0,6845.0
ch1765764240,42140878,1765763850,1765764420,6899.5,6913.5
ch1765773900,42140878,1765773450,1765774260,6898.75,6912.75
cl1765775760,42140878,1765775670,1765776000,6903.0,6915.5
cl1765782720,42140878,1765782390,1765783020,6900.75,6917.25
ch1765782960,42140878,1765782810,1765783260,6898.25,6913.75
ch1765789560,42140878,1765789350,1765789920,6904.25,6920.75
cl1765790580,42140878,1765790130,1765790760,6910.0,6927.5
ch1765792020,42140878,1765790670,1765792200,6909.5,6926.0
cl1765796760,42140878,1765796670,1765797000,6917.75,6930.25
cl1765803720,42140878,1765802970,1765804800,6917.5,6932.0
ch1765805460,42140878,1765805250,1765806180,6915.0,6930.0
ch1765807260,42140878,1765807110,1765807800,6919.5,6934.5
cl1765809060,42140878,1765808970,1765809180,6918.75,6942.75
cl1765811580,42140878,1765811190,1765811700,6878.5,6910.5
cl1765812000,42140878,1765811670,1765812240,6870.75,6900.25
cl1765818960,42140878,1765818630,1765819980,6868.25,6895.25
ch1765825620,42140878,1765824870,1765826100,6867.25,6892.25
cl1765827960,42140878,1765825770,1765828560,6870.75,6892.75
cl1765852560,42140878,1765852170,1765852740,6840.0,6862.0
cl1765854660,42140878,1765854570,1765855260,6838.0,6855.5
cl1765856040,42140878,1765855950,1765856160,6834.0,6851.0
cl1765866660,42140878,1765866510,1765866900,6833.75,6848.75
ch1765869720,42140878,1765869330,1765869840,6834.25,6849.25
ch1765871760,42140878,1765871670,1765872000,6827.75,6849.25
ch1765873200,42140878,1765872510,1765873440,6839.25,6855.75
ch1765873680,42140878,1765873410,1765874580,6838.75,6858.75
ch1765874880,42140878,1765874610,1765875960,6845.25,6862.75
cl1765878000,42140878,1765877670,1765878120,6850.25,6869.75
ch1765880760,42140878,1765880490,1765881420,6850.0,6867.5
cl1765890000,42140878,1765889190,1765890120,6869.0,6886.0
ch1765889460,42140878,1765889370,1765889940,6867.75,6883.75
cl1765892340,42140878,1765892250,1765892640,6867.0,6894.5
cl1765893180,42140878,1765892850,1765893660,6859.75,6891.25
ch1765897200,42140878,1765896510,1765897440,6849.5,6885.5
ch1765906560,42140878,1765906170,1765906740,6827.25,6856.25
ch1765910880,42140878,1765910610,1765911000,6831.75,6856.75
ch1765918500,42140878,1765918170,1765918800,6852.75,6876.75
ch1765935960,42140878,1765935690,1765936500,6840.5,6858.5
ch1765940880,42140878,1765940250,1765941300,6845.75,6861.25
cl1765942260,42140878,1765942170,1765942620,6849.25,6863.75
ch1765952220,42140878,1765952010,1765952580,6851.0,6868.5
ch1765953900,42140878,1765953630,1765954620,6853.75,6868.25
ch1765963200,42140878,1765962870,1765963680,6856.25,6876.75
cl1765963620,42140878,1765963470,1765963920,6861.5,6881.5
ch1765965120,42140878,1765964790,1765966140,6866.75,6882.75
ch1765968780,42140878,1765968150,1765969800,6869.75,6887.25
ch1765971240,42140878,1765970430,1765971480,6869.25,6885.25
cl1765976940,42140878,1765976130,1765977240,6873.25,6887.75
ch1765983960,42140878,1765983330,1765984200,6831.75,6867.25
cl1765985940,42140878,1765985670,1765986060,6827.5,6861.0
cl1765988100,42140878,1765987890,1765988580,6793.5,6829.0
cl1765993200,42140878,1765992810,1765993440,6795.25,6833.25
cl1766002020,42140878,1766001630,1766002680,6782.25,6802.75
ch1766023920,42140878,1766023830,1766024280,6775.5,6798.5
ch1766024280,42140878,1766024130,1766024700,6778.0,6800.0
ch1766031540,42140878,1766031270,1766031660,6770.5,6788.5
ch1766031720,42140878,1766031330,1766032380,6772.25,6789.75
ch1766036580,42140878,1766036430,1766036820,6778.75,6792.75
cl1766038620,42140878,1766038170,1766039100,6779.25,6793.75
ch1766050500,42140878,1766050170,1766050740,6790.75,6807.25
cl1766058300,42140878,1766058150,1766058540,6802.0,6819.0
cl1766063220,42140878,1766063130,1766063400,6796.0,6814.5
ch1766065500,42140878,1766065170,1766065620,6813.5,6841.5
cl1766068560,42140878,1766068350,1766068680,6830.75,6862.25
cl1766076480,42140878,1766076210,1766076600,6857.5,6880.5
cl1766078220,42140878,1766078010,1766078580,6810.0,6842.0
cl1766086620,42140878,1766085690,1766086800,6821.25,6850.25
cl1766086800,42140878,1766086170,1766087100,6820.25,6849.25
ch1766106600,42140878,1766106210,1766106900,6816.0,6831.5
cl1766121360,42140878,1766121150,1766122500,6823.5,6838.0
ch1766122380,42140878,1766122110,1766122680,6821.5,6836.5
cl1766124780,42140878,1766124630,1766125620,6821.0,6836.0
ch1766131380,42140878,1766131290,1766131620,6833.75,6849.75
cl1766141760,42140878,1766141610,1766142000,6840.75,6856.75
cl1766144220,42140878,1766144130,1766145480,6837.5,6856.5
ch1766156040,42140878,1766155410,1766156280,6854.25,6884.25
cl1766157720,42140878,1766156550,1766157900,6867.5,6895.0
ch1766164860,42140878,1766164470,1766165040,6872.75,6895.75
cl1766169180,42140878,1766168550,1766169420,6882.75,6900.75
ch1766173500,42140878,1766173230,1766174400,6882.75,6897.75
ch1766366700,42140878,1766365410,1766366880,6897.75,6912.75
cl1766369160,42140878,1766368950,1766369580,6900.5,6913.5
cl1766384580,42140878,1766384490,1766384700,6898.25,6909.75
ch1766385480,42140878,1766385030,1766385660,6897.25,6910.75
ch1766395020,42140878,1766394630,1766395200,6902.0,6915.5
ch1766399280,42140878,1766399070,1766399520,6905.0,6917.5
ch1766402700,42140878,1766402310,1766403180,6905.25,6918.75
ch1766405100,42140878,1766404770,1766405760,6903.75,6918.25
ch1766408820,42140878,1766408370,1766409660,6907.5,6922.0
cl1766410620,42140878,1766410530,1766410800,6909.75,6924.25
cl1766414520,42140878,1766414130,1766415180,6906.75,6928.25
cl1766417820,42140878,1766417670,1766418240,6903.5,6930.5
ch1766428920,42140878,1766427930,1766429400,6918.25,6936.25
cl1766433360,42140878,1766432370,1766434740,6923.75,6938.25
ch1766434860,42140878,1766434470,1766435700,6921.75,6937.75
ch1766436900,42140878,1766436750,1766437080,6921.0,6937.0
ch1766456340,42140878,1766456010,1766456820,6927.75,6940.75
cl1766466240,42140878,1766465370,1766466420,6920.25,6933.25
cl1766465700,42140878,1766465490,1766466420,6920.25,6932.25
ch1766467440,42140878,1766467050,1766467620,6919.75,6931.75
ch1766473080,42140878,1766472690,1766473440,6917.75,6929.75
ch1766477760,42140878,1766477190,1766478180,6922.5,6936.0
cl1766479920,42140878,1766479530,1766480640,6923.5,6938.0
ch1766481840,42140878,1766481390,1766482020,6924.75,6938.25
cl1766484480,42140878,1766484150,1766484960,6929.75,6942.25
cl1766491440,42140878,1766491350,1766491620,6922.5,6936.5
cl1766496000,42140878,1766495850,1766496480,6919.5,6934.5
ch1766496600,42140878,1766496270,1766496720,6918.75,6933.75
cl1766499000,42140878,1766498730,1766500260,6908.75,6927.25
ch1766500920,42140878,1766500530,1766501040,6915.5,6943.0
ch1766501280,42140878,1766501010,1766501760,6924.0,6948.5
ch1766507280,42140878,1766506350,1766508060,6937.0,6954.0
ch1766517360,42140878,1766516490,1766517600,6949.75,6965.25
ch1766517600,42140878,1766516910,1766518020,6952.25,6965.75
ch1766519820,42140878,1766517330,1766520180,6951.75,6966.25
cl1766553060,42140878,1766552910,1766553720,6948.0,6959.5
cl1766553240,42140878,1766552910,1766553720,6948.0,6959.5
ch1766554380,42140878,1766554290,1766554800,6947.5,6959.5
cl1766555700,42140878,1766555310,1766556060,6949.0,6960.0
cl1766566920,42140878,1766566230,1766567340,6949.0,6961.0
cl1766569560,42140878,1766569230,1766570580,6951.0,6963.0
ch1766573880,42140878,1766573790,1766574060,6950.75,6962.75
ch1766578080,42140878,1766577630,1766578320,6950.0,6963.0
ch1766578500,42140878,1766578290,1766578620,6951.75,6964.25
ch1766580780,42140878,1766580150,1766580960,6952.25,6965.25
ch1766586720,42140878,1766586570,1766586900,6950.25,6967.75
ch1766589180,42140878,1766588850,1766589300,6958.5,6976.0
ch1766589300,42140878,1766588970,1766589900,6960.25,6977.25
ch1766592840,42140878,1766592690,1766593140,6969.5,6984.5
cl1766712420,42140878,1766712150,1766712600,6980.25,6993.75
cl1766719080,42140878,1766718930,1766719320,6977.75,6988.75
ch1766724240,42140878,1766722890,1766724660,6974.5,6986.5
cl1766725980,42140878,1766725890,1766726460,6975.75,6987.75
cl1766726280,42140878,1766725890,1766726460,6975.75,6987.75
ch1766731620,42140878,1766730930,1766732100,6973.5,6985.5
ch1766734260,42140878,1766734050,1766734380,6970.5,6983.0
cl1766742180,42140878,1766741790,1766742900,6972.5,6984.5
ch1766745540,42140878,1766745330,1766745780,6974.5,6986.5
cl1766748000,42140878,1766747250,1766748240,6974.25,6986.75
cl1766748900,42140878,1766748510,1766749200,6973.0,6985.5
ch1766756400,42140878,1766756310,1766756940,6977.0,6990.5
ch1766760060,42140878,1766759670,1766760240,6974.75,6997.75
ch1766762580,42140878,1766762190,1766762940,6959.5,6989.0
ch1766976120,42140878,1766975070,1766976420,6968.0,6980.5
ch1766977800,42140878,1766977410,1766978100,6969.0,6981.5
ch1766988660,42140878,1766988510,1766988780,6965.0,6979.0
cl1766998020,42140878,1766997870,1766998140,6954.25,6972.25
cl1766998320,42140878,1766997870,1766998440,6953.75,6972.75
cl1767001020,42140878,1767000690,1767001500,6956.5,6971.0
cl1767006000,42140878,1767005670,1767006360,6956.25,6970.75
cl1767006660,42140878,1767006450,1767007020,6956.75,6969.25
cl1767013260,42140878,1767013170,1767013380,6952.5,6967.0
cl1767015240,42140878,1767014910,1767015480,6952.5,6967.5
cl1767020400,42140878,1767019470,1767020760,6943.5,6977.0
ch1767025980,42140878,1767025650,1767026160,6936.0,6955.5
ch1767027060,42140878,1767026490,1767027180,6932.25,6952.75
cl1767033720,42140878,1767033450,1767033900,6945.0,6963.5
ch1767058740,42140878,1767058470,1767059100,6944.25,6957.25
ch1767060000,42140878,1767059910,1767060840,6945.25,6958.75
cl1767066420,42140878,1767066270,1767066660,6949.25,6962.25
cl1767067260,42140878,1767066630,1767067620,6948.25,6960.75
cl1767074460,42140878,1767074250,1767074640,6949.75,6961.25
ch1767081000,42140878,1767080250,1767081120,6938.25,6951.25
ch1767081120,42140878,1767080550,1767081300,6939.0,6951.5
ch1767081900,42140878,1767081750,1767082020,6942.25,6955.75
ch1767084780,42140878,1767084330,1767085380,6947.25,6960.75
ch1767086580,42140878,1767086430,1767087000,6949.25,6961.75
cl1767088920,42140878,1767088830,1767089700,6948.5,6963.0
cl1767092280,42140878,1767091830,1767092760,6946.0,6960.5
cl1767093960,42140878,1767093870,1767094620,6942.0,6954.0
cl1767098940,42140878,1767098730,1767099180,6947.0,6960.5
cl1767099480,42140878,1767099030,1767099780,6945.75,6959.75
ch1767100380,42140878,1767100050,1767100680,6945.0,6959.5
ch1767100800,42140878,1767100590,1767101400,6946.25,6960.75
ch1767102360,42140878,1767101970,1767102660,6940.5,6957.0
cl1767106860,42140878,1767106650,1767106980,6948.75,6969.75
cl1767114240,42140878,1767113790,1767114840,6940.5,6958.0
cl1767116760,42140878,1767116550,1767117120,6941.75,6960.75
cl1767125520,42140878,1767125430,1767125700,6939.75,6956.25
ch1767143820,42140878,1767143130,1767145140,6923.0,6940.5
cl1767146760,42140878,1767146670,1767147480,6927.5,6941.0
ch1767149220,42140878,1767148650,1767149400,6929.0,6942.5
ch1767149760,42140878,1767149490,1767150180,6927.5,6943.0
cl1767156420,42140878,1767156270,1767156660,6929.25,6941.75
ch1767159060,42140878,1767158910,1767159420,6929.0,6941.0
cl1767159600,42140878,1767159510,1767159960,6927.5,6941.5
cl1767160920,42140878,1767160710,1767161220,6924.0,6937.0
ch1767166860,42140878,1767166470,1767167340,6924.25,6937.75
cl1767177540,42140878,1767177090,1767178980,6920.5,6933.5
ch1767178560,42140878,1767178170,1767178800,6919.5,6932.0
cl1767181980,42140878,1767181830,1767182340,6924.5,6936.5
ch1767183720,42140878,1767183570,1767183900,6927.25,6940.25
ch1767206100,42140878,1767205590,1767206400,6917.5,6933.0
ch1767213120,42140878,1767213030,1767213300,6891.25,6911.75
cl1767213600,42140878,1767213450,1767214080,6897.5,6919.0
