year,part,curve,bin,pivot-all,resolved-all,invalidated-all,pivot-resolved,spread_inv_piv
2024,night,att_cancel,-1.0,0.061457128780312426,-0.05003923747636842,0.016131163870079214,0.11204822698730842,0.9822321891765763
2024,night,att_cancel,-0.95,0.028054090895123795,-0.04179294758725748,0.03312558468064256,0.06969955251752663,0.9935213167033337
2024,night,att_cancel,-0.9,0.0888445574718136,-0.05986340266307598,0.029136494066049092,0.14788322359731987,0.9343522180504683
2024,night,att_cancel,-0.85,0.04371391242075518,0.025967414634870144,-0.020110343265372147,0.01733700759860938,0.9756256746307657
2024,night,att_cancel,-0.8,0.06452475216489141,-0.004950970914299428,-0.002255239884539379,0.06972660242603552,1.0096500017332652
2024,night,att_cancel,-0.75,0.0704991954996208,-0.04695429315132883,0.007130758600866016,0.11880075281666791,0.9991798922376082
2024,night,att_cancel,-0.7,0.0283660831153918,-0.022941343296293177,0.011259762416227328,0.051260057335955796,0.9865655204768948
2024,night,att_cancel,-0.65,0.0216261950123342,0.019393601097744854,-0.011779611904104894,0.002938725165510264,0.9541586486569997
2024,night,att_cancel,-0.6,-0.011036203095112175,0.022550448008939402,-0.01848722579597253,-0.03227698199376916,0.8827790683517958
2024,night,att_cancel,-0.55,-0.008297202257338928,0.07781539290105266,-0.027723679128773757,-0.08278216405419433,0.9069152899610888
2024,night,att_cancel,-0.5,0.041130082550825176,0.019673543391191532,-0.02332458286567311,0.0210901890662043,0.9601839572456179
2024,night,att_cancel,-0.45,-0.02718014105003248,0.030064630374047507,-0.019698134311821797,-0.056963768754231876,0.9781026480412534
2024,night,att_cancel,-0.4,-0.005146718253856132,-0.02145994542006836,0.01787322235314547,0.016445079285608948,1.027520142918823
2024,night,att_cancel,-0.35,-0.02690787461131849,-0.0188514979994175,0.023451574803498243,-0.008339651610341831,0.9358003089237756
2024,night,att_cancel,-0.3,-0.016907951923822044,-0.046042264894546846,0.018761523634043167,0.02701877342772074,0.8396703018951783
2024,night,att_cancel,-0.25,-0.058030796125666397,-0.004864404377627975,0.006924867720336734,-0.0534154419002563,0.9004454139575534
2024,night,att_cancel,-0.2,-0.08312676226474303,0.0021066080497697203,0.012293688661338455,-0.08436699150688512,0.9190948195263503
2024,night,att_cancel,-0.15,-0.06927641025003371,0.01945003166436402,0.00048748858514014695,-0.08933680179422279,1.0594748579057989
2024,night,att_cancel,-0.1,-0.07602273799726658,0.002010528657441343,0.006973614119451244,-0.0782316157534495,1.035383028892565
2024,night,att_cancel,-0.05,-0.20052125033795956,0.052261511192789586,-0.020470849162001595,-0.25579760511158434,0.9641804398397477
2024,night,att_cancel,0.0,0.33317176261177567,0.03511243857369171,-0.05965533705267307,0.2967745217459579,0.8388610139514411
2024,night,att_cancel,0.05,0.3587885027197102,0.035591884072568754,-0.049273069007449585,0.3210006742014601,0.914499997970211
2024,night,att_cancel,0.1,0.29438409680759525,0.08365671467617415,-0.060090286667170395,0.21290642727980752,0.8818324464276256
2024,night,att_cancel,0.15,0.23328181741077825,0.0654431312181912,-0.06344119529707658,0.1666113217722527,0.9715897304114709
2024,night,att_cancel,0.2,0.1498847405068621,0.07495329242657744,-0.0843663627234046,0.07113814847295383,0.977619560724331
2024,night,att_cancel,0.25,0.09205384431276233,0.08738539100282307,-0.08432542560786449,0.006086913178734406,0.8771755567533407
2024,night,att_cancel,0.3,0.13551297849768668,0.09829865818775513,-0.07035314422133938,0.034722569453754584,0.9512676817452014
2024,night,att_cancel,0.35,0.09458897121087176,0.09174698756687513,-0.07849849389959448,0.0013789317096887486,0.9357713844717485
2024,night,att_cancel,0.4,0.12420060164216566,0.10824316824343826,-0.10531379218500826,0.015515766411852927,0.8982505363676783
2024,night,att_cancel,0.45,0.17219395033030072,0.16083493732453077,-0.11895838068479067,0.012960250248194666,0.8518718218886083
2024,night,att_cancel,0.5,0.23706745982095231,0.20474204397296353,-0.13894828389967198,0.03277980887059777,0.8884331001455701
2024,night,att_cancel,0.55,0.24347007265104692,0.17954506763479094,-0.14766446297181376,0.06635330281705323,0.8450613578783236
2024,night,att_cancel,0.6,0.2612439879801682,0.23245925310774979,-0.19688547076546806,0.025670132457673255,0.825899957177121
2024,night,att_cancel,0.65,0.2829767539089895,0.3064321837316235,-0.1998634244532503,-0.021512158775841245,0.8435848179148252
2024,night,att_cancel,0.7,0.3313109336713875,0.36936955413869593,-0.2616521603888199,-0.031624660788131635,0.8516041594262266
2024,night,att_cancel,0.75,0.3524824770816258,0.43471534920882837,-0.3206306189490431,-0.06866547734070157,0.7841254550915605
2024,night,att_cancel,0.8,0.4898615940656919,0.5409474595917378,-0.3668441446877754,-0.05639109413950675,0.8267958555827919
2024,night,att_cancel,0.85,0.5105022143054317,0.562311772194008,-0.4120216274396635,-0.03902469341742155,0.8372575663183562
2024,night,att_cancel,0.9,0.5174757930835804,0.6026344249195924,-0.4107723480743249,-0.0990654021939069,0.877517600094978
2024,night,att_cancel,0.95,0.5046229063891033,0.5772276445857716,-0.3531318703006997,-0.07753766767553871,0.8284775525579876
2024,night,att_eff,-1.0,-0.2205637504833836,0.09832063730887605,-0.03532648119830137,-0.32042197443094184,1.128118923539929
2024,night,att_eff,-0.95,-0.23275487955532317,0.08818010428440363,-0.011040356935621639,-0.32629673691589806,1.1808679620404015
2024,night,att_eff,-0.9,-0.2827257840748528,0.07866179576618823,-0.026447769330422796,-0.3652187586535721,1.2144132899161566
2024,night,att_eff,-0.85,-0.26252018657689696,0.06282473575541168,-0.019114054285408567,-0.32201291088281986,1.3187666720874525
2024,night,att_eff,-0.8,-0.22204088706592154,0.08926654802662252,-0.03529447004263276,-0.31383387611746955,1.3709131540117965
2024,night,att_eff,-0.75,-0.27957244202933723,0.11809365354531512,-0.04877246971609347,-0.39256703497280865,1.2359411446341202
2024,night,att_eff,-0.7,-0.2708857734639769,0.04933595128789133,-0.023927606494768362,-0.3202164033757207,1.404011659246477
2024,night,att_eff,-0.65,-0.12132807164384113,0.07013212472081876,-0.02175163257763138,-0.2001298689864798,1.3325392214574374
2024,night,att_eff,-0.6,-0.15301776280456428,0.06130478344318628,-0.02351216790174895,-0.2160312669814973,1.2779638653188408
2024,night,att_eff,-0.55,-0.18621859694823803,0.062346978172599814,-0.020186591978386185,-0.24996616143599912,1.2377383549077403
2024,night,att_eff,-0.5,-0.21744165404564264,0.05968537955763424,-0.016238670188163933,-0.276626027166225,1.2427224160669648
2024,night,att_eff,-0.45,-0.14779785126096223,0.04581697440494316,-0.01874471492865387,-0.19450167269197782,1.246000501172616
2024,night,att_eff,-0.4,-0.16648825791800043,0.05865599248999314,-0.02893735377759435,-0.22555512244450215,1.3826725917796774
2024,night,att_eff,-0.35,-0.14808309863455055,0.05880932424930805,-0.020008533056314014,-0.20653477224297584,1.2929072108742092
2024,night,att_eff,-0.3,-0.17136107263128683,0.10908029108298593,-0.06643330050909452,-0.29152970109371185,1.3098541613142591
2024,night,att_eff,-0.25,-0.14291689874073069,0.035687176151194815,-0.004296049732220127,-0.1810680975165237,1.3253320797836194
2024,night,att_eff,-0.2,-0.12266632583679957,0.032286738681124895,-0.00822661250851035,-0.15250436580538576,1.2667679738208548
2024,night,att_eff,-0.15,-0.17991892196912002,0.08234354807165377,-0.016116515429491038,-0.26601825573020105,1.288011877765034
2024,night,att_eff,-0.1,-0.21414102001737373,0.07671951984452934,-0.04733802514956557,-0.29415065057660905,1.3536374420124728
2024,night,att_eff,-0.05,-0.26475324439622805,0.06060470881044145,-0.03258609461542326,-0.32193211631293583,1.2809095555094352
2024,night,att_eff,0.0,-0.6058451863938246,-0.003556966883369292,0.06909866233517152,-0.57872369954048,1.4704212057681318
2024,night,att_eff,0.05,-0.2466034342693164,-0.030936115554710358,0.0706057935309078,-0.19235949385561135,1.397671730937198
2024,night,att_eff,0.1,-0.2824193679297204,-0.04168205901597302,0.0,-0.2121177711423588,1.1895567710991881
2024,night,att_eff,0.15,-0.19598219470636602,-0.08132593654777162,0.0685561205084685,-0.097757764601804,1.0070485357168688
2024,night,att_eff,0.2,-0.12769212655371512,-0.1192066571106048,0.06777047720998775,0.010336486116356503,1.0691556113764324
2024,night,att_eff,0.25,-0.08106583157360031,-0.11640824554559617,0.0908688632709036,0.04664003158820159,0.9551255622343368
2024,night,att_eff,0.3,-0.08133554155581948,-0.1288103332760262,0.093783522787469,0.0614988836361156,1.0214426119043751
2024,night,att_eff,0.35,-0.12258326727398888,-0.06974804762805596,0.06879141129335602,-0.03736168106688801,1.021778460784773
2024,night,att_eff,0.4,-0.08643991235984609,-0.15164084894340463,0.07462695979327574,0.08461385878838065,1.0025902433883696
2024,night,att_eff,0.45,-0.1651136801828469,-0.23171160816398625,0.03429497854115718,0.09513816789028089,0.9734871189187984
2024,night,att_eff,0.5,-0.2307756538525324,-0.2881402352839922,0.019440161996267153,0.0978561620707171,0.9041021271164309
2024,night,att_eff,0.55,-0.23450383161937444,-0.23823141115298396,0.0,0.045273298715411255,0.934270945314715
2024,night,att_eff,0.6,-0.2869575959317547,-0.26975744593710027,0.0,0.028875459931115482,0.8721484570650911
2024,night,att_eff,0.65,-0.30168736453519807,-0.4268170209480801,0.07313207652900648,0.16665286088160444,0.8430284766856697
2024,night,att_eff,0.7,-0.2659291274463997,-0.4272360526869313,0.09934076023907827,0.2111734790843669,0.8911356364648795
2024,night,att_eff,0.75,-0.3365516900022758,-0.47784337701734586,0.21339884427754177,0.20114566303716747,0.8017879995292008
2024,night,att_eff,0.8,-0.4467441620473082,-0.6167251059626742,0.26611823610833996,0.25980444062021685,0.7978608726274478
2024,night,att_eff,0.85,-0.44601029671028697,-0.6286504836644725,0.36577285507681206,0.27792019465172185,0.7223611398574833
2024,night,att_eff,0.9,-0.4317496401393317,-0.6614167650884868,0.3878669483311508,0.33397267987271845,0.7668259338270218
2024,night,att_eff,0.95,-0.34968897162953894,-0.5613802773442691,0.46799458854426695,0.2853545132105476,0.863163382600668
2024,night,att_refill,-1.0,-0.20354214065086482,0.08573992064027702,-0.019329386492960756,-0.29122119343574876,1.035866094977474
2024,night,att_refill,-0.95,-0.20354287593702694,0.06283703085033648,-0.011136347343123881,-0.26957661636056013,0.9781152699199599
2024,night,att_refill,-0.9,-0.2773804392602957,0.07976520775312257,-0.01851865018480607,-0.3601809197681784,1.0125099043632668
2024,night,att_refill,-0.85,-0.232694712821694,0.06055314167344934,-0.012933093832093743,-0.29879317785036064,1.0636388831609267
2024,night,att_refill,-0.8,-0.21556413803726845,0.02460103900094154,0.007913054923424723,-0.2440301275660788,1.0518421735571333
2024,night,att_refill,-0.75,-0.18323472808543845,0.09086709543193525,-0.05047482928882963,-0.27643055731607175,1.063560102274711
2024,night,att_refill,-0.7,-0.18164728754699264,0.05077911869537303,-0.02060617481249363,-0.23420672171740184,0.9892466822911257
2024,night,att_refill,-0.65,-0.18964157795019396,0.04654229076177923,-0.033361705240581865,-0.23594966672624546,1.0044141777940074
2024,night,att_refill,-0.6,-0.22662862775986453,0.02634776449857436,0.0061448346640651606,-0.25453464657379954,1.012751923494481
2024,night,att_refill,-0.55,-0.22660441950625193,0.04969504973398434,-0.01415945352294794,-0.27749367285290105,1.0538033435379492
2024,night,att_refill,-0.5,-0.1655084250405524,0.042540161958640195,-0.007456281022984359,-0.2071462718445562,1.0188917331103873
2024,night,att_refill,-0.45,-0.19082623083904057,-0.014292603736067958,0.019770189895726386,-0.1751166766421808,0.9563574446184336
2024,night,att_refill,-0.4,-0.17316694218758638,0.03557811768174854,0.000995377197040355,-0.21010584749379949,1.0381450609681169
2024,night,att_refill,-0.35,-0.1321631294083497,0.03084920803430329,-0.012159325419362993,-0.162638925463489,0.9848962051017671
2024,night,att_refill,-0.3,-0.14418324457646306,0.05755548789518217,-0.04183063179098302,-0.20281496913388977,1.0077163151029207
2024,night,att_refill,-0.25,-0.15078161616734398,0.09141983933003632,-0.049034603538782216,-0.24187112475479264,0.9914892263676012
2024,night,att_refill,-0.2,-0.1408587096620279,0.0525817966503446,-0.03306392793826331,-0.19159966558514407,0.9586529354666546
2024,night,att_refill,-0.15,-0.07864539334475892,0.026837258392978763,-0.009082992517440614,-0.10589339522460488,1.0126841064550212
2024,night,att_refill,-0.1,-0.09723152192222843,0.022012431640260045,0.004406494860733006,-0.1193734389462964,0.9670755212903792
2024,night,att_refill,-0.05,-0.08811963050597056,0.03771715347524282,-0.02035104207285968,-0.1266479754566897,0.9584867391460111
2024,night,att_refill,0.0,-0.2548059628026402,0.05955866825604442,-0.027260309293024313,-0.31414597856815185,0.9995733713113091
2024,night,att_refill,0.05,-0.3387350635848031,0.024739992532023455,0.012088351748958101,-0.36825208901510903,1.1020277705487052
2024,night,att_refill,0.1,-0.3097877060004254,-0.017826287566948255,0.03738912803577515,-0.294568679526489,1.1317617374296027
2024,night,att_refill,0.15,-0.2834502045807885,-0.02397543092797739,0.04534075362070054,-0.2623759932681167,1.119715537173493
2024,night,att_refill,0.2,-0.27305394053522775,-0.06952351216454074,0.09523230332834755,-0.20627231505705615,1.109014760237656
2024,night,att_refill,0.25,-0.24222699055197497,-0.10802241973624503,0.0955200552676543,-0.13492421973052665,1.0969131705992143
2024,night,att_refill,0.3,-0.2552244120455196,-0.06321784360585328,0.07183458733577774,-0.1927349645367905,1.1519141194217435
2024,night,att_refill,0.35,-0.22564687286030563,-0.045581822362021115,0.04849641212803425,-0.18542090453425009,1.1060624443975402
2024,night,att_refill,0.4,-0.24610596889978162,-0.06687382469984274,0.07859309756846439,-0.18187753317352243,1.1334051755653705
2024,night,att_refill,0.45,-0.22717633960901837,-0.04762553927385834,0.08013202903947077,-0.1790689793275636,1.0901423101130328
2024,night,att_refill,0.5,-0.27742008062518114,-0.10019722960432759,0.07134689302552152,-0.1819054832563475,1.1277109637377836
2024,night,att_refill,0.55,-0.27712318892385157,-0.1331829206410015,0.1378607701213298,-0.1397356229577447,1.205034034059454
2024,night,att_refill,0.6,-0.36444360407167486,-0.1910411154869994,0.17850385354643528,-0.17115019309504223,1.1642598035065186
2024,night,att_refill,0.65,-0.4111078827388411,-0.20949819208165452,0.14911119445184057,-0.19374427124587087,1.1130782028621644
2024,night,att_refill,0.7,-0.36234757464355033,-0.23724047543672042,0.1945723223441171,-0.11655747037124235,1.1773881393438443
2024,night,att_refill,0.75,-0.37775333423933893,-0.24603116800319721,0.2342679284728024,-0.12613142166831118,1.19652439973146
2024,night,att_refill,0.8,-0.405722486045972,-0.31340287058259086,0.2490136178735955,-0.08910288969800262,1.2604592862491601
2024,night,att_refill,0.85,-0.426036610313147,-0.3736129276370027,0.2849218582140516,-0.027637604460088123,1.292536837846166
2024,night,att_refill,0.9,-0.4790096104452205,-0.3567384472789529,0.35538947077351724,-0.09962511563025221,1.3870354988672775
2024,night,att_refill,0.95,-0.44101778197769026,-0.41462384948054193,0.32396933545683576,7.433401141273806e-05,1.343581945702271
2024,night,balance,-1.0,0.3680268410521426,-0.04730998298904175,-0.0032278773627021865,0.4250755262860806,1.1139005900113974
2024,night,balance,-0.95,0.3655740234280875,-0.052708489319439854,0.014392911317307052,0.41776893049772507,1.1044688854457054
2024,night,balance,-0.9,0.3219700332389211,-0.05768879286526424,0.01606165324534552,0.38281353417057623,1.0666201638663801
2024,night,balance,-0.85,0.32706713872403365,-0.08038717188050847,0.009093144478022726,0.41153289264592363,1.0790551991314004
2024,night,balance,-0.8,0.3208589592495115,-0.07148366193372625,0.04086861626211468,0.39179168600368663,1.083716065073935
2024,night,balance,-0.75,0.3520824627080136,-0.0686010730112245,0.028192091191514904,0.419672926749599,1.0546009818088637
2024,night,balance,-0.7,0.3280951998984294,-0.0751271238043875,0.011534092250682443,0.40776697260937306,1.0431943666006422
2024,night,balance,-0.65,0.3466129013159685,-0.06562884354134076,0.024957962377678514,0.4135335173376029,1.0228245296917364
2024,night,balance,-0.6,0.3311092435035315,-0.05047696165954439,0.0021535668737629387,0.38449825416262823,1.0403532030995342
2024,night,balance,-0.55,0.33483072411676085,-0.04629479038600321,-0.0009540824253408399,0.38494371123594406,1.01697944374812
2024,night,balance,-0.5,0.33257934846902903,-0.06053840616833031,0.005656283515030607,0.3944934961735584,1.0267123762425707
2024,night,balance,-0.45,0.36825644360666854,-0.06163019799101341,0.011812987053535697,0.43311804039451823,1.0217979428521975
2024,night,balance,-0.4,0.335516708303377,-0.05738094634163541,0.02166044609020737,0.3951481105838954,1.0579431148718967
2024,night,balance,-0.35,0.3563142143636207,-0.06365637817387781,0.023721609494901326,0.42310151784518174,1.0340915156488257
2024,night,balance,-0.3,0.30823284311051147,-0.06285864396716483,0.018275058373986814,0.3756959287492584,1.039935953286893
2024,night,balance,-0.25,0.3438098300435557,-0.08089739829738442,0.025218131397231194,0.4322881196967259,1.0531841631758492
2024,night,balance,-0.2,0.3662167379961929,-0.07706102186328057,0.011521769364115664,0.442664265872622,1.0237819024615644
2024,night,balance,-0.15,0.3672408912911745,-0.07196129793835629,0.014429169767979448,0.44053013006797015,1.0677701941228073
2024,night,balance,-0.1,0.36643850647371345,-0.0916498675846431,0.030628612962636106,0.46174082720422305,1.0527397219617338
2024,night,balance,-0.05,0.3307202535520962,-0.07820492025249093,0.014525679707093874,0.406748966145863,0.9967849266992321
2024,night,balance,0.0,0.22496029642103285,-0.08137298728238444,0.03389946738896356,0.30632203952777215,1.0534149283546739
2024,night,balance,0.05,0.22640952397918135,-0.08293562531938266,0.04664479916160229,0.3096300342880413,1.030381901532646
2024,night,balance,0.1,0.21009149136289443,-0.081618288047304,0.051004949335000764,0.2899482635707224,1.0394692169231285
2024,night,balance,0.15,0.20304542797110844,-0.11365288096991596,0.03547165323806348,0.31788898523532777,1.0665852709831023
2024,night,balance,0.2,0.20102631882140817,-0.1047291461495836,0.04841716767186471,0.3056087218608209,1.0670303937701993
2024,night,balance,0.25,0.2085314122552895,-0.09096616228274065,0.04666159383441098,0.30267039225584974,1.0564321904894132
2024,night,balance,0.3,0.2248444378627729,-0.11140002131216732,0.045623394505334126,0.3381335640370707,1.0685306817478153
2024,night,balance,0.35,0.20724682247120874,-0.12012470340785689,0.04507531147704632,0.32794997435610646,1.0585430518340433
2024,night,balance,0.4,0.17049249812667439,-0.08931820230563027,0.06743555361497701,0.26150732261877147,1.066302268565548
2024,night,balance,0.45,0.13425419751380796,-0.11694110840451245,0.06243457067198789,0.25611031310932075,1.075992781812566
2024,night,balance,0.5,0.11111178072190958,-0.16791977831900648,0.07393015141762196,0.28774287626026823,1.0868207333811173
2024,night,balance,0.55,0.12630017983774075,-0.1579777575893535,0.08557494218734972,0.2895286082838403,1.0762381523370685
2024,night,balance,0.6,0.108748562567132,-0.14305721793448303,0.10017393136013511,0.25997726899028145,1.1584634179188535
2024,night,balance,0.65,0.09123658627921599,-0.1775888593037233,0.13954377501338558,0.28304813359060893,1.138342281683045
2024,night,balance,0.7,0.07577860377804839,-0.18918906029214044,0.167476839039884,0.27904371330958905,1.1659022112455022
2024,night,balance,0.75,0.04384200785258118,-0.2251540896433033,0.2016464142217073,0.2909139700351076,1.1790993555488736
2024,night,balance,0.8,0.025148833164892102,-0.2669527713801904,0.2294131237697884,0.3124534341290729,1.1559862450719118
2024,night,balance,0.85,-0.0006817354418706872,-0.33057752648300903,0.2416925008509724,0.3677311037679389,1.221653262536115
2024,night,balance,0.9,-0.04011979914195965,-0.3537093772111055,0.28861108807953256,0.354490210935891,1.2197514646473804
2024,night,balance,0.95,-0.08188568943397859,-0.40726080535497516,0.2557870344993751,0.3689332741747232,1.238381876585857
2024,night,def_cancel,-1.0,-0.09285784167643625,0.037309019185494154,-0.03566666922128543,-0.128747600262442,1.065125629977929
2024,night,def_cancel,-0.95,-0.021723777740929803,-0.004125499860738503,0.00028929662090499244,-0.017752378756999365,1.1024897612873825
2024,night,def_cancel,-0.9,-0.11530904320483548,0.012406635482514842,-0.0005976161708808017,-0.1329241443456581,1.0430470650958903
2024,night,def_cancel,-0.85,-0.15199126224229584,0.004306407408367092,0.006620293976014781,-0.1552769285914208,0.9611563162272162
2024,night,def_cancel,-0.8,-0.08723708912448881,0.03892422135370601,-0.013286987518309767,-0.12797536211731725,1.0286218988275333
2024,night,def_cancel,-0.75,-0.1464669824201848,0.05807102497172034,-0.023191149276542235,-0.2103937959747693,1.103108352658324
2024,night,def_cancel,-0.7,-0.10152389990764685,0.05571166659741178,-0.026095877888281205,-0.15874831618388838,1.0182844270803337
2024,night,def_cancel,-0.65,-0.06953843622763511,0.03415332091234354,-0.028697658704843507,-0.1044507338002307,1.024067793045577
2024,night,def_cancel,-0.6,-0.06522496539028094,0.014263246628640914,-0.00044915307960205616,-0.08046484764350573,0.9513142188069373
2024,night,def_cancel,-0.55,-0.12872638936454037,-0.011010361448590784,0.015934346894475756,-0.12046597530593983,1.0056807372407934
2024,night,def_cancel,-0.5,-0.11584421890085612,0.026029949334590734,-0.006495073317464961,-0.14401638878874426,1.0041560221044783
2024,night,def_cancel,-0.45,-0.05548954914580463,-0.016965488934092568,0.013695339671353378,-0.03856805392503272,0.9566523755684425
2024,night,def_cancel,-0.4,-0.06891386299544283,-0.014529514525323466,0.030636861872655505,-0.05460274078888303,1.0702240592242525
2024,night,def_cancel,-0.35,-0.08172978571322428,0.00382840464987998,-0.005521183579334711,-0.08549091949158123,1.0175329504550954
2024,night,def_cancel,-0.3,-0.0891506454318261,0.019208426338808485,-0.012543900531315853,-0.10759327697272233,0.9697376480631414
2024,night,def_cancel,-0.25,-0.04687425977375661,0.035450978942155154,-0.00954051551612411,-0.08279903163122328,1.0086529848172168
2024,night,def_cancel,-0.2,-0.012095539195681355,-0.005346018479566487,0.006587462720331138,-0.0068981883876728396,0.957447350695023
2024,night,def_cancel,-0.15,-0.008601572276373103,-0.017450363943591597,0.019037838966801862,0.008727306034008361,0.9323877773250565
2024,night,def_cancel,-0.1,-0.08744991744154995,0.0190307744944891,-0.004233036254280299,-0.10471752748465138,0.9608077599614264
2024,night,def_cancel,-0.05,-0.035738400995438846,0.0028956482607586024,-0.003626784099768538,-0.03826015268423594,0.9245294273395767
2024,night,def_cancel,0.0,-0.5492648017887695,-0.05656874386586855,0.08427355922451793,-0.5014645630527557,0.9625935646186289
2024,night,def_cancel,0.05,-0.40806642877115257,-0.040561912626929104,0.05551886837133556,-0.37244625149243665,1.292323965743161
2024,night,def_cancel,0.1,-0.24222615188379049,-0.03431877249709564,0.0608473889558885,-0.20979185975634948,1.1998567050731253
2024,night,def_cancel,0.15,-0.21988339654441058,-0.0344685501142509,0.06631857929267006,-0.18474787313483756,1.0323675374506398
2024,night,def_cancel,0.2,-0.11546621382277128,-0.08309624349446149,0.07902346302660221,-0.029310124980618673,1.0704876779298869
2024,night,def_cancel,0.25,-0.04440922471655547,-0.08082869458190003,0.06661404436620613,0.03559816645389331,0.9541461342942112
2024,night,def_cancel,0.3,-0.04681588117620597,-0.08977678047075856,0.06776791430349471,0.045194272151942286,0.9862422319751352
2024,night,def_cancel,0.35,-0.09870230046929522,-0.0933998638472347,0.07202692969001434,-0.007103321798635864,0.9017289561821864
2024,night,def_cancel,0.4,-0.1123447530512393,-0.11986542415318167,0.12517029929817997,0.00955721172098697,0.9372575530424309
2024,night,def_cancel,0.45,-0.11030934652504946,-0.16741572876311384,0.1255191102041262,0.052347408799609946,0.8658865008948897
2024,night,def_cancel,0.5,-0.15932372487500238,-0.2182308427977093,0.15035234825915195,0.05409293601008582,0.839678298932601
2024,night,def_cancel,0.55,-0.1656750644123117,-0.2288183187188651,0.19387521311001546,0.056223514468564086,0.819243477996499
2024,night,def_cancel,0.6,-0.2399114372909528,-0.28209779616265834,0.20544786214823257,0.038985434640514946,0.7906189764766015
2024,night,def_cancel,0.65,-0.30032390796031927,-0.346890733896776,0.21551014613776448,0.055207465450198945,0.8217108185044325
2024,night,def_cancel,0.7,-0.3090988303610062,-0.35804893418114675,0.27439415542987233,0.05395812242042335,0.8737172756041036
2024,night,def_cancel,0.75,-0.3589630391260559,-0.46481924790712725,0.31683269678338805,0.11352789058256924,0.8449164353850241
2024,night,def_cancel,0.8,-0.4079370207939096,-0.534119700182625,0.3498875068959927,0.13915010038299175,0.8786477900634444
2024,night,def_cancel,0.85,-0.5093702793761112,-0.575267802506824,0.4010612535015113,0.0757146101434432,0.9190410267569895
2024,night,def_cancel,0.9,-0.44667492943132875,-0.5850242291803408,0.4469961498075798,0.12327258959522819,0.8984040854037504
2024,night,def_cancel,0.95,-0.3920863408547723,-0.5624840737026725,0.43384909552838435,0.16352909639792532,0.8619529359897384
2024,night,def_eff,-1.0,0.09436920431576258,-0.12796454688979406,0.10351791438367142,0.22929776819317033,1.112750135464294
2024,night,def_eff,-0.95,0.04138829524998292,-0.05945278086682708,0.03606017808453398,0.10606371488083285,1.2212163773504818
2024,night,def_eff,-0.9,0.14443727127956765,-0.04563235557350934,0.02277361476447995,0.1973300620716009,1.2859818502511833
2024,night,def_eff,-0.85,0.1484550727279782,0.032481084894967746,-0.044583090668992915,0.11178997804109556,1.2376371918392717
2024,night,def_eff,-0.8,0.08090545493161246,-0.030329673742463526,0.011655317393189934,0.1142672431958487,1.2930668454222785
2024,night,def_eff,-0.75,0.12205006072382057,-0.013566875618102364,9.558545858189819e-05,0.13631215257753265,1.3019141641192704
2024,night,def_eff,-0.7,0.038361675643731434,-0.04553495318682066,0.028309600314329542,0.08842696851808869,1.289551128109606
2024,night,def_eff,-0.65,0.006618651536856199,-0.06116377282941584,0.029347830838393558,0.07597479993394664,1.2831273003299697
2024,night,def_eff,-0.6,0.002168573543815725,-0.014463376195607553,0.014082572310654228,0.01818350693982944,1.2492142548908856
2024,night,def_eff,-0.55,0.02501262369417948,0.0031202356266127615,-0.005162804517094461,0.020258389772858244,1.1525342715883387
2024,night,def_eff,-0.5,0.039312608827635834,0.00023204833006764503,-0.004425060515090568,0.03748099931552619,1.2427958138091149
2024,night,def_eff,-0.45,0.01717846908743157,0.0030654116258083007,-0.009451499507059822,0.013117817480716247,1.2086246785227435
2024,night,def_eff,-0.4,0.02978420997186287,0.029626248629575355,-0.016760904898607522,-0.003994335548026607,1.3010085078642513
2024,night,def_eff,-0.35,-0.0251675300546376,0.020780163313979555,-0.006262946095529332,-0.04724799593874307,1.2108116467871537
2024,night,def_eff,-0.3,-0.033408912678180185,0.02918428097274983,-0.006326397292991261,-0.06499753969546572,1.2875543782175431
2024,night,def_eff,-0.25,-0.0049572249046753655,-0.002836302625906402,0.001366956302823987,-0.0017015980850544651,1.3504805660889923
2024,night,def_eff,-0.2,-0.09032136579825843,0.007367430311521473,0.003752549961755955,-0.09455984691045972,1.2280547893427969
2024,night,def_eff,-0.15,0.013517570349085961,0.010071578335212862,-0.004786863403631308,0.0021304333080115305,1.173799917353928
2024,night,def_eff,-0.1,0.03621137380549038,-0.07109215961391463,0.047246035972620865,0.10804144628355924,1.0330410733155142
2024,night,def_eff,-0.05,0.05392337494083051,-0.02733916917144769,0.032659697668248104,0.08054164369012487,1.0307491704156087
2024,night,def_eff,0.0,0.5078837799789184,0.010556625151137594,-0.04276386566569892,0.488396139710835,1.3829504872082228
2024,night,def_eff,0.05,0.30854405962230375,0.02683601499185504,0.0,0.27166005310173535,1.700015579866888
2024,night,def_eff,0.1,0.1765868441072656,0.10134627995433931,-0.09318433005091266,0.05949740046998127,1.28847405384817
2024,night,def_eff,0.15,0.012822383701308374,0.14154344266889612,-0.07588574923415263,-0.1408404991201237,1.103396518818602
2024,night,def_eff,0.2,0.019006412507795514,0.16098387252885046,-0.0963227363814906,-0.1578202265526023,1.1738582709064374
2024,night,def_eff,0.25,0.0025172678515173025,0.19690244684291858,-0.09574717060128071,-0.20951061397281787,1.1145290516071398
2024,night,def_eff,0.3,-0.024366769257784457,0.13326744159500994,-0.09595495405164695,-0.17005836090435117,1.2008666390456566
2024,night,def_eff,0.35,-0.016421680586369676,0.15864183595916118,-0.1216988719088392,-0.19024662540448062,1.2004334504825405
2024,night,def_eff,0.4,0.01702059961992891,0.24166884800913963,-0.13227524519839653,-0.24499395179200137,1.0532169036013523
2024,night,def_eff,0.45,0.006228025377896426,0.24282066235507316,-0.20661767809073156,-0.2570971768906787,1.094366762357252
2024,night,def_eff,0.5,0.07715984961097962,0.268934822376617,-0.2013886556616365,-0.2163164028847813,1.0715998168332679
2024,night,def_eff,0.55,0.1051254585164947,0.2757226416157428,-0.21590486397079947,-0.19668512500969337,1.076378572385334
2024,night,def_eff,0.6,0.1620514881833479,0.29392531017843426,-0.2531388518436656,-0.1620676008157024,1.0513596323692591
2024,night,def_eff,0.65,0.16380066054119866,0.3765910345866072,-0.2894578342902922,-0.2594577874038771,1.1340734679588238
2024,night,def_eff,0.7,0.21956311924182254,0.45768008312864805,-0.27262706869300035,-0.30482023378789636,1.1119920380601602
2024,night,def_eff,0.75,0.26648539110007036,0.5453292169141696,-0.26355622539369405,-0.3466976624450112,1.0331860384314056
2024,night,def_eff,0.8,0.3929259477920537,0.6065478661413534,-0.22513264839438982,-0.3068207677958718,1.001656721942234
2024,night,def_eff,0.85,0.3751073688751744,0.6580604080498996,-0.25966039294923793,-0.35976996571034253,1.069969053093302
2024,night,def_eff,0.9,0.40179842528846843,0.6369697239640407,-0.2481782801731308,-0.3376553809919239,1.1214046915164795
2024,night,def_eff,0.95,0.4352902227608546,0.6440793597298742,-0.2863334723534803,-0.3357068512626511,1.1793195528354377
2024,night,def_refill,-1.0,-0.11423374100882898,-0.04367063602509145,0.03169091626125179,-0.06968962869262102,1.1069475938310782
2024,night,def_refill,-0.95,-0.08978819648336821,0.011441694694343791,0.0035572479754537234,-0.10337977014283077,1.0952538850433167
2024,night,def_refill,-0.9,-0.11665714048521221,0.017772277049222095,0.0016561973296216302,-0.13578750865413508,1.092004443746278
2024,night,def_refill,-0.85,-0.12574497226159548,0.040708917886465586,-0.015271487469255694,-0.17187866878711427,1.0910328898907369
2024,night,def_refill,-0.8,-0.16176391102616638,-0.012053530213417846,0.011928922953469609,-0.15211368989836133,1.0416766180748303
2024,night,def_refill,-0.75,-0.09374124919190789,-0.03095670325800374,0.03652500561445011,-0.06522041887547096,1.035842293939345
2024,night,def_refill,-0.7,-0.11266723600721605,-0.018679194934061533,0.02759829984751879,-0.09351330781029851,1.1050890196635108
2024,night,def_refill,-0.65,-0.12761858677364762,0.001480409224639205,0.013233346256217944,-0.13032529848420937,1.1498518687947765
2024,night,def_refill,-0.6,-0.16649890829436462,0.014587547729142988,-0.0003688980566087933,-0.1896012467187103,1.0826495567326988
2024,night,def_refill,-0.55,-0.12364473287496308,0.010770118112792349,-0.002532468018562779,-0.1369407341463413,1.103770121405286
2024,night,def_refill,-0.5,-0.10230164900106806,0.007252044692670144,0.0009669501643768112,-0.1128267254444976,1.0887730797961428
2024,night,def_refill,-0.45,-0.10397277974626144,0.03854611794334791,-0.014307398981686183,-0.14396012756789375,1.0265448527709826
2024,night,def_refill,-0.4,-0.10966397108061454,0.09622184837298442,-0.048572356799123174,-0.20700609943477086,1.023097029854061
2024,night,def_refill,-0.35,-0.14093517337728567,0.046385659344472155,-0.023626849317791934,-0.18758820383874966,1.0008501264728071
2024,night,def_refill,-0.3,-0.13401315360786156,0.02463884865722911,-0.00954325009570392,-0.15935421587630744,1.03441752067443
2024,night,def_refill,-0.25,-0.15047237415727976,0.02644084416192752,-0.024041884258751287,-0.17316889511586064,1.0428316252651149
2024,night,def_refill,-0.2,-0.14759685107263365,0.03398281708681498,-0.025693930523912282,-0.17612770818340104,1.0369122686761907
2024,night,def_refill,-0.15,-0.1862241245636642,0.06903495314735619,-0.06106632132503651,-0.2570140569118714,1.0933046185224957
2024,night,def_refill,-0.1,-0.17329613939605235,0.09217737884091566,-0.039429953079920206,-0.26556013127486616,1.0283194782126535
2024,night,def_refill,-0.05,-0.19495962491133248,0.09751275643828028,-0.039442445118983906,-0.28881801147470393,0.9795151617056365
2024,night,def_refill,0.0,-0.014767423760430356,0.10112946415541378,-0.07417310426100832,-0.11819885640801057,0.9772681692611815
2024,night,def_refill,0.05,0.09618603741863382,0.14042639432391735,-0.1132430929520442,-0.047015581861907456,1.05787182729071
2024,night,def_refill,0.1,0.07658454692462595,0.08455993332947938,-0.08922629316583247,-0.009666092058357003,0.9853363398608579
2024,night,def_refill,0.15,-0.031670827357916646,0.10793752595116235,-0.0788347276001303,-0.14518674467513001,1.1327940102787242
2024,night,def_refill,0.2,-0.02213580502354495,0.07028869147475608,-0.05220390701105339,-0.09565324038143992,1.094524548885238
2024,night,def_refill,0.25,-0.0798015777840057,0.10081214272150213,-0.071235925990608,-0.1819212580371447,1.0330896007686081
2024,night,def_refill,0.3,-0.154221378539629,0.07727614949793313,-0.050483708235220616,-0.23402969955643366,1.047461075739624
2024,night,def_refill,0.35,-0.16240106826134992,0.06626861529151805,-0.02040892669411367,-0.23039512744599736,1.0442203319022123
2024,night,def_refill,0.4,-0.13905026706180573,0.05083150026360743,-0.033451487129995856,-0.191313103938549,1.0934449869169487
2024,night,def_refill,0.45,-0.09366762019690385,0.0343883083901872,-0.028342042912895916,-0.12987723390910458,1.122753120316056
2024,night,def_refill,0.5,-0.09490465854125306,0.03852109234444366,-0.022625036947785584,-0.13251250309295357,1.0420427156143592
2024,night,def_refill,0.55,-0.0689023937949268,0.1066016124200372,-0.06089722083963197,-0.1768166976161132,1.0201231233680907
2024,night,def_refill,0.6,-0.02796296329589829,0.17297199957340273,-0.09566389386097138,-0.20766152603715501,1.0541505709680214
2024,night,def_refill,0.65,-0.03514022737532229,0.2148116005787074,-0.11883284134836365,-0.2599491424220216,1.0527959513350276
2024,night,def_refill,0.7,0.004319853453910685,0.20381121744783975,-0.15424626901880956,-0.20541709638291436,1.0045770142334005
2024,night,def_refill,0.75,0.00642319715757311,0.23357192341208124,-0.17845428310839748,-0.2299830368864329,0.9339775372652452
2024,night,def_refill,0.8,0.11422846973506426,0.25669959032251033,-0.2244488521118102,-0.14927235516175452,0.938989915980639
2024,night,def_refill,0.85,0.1626721897717094,0.3174056424098686,-0.24137516304184095,-0.16166446527848524,0.9047551879621522
2024,night,def_refill,0.9,0.15591537917300685,0.3602175250282163,-0.23114906367963664,-0.20899188075862585,0.8393357858761606
2024,night,def_refill,0.95,0.130021324928544,0.39245060113276997,-0.288360149511109,-0.2584758632709651,0.8533139515512386
2024,night,delta,-1.0,-0.1211562558504865,0.055520424983617395,-0.011310526314144616,-0.17654035050762953,1.0491489488404333
2024,night,delta,-0.95,-0.06304669385472203,0.01032357019355152,-0.00014197869020191346,-0.07444659647790418,1.0384983518662874
2024,night,delta,-0.9,-0.030892731384846776,-0.014089096462610065,0.0030689870982746753,-0.017431127753444978,0.952182835994403
2024,night,delta,-0.85,-0.0059951957602267176,0.010766304744574908,-0.003914812926994435,-0.01678263398564791,1.0025532872703402
2024,night,delta,-0.8,-0.036377081875941596,0.05572104932385137,-0.010604124579389973,-0.09468283510321157,1.1034288697239616
2024,night,delta,-0.75,0.017319838347113276,0.030985518119051838,-0.03128880758738371,-0.013198316820844234,0.9551280785748503
2024,night,delta,-0.7,0.033497073838251755,0.051569002789855045,-0.03031586678629019,-0.019050096688104232,1.018326078585456
2024,night,delta,-0.65,0.046374703214271555,0.027308343471610683,-0.02435010402850971,0.018435544997667523,0.9807725070344099
2024,night,delta,-0.6,0.02495283737367693,0.08139701022231532,-0.06281432412915577,-0.053873483043958975,0.9729256975692173
2024,night,delta,-0.55,0.017659207030581586,0.03775252959691418,-0.030457200223494577,-0.01925682311087404,0.9335822087877692
2024,night,delta,-0.5,-0.01048185171406643,0.026752062804798738,-0.02971592298134943,-0.036316186224222426,0.9032462505808215
2024,night,delta,-0.45,0.029478215044222243,0.012822943058454783,-0.01916685254054794,0.016708596307811484,0.892465393661502
2024,night,delta,-0.4,0.03569948703770312,0.00010507912295452489,-0.0044680960922257205,0.034739177187311995,0.9729417253963769
2024,night,delta,-0.35,0.012833576844509743,0.014501652364857473,-0.021255415570737107,-0.0014328612298625104,0.9822470852137902
2024,night,delta,-0.3,0.06372265838906556,0.01896219469661447,-0.03529513447087751,0.04416614397708302,0.9491524806059677
2024,night,delta,-0.25,0.04449028777661916,0.022601778654379574,-0.015509452977851475,0.020970545924836537,1.0724314886473425
2024,night,delta,-0.2,0.10044492661454288,0.0037450274891889157,-0.008450197848601983,0.09619021004184229,0.9964629498024923
2024,night,delta,-0.15,0.02091019981281751,-0.011232208161480928,0.01500968106527556,0.03282484425944051,1.0807865300637676
2024,night,delta,-0.1,0.022964836074663982,0.0049208423511452075,-0.0016290450258742363,0.01819895033092881,0.9800590656177305
2024,night,delta,-0.05,0.11880626154172322,-0.007140035847748396,-0.001191888819556694,0.1254947459355541,0.9612023236465389
2024,night,delta,0.0,-0.19452342340058681,-0.07961759610613736,0.039449401371508465,-0.12233828015774924,0.9393108092943856
2024,night,delta,0.05,-0.25387312325085326,-0.018333939122528262,0.05821273034735665,-0.2380783059382494,1.0936624888518303
2024,night,delta,0.1,-0.20613952397855406,-0.03785012213289687,0.05428608171746523,-0.1680679503217173,1.158141032523887
2024,night,delta,0.15,-0.1453220729441088,-0.07370049792760443,0.07944364671642028,-0.0736610654702414,1.0346468684008383
2024,night,delta,0.2,-0.07971029922838178,-0.09570228369317273,0.07953393123808333,0.02001178676475118,1.110201646735999
2024,night,delta,0.25,0.0006803664847935927,-0.08979393729561681,0.07272688235636453,0.09409777770077941,1.122299374483219
2024,night,delta,0.3,-0.0577879394584456,-0.08882932080301992,0.06421658540561011,0.03381042354055703,1.0619247428101202
2024,night,delta,0.35,-0.06436143120392701,-0.056180320953087066,0.06600788211389029,-0.009390591864956247,1.0272848514289448
2024,night,delta,0.4,-0.13570340654298607,-0.060765474431636685,0.07300496093197792,-0.07010540079713322,0.9810471476509569
2024,night,delta,0.45,-0.14016213445012168,-0.15118767712322176,0.12263192079167433,0.014004079072623896,1.029184407916152
2024,night,delta,0.5,-0.19302589618771207,-0.15325812960321095,0.11137055217716485,-0.036457442124588034,1.0429101947231296
2024,night,delta,0.55,-0.15506345649012912,-0.12200019306953694,0.07833618678905543,-0.027174547412818842,0.9730820353244032
2024,night,delta,0.6,-0.1923999777223385,-0.1706136751469873,0.10631322458731614,-0.014283476610118587,0.9532202569761754
2024,night,delta,0.65,-0.1853434414640303,-0.24127930961311436,0.18154138718605292,0.06607865247606204,0.994849108378598
2024,night,delta,0.7,-0.20059766552206446,-0.2797746317000635,0.22605005431595962,0.08803085694646988,0.9257690597218305
2024,night,delta,0.75,-0.24719530573239762,-0.3302288316071578,0.26421455389425896,0.0965881435645576,0.9489971101819769
2024,night,delta,0.8,-0.27513663721149106,-0.4120808129145211,0.2775444898485867,0.1328300223711684,0.9208975391472236
2024,night,delta,0.85,-0.3240883142068012,-0.44856551293820474,0.3351293295912094,0.13259879180539408,0.957398518332369
2024,night,delta,0.9,-0.3373097302512812,-0.4467979814566506,0.35180582907078384,0.11200355849704677,1.0000241293573138
2024,night,delta,0.95,-0.30700671081508807,-0.4356834399244903,0.3635903861657711,0.12789303903647303,0.9293699406024487
2024,night,large_delta,-1.0,0.0,0.0,0.0,0.0,1.052331115279609
2024,night,large_delta,-0.95,0.0,0.0,0.0,0.0,0.9305770497469958
2024,night,large_delta,-0.9,0.0,0.0,0.0,0.0,1.0014826375341395
2024,night,large_delta,-0.85,0.0,0.0,0.0,0.0,1.1105803276287096
2024,night,large_delta,-0.8,-0.2334980141164111,0.0,-0.07458785771072111,-0.23114702848979332,1.1944595667135434
2024,night,large_delta,-0.75,-0.30867048883253295,0.040800454252357274,-0.2829635824332186,-0.35075047227586587,1.2504988081805395
2024,night,large_delta,-0.7,-0.16969111499828385,0.25530274604998027,-0.1744154977588877,-0.44307187163751555,1.1692554893747416
2024,night,large_delta,-0.65,-0.0594486077764135,0.3573598265975667,-0.1035168802939704,-0.4401889489466707,1.1628753459478984
2024,night,large_delta,-0.6,-0.011202528802160541,0.15240251312230996,-0.04691169105416851,-0.1747553226681317,1.1570552992273127
2024,night,large_delta,-0.55,0.009001157811114931,0.1880629553774786,-0.03722321641767071,-0.19141654855811815,1.1622921436665972
2024,night,large_delta,-0.5,0.03700538591606355,0.12546432606245933,-0.06115246661351783,-0.09756522769458915,1.1767432941391842
2024,night,large_delta,-0.45,0.08396471483126754,0.03887857935310483,-0.0283329319889636,0.041706987156516794,1.16023393171548
2024,night,large_delta,-0.4,0.1326755589576492,0.01229207553657984,-0.04338331665449771,0.11765309707534367,1.1351547244704987
2024,night,large_delta,-0.35,0.11540770168227507,0.029261812281451263,-0.02747795429335023,0.08283738344360383,1.149285967659271
2024,night,large_delta,-0.3,0.13292933745079205,0.01175586479134845,-0.03244756750783581,0.11804411711527198,1.1483301622293784
2024,night,large_delta,-0.25,0.14689606680240205,0.0037872473546383795,-0.029991583799492696,0.14051783709715873,1.1593722731827263
2024,night,large_delta,-0.2,0.16211285401948883,0.0403414728949299,-0.03415634862464142,0.1172276428480253,1.1449224251688679
2024,night,large_delta,-0.15,0.1693778065081666,0.047931071671813125,-0.04340370496271499,0.11803560170646142,1.1474789178470313
2024,night,large_delta,-0.1,0.17604539790708812,0.038262642972673996,-0.04909402464075754,0.13405924741118552,1.1634062624493329
2024,night,large_delta,-0.05,0.16039408711323852,0.0600077753509372,-0.04922487577212957,0.09406727168670607,1.1937372427631916
2024,night,large_delta,0.0,0.16667055461518543,0.0819313349853765,-0.048311713072568624,0.0783120200765008,1.234046760464374
2024,night,large_delta,0.05,0.1459859198069016,0.04092727532319569,-0.032699206412555214,0.10032931267936888,1.2021879717219932
2024,night,large_delta,0.1,0.1333656514788196,0.029777726431426583,-0.029210286718959668,0.09842993762206541,1.1936948266533502
2024,night,large_delta,0.15,0.11838539191724143,0.010035755403504158,-0.015566946144027228,0.10528386440373612,1.1805644160285456
2024,night,large_delta,0.2,0.1158856727768309,-0.0028458161269992377,-0.009008070720527606,0.11700519171037525,1.1674537583628495
2024,night,large_delta,0.25,0.10024946838719487,-0.015161884505146288,-0.009700335541564273,0.11398661063178238,1.161976360345011
2024,night,large_delta,0.3,0.07796377620122835,-0.0005647839872129528,-0.0020333644343526317,0.07695568444018822,1.153573337663034
2024,night,large_delta,0.35,0.07829397443414343,-0.013336644375987135,-0.0010388736014700182,0.09041815588059576,1.1408490128569342
2024,night,large_delta,0.4,0.07619930200228577,-0.01894674816994791,0.008751759550454789,0.0952071003768385,1.3040104360030298
2024,night,large_delta,0.45,0.04954964342886916,-0.0464446138335871,0.016430030884187728,0.10187852074729466,1.366760024582273
2024,night,large_delta,0.5,0.04451193364447736,-0.05211325923906439,0.013553201637203438,0.10464866865254334,1.2382237883499982
2024,night,large_delta,0.55,0.04511380938238445,-0.04678168315359358,0.027263512821684505,0.0996130301931779,1.2440748090911518
2024,night,large_delta,0.6,0.04216775971850446,-0.043434099417778566,0.03008749179560597,0.09301280409317232,1.2473344230657464
2024,night,large_delta,0.65,0.03141278012204959,-0.06629273974555643,0.028721652145198884,0.10584314210875925,1.2640901373398041
2024,night,large_delta,0.7,0.03855161360501286,-0.07238103682801132,0.045852058709607214,0.11598249489438409,1.2877054352027133
2024,night,large_delta,0.75,0.03648621639617474,-0.10067593635428253,0.07272302673918805,0.14704131029864032,1.3178116267554307
2024,night,large_delta,0.8,0.028846391148563817,-0.11998884566852941,0.07762741999326334,0.16571507052688614,1.3160650243012304
2024,night,large_delta,0.85,0.017886604106222906,-0.129531754400294,0.08585877237396139,0.16596288869199774,1.3286538265640688
2024,night,large_delta,0.9,0.015076058502591798,-0.13081963561972218,0.09481238268320978,0.16348956386527413,1.3213862070036908
2024,night,large_delta,0.95,0.0061182423151075254,-0.1528997253708078,0.11040862711588961,0.18122669176911055,1.334480292734938
2024,night,large_delta_post,0.0,0.0,0.0,0.0,0.0,0.7910485721159075
2024,night,large_delta_post,0.05,0.4577488866495622,0.0,0.0,0.48606699322116553,0.9088906360241844
2024,night,large_delta_post,0.1,0.6261697000045767,0.0,0.0,0.6411230800682081,0.8782844604213407
2024,night,large_delta_post,0.15,0.47460304509939494,-0.18559243089619895,0.09075367494065548,0.6681689580079045,1.039678338221225
2024,night,large_delta_post,0.2,0.2531818854572696,-0.18436943829287128,0.004310384275735586,0.4503839501556259,1.0604834139032484
2024,night,large_delta_post,0.25,0.2384014785372679,-0.15420107230419983,0.010821795531624693,0.39335511436844994,1.0125420417670585
2024,night,large_delta_post,0.3,0.15192016904712163,-0.01956520115443809,-0.019591677987408348,0.16954303750020117,1.0801967340955494
2024,night,large_delta_post,0.35,0.1132281215689976,-0.02823127459906103,0.004356373118459423,0.14244471421173222,1.1040603748021636
2024,night,large_delta_post,0.4,0.11297701871061908,-0.03710283731437354,0.0039019829381368547,0.15134402278236106,1.0903894753979801
2024,night,large_delta_post,0.45,0.1169394151040219,-0.02869828760477799,0.02042967804055031,0.14693088316257047,1.0879564844863947
2024,night,large_delta_post,0.5,0.10826024241053836,-0.0360820597006548,0.008518452533281392,0.14537142896019198,1.1140176488881979
2024,night,large_delta_post,0.55,0.08360342754934114,-0.045291941774507224,0.009060271144513703,0.13037735563406147,1.0879560479858292
2024,night,large_delta_post,0.6,0.07032135051136784,-0.039438058448126596,0.00466401792748753,0.11091266507928717,1.1100646436041477
2024,night,large_delta_post,0.65,0.05973125163067121,-0.047413602932862134,0.044424536412609246,0.10943939058949255,1.1187793967770685
2024,night,large_delta_post,0.7,0.061088436187332014,-0.07823778580578235,0.04434565979273509,0.143355910550617,1.129095608620293
2024,night,large_delta_post,0.75,0.04928535245354489,-0.09760447582365231,0.07435909074005997,0.1530393730581193,1.156154539090605
2024,night,large_delta_post,0.8,0.027839029461378405,-0.14571895314915653,0.07644864970578201,0.18413544717581007,1.1997199522510122
2024,night,large_delta_post,0.85,0.017497871864956046,-0.1349465848405616,0.09838256567574313,0.16340857577654438,1.246461193512084
2024,night,large_delta_post,0.9,-0.016388851288391054,-0.17063447348248978,0.1236855887805816,0.16369487758689175,1.2737628159244443
2024,night,large_delta_post,0.95,-0.028638013923645504,-0.18833422181900036,0.1261734987196263,0.17063100773772671,1.2852001283526169
2024,night,large_div,-1.0,0.08900833182834529,-0.1793761066381641,0.03299306692230478,0.25564299662327994,0.9252611063672066
2024,night,large_div,-0.95,0.04058264109016449,-0.03796576912525841,0.013817455252911224,0.0777544457769826,0.9922680023295155
2024,night,large_div,-0.9,0.0093070553238559,-0.01125462828656467,0.007763651761384567,0.020905869807108783,1.0315888089887155
2024,night,large_div,-0.85,0.047970689576413414,0.011781910707657942,-0.012448962285556722,0.03551433791584456,1.080742051990449
2024,night,large_div,-0.8,0.04246889719279733,0.027754125577245315,-0.010956371479176948,0.012101665612113411,1.1657606923871624
2024,night,large_div,-0.75,0.0241958014098306,0.02847318892698771,-0.027276479929408598,-0.007472034951963584,1.2309279101525106
2024,night,large_div,-0.7,0.014167537285142015,0.056766389135328325,-0.03606758459733032,-0.047703875936456766,1.216224787149029
2024,night,large_div,-0.65,0.015619550458851834,0.056989620056603796,-0.04429372930122788,-0.046142761951811384,1.1902007451621412
2024,night,large_div,-0.6,0.03816340659209599,0.0762642468671626,-0.05023067120057414,-0.0461215945459293,1.1902543220129749
2024,night,large_div,-0.55,0.0333928120562086,0.08778061439658114,-0.0472931939424077,-0.06241596309480269,1.178108658857279
2024,night,large_div,-0.5,0.06637450901257506,0.07631929662246591,-0.03586187113112721,-0.017964129967301356,1.1708403263049907
2024,night,large_div,-0.45,0.0850974977031607,0.045441680349602706,-0.04297913443618112,0.031501919023236666,1.159176009496993
2024,night,large_div,-0.4,0.12533745368498195,0.041325244241030255,-0.039302231615540605,0.07480341460377428,1.1814322049689652
2024,night,large_div,-0.35,0.12564504929245074,0.0393814880508461,-0.03167020123846113,0.07777861261386357,1.1645057388119713
2024,night,large_div,-0.3,0.1374623715232152,0.029266946312339646,-0.03581705227620823,0.09959775581776587,1.190206355931062
2024,night,large_div,-0.25,0.13861117943628934,0.014010944105443854,-0.03804499852115973,0.11707638398045779,1.1864993342616266
2024,night,large_div,-0.2,0.14266980372179108,0.01940118057682507,-0.03379486863582458,0.11532448199232101,1.1906594341665866
2024,night,large_div,-0.15,0.16549005115629273,0.01935652757557026,-0.02764017899148381,0.13823619615568303,1.1548099507198144
2024,night,large_div,-0.1,0.18059933112705956,0.02650417212712765,-0.0427589076489517,0.1468230745738295,1.1780581335071505
2024,night,large_div,-0.05,0.1496145822868928,0.03106367971992643,-0.04797991463055685,0.11111675681444196,1.2045202094572454
2024,night,large_div,0.0,0.1494336518423013,0.03373491092155008,-0.04399209755297002,0.10958905462128381,1.199632252793837
2024,night,large_div,0.05,0.12519466981828417,0.017467685309136713,-0.0454846326049825,0.10033021927174945,1.1820511908820008
2024,night,large_div,0.1,0.1314161422952185,0.02980477566686245,-0.018632930752387655,0.09130701465041574,1.206313163164901
2024,night,large_div,0.15,0.09043232157751985,0.017266168168544458,-0.017306933187781252,0.06599934937284868,1.197589713396588
2024,night,large_div,0.2,0.09438501602925001,0.011840150877271126,-0.027577197739238828,0.07571886279620386,1.1926940893297417
2024,night,large_div,0.25,0.10145524524371068,0.02514098388573869,-0.019534664310676235,0.0675796619089062,1.196566526393066
2024,night,large_div,0.3,0.09111680281295852,0.01552310602811037,-0.01777738664246274,0.0678893035560911,1.1815587018861549
2024,night,large_div,0.35,0.09998005965021342,0.016903554929444852,-0.018123702661063924,0.07458783020383908,1.2001950974945954
2024,night,large_div,0.4,0.08670560857043559,0.007716912968576927,-0.017559567017794493,0.07218387352427469,1.196993327553354
2024,night,large_div,0.45,0.0728543741860567,-0.020536439654068157,0.0006970513286821357,0.08966852677142065,1.1804274130357304
2024,night,large_div,0.5,0.08531466938040996,-0.018159245993124507,0.005942758340783309,0.09819082212012703,1.1933370793790377
2024,night,large_div,0.55,0.08765935730067115,-0.03801004883096504,0.009376412742301521,0.12216153179669909,1.190024632039116
2024,night,large_div,0.6,0.07694498530842882,-0.0198637755693746,0.007100211124539327,0.09233305265187128,1.20784844936485
2024,night,large_div,0.65,0.08076611195299477,-0.04352221212731654,0.01151638230625085,0.12252908382521764,1.2403540239190527
2024,night,large_div,0.7,0.08806741929266343,-0.03904356237230525,0.02377492985038088,0.12468596267583279,1.2644172432222784
2024,night,large_div,0.75,0.09978433881619067,-0.054766080498310964,0.04657368048241632,0.153809555437965,1.3048033851453875
2024,night,large_div,0.8,0.07118980881699143,-0.08259753714851475,0.040998279104163995,0.1614380227924249,1.2986429468178613
2024,night,large_div,0.85,0.07280425641807323,-0.09738577211225163,0.047776154617151664,0.18080757971115646,1.3422787718604225
2024,night,large_div,0.9,0.05369925844967573,-0.0931767344505737,0.06339545737666062,0.15767155616288847,1.3420124861731835
2024,night,large_div,0.95,0.05145633797419298,-0.0998073246695833,0.07226781413153936,0.16376631566646205,1.359239869200998
2024,night,large_div_post,0.0,0.08502427478633608,-0.08088592293705181,0.026991164975621543,0.14864782641854674,0.6513843833859754
2024,night,large_div_post,0.05,0.21768125148706746,-0.07838747435876282,0.003173109619908534,0.30035290342970256,0.8694117374204734
2024,night,large_div_post,0.1,0.2764038039775145,-0.0689249652950488,-0.006881474748544037,0.34420850681222176,0.878150224761348
2024,night,large_div_post,0.15,0.26113282713089897,-0.06251673510607615,0.008049250775919036,0.3225299222382363,1.0279083621380642
2024,night,large_div_post,0.2,0.17986397280640803,-0.09902117455640035,0.0009601861645805055,0.28274869028124977,1.0789538691464002
2024,night,large_div_post,0.25,0.19206548080545827,-0.08088586597104769,0.012404616510525514,0.2762665141940743,1.074872469844846
2024,night,large_div_post,0.3,0.16553350871266018,-0.018438382772439234,-0.0054563940142731545,0.1856579829215902,1.1082524500844957
2024,night,large_div_post,0.35,0.09407759867609515,-0.014192772957609796,-0.0016627130084462941,0.10899454862128119,1.1512581892509204
2024,night,large_div_post,0.4,0.10819395105641579,-0.02669014019717203,0.006984787635440097,0.13713243725861723,1.1630013920969329
2024,night,large_div_post,0.45,0.13235795233100628,-0.03815830001056339,0.01126031111900028,0.1734891381135566,1.1702147166065948
2024,night,large_div_post,0.5,0.12621726931020327,-0.013142467382756987,0.0014399597101168535,0.14176730092222464,1.2541057353303031
2024,night,large_div_post,0.55,0.09056497005202874,-0.023305240092279283,0.006590511769591351,0.11665279940977778,1.2087382541706806
2024,night,large_div_post,0.6,0.06782235247263732,-0.014266961006279107,-0.0030885743601371716,0.08425555037535368,1.2380083996820046
2024,night,large_div_post,0.65,0.07285418340470556,-0.036695489568435914,0.020005047769472654,0.11429351777646923,1.2640167663857031
2024,night,large_div_post,0.7,0.07312887092586942,-0.039134127020757234,0.03321582810815433,0.11831086035891623,1.3141965373850344
2024,night,large_div_post,0.75,0.0649617916865111,-0.08214205389811385,0.057547541315095756,0.1573806337735268,1.321153487724879
2024,night,large_div_post,0.8,0.05007862743186443,-0.10317337109681375,0.06767877712705916,0.1680821513540278,1.3642041983330018
2024,night,large_div_post,0.85,0.02957344084739743,-0.10882148185373748,0.08169734199837751,0.15135119008798179,1.3523580698044753
2024,night,large_div_post,0.9,-0.0006105539946066855,-0.12438793463832,0.09023122977280963,0.13419412145629192,1.3185845834406122
2024,night,large_div_post,0.95,-0.01936219432048047,-0.14805093692947197,0.10764490628001046,0.14367233270637034,1.3762455402290241
2024,night,volume,-1.0,0.3495934274536653,-0.09513374559933956,0.04291605529474388,0.4452875491853327,0.6324113361317191
2024,night,volume,-0.95,0.4021323804655126,-0.125923625439709,0.07171545685133932,0.5191671338578357,0.6250119813690701
2024,night,volume,-0.9,0.4249399971678695,-0.12722814100339866,0.0711022066586525,0.5428962138839242,0.618682161826083
2024,night,volume,-0.85,0.43158855087177456,-0.16781933195488546,0.05723990163910526,0.5824483244497641,0.6267916049816249
2024,night,volume,-0.8,0.4728872156592251,-0.13122482079358092,0.06551841062804772,0.597905533728684,0.6135142651402238
2024,night,volume,-0.75,0.47958488224190116,-0.12005351669251568,0.06575456311651459,0.5972101524226758,0.5873423962735834
2024,night,volume,-0.7,0.4750697142340196,-0.11795253145827715,0.04778330969002308,0.5897139628967604,0.562027437131894
2024,night,volume,-0.65,0.49677931526432945,-0.15605781231324664,0.07457387701862896,0.6392042883801237,0.5621532071683293
2024,night,volume,-0.6,0.5118191183110519,-0.16578015523356676,0.06499602080336371,0.6640750900920014,0.5955704136697942
2024,night,volume,-0.55,0.46504356421183096,-0.12540654323763206,0.06158902802667041,0.5776833483533214,0.5767641985047097
2024,night,volume,-0.5,0.43328177865820805,-0.12241703642310252,0.05188217769309666,0.5394846285181102,0.557608336283136
2024,night,volume,-0.45,0.44922259407537796,-0.11476691163857039,0.03541394683436496,0.5565098834016989,0.5691338855820383
2024,night,volume,-0.4,0.44188075733729476,-0.10052597597676703,0.038052779681705805,0.5441375613351792,0.6203672265508517
2024,night,volume,-0.35,0.4460207221871088,-0.12870355615392892,0.0503282831181688,0.5602831926083656,0.5892589936455598
2024,night,volume,-0.3,0.4376724745878119,-0.10032111764518452,0.04368158569014692,0.5306857956091752,0.5580064754632919
2024,night,volume,-0.25,0.44160996563183375,-0.12316846227302292,0.0569954440440962,0.5510992382013774,0.5708922456360128
2024,night,volume,-0.2,0.4530381158564162,-0.1321282940811952,0.03328875385201244,0.5687624828692206,0.5670437764678602
2024,night,volume,-0.15,0.49842225874240415,-0.14931243863445154,0.05491820995532015,0.6333690588207879,0.5797985918120303
2024,night,volume,-0.1,0.5206722595049638,-0.12444020782477964,0.0682748937092484,0.6486126295516338,0.6012938666837978
2024,night,volume,-0.05,0.5245471671939529,-0.08927146958855928,0.02802087900451358,0.6297193219423143,0.6270124972184887
2024,night,volume,0.0,0.6122009159882602,-0.09807202756167407,0.013248392256716826,0.7130748714280299,0.592122183104484
2024,night,volume,0.05,0.515224567330503,-0.13709630916014726,0.059516030684211324,0.6462802600595177,0.6451628267783728
2024,night,volume,0.1,0.4884276995919452,-0.1435607017540231,0.041423158688152474,0.6351285174452536,0.6642187549736331
2024,night,volume,0.15,0.4329373773433268,-0.10998086480757546,0.04107218394247862,0.5483611832626378,0.68811856876965
2024,night,volume,0.2,0.36209737653251695,-0.0906893892832108,0.04301940457476452,0.4519079778998728,0.7113161106339081
2024,night,volume,0.25,0.3890336381378521,-0.07431639858008432,0.03249430260859792,0.46739951702508103,0.7357469530327194
2024,night,volume,0.3,0.371039353646732,-0.08637005566957222,0.029481184837609694,0.46006413121391826,0.6927427911410073
2024,night,volume,0.35,0.3509383106695131,-0.09989446878753033,0.05051843330821163,0.44332196006110414,0.6519111146955704
2024,night,volume,0.4,0.37899066830453093,-0.06569069795239284,0.012333327634845738,0.4547422400070038,0.6529406270142729
2024,night,volume,0.45,0.39682758925324974,-0.0923347907567992,0.012752698383575106,0.4821627819290783,0.6666191878858626
2024,night,volume,0.5,0.34537640674117687,-0.0528918099924166,0.001550867637298225,0.4006132023533898,0.6894152115468478
2024,night,volume,0.55,0.3893031161932546,-0.04793270484041222,0.000903530626504745,0.43550463748275003,0.6397893555702249
2024,night,volume,0.6,0.3720329059483908,-0.02641804547103053,-0.014182047931921554,0.39662355583801573,0.6076346077417681
2024,night,volume,0.65,0.389821551092316,-0.006550253775219326,-0.03368783745586224,0.4002317768054874,0.5956625627481691
2024,night,volume,0.7,0.41606593253541124,-0.037890418539366734,-0.006418626574534759,0.4634727953924359,0.6560299178682631
2024,night,volume,0.75,0.45707207511459624,-0.005709793937521429,-0.026084582943518557,0.4653015726931458,0.6139566598157996
2024,night,volume,0.8,0.39978463315754886,0.022813991341974555,-0.06150268370952986,0.3822098868503328,0.5626929353679522
2024,night,volume,0.85,0.4109929167909019,0.012030383439650167,-0.05650610434815741,0.3952199989023589,0.5302627727939754
2024,night,volume,0.9,0.4107898048144567,-0.015727353879385373,-0.04432437889335698,0.4121411873097262,0.5441184863734191
2024,night,volume,0.95,0.4247003602002783,-0.02722185786359194,-0.036716124813643995,0.4471326158728148,0.5730875823875042
2024,rth,att_cancel,-1.0,-0.005327834132831802,-0.05726529531138046,0.028873424538219224,0.052560249484196374,1.0007038441888239
2024,rth,att_cancel,-0.95,-0.014017902909951203,-0.1114045584980779,0.03430319510279912,0.09997192422742845,1.121994529221813
2024,rth,att_cancel,-0.9,-0.033523558942008085,-0.04911212949262985,0.02540375781366162,0.01443557437217667,0.9686297794274644
2024,rth,att_cancel,-0.85,-0.022940262373156068,-0.03046144075775015,0.009672704332435856,0.005007521077930906,0.958661838844072
2024,rth,att_cancel,-0.8,-0.02183085210855001,-0.05426909707417855,0.042623885976213874,0.030644382326734106,0.9429235666083654
2024,rth,att_cancel,-0.75,-0.004556745902872817,0.017687402342271133,-0.018002151424734894,-0.022502310886491114,1.0622874206754591
2024,rth,att_cancel,-0.7,-0.013899889286176999,-0.045720496300475755,0.036297322767703685,0.030062082700052055,0.9689514039378656
2024,rth,att_cancel,-0.65,-0.05718930978204453,-0.14227164735889633,0.05828627623551284,0.07753189040496034,0.9512586066040987
2024,rth,att_cancel,-0.6,-0.12471160295827426,-0.07059223931012129,0.06056266970193445,-0.05679026864049032,1.011294446665748
2024,rth,att_cancel,-0.55,-0.1133994989297758,-0.059858952274321746,0.05876132275480192,-0.05957864212661629,1.086657108778504
2024,rth,att_cancel,-0.5,-0.15252717443161823,-0.11539800342913666,0.07355658266568567,-0.039255273188469914,1.0138305748360583
2024,rth,att_cancel,-0.45,-0.14137722528277455,-0.08878178246743273,0.05373742613946338,-0.053823309047151845,0.9558904297667553
2024,rth,att_cancel,-0.4,-0.14451385931906804,-0.10869651346359738,0.04960734988956585,-0.038972439831957,0.8971637347040295
2024,rth,att_cancel,-0.35,-0.13172801481684848,-0.0707110248106297,0.035710213639834,-0.07040632241846195,0.9587080869590794
2024,rth,att_cancel,-0.3,-0.07783846030179666,-0.0020986994716817747,0.0027502153337160586,-0.07546758250900631,0.9084494627385779
2024,rth,att_cancel,-0.25,-0.05824722770919454,-0.020038716759534447,0.030827669375323608,-0.03758019993857206,0.9399716742446146
2024,rth,att_cancel,-0.2,-0.15822780553433158,-0.05615240970722186,0.04038187950301332,-0.09683264410715194,0.965767734051898
2024,rth,att_cancel,-0.15,-0.2646707209076304,-0.002587451000482826,0.023833335949824907,-0.26027863062404133,0.9455251192883575
2024,rth,att_cancel,-0.1,-0.31453517772780215,-0.08665057408336996,0.027943247107911275,-0.21561037654995863,0.8550671743424229
2024,rth,att_cancel,-0.05,-0.3240114552383454,-0.05241876574130436,0.07645348645822296,-0.265042640094038,0.8085112030779945
2024,rth,att_cancel,0.0,0.06084418831235705,0.1527794042920263,-0.04646142200329552,-0.0959792024300199,1.086836387148617
2024,rth,att_cancel,0.05,0.1939967993371033,0.22650892037154113,-0.11901833143041654,-0.027124490517312156,1.1703045517057367
2024,rth,att_cancel,0.1,0.0963689360554219,0.12134862613690273,-0.06858466674840773,-0.022030677352436308,1.0509770812907924
2024,rth,att_cancel,0.15,-0.04780466757824513,0.12500028403604757,-0.04465748404020767,-0.1726751091735232,0.9820454780455132
2024,rth,att_cancel,0.2,-0.0935190072368739,0.056861767023182665,-0.020447971081433845,-0.151575237823393,0.9539699015431671
2024,rth,att_cancel,0.25,-0.1550326574792895,0.07140278161922983,-0.011193827865777694,-0.22762976731094062,0.9425149151071698
2024,rth,att_cancel,0.3,-0.14725724952888694,0.020017530909935303,0.005872101691905553,-0.16761519420989515,0.9283763520511055
2024,rth,att_cancel,0.35,-0.06995912122284166,0.11330362941764345,-0.07989570342469296,-0.18231981118143725,0.9241347180159531
2024,rth,att_cancel,0.4,-0.0923302696712524,-0.010792226495991602,0.012878739173008578,-0.0823178969601724,0.9339056771593177
2024,rth,att_cancel,0.45,-0.004925214983053188,0.017956738574327134,-0.018310528357484333,-0.0219112460646007,0.8829788625449002
2024,rth,att_cancel,0.5,-0.04684212250203878,0.048033441847306506,-0.04187943384291317,-0.0919935240235661,0.9165976883021533
2024,rth,att_cancel,0.55,0.031099985012904577,0.06563866406414574,-0.0611975402559256,-0.03225015074820729,0.915672674949055
2024,rth,att_cancel,0.6,0.08510177813884208,0.08675753554487198,-0.05741909615537595,-0.0011813108199081415,0.9989196243675631
2024,rth,att_cancel,0.65,0.12905074833409208,0.147487265826744,-0.10572411386092574,-0.00989533500145343,0.9553373062304233
2024,rth,att_cancel,0.7,0.12956873582759182,0.25740806323718757,-0.08693583269597627,-0.10933937420573735,0.8906478527326568
2024,rth,att_cancel,0.75,0.10606110565660455,0.33619018410830565,-0.12249433202460196,-0.2107225450824509,0.9022560513695467
2024,rth,att_cancel,0.8,0.23645334770114865,0.28263185832902,-0.17575341321571636,-0.04318835190210933,0.9218100835259175
2024,rth,att_cancel,0.85,0.33377484417379266,0.35409700184813203,-0.18498260472988434,-0.0017668874274657362,0.9727661608490717
2024,rth,att_cancel,0.9,0.21435732577066133,0.30965891022505404,-0.16343701775319747,-0.07858620100675852,0.9498267894475015
2024,rth,att_cancel,0.95,0.24167737272232245,0.29538905567376395,-0.15132137955960018,-0.05954610444886704,1.0128356147735644
2024,rth,att_eff,-1.0,-0.22893550248166,0.13358761661325722,-0.027063529982529727,-0.3694929609903449,1.2894267533195876
2024,rth,att_eff,-0.95,-0.20095470887653166,0.08501501793457582,-0.004036669721436118,-0.28567707129985276,1.1803100927311425
2024,rth,att_eff,-0.9,-0.23555758655087988,0.05688955396392594,0.0008746801287897423,-0.2902951075168871,1.2446814284260794
2024,rth,att_eff,-0.85,-0.14916615032075825,0.08450675328729176,-0.02475932067981166,-0.23754998460452267,1.1716457972331074
2024,rth,att_eff,-0.8,-0.20185175714478126,0.0772569952291373,-0.036319884138798074,-0.28428832101231066,1.1876778801826884
2024,rth,att_eff,-0.75,-0.15905143452562723,0.08928936168208536,-0.004977967343988987,-0.24458628865157422,1.0874639034021678
2024,rth,att_eff,-0.7,-0.10410574971076793,0.16180791865692973,-0.07919100867009406,-0.2683786706849875,1.113197869408916
2024,rth,att_eff,-0.65,-0.09253640392554494,0.21222166772231082,-0.07407869508086709,-0.3198597466477016,1.1325611413994148
2024,rth,att_eff,-0.6,0.016627380918594975,0.10603638218623278,-0.04732884421692172,-0.10054456758875865,1.2410604339616749
2024,rth,att_eff,-0.55,-0.062459647545794326,0.10299066087063705,-0.05651126063148268,-0.1718252778774089,1.222214092401736
2024,rth,att_eff,-0.5,-0.06465373907119536,0.0588469460246174,-0.01586752948867201,-0.12485241172684246,1.0962107881588077
2024,rth,att_eff,-0.45,0.013048918280011517,-0.004099298087471283,-6.644805373497537e-05,0.017539593213973845,1.2443917280887518
2024,rth,att_eff,-0.4,-0.017220720135954846,0.09801873611084407,-0.019683398790279874,-0.12401688755770354,1.2137267004314212
2024,rth,att_eff,-0.35,-0.03990460815834171,0.08476893911855547,-0.02590489387936594,-0.13085284230411,1.1912789654953648
2024,rth,att_eff,-0.3,-0.13566411868177777,-0.010536024188917099,0.05251246870157313,-0.11276859142546954,1.176930212209555
2024,rth,att_eff,-0.25,-0.12978624137142444,0.06160112177826646,-0.0069843463438358944,-0.1876544485357133,1.1961714050665735
2024,rth,att_eff,-0.2,-0.11087492816038613,0.12350539815048886,-0.05820206333827927,-0.24532998663536842,1.2292752368554887
2024,rth,att_eff,-0.15,-0.0029300778658942522,0.05381723177661796,-0.01756353183068771,-0.06421423654371548,1.349272691746906
2024,rth,att_eff,-0.1,-0.030475701554558858,0.0976521783026041,-0.02246724550519908,-0.13440669976084726,1.1786053664299416
2024,rth,att_eff,-0.05,-0.2631621589786112,0.08572967160995718,-3.4973720028286396e-05,-0.34013954401976043,1.2634188653311214
2024,rth,att_eff,0.0,-0.7059642720165313,-0.18338641030134722,0.14535459698315506,-0.45825483479681645,1.3063533616822838
2024,rth,att_eff,0.05,-0.2928714490024462,-0.2846646063157777,0.18247840756063835,0.008529254868607882,1.2790777268841425
2024,rth,att_eff,0.1,-0.15105825040048693,-0.18634145736389093,0.11090723044564567,0.048024034876607086,1.0983437198023414
2024,rth,att_eff,0.15,-0.061389955314881596,-0.12215475977539848,0.049682607351718575,0.07064873513622841,1.0790808117725321
2024,rth,att_eff,0.2,0.05528613230748702,-0.03675456187090218,0.011980346386603113,0.0934306438257062,1.1249768358307122
2024,rth,att_eff,0.25,0.06803262683960619,-0.018573066268614935,0.003763918677387536,0.08224605269371828,0.9596833876458111
2024,rth,att_eff,0.3,0.1007917130279845,-0.05128643963066951,0.004616395602158923,0.15055140177797283,1.0591521355289435
2024,rth,att_eff,0.35,0.09002969702074852,-0.1542553353330319,0.06266338381894701,0.2450413168861223,1.0106744325788786
2024,rth,att_eff,0.4,0.053275304805882814,-0.03047295409269863,0.008477575057926316,0.07862747094994214,1.0100411179731623
2024,rth,att_eff,0.45,-0.035999670948565064,-0.10978252761684336,0.043893391200337056,0.08116962111820822,1.0053774960183712
2024,rth,att_eff,0.5,-0.010877184655988418,-0.1428939163360792,0.04920770650938034,0.1397565433922122,1.0308793779480483
2024,rth,att_eff,0.55,-0.08147057506340113,-0.22438233577748495,0.0708381409970985,0.14972912749360653,0.9324128496614004
2024,rth,att_eff,0.6,-0.18437411548316235,-0.1269596468357954,0.04619031796551286,-0.02986710837350831,1.039018318554939
2024,rth,att_eff,0.65,-0.29433522197584494,-0.23674013250010778,0.12996103976870868,-0.019260115413704083,0.888270787950984
2024,rth,att_eff,0.7,-0.3154781186489238,-0.3999388051815366,0.18162267953767633,0.1180341682592998,0.8994919790904919
2024,rth,att_eff,0.75,-0.2887131424762681,-0.5646154399832466,0.22785165900852158,0.3404254743686515,1.0130169207637694
2024,rth,att_eff,0.8,-0.4196530460997628,-0.6238085315889377,0.29555916377782754,0.2674635109458071,0.9683644369302085
2024,rth,att_eff,0.85,-0.49699601380930214,-0.727498576675326,0.35188606252317206,0.2558546052070199,1.0181097600408116
2024,rth,att_eff,0.9,-0.5027677971770659,-0.713716031978997,0.33322772515025895,0.2662560807645006,0.9448242731645878
2024,rth,att_eff,0.95,-0.5686231961594923,-0.6456027622235688,0.31771187950944646,0.12378646162888705,0.8944613776137471
2024,rth,att_refill,-1.0,-0.1797239282809946,0.14243301741693914,-0.01167230302455863,-0.3103638972585206,0.9277238313770332
2024,rth,att_refill,-0.95,-0.18964304152135233,0.04964899751560638,-0.016718334617313042,-0.23662973793369252,0.9377350192058653
2024,rth,att_refill,-0.9,-0.19449885563363062,0.09411803059006928,-0.027383481684108712,-0.2958497838087034,1.0013337792104902
2024,rth,att_refill,-0.85,-0.20900463304084654,0.10644426218088118,-0.029420774917106318,-0.3181186736436862,0.9522650577564712
2024,rth,att_refill,-0.8,-0.24420685798424882,0.04979285685020059,-0.00011355602010074507,-0.2993254595535843,1.0557849654933034
2024,rth,att_refill,-0.75,-0.3256450622277602,0.05741543192934133,0.007438537166803207,-0.40168498247398277,1.0794144869147904
2024,rth,att_refill,-0.7,-0.21340975440337367,0.07677599744088294,-0.032994994244589015,-0.28781282962752486,1.0123191856277207
2024,rth,att_refill,-0.65,-0.18789007642467742,0.16073936973194675,-0.05092671043711575,-0.3401756183363513,0.903206874861156
2024,rth,att_refill,-0.6,-0.15296670367878878,0.16501820643071058,-0.09163450449389457,-0.3171426622333333,0.9360989501795723
2024,rth,att_refill,-0.55,-0.07026034835587437,0.15632421134733443,-0.08806398526257855,-0.22520111881595956,0.9462321572193223
2024,rth,att_refill,-0.5,-0.09659911259076118,0.14354832160278183,-0.04643903639271325,-0.24014233642047594,1.0140571082967471
2024,rth,att_refill,-0.45,-0.13591588785355566,0.12650122720811616,-0.04451516906094558,-0.2640558819729615,1.0130656964570566
2024,rth,att_refill,-0.4,-0.15647658356660307,0.08759809650316068,-0.04425424201049068,-0.2410536490078652,0.9862489326774132
2024,rth,att_refill,-0.35,-0.13828522951927463,0.08779662774394464,-0.024674447999459927,-0.2246728999330401,1.023391992028716
2024,rth,att_refill,-0.3,-0.2778440784635751,0.010945120125373672,0.025257919086579993,-0.2836488732957649,1.0412955595111202
2024,rth,att_refill,-0.25,-0.2731555992448157,0.06566435873192783,-0.0036014976438470342,-0.3311645328908981,0.9616343529311485
2024,rth,att_refill,-0.2,-0.19215736586774196,0.1206505307150221,-0.0207715825353721,-0.3116840983831036,1.0315903211622337
2024,rth,att_refill,-0.15,-0.13234664782724487,0.027955470178933066,-0.008395819170391852,-0.15817010170550572,1.0718978479804713
2024,rth,att_refill,-0.1,-0.12678404588338396,0.09837110450250881,-0.0445135926186016,-0.21985314854819604,0.9550061260309011
2024,rth,att_refill,-0.05,-0.19695259890815248,0.14356026413642128,-0.04977034710443032,-0.33684677453239725,0.9757054738162115
2024,rth,att_refill,0.0,-0.4444381318699282,-0.06198497110128666,0.07354085197019651,-0.3883757574959181,1.1117073710953147
2024,rth,att_refill,0.05,-0.38268679939029515,-0.09869240382357704,0.11639470051859777,-0.30363734575760537,1.2193434118296327
2024,rth,att_refill,0.1,-0.3085859933499795,-0.010338533317093059,0.044825828723911526,-0.30743492855724175,1.1142367053168043
2024,rth,att_refill,0.15,-0.27334202621040854,-0.024090371817525994,0.045851098763442205,-0.25460252396849686,1.0989286839004146
2024,rth,att_refill,0.2,-0.18282397471178313,0.07443161466692562,-0.002179398239020703,-0.2548385850056571,1.0073254748479052
2024,rth,att_refill,0.25,-0.1377498542272304,-0.03930456537076378,0.04036145549828803,-0.10053730975309962,1.0260556498400015
2024,rth,att_refill,0.3,-0.2712526353693157,0.06167540476794605,8.1094512611275e-05,-0.3252308282588894,0.8443864758412606
2024,rth,att_refill,0.35,-0.24677866999567993,-0.022919521640122023,0.03219067861409716,-0.21747786000209188,0.9317764433736931
2024,rth,att_refill,0.4,-0.30221855666220243,0.004314557063974535,0.035358060486505236,-0.3127782367266979,1.0151637465207377
2024,rth,att_refill,0.45,-0.27386818677300817,0.014879859526157009,0.04776218029947376,-0.28785727116315935,1.065294304459009
2024,rth,att_refill,0.5,-0.2669806021787032,-0.07695725216823279,0.061051421779705885,-0.17932303859723087,1.021590131060107
2024,rth,att_refill,0.55,-0.2936106783002885,-0.16950161285805276,0.09213955334845024,-0.12804763321600737,0.974171810912494
2024,rth,att_refill,0.6,-0.2774004833707882,-0.1258307221968946,0.08787091061727582,-0.1469873093347469,0.9753074586521957
2024,rth,att_refill,0.65,-0.4808705492854015,-0.12909349128463338,0.09247955497376151,-0.3407112310216368,1.026797531154354
2024,rth,att_refill,0.7,-0.48697877181735333,-0.250309068327969,0.1313852142697193,-0.23447396646430183,1.0251060040053888
2024,rth,att_refill,0.75,-0.41940707751903467,-0.25623303538386133,0.20137061533791356,-0.17005025046485905,1.0191688380093222
2024,rth,att_refill,0.8,-0.5174938194031713,-0.34694327699305355,0.23893604102459323,-0.16908546516605777,1.0950263803537648
2024,rth,att_refill,0.85,-0.6603784786902726,-0.3580102623553092,0.204423504169738,-0.3248252607872784,1.2069799463623292
2024,rth,att_refill,0.9,-0.5443581766877782,-0.44637484462994936,0.23293282102694712,-0.10344236448851006,1.171358818645797
2024,rth,att_refill,0.95,-0.6048743320404063,-0.3739188621274867,0.24953719256800388,-0.25687521471045033,1.0913907902847522
2024,rth,balance,-1.0,-0.0024902931197154023,-0.08491094824828695,0.0659940206928879,0.08028214846272012,0.9496909897908996
2024,rth,balance,-0.95,0.01208015961134117,-0.09259127656944678,0.030691538836396227,0.10185494142066526,0.9182745036423278
2024,rth,balance,-0.9,0.02519728319721773,-0.060889760956219584,0.08118995359134425,0.08535241757722967,0.9638988099433623
2024,rth,balance,-0.85,0.03186164717398212,-0.10561584921182536,0.049291609801764204,0.13509236199504313,0.9512993740139628
2024,rth,balance,-0.8,0.04202848137625598,-0.11206635539272508,0.05576074216007328,0.1464600729032771,0.8759124676491533
2024,rth,balance,-0.75,0.04725149768816825,-0.12596256901736924,0.04805720659542637,0.1707674040987229,0.944393601651296
2024,rth,balance,-0.7,0.039751425452379203,-0.08998158642000317,0.02849985623315057,0.12596931479372428,0.8868017891062532
2024,rth,balance,-0.65,0.027609243361055105,-0.12808647002197124,0.06365178548402901,0.15147616642100797,0.921069214008942
2024,rth,balance,-0.6,0.0583015924930753,-0.1094965725954239,0.06543346773462733,0.1661598915343181,0.9548065174022788
2024,rth,balance,-0.55,0.03537526339219893,-0.08975022730272932,0.039506323620031245,0.1244375318331325,0.9602794640862126
2024,rth,balance,-0.5,0.07046949789510756,-0.06541901592138451,0.05774992665903442,0.13525564248531105,0.9528130626403362
2024,rth,balance,-0.45,0.02499578981819661,-0.12322168205869238,0.03399659173993295,0.14486192012740085,0.9382228505410165
2024,rth,balance,-0.4,0.03611949765052713,-0.12280130092490796,0.03908881724198331,0.15456843394243971,0.9154964474283882
2024,rth,balance,-0.35,0.019284210860881192,-0.0970880867200869,0.019817562323750135,0.1137677432459024,0.9526941008421398
2024,rth,balance,-0.3,0.059020260573256995,-0.11323834379181608,0.042358133288957635,0.16750866194535022,0.9128903179307529
2024,rth,balance,-0.25,0.03185554383057918,-0.1257376047680266,0.04409781571036707,0.15365609519722137,0.9408907299882407
2024,rth,balance,-0.2,0.053702217584781976,-0.10141390321647734,0.04320133316976852,0.15219326035257744,0.9290218411127079
2024,rth,balance,-0.15,0.041520275594851525,-0.09902948933195174,0.027834504864473232,0.13750268816850333,0.9352126767787773
2024,rth,balance,-0.1,0.027831115491750602,-0.13215641246516124,0.06786198417638807,0.15215100692739886,0.8869793337322955
2024,rth,balance,-0.05,-0.019742041878642844,-0.15223671318601636,0.06754220625593772,0.12650110865863418,0.9872813716397769
2024,rth,balance,0.0,-0.025451857383528405,-0.19883716156866638,0.1212976005817112,0.17339314706609485,1.060997881301354
2024,rth,balance,0.05,-0.01320574483883503,-0.16753062053229653,0.08858075540643477,0.1534540418770611,0.9952369642181554
2024,rth,balance,0.1,-0.03407670732538821,-0.18245435601315718,0.06058614353175627,0.14668139041887193,1.0068004532274306
2024,rth,balance,0.15,0.008175033600110928,-0.18155236968864968,0.05797885806902964,0.18641926597938868,0.9665467798029955
2024,rth,balance,0.2,0.03163084236436668,-0.13510475609371794,0.08574282419353803,0.16645606651552586,0.9831580225561883
2024,rth,balance,0.25,0.029369951850682467,-0.16644090726187966,0.08998555864124858,0.19339473373247845,0.9567800951791041
2024,rth,balance,0.3,0.004516310078623404,-0.19380883847974364,0.08787230758569291,0.19579900440431147,0.9985470549762572
2024,rth,balance,0.35,0.02450779573402114,-0.19354077347887855,0.05846269130749158,0.21789731032670429,1.0456902308300937
2024,rth,balance,0.4,-0.00338470360932955,-0.16770953532217397,0.0650807064194664,0.1584692831774383,0.9597306895735669
2024,rth,balance,0.45,0.038377059246091035,-0.13404487430570228,0.07527930830339566,0.17178713458938594,1.0034193622237937
2024,rth,balance,0.5,0.020005656728553516,-0.14720281444407038,0.07880286117450011,0.16495650851363913,0.9939621858631494
2024,rth,balance,0.55,0.06168685518969775,-0.22112758896679163,0.1022493439048058,0.2896119455749736,1.0427524400689305
2024,rth,balance,0.6,0.005546411605545258,-0.22184669928282236,0.07859561414847978,0.22722151003241486,1.0188348629828874
2024,rth,balance,0.65,0.01525141559069957,-0.22918921957808105,0.1291221112474097,0.24608226163431215,1.0028814309700256
2024,rth,balance,0.7,0.014126607244109518,-0.3345428587859465,0.12954956051091018,0.350109664031039,1.0020700373101183
2024,rth,balance,0.75,0.016511778129585482,-0.2834565774815044,0.15228954578000387,0.3005093256142475,1.0123594249074592
2024,rth,balance,0.8,0.007412522670149188,-0.2730257311285014,0.14689955366333005,0.28641115266758865,1.061937691046329
2024,rth,balance,0.85,-0.008663066203553857,-0.28114390027741304,0.1684263255806504,0.27605814519358024,1.0366847914363535
2024,rth,balance,0.9,-0.048455795414211855,-0.3377367801823029,0.18456127285573926,0.297931008087085,1.0496609707625333
2024,rth,balance,0.95,-0.11326655610663693,-0.38036575172320675,0.19310302512298805,0.27896330065274694,1.1550097597370887
2024,rth,def_cancel,-1.0,-0.0892012134108828,-0.05620948212868689,0.03967373054901586,-0.027089419976967382,1.0275087702033
2024,rth,def_cancel,-0.95,-0.14004550428182497,-0.08225813337217973,0.023912939458185862,-0.05699444550657059,0.933204524009227
2024,rth,def_cancel,-0.9,-0.10837464802252962,-0.030037327068687357,0.014848386245807454,-0.07489572710425202,1.0193634668429774
2024,rth,def_cancel,-0.85,-0.0934710436432396,-0.03026857136778335,0.057406879283091204,-0.06288877041351029,0.9944040834957494
2024,rth,def_cancel,-0.8,-0.11389236259984215,-0.027716505175314075,0.03318414467371737,-0.08797443308328097,1.0167507139873417
2024,rth,def_cancel,-0.75,-0.1274294841501782,-0.02497866669456147,0.02164858222726045,-0.10564207752628539,1.0490722637731122
2024,rth,def_cancel,-0.7,-0.05095064346388045,0.012113078661957695,-0.009123421018333126,-0.06318795610937121,0.910848218906275
2024,rth,def_cancel,-0.65,-0.08896149726747032,0.14674003251032267,-0.05489145363025881,-0.2277170500218525,0.8709998777231136
2024,rth,def_cancel,-0.6,-0.024762101485836647,-0.017966049136013764,0.0035711654619480252,-0.006638189009438888,0.9425801323942711
2024,rth,def_cancel,-0.55,-0.12385148687306363,-0.019731410639868257,0.020421287096699228,-0.10105606100484019,0.9146648597807353
2024,rth,def_cancel,-0.5,-0.12579107078716953,-0.012466032473645586,0.011813444398756848,-0.11382662041755325,0.937211033852332
2024,rth,def_cancel,-0.45,-0.03540786491523907,-0.10086442380253823,0.07401193767341804,0.06770878496834819,1.0031116814310321
2024,rth,def_cancel,-0.4,-0.09020611285548125,-0.08601110414399286,0.0637854210317287,-0.006947658919030701,0.9510497025553646
2024,rth,def_cancel,-0.35,-0.11357806699491416,-0.008642756539670995,0.014504233955361783,-0.10299598339978527,1.0197622952144854
2024,rth,def_cancel,-0.3,-0.18270293118848369,-0.0834945276444371,0.05282980878470699,-0.0926875206903286,0.9029618719852357
2024,rth,def_cancel,-0.25,-0.1774311269326128,-0.057337820081172615,0.045204816954639924,-0.11434150360520216,0.9530261067469782
2024,rth,def_cancel,-0.2,-0.09120747326429085,0.01833492396611148,-0.011898322109116679,-0.10662814062406054,0.8525344669705556
2024,rth,def_cancel,-0.15,-0.12502614090836064,-0.02650981616635957,0.020120632750664207,-0.09681442022724886,0.904396876529774
2024,rth,def_cancel,-0.1,-0.03894987758915635,-0.003403693955821862,0.019841486490092725,-0.03585965632388167,0.9495523045829478
2024,rth,def_cancel,-0.05,-0.2199480648335942,-0.01918024023707267,0.025445438268580062,-0.1975081820220439,0.9598118007389982
2024,rth,def_cancel,0.0,-0.5282239437026806,-0.20023681301125545,0.14502250800910899,-0.3276402061956269,0.9503020757290341
2024,rth,def_cancel,0.05,-0.2810410608637139,-0.12963062902983075,0.12957383762871183,-0.14583658087644175,1.118331647604147
2024,rth,def_cancel,0.1,-0.1446113780070482,-0.08146678263667698,0.07989242916091904,-0.07548525057658545,0.9633430046118466
2024,rth,def_cancel,0.15,-0.05024314680521954,-0.03508699855256099,0.016002444489629605,-0.01800942556270943,0.9922800523912204
2024,rth,def_cancel,0.2,0.019803387588897863,-0.007758975162191322,9.439109924731777e-05,0.02714530623428189,0.891544921879266
2024,rth,def_cancel,0.25,0.03212535979476328,0.007534528433261924,-0.0012651923800329065,0.025186647753466376,0.8366648384126245
2024,rth,def_cancel,0.3,0.01779865912086249,-0.024949878583251334,0.003076235891311265,0.04276238781078181,0.9660779909154276
2024,rth,def_cancel,0.35,0.016139320078311974,-0.1043699843546191,0.05657063241404255,0.11530333272520124,0.900681215520883
2024,rth,def_cancel,0.4,-0.029920295075751547,-0.04127502559751819,0.022584054678524406,0.010275341416383258,0.8557817131694727
2024,rth,def_cancel,0.45,-0.03244991078454184,-0.07301673009190712,0.05145524083849552,0.03788584544454672,0.8247047310007274
2024,rth,def_cancel,0.5,-0.12941131573957457,-0.08107874859523877,0.054913056456824254,-0.048552246814838385,0.8708132461646638
2024,rth,def_cancel,0.55,-0.17076525157544503,-0.12788249393804801,0.09744594669042086,-0.039781798963893056,0.8445093704040338
2024,rth,def_cancel,0.6,-0.20723848841645612,-0.09411877412677921,0.047492076367512355,-0.10518061196044354,0.90161000540301
2024,rth,def_cancel,0.65,-0.36592936838243534,-0.23199436543050397,0.16429086132679918,-0.14634166321127973,0.7460182683279194
2024,rth,def_cancel,0.7,-0.33809169027041963,-0.4168882559879513,0.14916886713917785,0.052480911823110904,0.7498576011714406
2024,rth,def_cancel,0.75,-0.30762050620508663,-0.419170768258975,0.19431914377569606,0.10091159522757669,0.8060219556330092
2024,rth,def_cancel,0.8,-0.3619261404456055,-0.47231632582638683,0.24602908108861848,0.07874580786473917,0.7706656164671827
2024,rth,def_cancel,0.85,-0.4451707358712624,-0.5639322114568326,0.26604281733219665,0.11616391981438592,0.8696263909677104
2024,rth,def_cancel,0.9,-0.4414347890908287,-0.5993689394424775,0.31210262747320916,0.14895831424092815,0.8024361350205604
2024,rth,def_cancel,0.95,-0.42107413622606843,-0.5187754331078827,0.32393433815413697,0.08458957437023044,0.7883030860034095
2024,rth,def_eff,-1.0,0.06625825403412375,0.009361267195166743,-0.03859506865007613,0.05158314520275471,1.146554123006546
2024,rth,def_eff,-0.95,0.17862025614463548,-0.01986684346836137,-0.023058280961149976,0.1889649104582553,1.0976902222527982
2024,rth,def_eff,-0.9,0.2124691221046158,-0.0016667197114835308,-0.006969583941747754,0.21151388846124655,1.1854058689501745
2024,rth,def_eff,-0.85,0.19579895120907204,-0.05622508127101197,0.013669684639740052,0.26160090060918373,1.1399567300578408
2024,rth,def_eff,-0.8,0.178779109821499,-0.050557914616523716,-0.003389945049469504,0.2287044505360094,1.184070563965664
2024,rth,def_eff,-0.75,0.15012172525908818,-0.03290843441896943,-0.0016395959722793146,0.18169736617914756,1.0707575740440427
2024,rth,def_eff,-0.7,0.06625669800977366,-0.13499022725468185,0.053837449782305855,0.2113227514662454,1.2340913815873207
2024,rth,def_eff,-0.65,0.021735732096958005,-0.18954389790326112,0.1002311638729287,0.22540784581088158,1.1538101897811872
2024,rth,def_eff,-0.6,-0.021603732663866646,-0.1027751120138641,0.0366998105495405,0.09159624401655468,1.2140015563692408
2024,rth,def_eff,-0.55,0.05269829509731996,-0.13436130534747887,0.06508297944510164,0.19661560581449225,1.1900868492373473
2024,rth,def_eff,-0.5,0.061126902891881336,-0.1057813111584018,0.035667535760079944,0.17342517290201365,1.1593150615210666
2024,rth,def_eff,-0.45,0.006346262851594142,0.014092341541739052,-0.005732488811729002,-0.009280530812199346,1.2424471077385162
2024,rth,def_eff,-0.4,0.01997654718081436,-0.01880425394488955,0.01988642827813343,0.039306274493204424,1.1571856122655513
2024,rth,def_eff,-0.35,0.006218489842991802,-0.07978416578721728,0.016420649770822505,0.09329707041678707,1.219989265035982
2024,rth,def_eff,-0.3,0.10973118888930582,0.020396179670765707,-0.018014905546587683,0.08035942501855074,1.0751466536074452
2024,rth,def_eff,-0.25,0.10447881601954713,-0.024225257755395836,0.002279411723671477,0.12280066766499136,1.1867930101130915
2024,rth,def_eff,-0.2,0.03851716794979358,-0.03893266891590818,0.010147775434588549,0.07965783793831102,1.1878334767566532
2024,rth,def_eff,-0.15,-0.0058124606486223696,-0.018290805054125735,0.01133731104276067,0.015112515055421775,1.240145008567863
2024,rth,def_eff,-0.1,-0.026109215435225912,-0.041782615969679096,0.02130790183628026,0.02237506708988192,1.2004937674102325
2024,rth,def_eff,-0.05,0.2810956787483237,-0.08243732890167592,0.007350301142449732,0.35407492688230274,1.291196548632455
2024,rth,def_eff,0.0,0.7077938048908149,0.21983835921317077,-0.12151462597114389,0.47519077329848747,1.4375510219814758
2024,rth,def_eff,0.05,0.256897324466866,0.2937962407880618,-0.23457256029788406,-0.0659496607384893,1.6677361121614476
2024,rth,def_eff,0.1,0.126810553259355,0.19387806822960504,-0.08988285965393485,-0.0933743552380262,1.3499345428697014
2024,rth,def_eff,0.15,-0.005149526028325327,0.13143113643054813,-0.058334047492680355,-0.15424746175078832,1.30632201305581
2024,rth,def_eff,0.2,-0.03765366075723867,0.05801558429978741,-0.026782319203645582,-0.10268013256780045,1.3063904394891772
2024,rth,def_eff,0.25,-0.09517053955871868,0.07736272373941969,-0.013359188662594508,-0.17264070639588078,1.0926130071108917
2024,rth,def_eff,0.3,-0.05234667535734653,0.010880226242552214,-0.0211376549512262,-0.06391341599470643,1.16781881215293
2024,rth,def_eff,0.35,-0.09267989521681888,0.12426428595837284,-0.059009483481554985,-0.21858849138469635,1.0960828951775583
2024,rth,def_eff,0.4,-0.0727381508711425,0.04428327017850981,-0.012875213517779165,-0.11179220902680345,1.0567313876517161
2024,rth,def_eff,0.45,0.054424122418435604,0.10680404407467142,-0.058715714835496556,-0.05918015777742315,1.058498184217694
2024,rth,def_eff,0.5,0.0037901682888368065,0.08587469896981284,-0.04221072987117071,-0.08667754885626117,1.075123825416297
2024,rth,def_eff,0.55,0.05760956103333999,0.19774853893129163,-0.09888779256357114,-0.14596542704968188,1.033869722583544
2024,rth,def_eff,0.6,0.1769456525324607,0.154039910390317,-0.060248059556203125,-0.0032272437055866996,1.1045731727118995
2024,rth,def_eff,0.65,0.2943515485884458,0.19432474206854133,-0.14020902491924953,0.06959177663853264,1.0101978508490663
2024,rth,def_eff,0.7,0.2967598323537435,0.410068671017794,-0.20446014134617796,-0.16104717932342597,1.1545024881819053
2024,rth,def_eff,0.75,0.2187508889478562,0.47526476356126635,-0.22632198723375946,-0.3112415403878405,1.171028329365025
2024,rth,def_eff,0.8,0.4232129853588426,0.5853257373936324,-0.3191346835991011,-0.23595523001130814,1.1923497885206058
2024,rth,def_eff,0.85,0.4593221401182027,0.6379832521588867,-0.3398873953468047,-0.2512907404137302,1.3189196853181964
2024,rth,def_eff,0.9,0.48184539978593066,0.6573173339069418,-0.35269113755154347,-0.23567919769248344,1.235065238202146
2024,rth,def_eff,0.95,0.5346674287836857,0.605102529589397,-0.37194281833809256,-0.1277827245218582,1.2138756864973541
2024,rth,def_refill,-1.0,-0.11999104653044063,0.09938258551996988,-0.01975265264493494,-0.2214615339723808,1.0576210856646813
2024,rth,def_refill,-0.95,-0.03647327075733707,0.073756720221109,-0.019242595078254272,-0.10960626046533907,1.00449464249794
2024,rth,def_refill,-0.9,-0.17030057626726852,0.15835877075674193,-0.03921988775278382,-0.3276788632336205,1.0000812706499627
2024,rth,def_refill,-0.85,-0.09469270573698482,0.14158487705058867,-0.03269618933715294,-0.2405966890769759,1.0442736610147199
2024,rth,def_refill,-0.8,-0.0931237477379625,0.09438952996758498,-0.024936149119005213,-0.1886464857931276,1.0127577019635028
2024,rth,def_refill,-0.75,-0.04244672911417325,0.08056553190924565,-0.03147311931729367,-0.12192991388842946,0.9645955211024017
2024,rth,def_refill,-0.7,-0.11422937314803082,0.006229763465925867,0.014832249689872071,-0.1200907969168089,1.0136955439746136
2024,rth,def_refill,-0.65,-0.1815315698203178,-0.02151651800758446,0.023793144518959308,-0.1580195712631678,0.992516166431497
2024,rth,def_refill,-0.6,-0.14357432885098356,0.012564495275199672,-0.003026765335525658,-0.15258477662387662,0.9497121852580654
2024,rth,def_refill,-0.55,-0.14641413927261276,0.023721181316468568,0.00016576292895434107,-0.16014173648351976,0.9144940624910153
2024,rth,def_refill,-0.5,-0.1651630647240753,0.0012551585274078476,0.016848560713000508,-0.1632794790540269,0.9764394423979692
2024,rth,def_refill,-0.45,-0.11715974849211415,0.003701964895035853,0.007123395387553982,-0.12029942728444756,1.094691654876389
2024,rth,def_refill,-0.4,-0.1396871537873437,-0.000407782649451685,0.039629369823051756,-0.1360247405527351,0.9909878342618551
2024,rth,def_refill,-0.35,-0.15205996998515653,0.011389658660613382,0.01680051526006791,-0.1618397420172069,0.9812135922690428
2024,rth,def_refill,-0.3,-0.07153357496501715,0.003043283568173994,0.0005421219454365858,-0.07271238271590297,0.9480722656654536
2024,rth,def_refill,-0.25,-0.053634128921982306,0.10879591163872297,-0.015318723439724768,-0.16174113295543757,0.9970424203345171
2024,rth,def_refill,-0.2,-0.1312466795394467,0.09902507735639646,-0.051776015063666476,-0.22679111312215564,0.8983145509423738
2024,rth,def_refill,-0.15,-0.1996031561864871,0.05425971518013341,-0.019111517938554527,-0.24447384715726722,0.8736895438366702
2024,rth,def_refill,-0.1,-0.26389456619753515,0.031783905135543286,0.01022082810586407,-0.2779715003283481,0.9077466097838248
2024,rth,def_refill,-0.05,-0.2228009079104634,-0.01421953532254938,0.015984295289393793,-0.20065980276726783,0.9784054686444802
2024,rth,def_refill,0.0,0.1824376037813196,0.12131389207766884,-0.09589869376809841,0.06484769215175015,1.036950304917937
2024,rth,def_refill,0.05,0.20329132266486255,0.2614027357216458,-0.14774930180757567,-0.06513767317179997,1.059006075569409
2024,rth,def_refill,0.1,0.16144990488797803,0.2749458606648807,-0.10613802479419242,-0.1105218024468443,1.0012548368798124
2024,rth,def_refill,0.15,0.03542754323020825,0.16463895448692423,-0.10533384130399047,-0.12082098815906181,0.9060090418283039
2024,rth,def_refill,0.2,-0.0637228249870261,0.18595788020829043,-0.08644177341744896,-0.2461350509150649,0.9424450784201602
2024,rth,def_refill,0.25,-0.09407269143232604,0.2070194595786474,-0.06328842569282832,-0.30324679944778904,1.0160258061159186
2024,rth,def_refill,0.3,-0.16369485732926548,0.1487353996977226,-0.06346042203242955,-0.3053343402250452,0.8855843849903847
2024,rth,def_refill,0.35,-0.17974006424518577,0.16019761843899713,-0.04678895169192073,-0.3378279130172335,0.9355128167034622
2024,rth,def_refill,0.4,-0.1750539582911557,0.1456771824628043,-0.04072546091007496,-0.3173099123628642,0.96872429517548
2024,rth,def_refill,0.45,-0.20610922233267998,0.16953495155801246,-0.044274845482764245,-0.37175001671063435,0.9893548416566635
2024,rth,def_refill,0.5,-0.17047823598438755,0.13991814360545463,-0.03506220602643913,-0.3015077351003262,0.9317872786799005
2024,rth,def_refill,0.55,-0.11957879472276325,0.11511826482701587,-0.06532904837500958,-0.22856220083512477,0.895238136835335
2024,rth,def_refill,0.6,-0.03293549661859955,0.06922801587237971,-0.03418200842825589,-0.10277484716445222,0.9968207126723958
2024,rth,def_refill,0.65,0.027514435496052425,0.19927608654946238,-0.07439303803532771,-0.16663230053228387,0.919521194186825
2024,rth,def_refill,0.7,0.05614906265009962,0.2474840805106382,-0.0852531584619593,-0.18353614576041352,0.8816722936296988
2024,rth,def_refill,0.75,-0.0581578569396452,0.26642419221752744,-0.1574972446686433,-0.33140324578778974,1.029912944800865
2024,rth,def_refill,0.8,0.02965684481755607,0.30482972367270456,-0.2078118905421452,-0.26871336002616664,0.9403764047459282
2024,rth,def_refill,0.85,0.09485333088705371,0.4121690435912465,-0.2779801937238412,-0.3175299837158419,0.953106222785227
2024,rth,def_refill,0.9,0.10454113760406517,0.5310010749592949,-0.23023884638852454,-0.4328406418291711,0.9191582328323553
2024,rth,def_refill,0.95,0.08049107916666645,0.5175570444770216,-0.23177947397370355,-0.44018550726735356,0.914855342954834
2024,rth,delta,-1.0,0.012484264265558237,0.08639316772057894,-0.03965401487872363,-0.07572843394778107,1.0701134068272398
2024,rth,delta,-0.95,-0.04841231138497657,0.05296031891678406,-0.004617324346686435,-0.1000092704898669,0.9447389211321311
2024,rth,delta,-0.9,-0.013545748886741081,0.0040004608142710394,0.00024441482187048474,-0.01762326675996506,0.8971268482403085
2024,rth,delta,-0.85,-0.05532610423755248,0.03868053164663417,-0.0011509390715202942,-0.09320365312829586,0.9326213609558917
2024,rth,delta,-0.8,-0.05877032447758578,-0.003876547413644201,0.0069345590744359,-0.05426364180440902,0.9595778857375125
2024,rth,delta,-0.75,-0.16634547096000876,0.050347019282782145,-0.00028264381193041934,-0.214772117486132,0.9936306224918661
2024,rth,delta,-0.7,-0.06220210701122766,0.09691280860250452,-0.026544932600899927,-0.15925212169925634,0.9574799777153992
2024,rth,delta,-0.65,-0.00034933096947148233,0.21026465486791043,-0.08347445486351601,-0.21525380616795828,1.0146423491432799
2024,rth,delta,-0.6,0.02072784390972267,0.15802149013608782,-0.07680015533303698,-0.14010414470984142,0.973728229445446
2024,rth,delta,-0.55,0.021386673996918265,0.1696056783038337,-0.08106565407350935,-0.14569892520412822,0.9692219795251111
2024,rth,delta,-0.5,0.022670197394693024,0.08501856009471044,-0.042907019406812935,-0.06628524154559857,1.0377751674130762
2024,rth,delta,-0.45,0.04772840846095694,0.04054215036823424,-0.0126093381584183,0.005314682973436008,0.98944426163583
2024,rth,delta,-0.4,0.03237946740949565,0.0918934516394835,-0.04826214240947277,-0.05817044782257885,0.9640765452727972
2024,rth,delta,-0.35,-0.08735835240050793,0.06668779928367997,-0.03143514173353014,-0.15520928317427082,1.0394550804534348
2024,rth,delta,-0.3,-0.0948905881614716,0.05235625451279006,-0.012260334534414318,-0.14743705642844016,1.0366366143318468
2024,rth,delta,-0.25,-0.08561681440422132,0.07351756853467337,-0.035454848149103296,-0.16510755457236223,1.1362374416251955
2024,rth,delta,-0.2,-0.10045234331081414,0.012193293325313109,0.001621206931311805,-0.11583510066988806,1.1196559423047365
2024,rth,delta,-0.15,0.1149767224107469,-0.013494335992776746,-0.0009042899275717477,0.12995914849297818,0.9940318568646351
2024,rth,delta,-0.1,0.09290834320456459,0.04163281779164124,-0.013539113031353196,0.049991905924653385,0.8932385979626059
2024,rth,delta,-0.05,0.045330307503452606,0.0356200252063281,-0.02415661346549191,0.008848568147429152,0.9662330811464996
2024,rth,delta,0.0,-0.38598932849739037,-0.11165709091498716,0.0972939686632299,-0.2874291619544345,0.9970713996838992
2024,rth,delta,0.05,-0.4548032444210765,-0.2449287544558909,0.225170391531757,-0.21529152037081484,1.257834993011422
2024,rth,delta,0.1,-0.33931792214062473,-0.21856692558090074,0.1626476060877408,-0.12035368859042815,1.130408350253747
2024,rth,delta,0.15,-0.24401106876195497,-0.11044541504814362,0.09751638503282145,-0.13771396867568558,1.0738459916660419
2024,rth,delta,0.2,-0.1612839355514442,-0.11128416782299075,0.047068252312066065,-0.058242825856838785,0.9721518167558756
2024,rth,delta,0.25,-0.020705378619026008,-0.061847648068087714,0.04992574942122433,0.04024734157677832,1.0059307483722386
2024,rth,delta,0.3,-0.09479818850179099,-0.03488271399258694,0.007440470713221665,-0.06308220571533604,1.0125847936785557
2024,rth,delta,0.35,-0.02391514638868559,-0.1328893426686698,0.05522920168259641,0.10852288695563854,1.0190576994460079
2024,rth,delta,0.4,-0.07195245538128082,-0.028154136639155697,0.009104197188415068,-0.040574780955786746,1.0367900828304644
2024,rth,delta,0.45,-0.02132957794536305,-0.13517211902748028,0.07475515460940943,0.11326807258363626,0.9394161357428721
2024,rth,delta,0.5,-0.08721266588501456,-0.23234671352702765,0.09113404080964031,0.13882581239485714,0.9146860275006564
2024,rth,delta,0.55,-0.11643707514671138,-0.13563305703186448,0.08868879513937969,0.006474691163363563,0.8760617891173136
2024,rth,delta,0.6,-0.20078588340490025,-0.15485799113732243,0.13539174689632966,-0.05517203183128148,0.9363245746545882
2024,rth,delta,0.65,-0.3628381447915217,-0.18430964513997175,0.13698438559334727,-0.17038945428358004,0.846079317650427
2024,rth,delta,0.7,-0.31733986715679563,-0.3686743718355102,0.22884643481014688,0.04160238402740613,0.8876359859882549
2024,rth,delta,0.75,-0.31933287890922124,-0.4719361508244164,0.23625754232930232,0.15433391088394263,0.9059591075728639
2024,rth,delta,0.8,-0.3851930186354585,-0.5223851359444089,0.22754202444429952,0.14953128937689222,0.9199261076743785
2024,rth,delta,0.85,-0.5164852667251191,-0.5787997224391712,0.3112091028112643,0.040261879477789544,0.8956508972486413
2024,rth,delta,0.9,-0.4966892088621666,-0.672644055116868,0.38538737656042055,0.14028257258151625,0.8736163971043862
2024,rth,delta,0.95,-0.45951107456599705,-0.5827909412211522,0.35318034282179506,0.1335115814249507,0.9311448920134786
2024,rth,large_delta,-1.0,0.0,0.0,0.0,0.0,1.0350161777953821
2024,rth,large_delta,-0.95,0.0,-0.01709642304384792,0.0,0.01802806414416901,0.8555123191242865
2024,rth,large_delta,-0.9,-0.2826438871129275,-0.18820582102089212,0.0,-0.0519375906549848,0.9547313786054942
2024,rth,large_delta,-0.85,-0.1529142992566903,-0.15176581242260714,0.07357420025636338,0.016122823800949166,1.0972372839483706
2024,rth,large_delta,-0.8,-0.03232993012186355,-0.021657939489318816,0.026787497814785084,-0.008835078894389281,1.0709507059395975
2024,rth,large_delta,-0.75,0.04513443670034614,0.0025287936765619676,-0.01589138828772034,0.04179630698849435,1.1065759043002863
2024,rth,large_delta,-0.7,0.03452786196057099,0.03612444011260978,-0.013603293418162106,-0.004216166889153342,1.1517979041642892
2024,rth,large_delta,-0.65,0.023298399828034826,0.015088988405038228,-0.029393145112325287,0.007482069727252017,1.1016793431127674
2024,rth,large_delta,-0.6,0.02424234141472243,0.08554145956761494,-0.01907424856439245,-0.06452885490866002,1.0987776885323741
2024,rth,large_delta,-0.55,0.023229147167300544,0.05105874536821162,-0.015413868546391941,-0.029727610316149056,1.0657765259676764
2024,rth,large_delta,-0.5,0.025198108146099348,0.061301618097212705,-0.010487941093092272,-0.038557472729755356,1.1131369929433268
2024,rth,large_delta,-0.45,0.04229896891101785,0.010594669198530809,-0.017611301764159426,0.031166664750690503,1.1360024624378564
2024,rth,large_delta,-0.4,0.06039572661388711,-0.01836312528422947,-0.002912695778418982,0.08087265064288816,1.2395590604194247
2024,rth,large_delta,-0.35,0.06340986817662274,0.0197797585372946,-0.021056705337339627,0.04031621287028149,1.4260962521394127
2024,rth,large_delta,-0.3,0.0750541091514238,-0.018540230694451768,-0.0017772460522615986,0.09696319387080601,1.4510608915045107
2024,rth,large_delta,-0.25,0.08258553725455325,-0.027306658291292543,0.002336703250931769,0.11530335556249098,1.5259524936317403
2024,rth,large_delta,-0.2,0.0563343753727763,0.027064920348671112,-0.009501073889138657,0.02364788623106019,1.4623875790729153
2024,rth,large_delta,-0.15,0.06435595565714754,0.033385693653136164,-0.010299190118910541,0.021153687870782676,1.3023025843813583
2024,rth,large_delta,-0.1,0.08902574615091603,0.06021341865709952,-0.03345445786627303,0.011624374033739759,1.2380716030309693
2024,rth,large_delta,-0.05,0.10847192038049445,0.05017286010145055,-0.03366859215775235,0.03781853910582425,1.2314375095744319
2024,rth,large_delta,0.0,0.08088069227747365,0.012659877651752091,-0.028192596969691574,0.06446183008642459,1.307204475731967
2024,rth,large_delta,0.05,0.0570489784328366,0.010299948388924104,-0.0223732581876566,0.04326831752614487,1.308056171795943
2024,rth,large_delta,0.1,0.04996339290528585,-0.03807737621393693,0.016143576550220258,0.09128992005290403,1.334839639267651
2024,rth,large_delta,0.15,-0.010232533275220054,-0.05187375317902444,0.014243555163306141,0.04836604249148305,1.324222913951925
2024,rth,large_delta,0.2,-0.020164406483322198,-0.05939216153672585,0.0243156713311594,0.04598958790373337,1.2726885037141387
2024,rth,large_delta,0.25,-0.038956148876925153,-0.07390291999427374,0.037243437051465454,0.043821207120304816,1.2623360167986188
2024,rth,large_delta,0.3,-0.07511676290145185,-0.0768134956141908,0.04410788451747287,0.01371538024051825,1.3150201905427283
2024,rth,large_delta,0.35,-0.07599725408326202,-0.05883579010611374,0.04153900361933187,-0.007419261765431665,1.2685270078385664
2024,rth,large_delta,0.4,-0.05880823564542588,-0.08768568701865055,0.06739484432577482,0.039320410840373195,1.2345613344200668
2024,rth,large_delta,0.45,-0.05049562747006449,-0.105531789181095,0.09105314276369564,0.06728631372484864,1.2340490222781055
2024,rth,large_delta,0.5,-0.0982178164244684,-0.10973351701186419,0.077062772251381,0.02263673221318485,1.2411005226788434
2024,rth,large_delta,0.55,-0.1006251841303605,-0.1093957839298024,0.07849749485972371,0.021497919599095288,1.3007107325503149
2024,rth,large_delta,0.6,-0.13816066658220547,-0.11640087176529829,0.07816379206024794,-0.008180414320235429,1.3774709557151392
2024,rth,large_delta,0.65,-0.15446690356467727,-0.13314505931197337,0.07827819442266225,-0.007930192906238209,1.333134207182866
2024,rth,large_delta,0.7,-0.17545380467384666,-0.15997240264508777,0.07307380998846764,-0.005013222196785417,1.2951376655665379
2024,rth,large_delta,0.75,-0.18760080188597533,-0.1600518046415486,0.09908699422527863,-0.01876867037944544,1.3129083935454133
2024,rth,large_delta,0.8,-0.22135950434044926,-0.2554641736368844,0.10671484808715989,0.0583595246912164,1.3372890838127813
2024,rth,large_delta,0.85,-0.22706519943958992,-0.27842363208612253,0.131800314082611,0.08388509204547986,1.3982575113530886
2024,rth,large_delta,0.9,-0.23597973573995637,-0.3079059100936657,0.13715643836834546,0.1138685161686306,1.416093422702023
2024,rth,large_delta,0.95,-0.28084833643606244,-0.34586201239021125,0.15757903303332954,0.11544523065053466,1.4269916270322316
2024,rth,large_delta_post,0.0,0.1339455546399043,-0.2619009046635289,0.14242401623045928,0.4073468352068593,1.0
2024,rth,large_delta_post,0.05,0.02357659845584067,-0.3140813007801151,0.14235134588321696,0.37867820569792643,1.2401477209490566
2024,rth,large_delta_post,0.1,0.04249264687836428,-0.258466189213448,0.0822684823970847,0.3275688966726374,1.4185568005380942
2024,rth,large_delta_post,0.15,0.009158475696883535,-0.17902952061738692,0.031224415963446637,0.2014632732406308,1.3594754196083305
2024,rth,large_delta_post,0.2,0.005329585012278479,-0.08865353997089105,0.010117455050037635,0.10022314435498567,1.2712507938382411
2024,rth,large_delta_post,0.25,0.005400240680204826,-0.017661839878430927,0.011711397702713717,0.02462222621897051,1.3058017614848465
2024,rth,large_delta_post,0.3,0.0011278260698318785,-0.035443580478458456,0.01615566326040565,0.04067759759994715,1.4005902933357217
2024,rth,large_delta_post,0.35,-0.01629013049467536,-0.04152713411665148,0.015453045679592334,0.0336377039628532,1.5685383469707312
2024,rth,large_delta_post,0.4,-0.021482439530051477,-0.045380079822049654,0.06282463608379935,0.03410577405508521,1.7480579152088558
2024,rth,large_delta_post,0.45,-0.027735269244956395,-0.06345767573211183,0.05653658060703636,0.051034016078694754,1.8141738806945815
2024,rth,large_delta_post,0.5,-0.024332454217860233,-0.05547123823577829,0.030379346756066464,0.04507947714801795,1.949907707215869
2024,rth,large_delta_post,0.55,-0.04818744924089497,-0.010211557944480918,0.013852018488622022,-0.039965116582570875,1.9497877775174217
2024,rth,large_delta_post,0.6,-0.08148792579119485,-0.026621797636648445,0.03296721983789495,-0.053854147716446296,2.0570792058921814
2024,rth,large_delta_post,0.65,-0.08954997057499721,-0.06485147264048408,0.03738660395338531,-0.015505984425835022,1.8095519195481296
2024,rth,large_delta_post,0.7,-0.11709195218060674,-0.06896302781392608,0.05691860058547947,-0.037707496701523326,1.756578813304023
2024,rth,large_delta_post,0.75,-0.15051665283765991,-0.10730644288913123,0.06986874473867026,-0.021826912983793967,1.5896444340441087
2024,rth,large_delta_post,0.8,-0.19401323014779454,-0.1593685870657631,0.11890142385057619,-0.008342150945457401,1.4939453281997217
2024,rth,large_delta_post,0.85,-0.20974204689053572,-0.13603827578711342,0.1523872202723637,-0.052201298918596484,1.5504884439783757
2024,rth,large_delta_post,0.9,-0.20083848416000277,-0.16904188038261955,0.15930957230055165,-0.007810857446518925,1.5962260013851182
2024,rth,large_delta_post,0.95,-0.23983580165060606,-0.23842898336372984,0.18875696251823917,0.03669349570317229,1.652889266837209
2024,rth,large_div,-1.0,-0.005052424743086035,-0.10209960973297726,0.02124051095137777,0.10471950123180414,0.9846090023043111
2024,rth,large_div,-0.95,-0.042658124872661574,-0.0898680046705802,0.04484845963257018,0.0620557291427849,0.9229734871137042
2024,rth,large_div,-0.9,-0.15341318516591276,-0.06074278278301691,0.0059375845029082065,-0.07317109672185357,1.0368442580287363
2024,rth,large_div,-0.85,-0.09396236014884915,-0.04599937640144377,0.03247980027468168,-0.039281623130328396,1.0968675661214602
2024,rth,large_div,-0.8,0.0025646789248543918,0.04688244211964255,-0.014296662059339675,-0.046056671424197525,1.0693612902164593
2024,rth,large_div,-0.75,0.01844557603064313,0.0797148238314992,-0.019008366534441754,-0.06506503810252531,1.0733988542846733
2024,rth,large_div,-0.7,0.0372318414333681,0.034185921979678804,-0.030708591753372556,-0.0007384776872995347,1.205239709355633
2024,rth,large_div,-0.65,0.044305776504095694,0.051477545895073744,-0.026474497577170488,-0.011533374910778178,1.169093822567705
2024,rth,large_div,-0.6,0.0391001881693909,0.07192989634485719,-0.012031686533392554,-0.037484848983137704,1.1601341608568876
2024,rth,large_div,-0.55,0.04046141773897533,0.06712538298885085,-0.004747971742482249,-0.030434007104967475,1.126444616238712
2024,rth,large_div,-0.5,0.0441108664922028,0.05432084263515394,-0.006805630173136883,-0.01404108204564571,1.194079617792677
2024,rth,large_div,-0.45,0.05504530753821507,0.013489302286979867,-0.007699067057457649,0.040212256653423255,1.2367688350358608
2024,rth,large_div,-0.4,0.05467033842764479,0.0003994370858371347,-0.021342045804006702,0.05441212738162865,1.2621690916430728
2024,rth,large_div,-0.35,0.05764179339028876,0.020161553354027716,-0.011286191702292725,0.03443958069799931,1.3375717193177836
2024,rth,large_div,-0.3,0.07009540292037783,0.0001484564293148874,-0.013479904867267859,0.06941861002564352,1.3345263915821508
2024,rth,large_div,-0.25,0.08994226830772814,-0.011867635618089276,-0.001966553920829111,0.10137360412229394,1.401754298241843
2024,rth,large_div,-0.2,0.07798465221005489,-0.012356596645306082,-0.0048492011396790964,0.0898600889617224,1.3549041992220365
2024,rth,large_div,-0.15,0.06929208046034738,0.016698904234011266,-0.007433863899032381,0.04804846421260376,1.29903401202042
2024,rth,large_div,-0.1,0.0712020210583924,0.03587617748581864,-0.01850446781432994,0.02733241086240925,1.3002502837836918
2024,rth,large_div,-0.05,0.11230908572112343,0.045278157832574786,-0.016223196826533427,0.05532458174418226,1.2765522531609501
2024,rth,large_div,0.0,0.12103567734279616,0.0014753205498074264,-0.01327904180880923,0.11422402201363821,1.3431811780318872
2024,rth,large_div,0.05,0.07440932341785216,-0.0018345183194047898,-0.008183112137807523,0.07248559812978782,1.278919349671309
2024,rth,large_div,0.1,0.048332859280775416,0.0014627010219264165,-0.023251854958264546,0.043645512270593954,1.2941466776325399
2024,rth,large_div,0.15,0.008674608154572511,0.0077187169312812635,-0.0015663554722212432,-0.0004186232112799322,1.2720475041079418
2024,rth,large_div,0.2,0.0022274906654861136,-0.023722751811398005,0.0014176828069740672,0.02825740513256162,1.2217000914901233
2024,rth,large_div,0.25,0.002560906420893267,-0.07820954710304341,0.015526935847757377,0.08897387887518607,1.2028137414555842
2024,rth,large_div,0.3,-0.050547239682269894,-0.07166145135322327,0.021929033213326152,0.031743340034294416,1.2468511849257422
2024,rth,large_div,0.35,-0.060406949346367055,-0.07302480888981334,0.017557186513346857,0.023205823523334963,1.2025530491539946
2024,rth,large_div,0.4,-0.019590587083201008,-0.08472905633431235,0.052484375423841156,0.07291231756223907,1.1614429678341216
2024,rth,large_div,0.45,-0.026443198302173843,-0.08753260181961839,0.05979770805672757,0.07036986869844357,1.192062960301597
2024,rth,large_div,0.5,-0.0512276856184679,-0.07042257297103431,0.055755930154968665,0.02739628463337714,1.2458687103298047
2024,rth,large_div,0.55,-0.06758460996875983,-0.09387243005013858,0.05159258821227934,0.03769875280534976,1.2550896674142076
2024,rth,large_div,0.6,-0.09338288586270714,-0.09041465605242373,0.051692619625220405,0.008888940767867993,1.2981573353517932
2024,rth,large_div,0.65,-0.13095518938554546,-0.0900527961527477,0.048835715924959985,-0.029368675239953977,1.3197493960880768
2024,rth,large_div,0.7,-0.15892362205613883,-0.11749544872057811,0.056613252475753544,-0.029593335503150846,1.2998800585331252
2024,rth,large_div,0.75,-0.17635700729351705,-0.1202013893370388,0.06597482155978511,-0.04590702892315816,1.3146981065325816
2024,rth,large_div,0.8,-0.1971127505510186,-0.17358982332295234,0.08574836543453879,-0.0036773764051518383,1.3243176426608347
2024,rth,large_div,0.85,-0.20895552200650566,-0.26604955135489644,0.10509416988936023,0.09495413660192153,1.3746748119158487
2024,rth,large_div,0.9,-0.18604036264222207,-0.25252661800344245,0.14472302053530828,0.10448701170636326,1.42432916444297
2024,rth,large_div,0.95,-0.21974450116663236,-0.28423916072782845,0.1565676706666169,0.11002698468929818,1.386139577465589
2024,rth,large_div_post,0.0,0.12398779230231784,-0.20719974976173866,0.11253233568807812,0.33548704696332693,0.9651161748550114
2024,rth,large_div_post,0.05,0.03924476058932358,-0.2657275863029566,0.18443026898349132,0.3313764496335664,1.2145847350409518
2024,rth,large_div_post,0.1,0.024754049219893808,-0.30791136687650145,0.10315335958826535,0.3654741690758297,1.3813525427321338
2024,rth,large_div_post,0.15,0.010514588308406125,-0.21247713335301868,0.02991285179922772,0.2377839825518475,1.3744255507109884
2024,rth,large_div_post,0.2,-0.00797374340576668,-0.08469157182639502,0.017769882521327433,0.08365929585319234,1.2198251048605222
2024,rth,large_div_post,0.25,-0.008857655049078048,-0.027732367518864598,0.005925086017065339,0.021876633885857383,1.398411919105588
2024,rth,large_div_post,0.3,0.014242014804238451,-0.021768233745343774,0.025878313566488304,0.03921280218723022,1.396751191582972
2024,rth,large_div_post,0.35,-0.006875973608168215,-0.03863482692120247,0.025843621395507818,0.03955062464114279,1.5728622407314212
2024,rth,large_div_post,0.4,-0.03708869326042018,-0.06646647623399314,0.054506255529152454,0.04346035940506242,1.7298423462298385
2024,rth,large_div_post,0.45,-0.02703416961435895,-0.06206510646542875,0.05016519658390434,0.048733528875997745,1.776280904091806
2024,rth,large_div_post,0.5,-0.015508808850180442,-0.04504963429559889,0.03155462529131142,0.03932155291672422,1.8450753249152079
2024,rth,large_div_post,0.55,-0.02999174546866487,-0.008677897550985345,0.02813161129983095,-0.021128748227090554,1.8872004502361759
2024,rth,large_div_post,0.6,-0.07272203504477459,-0.023279547154430404,0.040953148248716716,-0.04658710842499301,1.946329866641452
2024,rth,large_div_post,0.65,-0.07914094748225939,-0.07363601548042463,0.047570700120563546,0.006723666575120981,1.816567708612368
2024,rth,large_div_post,0.7,-0.12343698410532616,-0.09796992650005895,0.04159124885980748,-0.00827333473390646,1.8386591115959414
2024,rth,large_div_post,0.75,-0.1312908705354389,-0.09351875573543945,0.06255952037792546,-0.017294419821279074,1.6444696762884015
2024,rth,large_div_post,0.8,-0.15762339155038096,-0.10856680224765727,0.130196197904771,-0.026547227030256165,1.5468839382010735
2024,rth,large_div_post,0.85,-0.16507017014311542,-0.09942165185140099,0.13163084848124756,-0.04726637113119329,1.6583956306306384
2024,rth,large_div_post,0.9,-0.12725445315459652,-0.15576542535285223,0.138633516062703,0.05748164057324252,1.6866056238468794
2024,rth,large_div_post,0.95,-0.18425244416156591,-0.208470969249803,0.1630460889305827,0.06324204524896956,1.790916870175294
2024,rth,volume,-1.0,0.4577532542627091,-0.10858780163679618,0.013408888052306368,0.5662197459441238,0.686323451112282
2024,rth,volume,-0.95,0.4462087685368511,-0.1486234926994251,0.013133630644080534,0.6025997277227492,0.6868475843802674
2024,rth,volume,-0.9,0.43337875682779375,-0.11622490830276322,0.00621595540699684,0.5615043527953408,0.6944285236281371
2024,rth,volume,-0.85,0.4781228904416406,-0.0831932411889706,0.009561135636988313,0.5592270268809031,0.6842637054397309
2024,rth,volume,-0.8,0.48185962574912067,-0.16505153214936596,0.024516997306797652,0.621009312872605,0.660186941066836
2024,rth,volume,-0.75,0.4776302547657074,-0.17161999329895308,0.0316422406716737,0.6133566382383286,0.6343616126490915
2024,rth,volume,-0.7,0.5216726875913642,-0.12115593933470852,0.00015015019658253274,0.6127641228881029,0.6272758473977245
2024,rth,volume,-0.65,0.5366207702155792,-0.06517467953873911,-0.005085742404725085,0.578975394263591,0.6155116090928598
2024,rth,volume,-0.6,0.5161077180613126,-0.03932452370994927,-0.037975381478046896,0.5312761859551065,0.6021588493777977
2024,rth,volume,-0.55,0.5266573632355769,-0.05037007619893375,-0.01850192998768502,0.5545107551532085,0.5698226552410974
2024,rth,volume,-0.5,0.5138270400070347,-0.0669539848202659,-0.02516932716329445,0.5692246307433259,0.608316675796569
2024,rth,volume,-0.45,0.5068619190512432,-0.04041594451337552,-0.032054499282806424,0.5412245910846865,0.5949434729904943
2024,rth,volume,-0.4,0.5038101908297651,-0.06152054583292146,-0.03861935319429187,0.5439158003715686,0.5886644025631886
2024,rth,volume,-0.35,0.546750533600031,-0.05976149621197961,-0.02626004171528444,0.589505305452403,0.6269387891230125
2024,rth,volume,-0.3,0.4954637818464851,-0.07142685172253092,-0.03722633943871035,0.5390567968113807,0.5898312210929607
2024,rth,volume,-0.25,0.5186972702862839,-0.06390997720127012,-0.012611815849125838,0.5700011616336897,0.6070720207582452
2024,rth,volume,-0.2,0.5376807468061792,-0.04969075127320724,-0.02590852149207961,0.5893548892669972,0.6007483348123075
2024,rth,volume,-0.15,0.6321158103290283,-0.06514665214013331,-0.03366609594402481,0.7159383167650166,0.5877521981878969
2024,rth,volume,-0.1,0.6549848801239457,-0.0217633972779075,-0.036611856980403715,0.6882448261030175,0.5823501020137011
2024,rth,volume,-0.05,0.6671104582405866,-0.04000809515972984,-0.04302981243832747,0.7085470413662546,0.5963033867660881
2024,rth,volume,0.0,0.680292701860116,-0.02850880433673066,-0.0422335313813889,0.6827224586595274,0.6279027833328272
2024,rth,volume,0.05,0.6143424821336629,-0.16103115335164542,0.02452537586999472,0.7559252062825222,0.6537466085939694
2024,rth,volume,0.1,0.5220589219128315,-0.22578837806821764,0.0696997818209659,0.731336627560794,0.6890525532331983
2024,rth,volume,0.15,0.520736179107189,-0.18473451173763814,0.044668061013722414,0.7059636761141371,0.7186169742214819
2024,rth,volume,0.2,0.5426406898669549,-0.14444189439076552,0.04535750078915287,0.7031189002046304,0.7224658118308777
2024,rth,volume,0.25,0.4958917969840054,-0.12121853973322153,0.015814530559830415,0.6229324389938977,0.6860373692154782
2024,rth,volume,0.3,0.5363649378907743,-0.12663680380105555,0.004018290146270249,0.6411230964723371,0.6042312604385742
2024,rth,volume,0.35,0.5780016549789005,-0.11929600517879693,0.0012166201563900368,0.6804645130089719,0.59884223014626
2024,rth,volume,0.4,0.5278516391519908,-0.11503373031957219,-0.0005223020916237834,0.632679157330431,0.5885224391019876
2024,rth,volume,0.45,0.5487358023251148,-0.08140272227995701,-0.025054238027339065,0.6015515877462053,0.5619166515734855
2024,rth,volume,0.5,0.5670074246642618,-0.04617231982727309,-0.0269330797884769,0.5867983822665948,0.570938909454773
2024,rth,volume,0.55,0.5373225082677414,0.013707080818178228,-0.06143416531199081,0.5126994714908523,0.5575769846596071
2024,rth,volume,0.6,0.5749696246841691,-0.00012453527285073257,-0.045664847450767855,0.5748368546404204,0.5740104235366718
2024,rth,volume,0.65,0.5823235801058937,-0.042618100632491974,-0.04622012260924202,0.6121155229865838,0.51557287964325
2024,rth,volume,0.7,0.6621732198777214,0.03816602212667936,-0.07604489266275785,0.6204127884467251,0.4899183404138313
2024,rth,volume,0.75,0.6918301914769234,0.12895754904850668,-0.09968669613949392,0.5324972068705203,0.47240952087104116
2024,rth,volume,0.8,0.6376192249734076,0.08983748418835293,-0.1371854523957996,0.5265485982643878,0.4270645664009728
2024,rth,volume,0.85,0.7155489535612027,0.19940299166886033,-0.15109457227888395,0.5125634022454703,0.45218395291845165
2024,rth,volume,0.9,0.7164750580043546,0.21832865494251388,-0.15924648332919847,0.49337221442706314,0.44278757855519235
2024,rth,volume,0.95,0.785064756741374,0.24004621824238376,-0.16974734997719101,0.5493577916906496,0.46933353236010394
2025,night,att_cancel,-1.0,0.24612733716642324,-0.08090878185738754,-0.0020417120609308157,0.317783487584296,0.9752216459705816
2025,night,att_cancel,-0.95,0.2012433593416822,-0.054001201810690486,0.03016960968472253,0.24586635443580657,0.9512357587450583
2025,night,att_cancel,-0.9,0.14500120313481443,-0.0044157438909932034,-0.00820770101506073,0.1453609381734014,1.0403197298169031
2025,night,att_cancel,-0.85,0.11094757326249713,-0.024624908279728526,0.015011937520329725,0.1356956529045902,1.0279646752619367
2025,night,att_cancel,-0.8,0.1086601496086301,-0.03699744054419052,0.009759678858508246,0.14641607833405018,1.011295513044872
2025,night,att_cancel,-0.75,0.10796007804288094,-0.06885491338614669,0.018273133316502488,0.17788419950684392,1.0163289372767725
2025,night,att_cancel,-0.7,0.07011203025494617,-0.03877624986866768,0.01109871865171082,0.10782853077984014,0.9974721833160034
2025,night,att_cancel,-0.65,0.07737768861037049,-0.026658801625786502,0.017154268818154635,0.10339774997143401,1.0258764443702244
2025,night,att_cancel,-0.6,-0.014165127820204107,-0.054562467453950755,0.03164867084033716,0.04120383403286441,0.9920013038149483
2025,night,att_cancel,-0.55,0.0353110780389364,-0.058428586045791195,0.030590094965503675,0.09389902455216467,1.0153543712916302
2025,night,att_cancel,-0.5,0.10724929696953002,-0.05365619940677349,0.01210148371929583,0.16263163313632686,1.0416717557323119
2025,night,att_cancel,-0.45,0.11903966254969812,0.008218353420977499,-0.010140985999981521,0.10898875184737555,0.971168174731754
2025,night,att_cancel,-0.4,0.04120953180978023,-0.0005997728236278261,0.00024733447709477405,0.04000749246288406,0.9490638150011224
2025,night,att_cancel,-0.35,0.061006722780484066,0.014094387195367751,-0.016025078591149447,0.04553025122179907,0.9655863783450662
2025,night,att_cancel,-0.3,0.02902307836378348,-0.030642113464757165,0.015127378157192837,0.05997212628944401,1.0044608963784813
2025,night,att_cancel,-0.25,-0.042563954421234604,-0.06656876030609468,0.024015340942198624,0.025433697444223725,0.9208847702145986
2025,night,att_cancel,-0.2,0.09030052089571998,-0.02756398339623476,0.0274522600345519,0.11348003388533895,0.9397507291337583
2025,night,att_cancel,-0.15,0.03155689142984592,-0.06762659538823643,0.03251173421743602,0.09790047638413761,0.941074371226794
2025,night,att_cancel,-0.1,0.023195185923879903,-0.036724077710461746,0.011012467129176227,0.05885866508539152,0.9422133366940691
2025,night,att_cancel,-0.05,-0.07149016857278187,-0.06464274010567576,0.049613705432699794,-0.0024814340986709384,1.0086101055882408
2025,night,att_cancel,0.0,0.4931836874164892,0.02131573865584066,-0.07505550099046202,0.4619269596012458,1.0141598735753419
2025,night,att_cancel,0.05,0.4655250115103221,0.10598454138624012,-0.10900440029257448,0.3653338623162599,1.106595235011729
2025,night,att_cancel,0.1,0.3092874948501423,0.11123101102577655,-0.07953965711040702,0.18777615986737325,1.094154203828624
2025,night,att_cancel,0.15,0.21887819789780663,0.14767518539408217,-0.09313477351217866,0.06754752129770598,1.0664209445697967
2025,night,att_cancel,0.2,0.19677772068072977,0.13034590394756673,-0.09129666482120692,0.06388953311382377,1.0324224590988265
2025,night,att_cancel,0.25,0.18357924640621165,0.1413130521521637,-0.10221848176241248,0.03710209697592893,0.9824277392096702
2025,night,att_cancel,0.3,0.12140120354798399,0.15384345776220135,-0.07596848014798727,-0.03534311332357452,0.9306495857853009
2025,night,att_cancel,0.35,0.06938233786648224,0.13589257877775837,-0.09647988701562044,-0.0629473846932679,0.8790531887645023
2025,night,att_cancel,0.4,0.12679949663487688,0.14977634047730234,-0.10744417955190856,-0.025259107081673827,0.9267634436985666
2025,night,att_cancel,0.45,0.18927290279396974,0.17178639735799334,-0.12955476469894311,0.011782018020062098,0.9242524384918199
2025,night,att_cancel,0.5,0.16544774702126613,0.15578286357601154,-0.11099427286430578,0.010788315804789674,0.8737081460474505
2025,night,att_cancel,0.55,0.22626927771754352,0.26251383159835073,-0.13436495875974624,-0.03479083421834594,0.8958715701433287
2025,night,att_cancel,0.6,0.23533189630766208,0.2851372238503088,-0.18696316687606568,-0.05258281850486071,0.8459511143149792
2025,night,att_cancel,0.65,0.2839685684821197,0.2686317692582436,-0.1809097154414506,0.002887505199318257,0.8714933098431018
2025,night,att_cancel,0.7,0.3328776668473242,0.3836146770030935,-0.23750908252782318,-0.05289736001379608,0.8519091917181508
2025,night,att_cancel,0.75,0.42661471634708287,0.4283560562017803,-0.2327385731470079,-0.03072241843084662,0.9517788487736063
2025,night,att_cancel,0.8,0.46690427721004973,0.49258035476310685,-0.2913557774765522,-0.038507521091687674,0.8843956577757454
2025,night,att_cancel,0.85,0.4903424366472796,0.5512774677546933,-0.3454159350688162,-0.0977952178879784,0.911101403746949
2025,night,att_cancel,0.9,0.46967389322395264,0.6233958556309335,-0.3431790667179022,-0.15548082754625198,0.8730328922454081
2025,night,att_cancel,0.95,0.44688465736907373,0.5593295753968749,-0.32864933936381135,-0.13272996009575444,0.8911674194219119
2025,night,att_eff,-1.0,-0.3734379212846007,0.07602521723049904,-0.019441500404091688,-0.4442815346826464,1.300010320910809
2025,night,att_eff,-0.95,-0.3983640566103028,0.08437001676851477,-0.006266442682134522,-0.46065554999465935,1.2526416685478485
2025,night,att_eff,-0.9,-0.30954789303687064,0.07165482606752463,-0.004282660262808781,-0.37606963581234354,1.3548008242790892
2025,night,att_eff,-0.85,-0.3479934836540901,0.12557163480162545,-0.015686691088081472,-0.4840014880505398,1.274343133846354
2025,night,att_eff,-0.8,-0.30756566399401886,0.0858521285323905,-0.0220390313310463,-0.3926147702506487,1.3826394873742707
2025,night,att_eff,-0.75,-0.3195810214246587,0.09834762045250071,-0.029916425868500972,-0.42503630840969436,1.4107050037181645
2025,night,att_eff,-0.7,-0.20987704225377887,0.050791129974252204,-0.009381241367188048,-0.2569375874037313,1.3268201145356262
2025,night,att_eff,-0.65,-0.2036274292713189,0.09577053446605266,-0.043854808355837854,-0.3084020199211558,1.3899237197105025
2025,night,att_eff,-0.6,-0.1670869106463401,0.1170339727598008,-0.03671402445798089,-0.2909102327638238,1.326662218761663
2025,night,att_eff,-0.55,-0.17377093221687911,0.12164735043186654,-0.04630923142981647,-0.3122478049465705,1.4297624411251362
2025,night,att_eff,-0.5,-0.24619916205517614,0.07528385061935133,-0.03316699282140827,-0.3199963168183192,1.2675240751652674
2025,night,att_eff,-0.45,-0.23744198139178577,0.037670807433640034,-0.003257622988880062,-0.271820640432611,1.3152228869696314
2025,night,att_eff,-0.4,-0.18329433584604882,0.07874959679557714,-0.02848090110625731,-0.2582722887883906,1.2811620502386072
2025,night,att_eff,-0.35,-0.1578651201915425,0.049880759234913426,-0.011335346006741163,-0.20439094915991451,1.3233331807794897
2025,night,att_eff,-0.3,-0.1524702303671854,0.050871653965708044,-0.012042694307814288,-0.207560185185514,1.3969038730756036
2025,night,att_eff,-0.25,-0.14727840374185264,0.08258786849068482,-0.029002364533253864,-0.23877194466320437,1.3934866294415669
2025,night,att_eff,-0.2,-0.23692639155236286,0.03870788065579447,0.008323004346453805,-0.26601675629984717,1.2540757033929772
2025,night,att_eff,-0.15,-0.25076231362037626,0.058862373573128186,-0.0003123734986316631,-0.30721366783715437,1.3700846469709616
2025,night,att_eff,-0.1,-0.3114597664568932,0.07261970547853874,-0.01603275509140827,-0.3780593252685784,1.3451032923712058
2025,night,att_eff,-0.05,-0.3791755791767124,0.07884605264158713,-0.015012904108425049,-0.4517346411875337,1.298338641987337
2025,night,att_eff,0.0,-0.6254801525909999,-0.051702934479790685,0.07675700301189006,-0.5488620592214289,1.4795713945290345
2025,night,att_eff,0.05,-0.3045216764892144,-0.029213904480464955,0.08725591760739573,-0.2665853685091967,1.5380498926010615
2025,night,att_eff,0.1,-0.2212050146929645,-0.12894036018671418,0.09356293865897966,-0.06657736004354063,1.4309270744960818
2025,night,att_eff,0.15,-0.10176898601199426,-0.1721984048032792,0.10087591196985692,0.0966465131421239,1.1912310909040074
2025,night,att_eff,0.2,-0.07024806942761032,-0.16362299970824368,0.10723732348649191,0.1144714549556552,1.0979284519137007
2025,night,att_eff,0.25,-0.06414412167258023,-0.2358942008685678,0.1328149498070103,0.19990799455850508,1.0768809373582284
2025,night,att_eff,0.3,-0.05394715391287677,-0.20681496722808304,0.10039972143558844,0.1778548442623946,1.1020293553425384
2025,night,att_eff,0.35,0.0013441587593338215,-0.16865119942263102,0.0912776668052165,0.18444362514732063,1.0679003788755006
2025,night,att_eff,0.4,-0.02759467127422796,-0.2007177973453521,0.10655721518517172,0.1955095148167561,1.1520967425335171
2025,night,att_eff,0.45,-0.11203632045834062,-0.1769617175957712,0.13950324979820858,0.09610055846686323,1.0924808887951865
2025,night,att_eff,0.5,-0.11020031608414124,-0.2626289314241742,0.10853796464353137,0.1801941871590055,1.0317998963803732
2025,night,att_eff,0.55,-0.14805616965182877,-0.31829049219766764,0.08186605713286962,0.21128786060408977,0.9897972325732293
2025,night,att_eff,0.6,-0.22883541875191798,-0.3702749869027414,0.08300314415338936,0.19281440372202047,0.9478246410297471
2025,night,att_eff,0.65,-0.23726545230327614,-0.38427365977334593,0.10750392610122696,0.20513492122534138,0.937405821589907
2025,night,att_eff,0.7,-0.28183474969394484,-0.43132809088606455,0.136357157338296,0.22283724460254856,0.9149399700687718
2025,night,att_eff,0.75,-0.3776791899820759,-0.5129915422637501,0.19238287069795035,0.2331106798475806,0.9261848425728122
2025,night,att_eff,0.8,-0.3908108927968726,-0.5807856480948828,0.2490403405593663,0.28135618868132717,0.8880874440766917
2025,night,att_eff,0.85,-0.4421943423799736,-0.6258743990340306,0.27286231668351185,0.30911342059458735,0.9117330644102745
2025,night,att_eff,0.9,-0.3929156612748212,-0.6169520828985304,0.38371542146593735,0.33048871586972867,0.8779679500906529
2025,night,att_eff,0.95,-0.3680608135090082,-0.5636177221749431,0.40906950103198414,0.30846195320766767,0.992181352869555
2025,night,att_refill,-1.0,-0.1825847910173344,0.0460339679293681,0.0030504115554440994,-0.23040152436536404,1.1319192191189509
2025,night,att_refill,-0.95,-0.2246493067986562,0.07730700511220928,-0.01795664171852033,-0.30269203959629304,1.0541629905439927
2025,night,att_refill,-0.9,-0.2449327816075142,0.12014111199846744,-0.03241113542268042,-0.36656121196119534,1.067644514951598
2025,night,att_refill,-0.85,-0.2654491829692748,0.1194204636502299,-0.04329388253468295,-0.3919807589343648,1.0624298368469223
2025,night,att_refill,-0.8,-0.24110418565383504,0.08260564042752888,-0.03701398904897736,-0.3347354314546403,1.0919065017
2025,night,att_refill,-0.75,-0.278182994699633,0.09815101475428646,-0.016969203761157164,-0.3863202877007603,1.117493267711132
2025,night,att_refill,-0.7,-0.22998022319958905,0.1024244357050147,-0.041962132955338224,-0.33815501044243046,1.1144123737577474
2025,night,att_refill,-0.65,-0.2536264411958357,0.10415341680448283,-0.0324778899342273,-0.3684922616602002,1.0652118088005178
2025,night,att_refill,-0.6,-0.2035498981151055,0.08116256366833466,-0.04135721687997394,-0.2827650087830919,1.0458912287964537
2025,night,att_refill,-0.55,-0.16512184981364225,0.09640245066197937,-0.053594254378338965,-0.26530693685243734,1.0412359623243563
2025,night,att_refill,-0.5,-0.2022037237138636,0.09266581387984531,-0.04873359031447528,-0.2912003743881644,0.9888907783680729
2025,night,att_refill,-0.45,-0.2534616257032078,0.07301374929131153,-0.022538372239372745,-0.3255528313534388,1.0550024982179163
2025,night,att_refill,-0.4,-0.21060211009596502,0.0399830024387826,-0.004792241744512598,-0.25427723391603874,1.0737983827142428
2025,night,att_refill,-0.35,-0.2683024214880639,0.031569744906344774,0.005061917151145636,-0.2954839509046736,1.104326277963954
2025,night,att_refill,-0.3,-0.23390980164442768,0.06422727865747857,-0.005015077211544866,-0.29883755047063204,1.059826714595757
2025,night,att_refill,-0.25,-0.20303690695590454,0.058377414493236746,-0.0108951626682767,-0.2581403854948694,1.0018389771603216
2025,night,att_refill,-0.2,-0.21133036267511138,0.03868385675119287,-0.011511535553992114,-0.24986947254218356,1.0540075057794653
2025,night,att_refill,-0.15,-0.19992956232686104,0.09025347801894884,-0.02395001127743218,-0.2901642124529631,1.049844355046256
2025,night,att_refill,-0.1,-0.21321255508415168,0.08294111104945603,-0.02956084136261517,-0.2900349182833055,0.9670162547982786
2025,night,att_refill,-0.05,-0.1380713111178684,0.057296031124796996,-0.02980473142045787,-0.19011931254239167,0.9397516644516852
2025,night,att_refill,0.0,-0.3056835780749478,-0.0075883296994659335,0.02858626019611911,-0.30804348318349506,1.1609359756177915
2025,night,att_refill,0.05,-0.4069040822648133,0.004365523466718493,0.026488016499002717,-0.41514035657841397,1.2963315246884917
2025,night,att_refill,0.1,-0.31813484884949006,-0.013281048908369175,0.029842352295914098,-0.30111218554984065,1.1575708923324401
2025,night,att_refill,0.15,-0.32799028282317544,-0.03859770817909381,0.04474652536643048,-0.28953009417368336,1.22667828691355
2025,night,att_refill,0.2,-0.312996714796176,-0.033964201581031785,0.04359543360238506,-0.2812153434153243,1.1803769399187996
2025,night,att_refill,0.25,-0.3530555405784427,-0.028290884940021518,0.035085768192523056,-0.32553108912703027,1.1281850248893979
2025,night,att_refill,0.3,-0.28576844130646945,-0.019340816897616363,0.0352845761290268,-0.26573127473016017,1.1374487718027628
2025,night,att_refill,0.35,-0.26258530589927354,-0.028605580824395432,0.04019350804510635,-0.2324586444990597,1.1914870480715285
2025,night,att_refill,0.4,-0.28480533769141353,-0.03031528941358093,0.05737460746900219,-0.25293937996700677,1.1139026248464425
2025,night,att_refill,0.45,-0.31076259087961156,-0.019827565091038547,0.03636056151976117,-0.2892202523715308,1.166457190649657
2025,night,att_refill,0.5,-0.3166231342745117,-0.04787413311042424,0.073193922533759,-0.26772801886799025,1.1600499898420404
2025,night,att_refill,0.55,-0.30947464500647254,-0.07108982979826856,0.08503168167259281,-0.23889440743525847,1.271190605807189
2025,night,att_refill,0.6,-0.36547444560502257,-0.10036224655084452,0.10176060018642753,-0.272919940408889,1.2774683122508652
2025,night,att_refill,0.65,-0.39640169149944804,-0.14626298040068997,0.11811852157406169,-0.25454471935974327,1.235139508639373
2025,night,att_refill,0.7,-0.4259957530844985,-0.2002367929984048,0.14919441291326452,-0.2279276723634676,1.2142562356922437
2025,night,att_refill,0.75,-0.47761418249601634,-0.18225220699522918,0.1481998099074869,-0.29843031339239684,1.3251961800681875
2025,night,att_refill,0.8,-0.4285502162231851,-0.23865084650855206,0.21844905509854537,-0.17421363796544473,1.3265979691797853
2025,night,att_refill,0.85,-0.45341883189941257,-0.32222896263256595,0.22024472847704232,-0.11640532569346364,1.3726088677504942
2025,night,att_refill,0.9,-0.47798543681298417,-0.33000725506265965,0.2713820802042337,-0.1534101519321041,1.386245706986855
2025,night,att_refill,0.95,-0.4406415042654344,-0.33622912957666407,0.25254718598317927,-0.09868965774129483,1.3952114947666696
2025,night,balance,-1.0,0.30628710273268167,0.013260033345964308,-0.02947484378886358,0.29468362836071044,1.0148478436939037
2025,night,balance,-0.95,0.28916463746559423,0.0077246598085840106,-0.04252328570189935,0.2838107228225947,1.032090436640028
2025,night,balance,-0.9,0.26601878551907265,0.007218432676380697,-0.02718153786213669,0.26031954121281997,1.0002137229519614
2025,night,balance,-0.85,0.24050762849945,0.008308576711747132,-0.030124241630301793,0.2314290422887601,1.0206078408724972
2025,night,balance,-0.8,0.2712590368080726,-0.0014225980126290542,-0.026137167329821076,0.2683513757577057,0.9501490129890717
2025,night,balance,-0.75,0.24252743603212845,-0.004111162709998793,-0.018453832988152667,0.24412911687889605,0.9477587043631829
2025,night,balance,-0.7,0.26054604063834513,-0.015549322508799375,-0.017694078645454765,0.2745530517409756,0.9664319642404512
2025,night,balance,-0.65,0.24431501227463873,-0.0267634858601278,-0.013849012429706148,0.2707387530657352,0.9954260387941826
2025,night,balance,-0.6,0.2483011227062718,-0.037641366350986194,-5.410106764374449e-05,0.2898980570791644,0.9928029653166982
2025,night,balance,-0.55,0.2681559971403533,-0.032803169781974915,-0.0023783656562538337,0.30014367119408525,0.9947950821946238
2025,night,balance,-0.5,0.229400076945606,-0.031236890121824862,-0.010088571587801685,0.259684358342587,0.9935895915447266
2025,night,balance,-0.45,0.2474238398941723,-0.03693514494899939,0.0006456646454006535,0.28618292415646257,1.0168998157764697
2025,night,balance,-0.4,0.27338087668880456,-0.03656858379536361,0.015793129139389555,0.3076478325990096,0.9751523382623027
2025,night,balance,-0.35,0.26812817401674377,-0.030853477581381645,0.0017477412585731255,0.2973500262333484,0.9813701556991177
2025,night,balance,-0.3,0.26578167667395497,-0.03886517021683757,0.0016090352868338466,0.3023330294270511,0.9880710447677311
2025,night,balance,-0.25,0.2645199317121955,-0.007843168039085914,-0.013536164370130142,0.2700131229084778,0.9825201890250393
2025,night,balance,-0.2,0.25202778437460377,-0.04880438963503407,0.006769191496950426,0.3003712795655499,0.9820023823027566
2025,night,balance,-0.15,0.24560829778591367,-0.019409345373201638,-0.006687476452759638,0.26198163179142664,0.9678465518990811
2025,night,balance,-0.1,0.2549342828941962,-0.03190629730290499,0.0031816905094449476,0.2824954844667075,0.9420590679017445
2025,night,balance,-0.05,0.21720559222338323,-0.007948459074263966,-0.010677678064053968,0.22126247049262507,0.9413815498060317
2025,night,balance,0.0,0.1405255396552349,-0.02015749894924627,0.009325196648460567,0.1588820839500945,0.9750577850501059
2025,night,balance,0.05,0.16722586844190354,-0.04351619243893701,0.01986738723579375,0.2121335051197385,1.03858795773428
2025,night,balance,0.1,0.1553769121332766,-0.058456308228999526,0.02062574916870839,0.2157236174327476,1.0457054093592677
2025,night,balance,0.15,0.16429948874818595,-0.08882108832136106,0.025479496089538253,0.25546527086277454,1.0353668850960294
2025,night,balance,0.2,0.18986211655778648,-0.07350453988518166,0.025895364476513864,0.26537353599744523,1.0738985344524365
2025,night,balance,0.25,0.1938585905310974,-0.0695784124466597,0.0166140506341917,0.2681104601955636,1.0566669628869498
2025,night,balance,0.3,0.21317093184754002,-0.08500190024788302,0.02895560442078783,0.2973198817389321,1.0644371480217854
2025,night,balance,0.35,0.22124134363970113,-0.07232127461346047,0.033750455798995105,0.29120514402010506,1.077108716056691
2025,night,balance,0.4,0.24092316841739447,-0.07800621538941414,0.033483079527848035,0.31900918088045205,1.074231522151879
2025,night,balance,0.45,0.21440184231144066,-0.08742646461770978,0.056392670682309805,0.2991972845978993,1.0710365819791006
2025,night,balance,0.5,0.16628464293921857,-0.13812496699143775,0.07099349257602693,0.30389503249181987,1.0494133372768903
2025,night,balance,0.55,0.15795584664651813,-0.11497518250236277,0.0641798696909156,0.2772721338699827,1.080531048148553
2025,night,balance,0.6,0.15724149347973812,-0.1511557520479467,0.08441319808888553,0.31871363818361065,1.0788156445981885
2025,night,balance,0.65,0.13307320400202036,-0.14798045736176155,0.11461816559247567,0.28885194875533876,1.0941852846837175
2025,night,balance,0.7,0.129188981465667,-0.17706225138140735,0.09874361912348029,0.31131839575154896,1.070835165817998
2025,night,balance,0.75,0.08880639092400093,-0.20296820536225946,0.12062223305513908,0.2994921770572014,1.099426905928162
2025,night,balance,0.8,0.10605487134131883,-0.21409460778038442,0.14644265924264616,0.3295845253085403,1.087831832685637
2025,night,balance,0.85,0.08510614960701482,-0.2606353157885808,0.14761147544627143,0.36292382376354304,1.0810602691528748
2025,night,balance,0.9,0.0479970065954775,-0.2885849618666031,0.14978738806386152,0.3635224514836558,1.138978124355423
2025,night,balance,0.95,0.041471292261649986,-0.27580726878965384,0.19990538170273378,0.3428656182980389,1.1672273760441008
2025,night,def_cancel,-1.0,-0.12104749524550021,0.019743780307249752,0.003984328547457253,-0.14518762713697317,1.0891888224354083
2025,night,def_cancel,-0.95,-0.1615180840355111,0.06490449204731008,-0.0017852395906123215,-0.2263622215880706,1.0131017972027418
2025,night,def_cancel,-0.9,-0.1585589532836475,-0.003889028069737227,0.008984086965587357,-0.15001370350243634,0.9834237902298677
2025,night,def_cancel,-0.85,-0.1767968207746203,0.07836551542291692,-0.03972825841705026,-0.2562831877021255,1.0405827500304727
2025,night,def_cancel,-0.8,-0.1593568654878671,0.03358473282361905,-0.004811852571273261,-0.1912694505878766,1.043131952808297
2025,night,def_cancel,-0.75,-0.12039744848520953,0.0,0.008931459296474016,-0.11970691684585293,1.0360468152928703
2025,night,def_cancel,-0.7,-0.09593275771067859,-0.01902673702692429,0.019307339842546546,-0.07287301090196915,1.062308607487196
2025,night,def_cancel,-0.65,-0.15551983722915647,0.06394373479114117,-0.016637567844106024,-0.21956206037651385,1.0586717365642928
2025,night,def_cancel,-0.6,-0.0716822063120211,0.006065777027496494,0.005128614485886383,-0.07665583939412807,1.1129896753079538
2025,night,def_cancel,-0.55,-0.09341824019985871,0.04717331559501261,-0.010178599280155175,-0.14060084339798434,1.0254455752015508
2025,night,def_cancel,-0.5,-0.15883805387978328,0.058392481239809876,-0.020641728616161325,-0.2134150304321801,0.9598645359068687
2025,night,def_cancel,-0.45,-0.10454296993017065,-0.02956531969419788,0.012343120450764893,-0.07340151869328877,0.9599122442010133
2025,night,def_cancel,-0.4,-0.029077231599540267,-0.055685075021840856,0.011792481656905057,0.027450788692955586,1.009417861766946
2025,night,def_cancel,-0.35,-0.06576060341974398,0.01576150856926973,-0.0016062733566358756,-0.08245903571188241,1.0712370040638777
2025,night,def_cancel,-0.3,-0.040400774867187385,-0.0005263105439157935,0.005779916966514043,-0.03999007005749878,1.009568425099291
2025,night,def_cancel,-0.25,-0.015171036674707048,0.0037721721428009476,0.00012108925887442582,-0.018904987788933878,1.0064224474254952
2025,night,def_cancel,-0.2,-0.027836896042255782,0.0011728418193904962,0.0012866001397044333,-0.028835970978094712,1.06472880653191
2025,night,def_cancel,-0.15,-0.08163177544729414,0.016654245616290676,0.0007363042154310061,-0.09654078830369114,0.9916531867058832
2025,night,def_cancel,-0.1,-0.11384097153215451,0.025514967444178017,-0.002052195403625428,-0.1388071433084219,1.0450072916979254
2025,night,def_cancel,-0.05,-0.08352847802343005,0.03793983166001811,-0.02229121977458633,-0.11915136896081287,0.9570470442540687
2025,night,def_cancel,0.0,-0.5438575142060026,-0.03853976850212298,0.08616390441976474,-0.49443005236184867,0.9316015906022972
2025,night,def_cancel,0.05,-0.3267872843105056,-0.0716891884685321,0.09948875236050693,-0.25519025053566546,1.2938699573853163
2025,night,def_cancel,0.1,-0.16745819619118546,-0.08509425476017721,0.07929019842560377,-0.07888054331281642,1.219446471872349
2025,night,def_cancel,0.15,-0.06880279844004701,-0.1107326006906626,0.07692143005041036,0.04898483868980108,1.1560099932443435
2025,night,def_cancel,0.2,-0.019328528785516098,-0.10563040272806208,0.047064012219276315,0.09156228020900115,1.0995171992658632
2025,night,def_cancel,0.25,-0.07003707512648352,-0.142471601684682,0.07621460043434798,0.07838374975487332,1.0449939940325783
2025,night,def_cancel,0.3,-0.029817674288639878,-0.13380619112403355,0.10469481988612528,0.10496606423613034,0.9553460598895657
2025,night,def_cancel,0.35,-0.006583324358984932,-0.1544207345663222,0.09323026550889275,0.1442216381480364,0.9227196312217454
2025,night,def_cancel,0.4,-0.013153898848215283,-0.16940433489695997,0.12577356887522814,0.1538689459516246,0.9179726519956658
2025,night,def_cancel,0.45,-0.045035652629035534,-0.16815602022945028,0.10432475752939417,0.12779715224853075,0.9507737841426447
2025,night,def_cancel,0.5,-0.08654630460362184,-0.23807184307868434,0.1767203620424716,0.14957892361122582,0.865786102052769
2025,night,def_cancel,0.55,-0.10760549461804894,-0.2620310957729408,0.16734477067733966,0.160138117556968,0.909242834086346
2025,night,def_cancel,0.6,-0.1761528164020001,-0.30092392330613754,0.18378426244882928,0.1319915794307639,0.8745388702328375
2025,night,def_cancel,0.65,-0.22105265606133312,-0.3079571320862785,0.22054254024533496,0.09520454650628728,0.8930151259301692
2025,night,def_cancel,0.7,-0.22012675000023715,-0.3923685987351583,0.2337313609457594,0.17346327018221994,0.8711676400115274
2025,night,def_cancel,0.75,-0.2961530200495314,-0.43168744122623764,0.2630990722090794,0.15373095245200616,0.899126017837608
2025,night,def_cancel,0.8,-0.33799412291199293,-0.4987153323698053,0.3252490429541853,0.17327627738515913,0.8939071402336662
2025,night,def_cancel,0.85,-0.3835718344558098,-0.5684018519646759,0.34497406095888755,0.20755696777496627,0.9219835209451803
2025,night,def_cancel,0.9,-0.36768616376805097,-0.6119683919454955,0.3903462717582543,0.2843651422605563,1.040766080722492
2025,night,def_cancel,0.95,-0.36316098120698037,-0.5743399433024167,0.37487657930515406,0.2295320857979359,0.9427440622363775
2025,night,def_eff,-1.0,0.1178372989008122,-0.057952560600049864,0.007698766612658049,0.18105065017030658,1.2792105825801603
2025,night,def_eff,-0.95,0.2556949854601679,-0.05275105816524104,-0.004709656612514046,0.29477074628472383,1.3060759160367386
2025,night,def_eff,-0.9,0.21927137975130379,0.0,-0.023665830823064147,0.20679931881203498,1.4141261476682843
2025,night,def_eff,-0.85,0.27045216447498754,-0.04484608182415563,0.012824567533470341,0.30784078704119067,1.2467159216508574
2025,night,def_eff,-0.8,0.21386313900594056,0.026411359706997192,-0.041351757750378394,0.1763724549751608,1.4344651269881825
2025,night,def_eff,-0.75,0.1714436728509098,-0.010497508175256506,-0.01523907077197145,0.17700092511599827,1.3929580207798535
2025,night,def_eff,-0.7,0.10455444483990434,0.045713076296380294,-0.048820762602667704,0.047233293747495554,1.4090508318307768
2025,night,def_eff,-0.65,0.11523340418470855,-0.025671510354346283,-0.0028733455633803617,0.1397939885430339,1.417280298318
2025,night,def_eff,-0.6,0.06303461437233397,-0.029725661574487142,0.006973031189906773,0.09323655843487845,1.3321943709766222
2025,night,def_eff,-0.55,0.03134737029412653,-0.05859753767586843,0.0311528308199117,0.09841443591945594,1.4005231826202367
2025,night,def_eff,-0.5,0.10455004437245648,-0.09599078897695906,0.017655052079961542,0.2093245920860485,1.3172375880985956
2025,night,def_eff,-0.45,0.09935617317576853,-0.005877459467030423,-0.0013989113639879458,0.10254653925464981,1.335847376340916
2025,night,def_eff,-0.4,0.04774135372373585,0.007323118110334255,-0.024260805858157358,0.03687149320450124,1.2434931094689101
2025,night,def_eff,-0.35,-0.011700328863446532,-0.055429951694561705,0.019082216887629202,0.0525011619859526,1.314480506841715
2025,night,def_eff,-0.3,0.09452946943580795,-0.02027989898087634,-0.0013449918239887332,0.11374322224058539,1.3104944567095882
2025,night,def_eff,-0.25,0.05256136699898653,-0.021759948509268642,0.010676254485099904,0.07575124557057156,1.4202549645861124
2025,night,def_eff,-0.2,0.07268063700965276,-0.05322757020547344,0.015080579869908515,0.12930885167381884,1.3021727703790797
2025,night,def_eff,-0.15,0.13291661049636627,-0.06238800831661971,0.008522388155077321,0.19736104540475014,1.2702854899539462
2025,night,def_eff,-0.1,0.219214885886078,-0.05483387489239312,0.007691284509348466,0.26909610637090103,1.324674257046194
2025,night,def_eff,-0.05,0.25534860687460104,-0.08430624823598651,0.028220128527593594,0.3391284346577943,1.2584881689689607
2025,night,def_eff,0.0,0.6147228467244668,0.019153029729892045,-0.07314374641798199,0.5855514182600343,1.5815404932449428
2025,night,def_eff,0.05,0.2962061434000678,0.10520237469494341,-0.0584410439544968,0.15986351870111293,1.8950805649967786
2025,night,def_eff,0.1,0.15858514445395722,0.14448705174355525,-0.09330774503195767,-0.014524381214741188,1.5777967238490935
2025,night,def_eff,0.15,0.0014966222290428712,0.249803662465754,-0.1460763329921862,-0.2896772967176378,1.414306103643729
2025,night,def_eff,0.2,0.009058410967103941,0.15957941813105583,-0.11562850248833664,-0.1712780022993749,1.2442821203677985
2025,night,def_eff,0.25,-0.03182615693203641,0.273615107274842,-0.14449220911658434,-0.333695862586197,1.1695525156906004
2025,night,def_eff,0.3,-0.11152887588464074,0.2507412378352251,-0.1376891746382775,-0.38312079503420987,1.2057405638212153
2025,night,def_eff,0.35,-0.06311820667266012,0.17814659983610734,-0.08446124487353107,-0.2533909673927544,1.1833216217577973
2025,night,def_eff,0.4,-0.0849421808099321,0.21678833453177135,-0.12037031572903795,-0.31723357376214184,1.2124001874770827
2025,night,def_eff,0.45,0.011480539514173379,0.23335727099770764,-0.1788177546737425,-0.24400240634837445,1.1647337527434733
2025,night,def_eff,0.5,0.01103724791883672,0.2771291948601253,-0.13055604642988367,-0.29109964844717806,1.178993872240769
2025,night,def_eff,0.55,0.03290292728879972,0.2869102455368947,-0.1768397289647125,-0.28808421155726427,1.2052738911119032
2025,night,def_eff,0.6,0.048314061971250676,0.31214152438348824,-0.2419000736466524,-0.2955863247714356,1.108371077542484
2025,night,def_eff,0.65,0.10164450207575262,0.3620479095468755,-0.21548978628932874,-0.30097390523060014,1.0947636185362388
2025,night,def_eff,0.7,0.11485125293554567,0.3929165158367405,-0.2731377944057512,-0.316570401651819,1.0412742814289955
2025,night,def_eff,0.75,0.22150713534553532,0.4837787923436461,-0.26310063736926625,-0.3291984246283531,1.1085584044060046
2025,night,def_eff,0.8,0.25350304501565746,0.5649471801891174,-0.26464893430983355,-0.3888634130111915,1.1370954950476557
2025,night,def_eff,0.85,0.3267293765551359,0.5821121079373632,-0.2708531162399962,-0.3705995159799085,1.2057363799767455
2025,night,def_eff,0.9,0.31809014429677296,0.6210582412773239,-0.3263111588318816,-0.40241520658036656,1.1971216147355683
2025,night,def_eff,0.95,0.3320317638313617,0.5738262112798977,-0.36049247327937906,-0.3544803064856869,1.1854358734608772
2025,night,def_refill,-1.0,-0.21153546815552987,0.026506399992196523,0.012789592412588221,-0.23501188579735818,1.0750669956441903
2025,night,def_refill,-0.95,-0.16415516375263933,0.04636027367829999,-0.018325070059608678,-0.20368949930014993,1.046103027546409
2025,night,def_refill,-0.9,-0.1941209423976081,0.08003880196494555,-0.009046357989669485,-0.2750884084881529,1.0241568970243626
2025,night,def_refill,-0.85,-0.12949308331793918,0.04990745804952625,-0.027243411548865178,-0.17661800056146612,1.0387933787716008
2025,night,def_refill,-0.8,-0.13021615903689637,-0.00580066281921962,0.018935983491754516,-0.12035791652940422,1.1311628426397313
2025,night,def_refill,-0.75,-0.11003042479092776,0.021706141076014235,-0.01572468526403755,-0.1289839113770602,1.0513516667046143
2025,night,def_refill,-0.7,-0.15333853804339698,0.06660373162167138,-0.026356021562298576,-0.2172757946574807,1.0597979903104326
2025,night,def_refill,-0.65,-0.15744859160091454,0.06641066353087713,-0.02247232023024934,-0.22550497336304717,1.1003677756187615
2025,night,def_refill,-0.6,-0.10966173907217686,0.029628137312046377,-0.005362552390083679,-0.14067510941706218,1.1043422235704892
2025,night,def_refill,-0.55,-0.1525569551190186,0.02641238280701878,0.004096746442237267,-0.17714736361381841,1.0961543576210169
2025,night,def_refill,-0.5,-0.08814695457487594,0.07382880941253717,-0.026458936793593898,-0.16568894185086508,1.0885394676733138
2025,night,def_refill,-0.45,-0.11757930161952011,0.07058918150125154,-0.022321412717168615,-0.1872160945323759,1.0488234066948858
2025,night,def_refill,-0.4,-0.18523790446176083,0.0278043734202706,-0.010895437247194412,-0.2105352291500906,1.065686713225173
2025,night,def_refill,-0.35,-0.2215739768307847,0.00981973511488861,0.004536082305593729,-0.22597028715315512,1.0672477375218254
2025,night,def_refill,-0.3,-0.22075493526670104,0.03250571069873659,0.008088853194298234,-0.24889471705521654,1.0153058244776887
2025,night,def_refill,-0.25,-0.22746642925310948,0.015013112933744176,-0.002150870323389546,-0.23578436111026452,1.034515322497472
2025,night,def_refill,-0.2,-0.18156807951978615,0.024350367060697396,-0.0024755432400319867,-0.20210570346499665,1.0797618635543902
2025,night,def_refill,-0.15,-0.1793711273636441,0.018035979898407956,0.003764387904199456,-0.19418187960971806,1.073442850716344
2025,night,def_refill,-0.1,-0.192570076020179,0.014221783305449742,0.005573397086781776,-0.20252603284786957,1.0797981977029643
2025,night,def_refill,-0.05,-0.1894040636342043,0.0675667328360662,-0.026490860406432674,-0.25348408936474914,1.061461061733294
2025,night,def_refill,0.0,0.005662669393447697,0.09149809856497518,-0.04676604262860048,-0.09006230112228603,1.0881507303844256
2025,night,def_refill,0.05,0.05363424930554877,0.1130540392636937,-0.08366413382319937,-0.06481640033126099,1.089130590737007
2025,night,def_refill,0.1,0.021064774563194853,0.07741979452295217,-0.054562641528483745,-0.059364224453743675,1.0760080378926833
2025,night,def_refill,0.15,-0.027178120001325627,0.14648661575834948,-0.06343813978017901,-0.17999798440764703,1.0918084006069304
2025,night,def_refill,0.2,-0.08764425570028372,0.14527903877548462,-0.06706402493806159,-0.23928600163720484,1.0970401067741553
2025,night,def_refill,0.25,-0.09491069678948454,0.12300606752631929,-0.059907553491087895,-0.22388603210840907,1.1541090212565288
2025,night,def_refill,0.3,-0.13650694740730665,0.12916633205363112,-0.07871488884389402,-0.270184549755105,1.0715191382664035
2025,night,def_refill,0.35,-0.17720770022734758,0.1486487063270404,-0.06456443368187766,-0.3306962422339679,1.0813616874042384
2025,night,def_refill,0.4,-0.1824008643481073,0.13165640665366174,-0.05777950665444572,-0.31550360502619984,1.0985220043723862
2025,night,def_refill,0.45,-0.16616157388830605,0.10522049300312313,-0.049557326059482994,-0.2718488361710751,1.0406562818460787
2025,night,def_refill,0.5,-0.17352381275807766,0.13686747152370127,-0.06600027876782787,-0.3173095447807007,1.1355722874226204
2025,night,def_refill,0.55,-0.19752319640192662,0.1478824865803213,-0.08320032539971174,-0.3493980526031501,1.0574770647395415
2025,night,def_refill,0.6,-0.13862936218835265,0.1726921937006904,-0.0661703235678957,-0.31355702702507215,1.0000941806754546
2025,night,def_refill,0.65,-0.16271131983695253,0.21095722392113675,-0.08716036529242242,-0.36548191466974383,0.9243809720133727
2025,night,def_refill,0.7,-0.09000562049626629,0.20779443996445765,-0.11200763865552124,-0.2983037467835747,0.9638556368452268
2025,night,def_refill,0.75,-0.11327852606022952,0.22134131924192013,-0.1304968392104017,-0.333603461978421,0.925722485010837
2025,night,def_refill,0.8,-0.10924476355016234,0.2526513632431346,-0.1852407108781704,-0.3716834404535619,1.0315483122744091
2025,night,def_refill,0.85,-0.045701778421959834,0.31000914499551924,-0.1668787587844786,-0.35828845342206045,0.9468215944855178
2025,night,def_refill,0.9,-0.06052527281415178,0.3652899097415943,-0.19554048969937035,-0.42958625624260727,0.9842371879173688
2025,night,def_refill,0.95,-0.06144586448671588,0.36578757223099095,-0.18521018704794448,-0.42220036580615455,0.8695794877741325
2025,night,delta,-1.0,0.0005820547947647229,0.06119834916860279,-0.04165508726045724,-0.0610320672217477,1.0069421702523684
2025,night,delta,-0.95,-0.04281270839625464,-0.00027827069578208836,0.02594379264111563,-0.042481042159082896,1.0465267659891673
2025,night,delta,-0.9,-0.07414541731153348,0.0647837004124157,-0.006621471362427733,-0.1382548197840397,0.9945485071960493
2025,night,delta,-0.85,-0.09840237221697969,0.056735191679090136,-0.02029506003453508,-0.15537184437252752,1.0058211016832537
2025,night,delta,-0.8,-0.10362638754492662,0.006177765012912036,0.004335981607152555,-0.10849969256237382,0.9824728169240711
2025,night,delta,-0.75,-0.07845592553282703,0.05599316897137179,-0.027548620914612333,-0.1349215793150394,1.0640536957490818
2025,night,delta,-0.7,-0.013355457935645665,-0.012047605863315118,0.00207492875093085,-0.0008099800265945742,1.0149390470294324
2025,night,delta,-0.65,-0.1345381708211777,0.04548828445548393,-0.011643852620120413,-0.18421622313428923,1.070775806023886
2025,night,delta,-0.6,-0.10344949073372874,0.0720677794411166,-0.03515606406164946,-0.17858442796847043,1.0867913152349953
2025,night,delta,-0.55,-0.027197905549312174,0.0448417663444065,-0.015585220538602316,-0.07263119867225135,1.0279793859753785
2025,night,delta,-0.5,-0.055359043169852774,0.05828625121264428,-0.024079370066545654,-0.11374175611428343,0.9964483590770039
2025,night,delta,-0.45,-0.08319619462648954,0.047125180107412755,-0.017313056661278723,-0.13258485175731435,1.0664089412885698
2025,night,delta,-0.4,-0.040409964794899035,0.002993736997334312,-3.260035366051774e-05,-0.043948901114931146,0.9615760755729014
2025,night,delta,-0.35,-0.03163429690338361,-0.02779428503907649,0.021221265558139194,-0.004213553162674815,0.9879689987568816
2025,night,delta,-0.3,-0.055248863640563646,-0.005072500387839437,0.004429359982579312,-0.050507226264086116,0.9439368616124856
2025,night,delta,-0.25,0.039317962729006374,0.06687509112337137,-0.04371541045494656,-0.027009510567509134,0.9438347112906685
2025,night,delta,-0.2,0.0,0.05329001042262548,-0.033038408364590106,-0.054104737927389616,1.0157703752653162
2025,night,delta,-0.15,-0.010691791281039188,0.03028454415162698,-0.021773094305965086,-0.040342594353385844,0.9618665465182131
2025,night,delta,-0.1,0.03145721117341429,0.022671655554325224,-0.01090642678722368,0.009443509165353048,1.0230433477546304
2025,night,delta,-0.05,0.09386029397915022,0.02785363164961756,-0.018539030291518908,0.06767683805203112,0.9446408578526834
2025,night,delta,0.0,-0.306509787580633,-0.09301423742254065,0.06870287231113563,-0.2146161327097497,1.0199440902662218
2025,night,delta,0.05,-0.40069948741348654,-0.069768776221267,0.07626987381305461,-0.33773561421244974,1.1482719022155914
2025,night,delta,0.1,-0.2702642232293783,-0.10456518239757516,0.09257529750738192,-0.16916340189930643,1.1967511226838046
2025,night,delta,0.15,-0.1394498918526361,-0.1159768632598959,0.10153671732308052,-0.019577646874347918,1.1464109836264393
2025,night,delta,0.2,-0.09938382945344792,-0.11039256403007738,0.09785109038970441,0.015083695568767331,1.09313041845513
2025,night,delta,0.25,-0.08645195214648348,-0.13661810619319942,0.08713334218117859,0.05595914494518781,1.1326916990685272
2025,night,delta,0.3,-0.06317215714610218,-0.11624859502963825,0.07146559745305626,0.056847135633338035,1.0849378444125752
2025,night,delta,0.35,-0.013697000748531668,-0.08398755582572988,0.05576749439607963,0.07167946222801645,1.0317248739825209
2025,night,delta,0.4,-0.027829883521959708,-0.10847342609980837,0.09786473654997091,0.07951436708473789,0.9991846254460085
2025,night,delta,0.45,-0.13790435222654457,-0.13940842151229865,0.08490420257594813,-0.0005672953686880013,0.9942951172532497
2025,night,delta,0.5,-0.15635421624146115,-0.1933586121370089,0.12849226452484472,0.03309999063615315,0.9470012763416886
2025,night,delta,0.55,-0.0914063520319196,-0.17700795778935674,0.12307737735411647,0.0867785399841541,0.9807631676599684
2025,night,delta,0.6,-0.12752693853480257,-0.20856845973166904,0.13069287548890687,0.07992366414803957,0.9505625296282106
2025,night,delta,0.65,-0.15430193610942114,-0.22757391474295172,0.12719954680130663,0.08226930762602355,0.9547784226086877
2025,night,delta,0.7,-0.20099530882452077,-0.261811836193196,0.1606617653468447,0.06952978035999227,0.9998687830024419
2025,night,delta,0.75,-0.19946765878667155,-0.3175722983323711,0.18632293623960583,0.11862596511507459,0.9876017942286048
2025,night,delta,0.8,-0.2710143141590661,-0.33822767801933384,0.21966890829575383,0.08024995677556582,1.0399586050827154
2025,night,delta,0.85,-0.3406400779740859,-0.3330594720777681,0.22844995980891483,0.01461493445867614,1.0886828238984647
2025,night,delta,0.9,-0.3480622272149338,-0.3852450674353613,0.26742070182650624,0.0513721183509842,1.0212374150087233
2025,night,delta,0.95,-0.31104774765351756,-0.4019856269358884,0.2505039286280136,0.09379014154287277,1.012651078855996
2025,night,large_delta,-1.0,0.0,0.0,0.0,0.0,1.1867313635001613
2025,night,large_delta,-0.95,0.0,0.0,0.0,0.0,0.9227724534960207
2025,night,large_delta,-0.9,0.0,0.0,0.0,0.0,1.0834991272048446
2025,night,large_delta,-0.85,-0.26505293629527704,0.0,0.0,-0.2705472408548073,1.0972057631848031
2025,night,large_delta,-0.8,-0.23135405231283182,0.1321911277743068,-0.02637142995761683,-0.37562496705027104,1.1022013693658084
2025,night,large_delta,-0.75,-0.0941563172575178,0.3305791820878726,-0.08276351719890847,-0.444079274496255,1.1505486968449932
2025,night,large_delta,-0.7,-0.06786324603601511,0.1823274249604595,-0.07105838205050533,-0.2641044232914911,1.1707444364327484
2025,night,large_delta,-0.65,-0.04978267344824817,0.1445910403156546,-0.029155486998826363,-0.20231697474814497,1.126388297630252
2025,night,large_delta,-0.6,-0.06843227716965167,0.06998399219176821,-0.02375808897520772,-0.14205077668898355,1.0946113997084848
2025,night,large_delta,-0.55,-0.02574261125039263,0.029876957592333338,-0.010665098586971483,-0.057384701486627526,1.103445621304968
2025,night,large_delta,-0.5,-0.03609562756316642,0.026238233661128704,-0.012068312759955487,-0.06374118507805954,1.0881336985034997
2025,night,large_delta,-0.45,-0.028511062006575407,0.020199092700237533,-0.007193382249238274,-0.050051535650268396,1.0920032155014532
2025,night,large_delta,-0.4,-0.018543574205144738,0.01431109860939657,-0.002090655068875412,-0.033945435976514796,1.0913483059350158
2025,night,large_delta,-0.35,-0.0139753401023744,-0.019865035974197375,0.007633925809281991,0.0061995274418627485,1.1021903151033212
2025,night,large_delta,-0.3,-0.021610307909640393,-0.006840656368788287,0.013228151902770446,-0.014909202424097769,1.1044805918753775
2025,night,large_delta,-0.25,-0.02195375874182063,-0.020877402587017268,0.01017098375925557,-0.0002519546157921765,1.1103977399009055
2025,night,large_delta,-0.2,0.00478022470032964,0.0016969513624663323,-0.00017511008125917893,0.0030265417256594724,1.1204440686753758
2025,night,large_delta,-0.15,0.006843148035965096,0.011557592963040483,-0.030405265244833658,-0.0052406869383225686,1.1145215375191135
2025,night,large_delta,-0.1,0.009031501653718375,0.0341583219522424,-0.012207972706137478,-0.026902391994070924,1.1234417916085708
2025,night,large_delta,-0.05,0.005174719868876767,0.03633264753502471,-0.022591419251204725,-0.03325803170492145,1.1350378380467805
2025,night,large_delta,0.0,-0.01968244931440256,0.020410213833269644,-0.01012587401510066,-0.041696259742073374,1.1910881638799762
2025,night,large_delta,0.05,-0.010238947641951211,0.002256066392229537,-0.00038826535670900375,-0.012743810125685408,1.3771548153254627
2025,night,large_delta,0.1,-0.01283079009274263,-0.01308228302254402,0.008299396478418231,0.0028654223348823075,1.4250090813165937
2025,night,large_delta,0.15,-0.015775488943596365,-0.0005745520956560993,0.004765557412585353,-0.014780266457074906,1.4832271781302153
2025,night,large_delta,0.2,-0.012423104875234466,0.008760042673014617,-0.0021661289123238088,-0.022857580485846817,1.5189740173363533
2025,night,large_delta,0.25,-0.02461301091515093,-0.006086194937359158,0.0013182064956941944,-0.01690215684787324,1.5316210209288497
2025,night,large_delta,0.3,-0.025868862335396238,-0.011647403436444905,0.008143064477907433,-0.011327107874337862,1.5487985659827874
2025,night,large_delta,0.35,-0.041870701888688834,-0.013273920541125112,0.02167058300329779,-0.02470984281630076,1.5587597344884985
2025,night,large_delta,0.4,-0.05506668296337831,-0.029866220963312307,0.025379627633395612,-0.016932498493277798,1.5755021871200123
2025,night,large_delta,0.45,-0.07522055356143172,-0.03478814204495903,0.022626767461204542,-0.0368277036254227,1.5724524838820975
2025,night,large_delta,0.5,-0.08000554039931108,-0.061027176694382804,0.03108876491406189,-0.010699800417335812,1.5996858382102763
2025,night,large_delta,0.55,-0.06964978250088755,-0.07052065145329438,0.030564223365433497,0.01139489833999053,1.651275921140726
2025,night,large_delta,0.6,-0.0554537086450496,-0.07641440546406551,0.05006254301259957,0.03241673973382316,1.547403012782283
2025,night,large_delta,0.65,-0.06287634641976908,-0.08180300150415026,0.04341142078798399,0.031216019400769072,1.5662510411738706
2025,night,large_delta,0.7,-0.05361876920658485,-0.11988086090173726,0.06302902965953043,0.08472229864439303,1.54715838028905
2025,night,large_delta,0.75,-0.05355022756517619,-0.16038821412020546,0.07549507350506886,0.13036411836556488,1.5001086280948768
2025,night,large_delta,0.8,-0.055202828299198106,-0.18993552903507743,0.10567685384590197,0.1615733471079444,1.4675615554866743
2025,night,large_delta,0.85,-0.09502864992604913,-0.20551515855791974,0.10589528615100002,0.14026616918943935,1.5065446186756433
2025,night,large_delta,0.9,-0.10714747782835725,-0.22428303725328583,0.13320921952475956,0.14926350851464285,1.5093435326281797
2025,night,large_delta,0.95,-0.11298590706816074,-0.23593874900150003,0.1541186055816749,0.15672541934715123,1.4796122373936635
2025,night,large_delta_post,0.0,0.0,0.0,0.0,0.0,1.9456296476898698
2025,night,large_delta_post,0.05,0.38719070776188536,0.0,0.0,0.42011796998659573,1.4496746588982516
2025,night,large_delta_post,0.1,0.24916206525272847,-0.2906157647241815,0.1364148189316356,0.5590703993552204,1.231187626680306
2025,night,large_delta_post,0.15,0.18219529283466368,-0.18098674165676776,0.013246424555163736,0.37091812448057004,1.100169478097723
2025,night,large_delta_post,0.2,0.12895884379017636,-0.08289249064620821,0.005539305230214322,0.22128634140725975,1.1475269296331922
2025,night,large_delta_post,0.25,0.16002808998711396,-0.03918537621776132,-0.009570460108551752,0.20737204310718654,1.1603469131878226
2025,night,large_delta_post,0.3,0.10979999722439514,-0.06281880260033136,0.03938335168942706,0.18086816464530414,1.188255674497987
2025,night,large_delta_post,0.35,0.05836139786484845,-0.07533447809944042,0.034881851871140394,0.14185182532094437,1.2171888794973467
2025,night,large_delta_post,0.4,0.04826849077218859,-0.0931154214738054,0.06841993750741814,0.14901735381854328,1.200904546273444
2025,night,large_delta_post,0.45,0.03659610050506059,-0.11288427597133988,0.09457760638181255,0.15739123740375185,1.20117437855731
2025,night,large_delta_post,0.5,0.017659512877756148,-0.13539105092751594,0.07841638092464637,0.1618079865698208,1.2253387586263371
2025,night,large_delta_post,0.55,0.018696140364284807,-0.13938412795439503,0.08083193766682122,0.1663076067387859,1.2137278373031817
2025,night,large_delta_post,0.6,0.049644114970779585,-0.12048534874293218,0.09487799477012905,0.18430379204557382,1.3066761438056385
2025,night,large_delta_post,0.65,0.05841440406550996,-0.1336919500082278,0.11533207386511736,0.2148225188766197,1.4282353685010196
2025,night,large_delta_post,0.7,0.025644394258517264,-0.15106248276865875,0.12249279624030628,0.2040873977095837,1.5479495482528425
2025,night,large_delta_post,0.75,0.005692414278854602,-0.17792762285018163,0.10880293492320599,0.21832657123022287,1.6311812369563778
2025,night,large_delta_post,0.8,-0.0012887751062476934,-0.17879450540815997,0.12344950887007004,0.2143298987616995,1.7293877922427399
2025,night,large_delta_post,0.85,-0.014243438405682226,-0.1613437728897756,0.12422838682670646,0.18503169166948485,1.8189017028521888
2025,night,large_delta_post,0.9,-0.03727190143352313,-0.18927918422471487,0.15774383528851385,0.20068970717595463,1.7427997094174825
2025,night,large_delta_post,0.95,-0.05542446259347825,-0.22182002323237196,0.16337333916706986,0.2257405880663596,1.6356257013844357
2025,night,large_div,-1.0,0.12749430108757143,-0.013313605016293893,0.003521964525293546,0.1469810053563659,1.0300297817767081
2025,night,large_div,-0.95,-0.005542604815049769,-0.015062801383775705,0.030664615871543295,0.00934639537233037,0.9446764747906689
2025,night,large_div,-0.9,-0.0005175644913828066,-0.014620800884705628,0.0144778729606905,0.014444786619012719,1.0707289360993262
2025,night,large_div,-0.85,-0.042320226274755485,-0.04436414473973739,0.048104885748861695,0.0027964949636597033,1.096738704854152
2025,night,large_div,-0.8,-0.025504106598994887,0.002637968747725344,0.005865180037501899,-0.028837470091793164,1.1609213818650286
2025,night,large_div,-0.75,0.013890007382279293,0.035578294441644294,-0.0245181314957301,-0.023521124717472315,1.2023446156797302
2025,night,large_div,-0.7,-0.007150778525145055,0.04372000320191536,-0.02519488158345891,-0.05417341882265833,1.2121119007477172
2025,night,large_div,-0.65,0.015780194362128942,0.05027379194973461,-0.03208733074431485,-0.03728039416360186,1.2153455789829082
2025,night,large_div,-0.6,0.004117166535677534,0.030360501363889566,-0.009076730937303526,-0.027844151544517127,1.1670870827264948
2025,night,large_div,-0.55,-0.00805450979540753,0.02211047972086372,-0.0020572277072145513,-0.03197547041570106,1.1987576218856821
2025,night,large_div,-0.5,-0.02113498963255663,-0.00042773091117575884,0.0022301773935389482,-0.021262622920948816,1.1761952308502692
2025,night,large_div,-0.45,-0.019559315494137978,-0.005875137960377542,0.01421165445315883,-0.013577024414039688,1.2099372771851078
2025,night,large_div,-0.4,-0.039195668933709106,0.0025913863574121916,0.003142767289179719,-0.043252019913393676,1.2130135638362824
2025,night,large_div,-0.35,0.0003898093629971126,0.006401842021795881,-0.0019581725289747427,-0.006458586023894168,1.2177954753449038
2025,night,large_div,-0.3,0.0015437536207866006,1.007816419227754e-05,-1.772960430530547e-05,0.001574895866297004,1.2288472140448217
2025,night,large_div,-0.25,0.009250774692633466,0.007076074117509396,-0.009174710643461502,0.001747385021299239,1.2382027194743752
2025,night,large_div,-0.2,0.0044230954276824955,0.0162194904798709,-0.015346654170095732,-0.013281899937050331,1.250386421930479
2025,night,large_div,-0.15,0.009818097440585023,0.020666726057687608,-0.025493733954705708,-0.012762300034963934,1.2668925031412628
2025,night,large_div,-0.1,0.009634780623216259,0.028505449368546376,-0.018653386513494904,-0.021546730270293524,1.2637713067226048
2025,night,large_div,-0.05,0.007801979771644705,0.03210212528717571,-0.04151649725621283,-0.027845844054711816,1.3088296249285294
2025,night,large_div,0.0,0.009797646855380043,0.005353220059322682,-0.007955113085556001,0.0036374137624956087,1.3766485575436824
2025,night,large_div,0.05,-0.006049063730508197,0.013873120243833354,-0.011747478032798487,-0.021980002935401453,1.398264755330454
2025,night,large_div,0.1,0.0013653708033267088,0.005974986105179879,-0.0019043022020193638,-0.005572820929251661,1.3927949994210724
2025,night,large_div,0.15,-0.015395967319462543,0.005732993231666528,-3.984656820360098e-06,-0.021799916007953613,1.446771559683861
2025,night,large_div,0.2,-0.0058146933253502555,0.009832719153005261,-0.002870320733530084,-0.017166467231162674,1.4453421109986648
2025,night,large_div,0.25,-0.0084556702718451,0.0032730462755116525,-0.0011232324629386337,-0.012136513008182359,1.4544479946264437
2025,night,large_div,0.3,-0.017103426736888687,-0.025483659706065618,0.008063738366802494,0.013114297171400413,1.4620523503745606
2025,night,large_div,0.35,-0.031731178973968856,-0.027057837760785613,0.012567493099528926,0.0010567873960454519,1.4874655341713037
2025,night,large_div,0.4,-0.02755280106479579,-0.026426581420092254,0.02170435305208088,0.004470860373164407,1.497309832866247
2025,night,large_div,0.45,-0.04715991499754385,-0.03243018495621494,0.030357947141678512,-0.009254676994116034,1.4537071981343417
2025,night,large_div,0.5,-0.0510273653323198,-0.04099411455478647,0.027131642373694535,-0.004087424796728461,1.42809157055548
2025,night,large_div,0.55,-0.021989538376444785,-0.046701344790113224,0.030865904851297452,0.03184268959752081,1.4492489788356495
2025,night,large_div,0.6,-0.024229014233175923,-0.048076887076306404,0.037636527059942394,0.031007392270396606,1.4521725998918296
2025,night,large_div,0.65,-0.022088759219604483,-0.07556668235790094,0.03804846002608275,0.06447990904171652,1.4636387586823842
2025,night,large_div,0.7,-0.04089466700058684,-0.10909338689379726,0.05126871938780237,0.08404078240962094,1.4713103968100967
2025,night,large_div,0.75,-0.03316713275340365,-0.11264780731731935,0.07119443699497331,0.09532899016741857,1.451375765837083
2025,night,large_div,0.8,-0.035539067646961964,-0.14818861557523647,0.07324135883225749,0.13364234903879962,1.4526779182470937
2025,night,large_div,0.85,-0.048475795971859366,-0.15018803522697463,0.07532235989108017,0.12353601138812535,1.485185803607054
2025,night,large_div,0.9,-0.046886142769513695,-0.18159710564057893,0.09589158078817313,0.16156872203858774,1.4943128763191003
2025,night,large_div,0.95,-0.05395185509794512,-0.1819024681213703,0.1169629690360444,0.15331646749683359,1.458522266971595
2025,night,large_div_post,0.0,-0.0757923874784729,-0.05052044475273025,0.024955322459461412,-0.02440264979182334,1.4475205002369316
2025,night,large_div_post,0.05,0.04819406853639422,-0.09735242102802998,0.04611507006677351,0.15160476171796583,1.156226961167296
2025,night,large_div_post,0.1,0.12264733133586223,-0.09879234374346667,0.05231006610720866,0.22655432696658226,1.1596335449243482
2025,night,large_div_post,0.15,0.15079214586234846,-0.07709207294805208,0.015019570069080435,0.23119201749517126,1.065773888369553
2025,night,large_div_post,0.2,0.1368726587049683,-0.03767381145591087,0.019452606628199875,0.18187711984659757,1.145298599156162
2025,night,large_div_post,0.25,0.13008629432868088,-0.0325646956599354,0.013900437013339475,0.1709785500454444,1.201059572768196
2025,night,large_div_post,0.3,0.08093094759781554,-0.10019444325675453,0.03863861172638885,0.18928477258592707,1.241120603915504
2025,night,large_div_post,0.35,0.06292798366456409,-0.08664383819404416,0.06906368359191821,0.1592685004424333,1.2718059355738502
2025,night,large_div_post,0.4,0.06442336748931735,-0.10103821276992564,0.061091611943380364,0.17545837189991817,1.223796022538239
2025,night,large_div_post,0.45,0.04002335545641376,-0.11597708275744992,0.08252852301374945,0.1683009179848659,1.2599774432735746
2025,night,large_div_post,0.5,0.01922366016201187,-0.14388417015143629,0.07641373467977469,0.17898331877179452,1.2937494879604094
2025,night,large_div_post,0.55,0.019993363375261385,-0.16557469957226714,0.05628618016898544,0.20508149573143186,1.351472615634654
2025,night,large_div_post,0.6,0.042746372237103404,-0.11802487304505323,0.05855147553977132,0.17576585916102133,1.350112173352607
2025,night,large_div_post,0.65,0.04633718369787092,-0.14621068058155023,0.06628538644294293,0.21485266226709251,1.4320302947704968
2025,night,large_div_post,0.7,0.03445270673722865,-0.15841602241037145,0.10941876687196193,0.21756832735968895,1.459293392419115
2025,night,large_div_post,0.75,0.04135856713766944,-0.16676216701316154,0.10437888185431117,0.23700412057208883,1.5242754060073904
2025,night,large_div_post,0.8,0.02975035827126685,-0.15414521039098225,0.11348836998357478,0.21243857544225248,1.577260847707555
2025,night,large_div_post,0.85,0.017694211359841353,-0.1668362658604223,0.11506413389304597,0.21746170916040428,1.5648767442702478
2025,night,large_div_post,0.9,0.005883712215905883,-0.19717801872894233,0.12532027189468897,0.24439260323864492,1.6319226544418552
2025,night,large_div_post,0.95,-0.004028998750362234,-0.19358818048606624,0.1458446986548682,0.22923179712103905,1.612736024791887
2025,night,volume,-1.0,0.4668719385693836,-0.1602338896282129,0.04565300536382553,0.6013281369515715,0.5174361370196721
2025,night,volume,-0.95,0.4867272290308629,-0.144359994300415,0.02085668399657872,0.6122721833552451,0.5568435836861004
2025,night,volume,-0.9,0.5241508947713379,-0.09223695734551501,0.01702297091441982,0.6153522773058782,0.5471076461204809
2025,night,volume,-0.85,0.5536530926700418,-0.11035891486880822,0.006587610348963386,0.6541972757960186,0.5394317920048197
2025,night,volume,-0.8,0.5711809633800953,-0.11633126285642607,0.01658726134182538,0.6697625397303049,0.5154136226471493
2025,night,volume,-0.75,0.6026272147826915,-0.12563101955703096,0.027777127884740873,0.7065741141807742,0.5096738458815516
2025,night,volume,-0.7,0.5906165743127978,-0.09798061698053646,0.003968589356527252,0.6803012301422722,0.4854393442234404
2025,night,volume,-0.65,0.5676167329173231,-0.103423578745357,0.0029981656712885284,0.6523322875958548,0.4765068011026581
2025,night,volume,-0.6,0.5514550165596925,-0.056847169079392496,-0.005333692270299435,0.6040265525896357,0.5098254979174903
2025,night,volume,-0.55,0.5722840337718417,-0.07849458053455126,-0.015915323204676094,0.6522703991804955,0.500950024224553
2025,night,volume,-0.5,0.5494769161932409,-0.06013251107192413,-0.0006637545802033878,0.6242868485895551,0.5274631428936133
2025,night,volume,-0.45,0.5426464498521435,-0.05597450733323008,-0.01113220442848025,0.6051220698661766,0.49179254973453773
2025,night,volume,-0.4,0.5932486732161574,-0.053318912583891605,-0.016653395558365137,0.6427779088906002,0.5129424201634689
2025,night,volume,-0.35,0.5717723751377579,-0.08653373968941726,0.0,0.6567222113371537,0.5111636456919256
2025,night,volume,-0.3,0.5587576474540824,-0.08624864253761123,0.0030763766489373405,0.6343181570414069,0.4776063127967886
2025,night,volume,-0.25,0.5445404680486821,-0.0667940864242742,-0.005982780347505632,0.6001258492750593,0.44008501063350425
2025,night,volume,-0.2,0.5366038527542838,-0.0815011513816489,-0.0006196664131622475,0.6040930358165288,0.4425126183563495
2025,night,volume,-0.15,0.6140458501957394,-0.07727744803470551,0.006435313112976153,0.6871209464952697,0.4506139164141814
2025,night,volume,-0.1,0.596141700347438,-0.09344428023917192,0.0022139842715009745,0.6831396251739666,0.4634754087176365
2025,night,volume,-0.05,0.5966244276626471,-0.06188004582435113,-0.012787635771194584,0.660170247071281,0.4410890700966244
2025,night,volume,0.0,0.6977760040482344,-0.06500325656080325,-0.025242808388770046,0.7641162533762743,0.4929343576511064
2025,night,volume,0.05,0.554982438657176,-0.14061632520814213,0.025088577352264236,0.6737502068820733,0.5073333337854244
2025,night,volume,0.1,0.5182529279367963,-0.15506375437071673,0.04284383831209357,0.653394315657653,0.5234917995677052
2025,night,volume,0.15,0.48771745457052795,-0.13137278174980596,0.02723474412241903,0.6085700403760458,0.5375615370128545
2025,night,volume,0.2,0.4568207694153834,-0.12489583335618301,0.02687425832665985,0.562145746919162,0.5265409635867403
2025,night,volume,0.25,0.5510254272510771,-0.09004460956684032,0.0049186008566863525,0.6390606626152566,0.5057036900597806
2025,night,volume,0.3,0.5366174340486674,-0.06021791386411127,-0.0011034175734475316,0.5928507537076789,0.4842107103978035
2025,night,volume,0.35,0.5270476166220622,-0.06564901285143758,-0.017565727713049838,0.5847931694375536,0.48316975513604743
2025,night,volume,0.4,0.5480667823990955,-0.04042194276788716,-0.009733500611677744,0.59068443863162,0.5070494064142075
2025,night,volume,0.45,0.555565841677091,-0.06309047975137312,0.005278864328669935,0.6064625590380603,0.4632764713268399
2025,night,volume,0.5,0.5116534899350315,-0.0499990364917774,-0.02303746137346132,0.5615818738339947,0.46035635684884035
2025,night,volume,0.55,0.5610954897239937,0.0060602743053046765,-0.03902414967425219,0.5611864296477248,0.4631545677270606
2025,night,volume,0.6,0.5852471097264444,-0.0061810703269383465,-0.044612333200074926,0.5814659448392648,0.44484213179510596
2025,night,volume,0.65,0.5576489162457204,0.031261082108831356,-0.05761977995261037,0.5337867028533156,0.45131140337587794
2025,night,volume,0.7,0.5793480976402205,-0.013723006773591916,-0.04628080342458395,0.5753384891021213,0.45890218590434123
2025,night,volume,0.75,0.5579990559546327,0.01793481443124771,-0.058463981145893885,0.5368150506955407,0.4455529893459942
2025,night,volume,0.8,0.5452207756189572,0.055310901601598156,-0.08796725245553043,0.5078779093562263,0.4068962222867662
2025,night,volume,0.85,0.5600751486766086,0.06418627480563191,-0.09765589765133638,0.5076407613461119,0.39120039834089604
2025,night,volume,0.9,0.5882490397064518,0.09027673068934464,-0.11831046775055569,0.517592040674781,0.37511454809315525
2025,night,volume,0.95,0.5892005520457293,0.019716620782747277,-0.06514089955586629,0.5632652064870696,0.4087128345602921
2025,rth,att_cancel,-1.0,-0.004018911458291578,0.01296725706732521,-0.010724912891048244,-0.01684162969920246,0.977941649092142
2025,rth,att_cancel,-0.95,-0.009126038107071362,0.0019673168705099248,-0.00010383468572315093,-0.01104403527218964,0.939442426287171
2025,rth,att_cancel,-0.9,-0.05958090598811185,-0.06653324302724638,0.03832482881482223,0.00500435863707081,0.8760153721493553
2025,rth,att_cancel,-0.85,-0.037943032746599104,0.02812099994773959,-0.0022542424759729876,-0.06557995903403276,0.9866259226473721
2025,rth,att_cancel,-0.8,0.018590475765044755,-0.06914013874531454,0.025602408948608872,0.08622415786311872,0.9486630805630607
2025,rth,att_cancel,-0.75,0.0005511378211181493,-0.0475702231341566,0.03663706757853975,0.04841532659723476,1.0155424985169956
2025,rth,att_cancel,-0.7,-0.09365260437716863,-0.08463454206789621,0.024347240167870116,-0.009140781656901256,1.0237967848737195
2025,rth,att_cancel,-0.65,-0.10852257597936205,-0.017512457517399067,0.020648524357129796,-0.08861383711842187,0.9619197717693471
2025,rth,att_cancel,-0.6,-0.0635887751255377,-0.07625745357563729,0.034627148027017926,0.0156734718773422,1.024491992072519
2025,rth,att_cancel,-0.55,-0.026924496923693014,-0.025238051563706555,0.017757365495722738,-0.0017565566779542574,0.9938118088347149
2025,rth,att_cancel,-0.5,-0.042855587203836254,-0.043770309274037966,0.015823043162225065,0.0019791283457252402,0.9977266370109262
2025,rth,att_cancel,-0.45,-0.11265319315023575,-0.11788873504558917,0.04282274796108443,0.018675443427594668,1.0128964013095392
2025,rth,att_cancel,-0.4,-0.09393824280290869,-0.08314722155918199,0.03532769702108844,-0.0034241213957143003,0.9158468554097716
2025,rth,att_cancel,-0.35,-0.11526991675435248,0.021298665199102965,0.010761034697594417,-0.13204387308483642,0.9875717151677444
2025,rth,att_cancel,-0.3,-0.004830615226824047,-0.013764544301493521,0.029777580364043408,0.009272491597519687,1.0096749880670437
2025,rth,att_cancel,-0.25,-0.1142174084306336,0.06150613314476011,-0.015155798069602188,-0.17654405304456947,1.0111507820482073
2025,rth,att_cancel,-0.2,-0.11831819316548055,-0.00012944118195487822,0.013242120615459763,-0.11355737370212142,1.0071107208830894
2025,rth,att_cancel,-0.15,-0.10754374356608795,0.009807691931058862,0.0032053471666197847,-0.11810248444068173,1.0100654856769742
2025,rth,att_cancel,-0.1,-0.09059180792435283,-0.011761328270616697,0.006607631081479558,-0.08078286011345626,1.0221933630282878
2025,rth,att_cancel,-0.05,-0.09185240498483342,-0.019529700728702828,0.025811116086387784,-0.07674452902592012,0.99732607671017
2025,rth,att_cancel,0.0,0.29674281200766334,0.15866004670120679,-0.06257197542503053,0.14183751337661418,1.1330278061761674
2025,rth,att_cancel,0.05,0.26192432225101303,0.2452085017245976,-0.1829618734527991,0.011936532838630744,1.1051078864635695
2025,rth,att_cancel,0.1,0.11500547381347469,0.22554405771404482,-0.10131430928646855,-0.12024385757602209,1.27006224285599
2025,rth,att_cancel,0.15,-0.00897273139134987,0.1539242672053605,-0.05848097389642905,-0.17328554575230953,1.169654470998153
2025,rth,att_cancel,0.2,-0.03510298265383648,0.13935727564784547,-0.05497716027077981,-0.178928822313119,1.0533209760804405
2025,rth,att_cancel,0.25,-0.0352032550016437,0.07526289891948724,-0.03279064066576215,-0.11053671378967492,0.9956915207693039
2025,rth,att_cancel,0.3,-0.04311675920792382,0.00392776319934092,-0.0007116481829822557,-0.04600125055010046,1.052641529213362
2025,rth,att_cancel,0.35,-0.0909631780320265,0.0078042989655693245,0.001549194820233557,-0.0948455413691965,1.0150886420436307
2025,rth,att_cancel,0.4,-0.01906994333245684,0.04165054506809555,-0.0283130335394391,-0.06100721968397446,1.0227521105933883
2025,rth,att_cancel,0.45,-0.03075385363004093,0.06114333821558737,-0.03475627861378356,-0.09382612100269763,1.0756679074780042
2025,rth,att_cancel,0.5,-0.010630532593798146,0.0803456003438148,-0.02033479990673746,-0.09065479373550031,0.9668141135915569
2025,rth,att_cancel,0.55,0.08171643614658093,0.11444607838658016,-0.04196906338892825,-0.035161544409829826,0.8898213999927864
2025,rth,att_cancel,0.6,0.08422801211086375,0.09078035973504939,-0.06650558816203235,-0.008849467676091759,0.9176513551160747
2025,rth,att_cancel,0.65,0.11848028154815927,0.12983746274245628,-0.03812379331770118,-0.014535317920129926,1.0016168774790166
2025,rth,att_cancel,0.7,0.06823610168522137,0.232867389125769,-0.11265700639076662,-0.16574987497000407,0.9444291295240909
2025,rth,att_cancel,0.75,0.15864442963736017,0.2640443957809258,-0.12624726354468446,-0.08881802400200195,0.8978095859473667
2025,rth,att_cancel,0.8,0.20264376668209433,0.2835975952250674,-0.12264177468064558,-0.08377965530649505,1.0236491324955914
2025,rth,att_cancel,0.85,0.3043550091513336,0.25025884698441886,-0.1431152084219241,0.057420577548712055,1.014843152451022
2025,rth,att_cancel,0.9,0.2860228394018608,0.2410426079734445,-0.12996634499008927,0.0534550397576745,0.9915769657326787
2025,rth,att_cancel,0.95,0.27579944201274875,0.21280403944550058,-0.12200144461169989,0.07107095369467568,1.0320591083424393
2025,rth,att_eff,-1.0,-0.19156538265135314,0.08016712462982914,-0.039999753031897935,-0.2637699412869269,1.041484294330803
2025,rth,att_eff,-0.95,-0.2080448977042127,0.11261466551859352,-0.010490337431270539,-0.34473910871277585,1.3391261758074864
2025,rth,att_eff,-0.9,-0.22699532191384772,0.1600033045454189,-0.034955147278857256,-0.4100861521183593,1.2234203051065922
2025,rth,att_eff,-0.85,-0.15166112245201877,0.08149311954993099,-0.011464935455808529,-0.24195474891984312,1.2955673789517597
2025,rth,att_eff,-0.8,-0.17484742526920208,0.14575204434909267,-0.04419707259823824,-0.33148206110899614,1.1915936998015415
2025,rth,att_eff,-0.75,-0.21103915569505358,0.0880683892085429,-0.01795125283904042,-0.29960949436285833,1.2739688481928895
2025,rth,att_eff,-0.7,-0.05048586288539164,0.11483716445454749,-0.032272849312715124,-0.1711013828973376,1.1509370021762106
2025,rth,att_eff,-0.65,-0.07608580520352162,0.06666510856492365,-0.02353992732883815,-0.14677107488925364,1.2163877567541133
2025,rth,att_eff,-0.6,-0.13675030163070717,0.0011983019356380468,0.016583603068688488,-0.12596519647881757,1.234653769754346
2025,rth,att_eff,-0.55,-0.12175727284367308,0.08603700774083833,-0.012076275245643515,-0.20624377459689494,1.0616429727641281
2025,rth,att_eff,-0.5,-0.14239858860975213,0.04699384069708788,-0.0003471951643920649,-0.18929338807516657,1.3017074987281652
2025,rth,att_eff,-0.45,-0.04341304494658347,0.06668348662031513,-0.019197980885677562,-0.11437986591070609,1.216682047463358
2025,rth,att_eff,-0.4,-0.05223644145813895,0.013482981605799254,-0.0006378694780540158,-0.0638675778331345,1.1071017016106623
2025,rth,att_eff,-0.35,-0.016852076721955087,-0.0026303840631386067,0.008681661089124899,-0.01366463009904405,1.2606682852132183
2025,rth,att_eff,-0.3,-0.10968004664218599,0.056563540938108954,-0.00012509602032061286,-0.17388837754458253,1.2938816268646365
2025,rth,att_eff,-0.25,-0.10492363410280685,-0.028714027222105407,0.03131084278983506,-0.07641719073802476,1.175954128754832
2025,rth,att_eff,-0.2,-0.12992748731368392,0.04364375559638551,0.0021931530452164614,-0.17827080598147863,1.2659246241940472
2025,rth,att_eff,-0.15,-0.10027800907095098,0.001718475347004085,0.006855928556911757,-0.0972533403886503,1.2264638864370152
2025,rth,att_eff,-0.1,-0.17183095070550577,0.039533369695570524,-0.024374060772584586,-0.21231410295932224,1.2340313287514029
2025,rth,att_eff,-0.05,-0.24725468099066,0.06002381008072212,0.006713103121423984,-0.3069784483473252,1.1700315424772882
2025,rth,att_eff,0.0,-0.7296924088117385,-0.1365932331569021,0.13898537071482162,-0.5690352227041604,1.259546130099636
2025,rth,att_eff,0.05,-0.3998830891438106,-0.35353130485362344,0.23616730243277356,-0.0001578630387920241,1.2960217859046639
2025,rth,att_eff,0.1,-0.05904059551524689,-0.3298121338128267,0.15413230835528374,0.2945303732560253,1.1232908493005807
2025,rth,att_eff,0.15,0.04379589316840471,-0.19514808647386647,0.06335368472926677,0.23961437816364875,1.0016672823729018
2025,rth,att_eff,0.2,-0.01835053232709279,-0.10523842584047916,0.06610124558887125,0.09031471898759837,1.0035380395692537
2025,rth,att_eff,0.25,0.13742882719078886,-0.12364406410811074,0.057484141770171124,0.2569726095076941,1.0675062342141162
2025,rth,att_eff,0.3,0.07168866223100759,-0.11542596039981452,0.048933817186258735,0.18499773382061188,1.0234390777399949
2025,rth,att_eff,0.35,0.17251691029286748,-0.0681505654611773,0.01724172187231637,0.22643322568449556,1.0475655675158304
2025,rth,att_eff,0.4,0.10157582873828189,-0.09746841739439947,0.020495785066452298,0.19417596503176957,0.9662000277897759
2025,rth,att_eff,0.45,0.059753918114430905,-0.08521629032678714,0.05536570763924197,0.14424385136329543,1.0424775302069016
2025,rth,att_eff,0.5,-0.04421941003733476,-0.09488820102222084,0.05622292189910321,0.06039881641649873,1.0701310731284737
2025,rth,att_eff,0.55,-0.04070296828201175,-0.10111637740330416,0.08323581067128477,0.06900114014167298,1.0428174857670287
2025,rth,att_eff,0.6,-0.08599016998757636,-0.2505007488647873,0.12242104802086376,0.16856049401530313,0.9299406410439011
2025,rth,att_eff,0.65,-0.17065175531379562,-0.38896809493209494,0.1688057637247175,0.25620047488155157,1.044637652589987
2025,rth,att_eff,0.7,-0.237263583231026,-0.4984968143214563,0.20004555059989132,0.32996070384600557,1.1545330801809663
2025,rth,att_eff,0.75,-0.34984277119280577,-0.504366188072672,0.2541413712632859,0.18927168787973694,0.9864037230944228
2025,rth,att_eff,0.8,-0.4367839900388425,-0.5622114688448472,0.29697066473480077,0.17674611145237112,1.0729124666399383
2025,rth,att_eff,0.85,-0.587503459273661,-0.7661448228090956,0.32919505364737556,0.23270956540531842,1.0199284177648238
2025,rth,att_eff,0.9,-0.5460355445566923,-0.701673157155699,0.37493910942755876,0.2508345245865598,1.0475183814908058
2025,rth,att_eff,0.95,-0.45785406105499576,-0.6523118872577032,0.34871630373819135,0.24926071413360393,1.0221043809324213
2025,rth,att_refill,-1.0,-0.15471049244728877,0.07751236385114181,-0.018733284329298765,-0.2329537788906797,1.0899845849239893
2025,rth,att_refill,-0.95,-0.1973722814481278,0.06353583261901675,2.3751219852819548e-06,-0.2674203312303348,1.0079278363120685
2025,rth,att_refill,-0.9,-0.22985608623560308,0.025938677383242518,0.0006230186930132504,-0.2674257298788316,1.0203649199301796
2025,rth,att_refill,-0.85,-0.20545294078270976,0.03805099528876026,0.002024251651278372,-0.2455562210439556,1.0839391307852493
2025,rth,att_refill,-0.8,-0.2534283632354073,0.06999045178955733,-0.0048021356866887275,-0.32304166893100117,1.180159888307953
2025,rth,att_refill,-0.75,-0.287092167942695,0.08509893214028104,-0.004508437909166335,-0.38293779926379873,1.2350829469070341
2025,rth,att_refill,-0.7,-0.20182187850702366,0.0738338275580432,-0.003938498900410562,-0.2805754086915428,1.0784775801352864
2025,rth,att_refill,-0.65,-0.16069491834666474,0.12346992184164612,-0.027728120176427087,-0.2899669551223468,1.0892047519486177
2025,rth,att_refill,-0.6,-0.13832088475472795,0.08327182710299297,-0.014065347340441988,-0.23098100217137219,1.1777415872926662
2025,rth,att_refill,-0.55,-0.17944109018150745,0.12510292190495587,-0.035041085069983165,-0.3213024446058742,1.1716170675081754
2025,rth,att_refill,-0.5,-0.2560589929660749,0.06248917899488581,-0.019188068202720277,-0.3245112119688163,1.1986938453638782
2025,rth,att_refill,-0.45,-0.16569597470999575,0.11194821274150282,-0.008682704629137302,-0.28353756927647383,1.0799060121953246
2025,rth,att_refill,-0.4,-0.16174522059070703,0.06264996298957849,-0.020552506074001962,-0.22294707259849808,1.0757779709521331
2025,rth,att_refill,-0.35,-0.17446447923627217,0.09333432554101548,-0.043566455858642945,-0.2729812452190482,1.1187848626262915
2025,rth,att_refill,-0.3,-0.14998762436624902,0.14616985188081924,-0.05023047815555442,-0.30122057324918666,1.062368073871074
2025,rth,att_refill,-0.25,-0.14172086927907987,0.14885731020769988,-0.0353719648563129,-0.29049522804149225,1.037134083019494
2025,rth,att_refill,-0.2,-0.14595362098606923,0.03691715322506122,-0.004214185311649274,-0.18636914237381677,1.098837508951911
2025,rth,att_refill,-0.15,-0.19789550380176815,0.018093928238012317,0.014168519203288137,-0.21619195117167309,1.0778724206805093
2025,rth,att_refill,-0.1,-0.23976702652237222,0.07649461724617843,-0.02031255663206336,-0.31468044954270796,1.1362918318551838
2025,rth,att_refill,-0.05,-0.20846407388559193,0.07098999862552015,0.0003015595375000125,-0.26874997954421526,1.091351318277068
2025,rth,att_refill,0.0,-0.4088730737267968,-0.048332672855072936,0.07975936460913106,-0.36915387471231526,1.2346617298726794
2025,rth,att_refill,0.05,-0.35278523572942744,-0.07653170978593304,0.1120266739708177,-0.29831312936872073,1.2384414085735513
2025,rth,att_refill,0.1,-0.262265643257958,-0.0332263095239852,0.031373563864232575,-0.22488491342620337,1.1418045372616525
2025,rth,att_refill,0.15,-0.22799039330725707,0.02121774538489584,0.0041405131176052,-0.24689768460459025,1.1974590015561535
2025,rth,att_refill,0.2,-0.2307394839930468,-0.008997679775305623,0.04329145080705871,-0.22085485333685295,1.1011914443204662
2025,rth,att_refill,0.25,-0.21868889216462703,-0.0678292528242714,0.04948060351357458,-0.15548547046279046,1.0427054127917215
2025,rth,att_refill,0.3,-0.25086219363860573,-0.0246376728847758,0.02986677288381424,-0.21655459804521954,1.0215774570725493
2025,rth,att_refill,0.35,-0.1763808777718769,0.00030161228077147593,0.02493351353385865,-0.17269394653730175,1.0941013016193983
2025,rth,att_refill,0.4,-0.16327002215317918,-0.006737542500165303,0.01354860226801731,-0.15022730867633752,0.9553337994064144
2025,rth,att_refill,0.45,-0.24753182576955932,-0.03868973319084987,0.0896352203195979,-0.2068821570802239,0.9874221160009525
2025,rth,att_refill,0.5,-0.25695906688176773,-0.06434334186115705,0.06869062551706873,-0.19160667241103588,1.1230123155395413
2025,rth,att_refill,0.55,-0.2658210116982295,-0.0849281457763563,0.08434320091763833,-0.170405108212949,1.0600000054757805
2025,rth,att_refill,0.6,-0.2781034667562718,-0.15348685455758032,0.057296341600376936,-0.11752790079003986,1.0343757643727156
2025,rth,att_refill,0.65,-0.336012009941758,-0.10566283079670621,0.08597963342525775,-0.21788452106782785,1.0400270114745274
2025,rth,att_refill,0.7,-0.3646586203778269,-0.1321783847545575,0.11941142721326753,-0.22998104425679233,1.0750136155723888
2025,rth,att_refill,0.75,-0.428987934573471,-0.17594582247357898,0.16368573926945051,-0.2577399563511364,1.0909957016614338
2025,rth,att_refill,0.8,-0.4431681393646515,-0.23313160136593356,0.19827636355539024,-0.20753147486996704,1.2099126615417546
2025,rth,att_refill,0.85,-0.5244236771148075,-0.3317190105177707,0.1974113138813142,-0.17810734310972826,1.1914962868547287
2025,rth,att_refill,0.9,-0.4558299988370622,-0.22043562575020903,0.17447444982650867,-0.2159159919409603,1.1383126475679355
2025,rth,att_refill,0.95,-0.42640098337492194,-0.24778730659000023,0.18370100266565698,-0.1794477852958699,1.1410139419702132
2025,rth,balance,-1.0,0.06873140181631994,-0.16818588029930784,0.0543972323639738,0.2287295211965762,0.8670056287471839
2025,rth,balance,-0.95,0.09666546931048946,-0.2298937601214992,0.06431668372621956,0.3172062564090431,0.9214889058774784
2025,rth,balance,-0.9,0.10835516340304738,-0.20077827063037515,0.06709600180824175,0.2986230195827985,0.8967953640517023
2025,rth,balance,-0.85,0.09406773424508807,-0.22496974584403598,0.06258717096269087,0.3085789877989961,0.8715648788974529
2025,rth,balance,-0.8,0.11544752587516457,-0.18255285730428575,0.0697065421097753,0.28562548003843546,0.8305183517097156
2025,rth,balance,-0.75,0.1712014055439606,-0.2425905875880775,0.03926032587313198,0.4010255784475892,0.8700323201449986
2025,rth,balance,-0.7,0.1728818871160894,-0.18500487669124505,0.06225444813745584,0.3472193098535637,0.860271112634834
2025,rth,balance,-0.65,0.17959867785835115,-0.21589001661761006,0.06363286706215653,0.38847647322591594,0.9037714075939328
2025,rth,balance,-0.6,0.14903013758413358,-0.21285276306103534,0.05599563535926893,0.3498535457269067,0.8647314505689757
2025,rth,balance,-0.55,0.19897672759776902,-0.18615520564468938,0.08613227756517848,0.3789038948611176,0.8853153060406577
2025,rth,balance,-0.5,0.18293477771466368,-0.2372647763754339,0.10300738536362637,0.4130715598124759,0.8840838574428255
2025,rth,balance,-0.45,0.15269789171659154,-0.18212527771742526,0.0848278163710827,0.3242563953122816,0.8276986396949587
2025,rth,balance,-0.4,0.14790814556537543,-0.15047111358879406,0.07488039224279422,0.28664496511720455,0.8271491908652162
2025,rth,balance,-0.35,0.19995391468920906,-0.11890531682353896,0.07978624748580677,0.3165560684002975,0.8488429507014597
2025,rth,balance,-0.3,0.17140700040714893,-0.23796455593861993,0.06968477224553543,0.3901853983533227,0.804077380811677
2025,rth,balance,-0.25,0.19743067065315217,-0.19146050800686104,0.07740544809330528,0.3794771559910408,0.8310368028135462
2025,rth,balance,-0.2,0.15848148265319428,-0.15985772907924503,0.06029083163489195,0.3096810363341574,0.8007090948721427
2025,rth,balance,-0.15,0.13101970443028627,-0.15729657831184315,0.09771016672616739,0.27802032336108,0.8323705875383948
2025,rth,balance,-0.1,0.1253154075783462,-0.15822615358789102,0.09958567916805197,0.26832057771883316,0.786569974537246
2025,rth,balance,-0.05,0.16468705136993106,-0.17023566428140635,0.05556269237037878,0.3224612534994991,0.772038372388291
2025,rth,balance,0.0,0.11854682872444985,-0.14095227444824066,0.08241077135672804,0.25320974803725355,0.8833817751553852
2025,rth,balance,0.05,0.15437926415068823,-0.14737902968403668,0.07718615443960263,0.3051889607043164,0.9040192526281748
2025,rth,balance,0.1,0.15308491821132064,-0.16870475191480147,0.0927008563181673,0.3096424658818727,0.8516187247580485
2025,rth,balance,0.15,0.11037030320534075,-0.20537519417503836,0.08142599414871783,0.31179764778881947,0.9311322394917253
2025,rth,balance,0.2,0.10710985808882909,-0.21348354192136546,0.13002937451682103,0.32942463970754243,1.0248519670021412
2025,rth,balance,0.25,0.11378994298862696,-0.24095625033692597,0.061482523176862945,0.35375518323564015,0.9705164650790062
2025,rth,balance,0.3,0.12429340580502891,-0.20852304152213444,0.06638817902325027,0.3438518005352754,1.0312538067878299
2025,rth,balance,0.35,0.1592377710097312,-0.183859053498112,0.08057392125371894,0.34603969300633686,0.9951905695324978
2025,rth,balance,0.4,0.13311735927463936,-0.18457190454120387,0.08907245189969577,0.3197386284828466,0.977620133550182
2025,rth,balance,0.45,0.12043217685050188,-0.2322876872149488,0.09792117756006975,0.35325509245622033,0.9351212968935687
2025,rth,balance,0.5,0.12569280731973903,-0.2621382879457948,0.10578246192135995,0.38908574151136904,0.9676223807406938
2025,rth,balance,0.55,0.1288183733534755,-0.22662415721568807,0.09810145737344925,0.35666036240480875,0.9462012626516542
2025,rth,balance,0.6,0.11336485535834162,-0.22621122964935933,0.08292327400774603,0.3446848402546805,1.0124149021173423
2025,rth,balance,0.65,0.13414199471418603,-0.20163232767963274,0.07237213516819406,0.3440394485429392,1.0404850373023227
2025,rth,balance,0.7,0.130964297190227,-0.2458450258758736,0.11070844277144569,0.3830763845529673,1.0565716667776597
2025,rth,balance,0.75,0.10032849988261083,-0.2214352213583859,0.08834863299801933,0.33204300327445874,1.0610064253467215
2025,rth,balance,0.8,0.0749959632005253,-0.19395996908657331,0.10813127392820718,0.2804245283394468,1.1125835756995333
2025,rth,balance,0.85,0.031740238594515933,-0.2431124844658859,0.10864005634993384,0.2953213167919545,1.2127093734481587
2025,rth,balance,0.9,0.0049710235591947155,-0.256024201897174,0.10326804663323631,0.28126347607762453,1.1991848015263549
2025,rth,balance,0.95,-0.054220729067520054,-0.23650648375535382,0.0997130395063587,0.2025443070552149,1.197056318497441
2025,rth,def_cancel,-1.0,-0.06121472148541912,0.022281871220830713,0.0018333599451175197,-0.08072623711795703,0.887691824721897
2025,rth,def_cancel,-0.95,-0.10117545323986157,0.02795104126439809,0.0011008488597709085,-0.1332050529415303,1.098727743597158
2025,rth,def_cancel,-0.9,-0.11728369804759874,0.007203769954193535,0.008275304085961502,-0.12354921881199342,1.0379040634674357
2025,rth,def_cancel,-0.85,-0.0879297638658348,-0.057684577844878356,0.033613002271473354,-0.03465033052548002,1.0026797838859427
2025,rth,def_cancel,-0.8,-0.1260358866157297,0.001863388731237229,0.014305242223533661,-0.12642898876538994,0.9656223251265476
2025,rth,def_cancel,-0.75,-0.1578351480633595,0.007044865955854993,0.010850421045985888,-0.16247656393051796,0.8884039789375056
2025,rth,def_cancel,-0.7,-0.10103984005174582,-0.01498617390854813,0.020884598930200164,-0.084113654446458,0.9079175718583574
2025,rth,def_cancel,-0.65,-0.009725790063881695,-0.030617144808395814,0.04057549015162115,0.020926233247773356,0.9151419700326091
2025,rth,def_cancel,-0.6,-0.025001199952328666,-0.01152377651016301,0.026260651100014215,-0.014218984508700478,1.0528575707572945
2025,rth,def_cancel,-0.55,-0.06789161555943388,-0.014983835172207534,0.027673580599919822,-0.05365330071107417,0.9952367340367546
2025,rth,def_cancel,-0.5,-0.10695377459560598,-0.02297765144575561,0.050583642350689996,-0.08413641722334246,0.9818368341264031
2025,rth,def_cancel,-0.45,-0.08290331986148972,0.05111118349559775,-0.019675460294799642,-0.1326063952998877,1.0259147183702306
2025,rth,def_cancel,-0.4,-0.0343514062958453,-0.02180390941591215,0.01994958136372758,-0.011420164808183371,0.9783231653111514
2025,rth,def_cancel,-0.35,-0.047051028430802395,-0.12820420232267105,0.03598461595027278,0.08116935566884978,0.9572928131311451
2025,rth,def_cancel,-0.3,-0.07391915506470434,-0.04807561607155261,0.023154579173863106,-0.0253516519361692,0.9063513677751749
2025,rth,def_cancel,-0.25,-0.08856181233888599,-0.05241281225910634,0.03379737196610832,-0.03222606073267365,0.9435976422333489
2025,rth,def_cancel,-0.2,-0.08849209657717462,-0.08879142551315815,0.05592750969619749,0.001261392395589954,0.9706153286400673
2025,rth,def_cancel,-0.15,0.01780220736957072,-0.012976213023590841,0.009792576685453613,0.03045525743043297,0.9841759802064869
2025,rth,def_cancel,-0.1,-0.06032359296860832,-0.053383680508903054,0.029319757583425223,-0.0066519287313669675,0.9766913949866454
2025,rth,def_cancel,-0.05,-0.09964340366327566,-0.07097866352078938,0.04464623948635488,-0.02719286913366967,1.100015699087987
2025,rth,def_cancel,0.0,-0.3991023580726721,-0.22792312871136652,0.13412384107822048,-0.16577492922806572,1.0254588855101887
2025,rth,def_cancel,0.05,-0.21833441685949748,-0.17774558884036604,0.13484372224063992,-0.03809193266051043,1.0220770142732434
2025,rth,def_cancel,0.1,-0.049252920099121675,-0.09206006370588032,0.06386507257739259,0.04431658942628226,0.9923026494569114
2025,rth,def_cancel,0.15,0.043169836771661765,0.005914656760158643,-0.008353425135117814,0.03791149620273767,1.0284259394005564
2025,rth,def_cancel,0.2,0.057884530321360664,-0.04453192979026082,-0.002705179707025096,0.1032728548289588,1.0802197248300325
2025,rth,def_cancel,0.25,0.049716716256043264,-0.023347199792657244,0.010736663065909568,0.07228227077170238,1.0762014843846253
2025,rth,def_cancel,0.3,0.0716443008638148,-0.04006274327199154,0.004309675974505926,0.11090763127895865,1.0064404156325009
2025,rth,def_cancel,0.35,0.09076750891457361,-0.03196407673564897,0.010284484984963786,0.11881553668385826,1.002941559283193
2025,rth,def_cancel,0.4,0.061583799867775624,-0.13001042637268923,0.04314884234723318,0.18479311404017262,0.899261475276315
2025,rth,def_cancel,0.45,-0.06537821512790812,-0.11727663908006343,0.02305724860164135,0.0523018633523456,0.9658543903170141
2025,rth,def_cancel,0.5,-0.06380716902930167,-0.09977070387629748,0.04804679250521229,0.0382020775076988,0.9951146855772541
2025,rth,def_cancel,0.55,-0.049337936950393,-0.11266615541268267,0.07230816644397677,0.06463113439677164,0.9499020051364573
2025,rth,def_cancel,0.6,-0.0740787126054932,-0.14560914237642628,0.06081406464202352,0.06832059803037976,0.9647242757625688
2025,rth,def_cancel,0.65,-0.13233957082414513,-0.20393911380413204,0.10867175340954818,0.06730864123838012,0.8885135343300132
2025,rth,def_cancel,0.7,-0.15755154031787752,-0.2845945068398884,0.17287315702426417,0.1282002987938877,0.9473995955052606
2025,rth,def_cancel,0.75,-0.3090437186961317,-0.3740862764919344,0.21552139839853246,0.08389933311823605,0.9129842214240246
2025,rth,def_cancel,0.8,-0.3548781975498619,-0.4675750090571572,0.24150344427067633,0.13529599623709557,0.9365760318265622
2025,rth,def_cancel,0.85,-0.37860392713271557,-0.46500598673608395,0.2872397187738354,0.10841139728063401,0.913773068746836
2025,rth,def_cancel,0.9,-0.37042954265255024,-0.5897642257474107,0.26274290708100556,0.24094576200977857,0.8198968205749091
2025,rth,def_cancel,0.95,-0.35049583628450703,-0.45947641805555683,0.2599984738796265,0.12146063510039179,0.8653761322851506
2025,rth,def_eff,-1.0,0.11125995511945974,-0.10979007796326828,0.02883123746467835,0.2237003455390815,1.0475130760074904
2025,rth,def_eff,-0.95,0.20419081408137793,-0.10101923749794303,0.012669471010524293,0.3141695661557503,1.2440153342169162
2025,rth,def_eff,-0.9,0.1185383880163489,-0.17290409527044473,0.035733833156281286,0.2988626937393892,1.1021592341483473
2025,rth,def_eff,-0.85,0.14765551641799277,-0.03740058543143933,6.017152976503751e-05,0.18866887215899808,1.243937984758541
2025,rth,def_eff,-0.8,0.1440508633700801,-0.11911167836561531,0.07419974003708783,0.27284700442453197,1.1893324236636993
2025,rth,def_eff,-0.75,0.16670715323780383,-0.018001149995735592,-0.00394442277273201,0.1721021139683642,1.2224461583033552
2025,rth,def_eff,-0.7,0.0273242825364877,-0.07061674895102678,0.017326401746899135,0.10073585043515983,1.1198777495061383
2025,rth,def_eff,-0.65,0.0659806945164893,-0.05960178816448928,0.004133601451471772,0.13005437716157903,1.3035932592871826
2025,rth,def_eff,-0.6,0.12312779465669058,-0.0054487405193578906,-0.020361042139845742,0.12406825073150804,1.2749124676386978
2025,rth,def_eff,-0.55,0.09526111469656429,-0.058866276248175364,0.018356989910769627,0.15609230596844448,1.0848599520859474
2025,rth,def_eff,-0.5,0.1203372103465314,-0.03080182769598183,0.007317423082097763,0.151108204783041,1.3120364008753183
2025,rth,def_eff,-0.45,0.010770171728082714,-0.05602681520977356,0.0271215533415671,0.0705936165858791,1.182901168196228
2025,rth,def_eff,-0.4,0.027226037225560024,-0.0036346930785475045,-0.002355755612136874,0.029981343543436012,1.1580657665737393
2025,rth,def_eff,-0.35,-0.0031959839611046476,0.05407150754013305,-0.017036943298435817,-0.06313311950910186,1.261063954014378
2025,rth,def_eff,-0.3,0.08366527100956594,-0.04178510724156229,0.012191121599891082,0.1267777623733335,1.1981271532394455
2025,rth,def_eff,-0.25,0.07652888369904376,0.04430505746981786,-0.024651715777460274,0.028054835070621936,1.199412346097189
2025,rth,def_eff,-0.2,0.1468082699568489,-0.0005880291112916197,-0.00988997123224339,0.15171278110333394,1.2040312746396211
2025,rth,def_eff,-0.15,0.111122657319897,0.0018037177371014379,-0.012972765550987343,0.10651285146878145,1.2283429624558417
2025,rth,def_eff,-0.1,0.16228749931714828,-0.022643921353891858,-0.00013164378634365507,0.183139965942993,1.2318840262675994
2025,rth,def_eff,-0.05,0.31364536719008945,-0.021724861361320992,-0.027497499297834224,0.3277800718464993,1.1764741489544779
2025,rth,def_eff,0.0,0.6774499427518752,0.20673227480618928,-0.1422015106092405,0.47288919369729865,1.4238649208579346
2025,rth,def_eff,0.05,0.42122738957745565,0.4316727331883959,-0.21090690771438736,-0.06994022406440371,1.5665744577136567
2025,rth,def_eff,0.1,0.07034720234694834,0.3316203994739611,-0.12689642164843326,-0.30133727763029494,1.2328273407860193
2025,rth,def_eff,0.15,-0.09227128733743607,0.2022750200580698,-0.0711152057078749,-0.30151396167764066,1.1400789580833588
2025,rth,def_eff,0.2,0.017985711810608294,0.1135717465872954,-0.04654514805223366,-0.10326955397922563,1.1058507455085482
2025,rth,def_eff,0.25,-0.14881004996401162,0.13562427917220612,-0.055309558151020954,-0.2879866602243776,1.1769745932087563
2025,rth,def_eff,0.3,-0.1535856300886738,0.09601682277613494,-0.05053812969924464,-0.241690396146129,1.0607494514544884
2025,rth,def_eff,0.35,-0.19973886383601835,0.08550614823725342,-0.029998276434299576,-0.27633854539058905,1.0555107483179877
2025,rth,def_eff,0.4,-0.07230428378307471,0.07396167957290387,-0.027060810757719957,-0.142661675154666,0.996710481611594
2025,rth,def_eff,0.45,-0.040873067712748956,0.12288303219837404,-0.024310593678463874,-0.17212139850026584,1.1697839611312195
2025,rth,def_eff,0.5,0.016814466350079084,0.10506334327997628,-0.07134093618761105,-0.095095571900776,1.0408051801869749
2025,rth,def_eff,0.55,0.0008440500169770726,0.14222272147017745,-0.08882604160746009,-0.1474665567576047,1.1074699827262462
2025,rth,def_eff,0.6,0.09908325240606443,0.26609941201027737,-0.13604894502742385,-0.1893701973752472,1.0450798263997774
2025,rth,def_eff,0.65,0.134118522119218,0.33486843131434735,-0.17251920664515208,-0.23066795607785992,1.1127776758043944
2025,rth,def_eff,0.7,0.18533109655915397,0.4626942681131616,-0.1921608329819159,-0.3346097279037475,1.2291308313667062
2025,rth,def_eff,0.75,0.32570822569196706,0.41537582248599925,-0.2634176600410192,-0.12329641375501567,1.2202338263258143
2025,rth,def_eff,0.8,0.4053033322100731,0.5800110380813978,-0.2736243659128791,-0.2228858879747026,1.2174194871117725
2025,rth,def_eff,0.85,0.5552433212213674,0.7345638012273458,-0.26370568173049674,-0.24936357316376595,1.2121485159219827
2025,rth,def_eff,0.9,0.48891357397602153,0.6232889771625498,-0.3283334175785502,-0.1990301483379406,1.3298871638459606
2025,rth,def_eff,0.95,0.4313618126333006,0.6107912088118846,-0.2961727720519296,-0.24433534934659085,1.3365941679379116
2025,rth,def_refill,-1.0,-0.0717093674078211,0.13194118192260582,-0.06655500448307607,-0.20262359090578308,0.9560053373589485
2025,rth,def_refill,-0.95,-0.08000837336948403,0.058900147038001664,-0.04284439454892319,-0.1403019392883127,1.1042410714033557
2025,rth,def_refill,-0.9,-0.18000264021278622,0.09428503030442906,-0.02210953617526312,-0.27659357661831135,1.073950331255982
2025,rth,def_refill,-0.85,-0.15101281015025564,0.06630152107030819,-0.0365908439215773,-0.21878904438313881,1.0228517932570227
2025,rth,def_refill,-0.8,-0.1430668766299589,-0.021470062704081867,0.021469603012301833,-0.12551564448138322,1.0170262481177241
2025,rth,def_refill,-0.75,-0.11010286721291175,0.027006241027037886,-0.0024258554592987837,-0.13873099511069698,1.0277316252534996
2025,rth,def_refill,-0.7,-0.19038836609890478,0.04563498678929414,-0.0010478867662348482,-0.23644607806228207,1.0308325940350926
2025,rth,def_refill,-0.65,-0.1319282210362503,0.09525862965069594,-0.036114693110654184,-0.23151104206848025,1.0768255996592953
2025,rth,def_refill,-0.6,-0.11876938791819504,0.026962192967897772,-0.002523198890585175,-0.14463458458532924,1.0229780201842784
2025,rth,def_refill,-0.55,-0.15070731280255448,0.03755120041121377,2.913116653976652e-05,-0.18931615383268316,1.0533374554337926
2025,rth,def_refill,-0.5,-0.138076217684077,0.0067506326750686975,0.009227655854112199,-0.1406220210696184,1.0380368482197795
2025,rth,def_refill,-0.45,-0.20710543339899204,0.0018851574413585978,0.013618130020402448,-0.20520205920034157,1.1066415128420561
2025,rth,def_refill,-0.4,-0.2291038194844271,0.028894027675002938,-0.004277853237914467,-0.26438931204477883,1.1660933861878975
2025,rth,def_refill,-0.35,-0.17576560823368664,0.06447815613855602,-0.008521381488589082,-0.24273878356606077,1.1841253681962407
2025,rth,def_refill,-0.3,-0.1238724014681296,0.002310057863626638,0.00965377068497568,-0.12286372545019245,1.0925703199599779
2025,rth,def_refill,-0.25,-0.13744514853564682,0.07014036912432145,-0.00641021839366864,-0.20697826078123457,1.0493647225132652
2025,rth,def_refill,-0.2,-0.07538544645125766,0.06514538713716175,-0.02354810411266721,-0.1412194908950453,1.0127339642985318
2025,rth,def_refill,-0.15,-0.2156534389702215,0.1136794275668554,-0.02269100989496679,-0.3277758737344968,1.066394930658096
2025,rth,def_refill,-0.1,-0.1938410435075741,0.07455176682672451,-0.008977021535683704,-0.26475567860414473,1.0620797789101935
2025,rth,def_refill,-0.05,-0.07259450317889371,0.06814690211403836,-0.011633789297406872,-0.14273855244951408,1.0903530890165694
2025,rth,def_refill,0.0,0.15268707544519766,0.13219771993143287,-0.08188524997382511,0.01274531560158797,0.9943645083176639
2025,rth,def_refill,0.05,0.15519813446535888,0.27266403452496224,-0.14392830975744714,-0.12578360208881037,1.0400295300749984
2025,rth,def_refill,0.1,-0.03878820757048817,0.29643656926247064,-0.11797460084408233,-0.3504948626188695,1.0785278787618933
2025,rth,def_refill,0.15,-0.08189296424754534,0.20244978535146307,-0.08969674798983567,-0.30008748010169317,1.1715445323290838
2025,rth,def_refill,0.2,-0.08526805856353953,0.1617786840192917,-0.08473509302873959,-0.2537315939904964,1.0288483795002994
2025,rth,def_refill,0.25,-0.151147547930959,0.2425894308100652,-0.05434512437343332,-0.39665474880969226,0.976367880074885
2025,rth,def_refill,0.3,-0.0908233896856618,0.19135943005067033,-0.06862814614739311,-0.2827409273323348,1.0275179171717426
2025,rth,def_refill,0.35,-0.12829571677267232,0.126986124306066,-0.03264196659350317,-0.2627809540999125,1.1197913078655055
2025,rth,def_refill,0.4,-0.24620804338852317,0.10134510822839222,-0.03887216299624005,-0.3511789580751762,1.0615246226101591
2025,rth,def_refill,0.45,-0.19028566728978746,0.10429344218228372,-0.028964673149335585,-0.2947547505113213,1.0499058126944811
2025,rth,def_refill,0.5,-0.22086373630300182,0.07719906965776749,-0.028924951540328887,-0.288883439982718,0.9803819578804318
2025,rth,def_refill,0.55,-0.11243279780642008,0.07172979810055928,-0.03401277800396696,-0.1837616452163139,1.030832556497616
2025,rth,def_refill,0.6,-0.12049651317679169,0.08412701835992904,-0.03838623809896097,-0.20661998859597513,1.1547108105966586
2025,rth,def_refill,0.65,-0.17019125628045598,0.24640634070058381,-0.07962715753599592,-0.43392364538408584,1.140052265808067
2025,rth,def_refill,0.7,-0.09686120109042103,0.20548772810935645,-0.07065453078273858,-0.314193858008829,1.1675278661283033
2025,rth,def_refill,0.75,-0.011111922121808206,0.20036699431280172,-0.10615016487860858,-0.22615110129010654,1.150723058526383
2025,rth,def_refill,0.8,0.07986461788966986,0.2847079865914299,-0.15648242492005576,-0.21245519935057283,0.9306709874989362
2025,rth,def_refill,0.85,0.08982217579211425,0.3591393505679011,-0.15099104177585052,-0.28358771156159435,0.9916232749087217
2025,rth,def_refill,0.9,0.08985018975648382,0.30300430724674204,-0.17406523666661536,-0.23427863439189814,1.115530078767248
2025,rth,def_refill,0.95,0.034409724314167715,0.3157614304490783,-0.11881077222194532,-0.29814543473508126,1.0526534220502421
2025,rth,delta,-1.0,-0.05286366797814574,-0.05243321107056802,0.01926049625180739,-0.0009016542528122203,0.9459850796629876
2025,rth,delta,-0.95,-0.016905713236103688,0.07635415039174673,-0.0068621215333674,-0.09225866503405818,0.9749995767196469
2025,rth,delta,-0.9,-0.01625429678101935,0.06824382994085862,-0.03545177303023707,-0.08177673545377007,0.8987164018832663
2025,rth,delta,-0.85,-0.057723008219157594,0.04542035213134841,-0.026902191216035792,-0.10644483815430533,1.0687616668025866
2025,rth,delta,-0.8,-0.03614501997183963,0.07260234836445138,-0.022657153417298452,-0.10834479763210814,0.974755379701681
2025,rth,delta,-0.75,-0.054969544019405715,0.16797072616933625,-0.04010015067134562,-0.2203173283784727,0.9554856884579225
2025,rth,delta,-0.7,0.026645982190734902,0.08265325291916224,-0.038469547666841276,-0.05579214340443521,0.9890815250199342
2025,rth,delta,-0.65,-0.02998915764176526,0.06484689195693621,-0.034195770554692334,-0.09583188076230524,1.034631406776951
2025,rth,delta,-0.6,-0.007417797170304252,0.08938203457629167,-0.046016989973610416,-0.09515821005507245,0.9667549097420428
2025,rth,delta,-0.55,-0.05201206841948155,0.10440948181831063,-0.03512591285795493,-0.15698390715832042,0.9842081638276055
2025,rth,delta,-0.5,-0.08462988014267352,0.05693214828381035,-0.018411811953659114,-0.14233798310934578,0.9884448596665133
2025,rth,delta,-0.45,-0.00512288137622233,0.04088194400228545,-0.0054901716573270655,-0.043413376368503356,0.8783610431702235
2025,rth,delta,-0.4,-0.051869045502656405,0.020632989540727276,-3.346290561652642e-05,-0.07305081538919032,1.0405938810578121
2025,rth,delta,-0.35,-0.10218900668469127,-0.02719743243952564,0.021741464426591812,-0.07563901963330187,1.0278513601132735
2025,rth,delta,-0.3,-0.08373016232250743,0.13749547777587184,-0.030052801561636838,-0.22144395531588693,0.9965138695913455
2025,rth,delta,-0.25,-0.07384797964519772,-0.03804911083363575,0.017789010989045822,-0.0399023651141046,1.0802077201881195
2025,rth,delta,-0.2,-0.06462526752253084,-0.039962050278932335,0.030662896325960757,-0.02643848220713477,1.0260103428776008
2025,rth,delta,-0.15,-0.025518648233056294,-0.029490465920842934,0.032330693740416847,0.003290457791035676,1.0423372137485267
2025,rth,delta,-0.1,-0.11704237534184035,0.01802160641480207,0.0005942192800081772,-0.13462601432089039,0.9891688053585295
2025,rth,delta,-0.05,-0.09485952918529922,-0.006085400864496378,0.009839924306177434,-0.08782927847067583,0.9356258942090177
2025,rth,delta,0.0,-0.4539939118101359,-0.1998235653040884,0.12415400972942423,-0.2503417864080697,1.0442847801665749
2025,rth,delta,0.05,-0.5242610834511992,-0.31474051131220177,0.1620883499488575,-0.1981396159361051,1.187022314333791
2025,rth,delta,0.1,-0.3658683041740363,-0.2348472744472193,0.12363820383690466,-0.1458925785201309,1.1952688296787195
2025,rth,delta,0.15,-0.22645133443891186,-0.18620231493840014,0.10921573936757545,-0.04821836277277182,1.09407287801604
2025,rth,delta,0.2,-0.1798818008708581,-0.06574854070474029,0.06495190876291669,-0.10844864929009676,1.071570696099562
2025,rth,delta,0.25,-0.048980913227938065,-0.09644019789079798,0.044875819718390816,0.04811774875451954,1.0403377821859414
2025,rth,delta,0.3,-0.07004578766283706,-0.06674110418810325,0.01940864436018676,0.00034794029874538724,1.1190007121492234
2025,rth,delta,0.35,-0.01994145307341653,-0.013343452869601024,0.008930859168498327,-0.006556315614726422,1.071019333500974
2025,rth,delta,0.4,-0.04829227117272257,0.009307273784784235,-0.0020826437634406192,-0.05724054257900819,0.9958256252406087
2025,rth,delta,0.45,-0.05133731949598361,-0.07380711174306166,0.034655863882664305,0.02255165236012475,1.0279612520749446
2025,rth,delta,0.5,-0.06452633560405696,-0.11538412281766636,0.06599629917900299,0.04477921010381918,0.9873915808253565
2025,rth,delta,0.55,-0.058905399059679564,-0.06818691029386165,0.048676152727806156,0.010178857316416405,0.9961577373009012
2025,rth,delta,0.6,-0.1861592314685333,-0.17106447806473754,0.10418974416059834,-0.017443910331075695,0.9545591747194623
2025,rth,delta,0.65,-0.14839847127816722,-0.3089572477986099,0.12953593365153473,0.1610700292506389,0.9604496070863905
2025,rth,delta,0.7,-0.21703373821338756,-0.3511106286602209,0.21814592559175755,0.12154762211353472,0.9362688443911542
2025,rth,delta,0.75,-0.26223852743842113,-0.4326756972805285,0.18308661145184948,0.17373437953479587,0.9291081436681173
2025,rth,delta,0.8,-0.4289104473661188,-0.4374494466970362,0.2603835496744986,0.0034762492534812996,1.0475601452349173
2025,rth,delta,0.85,-0.5238559884759113,-0.5761069401270322,0.2723222272363089,0.028466925487329545,0.9921760825995694
2025,rth,delta,0.9,-0.46839153126107186,-0.5042371741714994,0.31457873036669454,0.039057566316034104,0.9990791360604223
2025,rth,delta,0.95,-0.38769109685576336,-0.43727857049594515,0.29793228409798517,0.056292959785653476,1.0336762608377055
2025,rth,large_delta,-1.0,0.0,0.0,0.0,0.0,1.7841232843110315
2025,rth,large_delta,-0.95,-0.011009235589853554,0.0,-0.0109182528511519,-0.010641066345190704,1.0867716934547809
2025,rth,large_delta,-0.9,0.04135102173331579,0.24736336979005275,-0.06767335367249407,-0.22475098586875442,1.1788938979376782
2025,rth,large_delta,-0.85,0.0,0.09825603902643948,-0.062387104631083774,-0.10281685004290234,1.117682952288736
2025,rth,large_delta,-0.8,0.03705923495224914,0.09518589723588768,-0.03338018388951371,-0.06120456171817654,1.006664644726695
2025,rth,large_delta,-0.75,-0.0032705823967428345,0.08588360227942772,-0.040379277235878225,-0.09147004812372123,1.064014882255108
2025,rth,large_delta,-0.7,-0.012415741934252081,0.09559177551268491,-0.057175505666721006,-0.11130411325598187,1.0713272815997186
2025,rth,large_delta,-0.65,0.0420396019960125,0.11857864956410481,-0.020095145883232874,-0.08328437555998866,1.1270092167226298
2025,rth,large_delta,-0.6,0.03163401004910475,0.04345468115010076,-0.029793216092949472,-0.015552090393262209,1.1763575745113197
2025,rth,large_delta,-0.55,0.034955420492552076,0.0845939681446429,-0.03191736980193839,-0.05928859373341936,1.2634204016257347
2025,rth,large_delta,-0.5,0.06303491960649901,0.03638915976716215,-0.024014384605146204,0.018788617325346688,1.2426703965862749
2025,rth,large_delta,-0.45,0.10245488432270142,0.013957441844003927,-0.016172651106920923,0.07927905831545087,1.1845945651982137
2025,rth,large_delta,-0.4,0.11749707294236254,0.008340738459480225,-0.009159205129781483,0.09477074890963959,1.119353621379992
2025,rth,large_delta,-0.35,0.13047399126446013,-0.0031987195542103187,-0.018413770457313912,0.11430994618370437,1.0965786186955064
2025,rth,large_delta,-0.3,0.11416845710815395,-0.01072920822465976,-0.012646955831239107,0.1075532660728987,1.1398779241730541
2025,rth,large_delta,-0.25,0.15261666425368087,-0.008532949692427513,-0.016483143244260614,0.14930427903609886,1.10128037986064
2025,rth,large_delta,-0.2,0.16086359685381998,-0.05323768226097956,-0.0022615534756229667,0.20540725091754655,1.1183312005768775
2025,rth,large_delta,-0.15,0.1596257161526426,-0.051321109631142024,-0.005968155483045841,0.2075462732757914,1.1701306941099137
2025,rth,large_delta,-0.1,0.11749767471274442,-0.01161434810192999,-0.0012158120301493896,0.12249167756625996,1.1787094456762406
2025,rth,large_delta,-0.05,0.12516103339099346,-0.0015676201853341138,-0.0056464491230942635,0.11970282378938614,1.1618791243979663
2025,rth,large_delta,0.0,0.05247340156410701,0.009414676660034448,-0.017040751814695866,0.04009104013528857,1.167408991456336
2025,rth,large_delta,0.05,0.042570895762793624,-0.06316430634117087,0.015204568936106062,0.11124386454517256,1.188047287484987
2025,rth,large_delta,0.1,0.013579470409032322,-0.08401183866739122,0.019197656668373125,0.10457156956626601,1.1779075098951086
2025,rth,large_delta,0.15,-0.003938876986287498,-0.09013054269865006,0.04089993792207048,0.09425864278193595,1.1871861131715495
2025,rth,large_delta,0.2,0.012472834632472292,-0.08985824768937385,0.06375984158806691,0.1098447182867055,1.1874417920823395
2025,rth,large_delta,0.25,-0.014535196769109807,-0.14630975786695455,0.057786989165479544,0.1477175247248545,1.1987778538632712
2025,rth,large_delta,0.3,-0.04948594931588003,-0.19922298504709562,0.07940214726289416,0.17012761827357914,1.1870241541839346
2025,rth,large_delta,0.35,-0.049384002874174576,-0.18396691186461692,0.07169079543754886,0.15373167799260842,1.1724434349122719
2025,rth,large_delta,0.4,-0.06596094993312933,-0.17414285334099755,0.07504632732665081,0.12998462476703054,1.2021401425192506
2025,rth,large_delta,0.45,-0.08260684491943741,-0.17049127144186005,0.08814147675488786,0.10753941002498905,1.1409565577883949
2025,rth,large_delta,0.5,-0.09974678886208524,-0.22284705753644005,0.09829071330137287,0.14741112322672728,1.1730699280199521
2025,rth,large_delta,0.55,-0.13215319241577186,-0.23836080164273127,0.09662854742260796,0.130819331144364,1.1727631235774627
2025,rth,large_delta,0.6,-0.1433148468088287,-0.29653888945288764,0.08368374418560987,0.18141422294087006,1.1827110299493517
2025,rth,large_delta,0.65,-0.1944864277388461,-0.3120809650150928,0.08513305638257951,0.14936456148424487,1.1973249793094582
2025,rth,large_delta,0.7,-0.2265473802460864,-0.300761642051397,0.10518414973142223,0.10426625366977023,1.2004414349196515
2025,rth,large_delta,0.75,-0.2159676044467482,-0.31595960970863995,0.12759333237575493,0.1294671480823004,1.2007739337562917
2025,rth,large_delta,0.8,-0.23319051275943253,-0.33656333892007867,0.16141857247374514,0.13165872975129925,1.2084910599837098
2025,rth,large_delta,0.85,-0.2369077905198,-0.3511180664955959,0.18760325061989971,0.1450845539913785,1.1775531683413134
2025,rth,large_delta,0.9,-0.2821927716831074,-0.4011695888219895,0.19581831256236645,0.1571722501403438,1.213589360284068
2025,rth,large_delta,0.95,-0.31057183162441954,-0.4686744606201461,0.2202334368203381,0.20690013435529084,1.2416974956676103
2025,rth,large_delta_post,0.0,0.3067614547811881,0.0,0.0,0.33276809313571004,1.1978555586409054
2025,rth,large_delta_post,0.05,0.3516571026027032,-0.1980027924004158,-0.04573580883064566,0.614225164298884,1.1429332069234668
2025,rth,large_delta_post,0.1,0.23031201830926518,-0.1393710574997738,-0.01002152528547792,0.37160488463782765,1.0116957313213846
2025,rth,large_delta_post,0.15,0.1294626582945907,-0.08941449882145444,0.0003353555494526387,0.22412962327096075,1.0392587576763204
2025,rth,large_delta_post,0.2,0.116210124159193,-0.007178100777244734,-0.0129444266948305,0.12902063813121223,1.3497574698426023
2025,rth,large_delta_post,0.25,0.12133552199507008,-0.005549163860416359,-0.00499281093361678,0.1276924104215982,1.5086396118497825
2025,rth,large_delta_post,0.3,0.08234664085600175,0.04524980405266744,-0.02796595027996374,0.02679065650514766,1.594776756364834
2025,rth,large_delta_post,0.35,0.03832348587936715,0.014530097951809817,-0.04349077895942787,0.01973245794522055,1.7885562945719093
2025,rth,large_delta_post,0.4,0.07008959843239551,0.014987982582792549,-0.024712602337322646,0.05099136323884188,1.8593976204704814
2025,rth,large_delta_post,0.45,0.035240374425206535,0.010948454373629672,-0.016322916189729836,0.02247710592066971,1.8780704766275504
2025,rth,large_delta_post,0.5,0.013725062241164638,-0.0021219412300348592,0.008457396707538173,0.016827575474541216,2.0420488602920646
2025,rth,large_delta_post,0.55,-0.02128365550175982,-0.030335503535257168,0.02660090194201262,0.016545386632321163,2.070774805495835
2025,rth,large_delta_post,0.6,-0.03786483082081993,-0.0852237766921288,0.059494958978215134,0.06803647707849497,1.9211113229262844
2025,rth,large_delta_post,0.65,-0.0848092357402735,-0.13056731179074876,0.05610155712662496,0.07533965778122388,1.8475156175294716
2025,rth,large_delta_post,0.7,-0.07874052229205657,-0.15085569819926573,0.07176146886803728,0.1039022902835313,1.7876682294397803
2025,rth,large_delta_post,0.75,-0.08484835953738237,-0.15054666875720793,0.1358283140345672,0.09833766562234339,1.7841205096985242
2025,rth,large_delta_post,0.8,-0.1199229058907991,-0.24784538800292782,0.16132267452983395,0.18668583522365262,1.8578467250745032
2025,rth,large_delta_post,0.85,-0.18307972054889732,-0.29125981166996306,0.17173738533074234,0.1732832394076864,1.8603522475109913
2025,rth,large_delta_post,0.9,-0.1880730431954115,-0.3110465382663418,0.19024925148928182,0.19869601327968137,1.91098788269431
2025,rth,large_delta_post,0.95,-0.1834356390025656,-0.3109213938597283,0.22896046010060128,0.19752789906040086,1.7970942159788028
2025,rth,large_div,-1.0,-0.02344198821246904,0.00689017751200455,-0.007833807264326455,-0.03261772142461704,1.4878219862741893
2025,rth,large_div,-0.95,0.0011061903415991137,0.0573013298581331,-0.015394195731103705,-0.058445658616848854,1.0303958801025461
2025,rth,large_div,-0.9,-0.026705171054815402,0.06687098003274762,-0.0249406202076668,-0.09598435870233707,1.0954017487100145
2025,rth,large_div,-0.85,-0.024013126985406426,0.07122397859655916,-0.043357186028569805,-0.09714939206693078,1.0574863687151639
2025,rth,large_div,-0.8,0.03553807181166071,0.0906059196603905,-0.03755413523674984,-0.05697882648028136,1.0186791053009636
2025,rth,large_div,-0.75,-0.007440041366572712,0.021965826588005454,-0.015592524856409143,-0.0296251111179594,1.0393044647557903
2025,rth,large_div,-0.7,0.0008840773440952479,0.04668586017810392,-0.016441466434319273,-0.04822488767958487,1.0974070782847605
2025,rth,large_div,-0.65,0.019571131360008594,0.05896368917531174,-0.01869166993464326,-0.04388824559921183,1.1464691286741107
2025,rth,large_div,-0.6,0.038735365373618005,0.055045110607503056,-0.033622669149624064,-0.023222896711262816,1.2650369538649415
2025,rth,large_div,-0.55,0.06598949828925374,0.07066899144393854,-0.017897143931736,-0.014918368191820523,1.2603037503411436
2025,rth,large_div,-0.5,0.07819802682844118,0.006503309163431731,-0.014086677746003702,0.0679914954094939,1.2808705624088557
2025,rth,large_div,-0.45,0.10861531896194132,0.00829241175769834,-0.011391104786251684,0.09220283694663885,1.23011155721687
2025,rth,large_div,-0.4,0.1200573067583277,0.019758400819526973,-0.021854897945047757,0.0884317878850697,1.197219294112369
2025,rth,large_div,-0.35,0.150283222056334,0.018584480462798907,-0.027468720847716413,0.1148462229012923,1.1396581062143325
2025,rth,large_div,-0.3,0.1490238463587184,0.008817516155642052,-0.01597931187559902,0.1265906953481193,1.134636430107061
2025,rth,large_div,-0.25,0.16918786139789094,0.0028368372340672123,-0.012320696891634262,0.14794184103222344,1.1239520497119786
2025,rth,large_div,-0.2,0.1629096744228157,-0.07999597556113665,-0.0017194639000721525,0.23186253055026215,1.1260512774337366
2025,rth,large_div,-0.15,0.1621299073967827,-0.05530318648911059,-0.00026414690478946914,0.212720939747234,1.133956127623487
2025,rth,large_div,-0.1,0.1303545919430507,-0.013095722011085657,-0.005042292583742817,0.1360087259620864,1.148811700090127
2025,rth,large_div,-0.05,0.11401582372465638,-0.010771098345254294,-0.005284159894088709,0.12082423417127161,1.1262898788518725
2025,rth,large_div,0.0,0.0838556216757349,-0.024567797600587353,0.00645232074841614,0.10701051505269263,1.1582715421308396
2025,rth,large_div,0.05,0.07113271153523885,-0.036200553879372654,0.023552416573738973,0.10944021357935213,1.163702063710894
2025,rth,large_div,0.1,0.04919720737808558,-0.0535451888571857,0.025529667181142465,0.10621220116213534,1.1705166729263827
2025,rth,large_div,0.15,0.03225179895477795,-0.050365974167941356,0.025422621827632087,0.08643518841013172,1.2015612798663147
2025,rth,large_div,0.2,0.0400136014764318,-0.07742571162674268,0.03635976080554725,0.12406855702819966,1.2050975743124952
2025,rth,large_div,0.25,0.00770325722793743,-0.14252200271716942,0.03011448595673439,0.1637739256127593,1.2017800918350798
2025,rth,large_div,0.3,-0.015116137085939146,-0.1889695425698573,0.03929218451657364,0.191940138656482,1.1895664518161668
2025,rth,large_div,0.35,-0.017884653213850212,-0.15108101768212426,0.054074317870440605,0.1477731201512371,1.1747036140097875
2025,rth,large_div,0.4,-0.040839087341509574,-0.14093925463126022,0.06503160308226183,0.11496284890539266,1.1829547793049786
2025,rth,large_div,0.45,-0.05665504465430753,-0.1665761196122704,0.07271229596538584,0.1280233491164999,1.1633040117143543
2025,rth,large_div,0.5,-0.0632732421417336,-0.20844579005025782,0.10066599512237015,0.16753243189277076,1.156641579068893
2025,rth,large_div,0.55,-0.09532607718072825,-0.19473425230080108,0.10144725238225571,0.11725870435926802,1.1491810671596672
2025,rth,large_div,0.6,-0.09100021994022664,-0.2414461961025269,0.09323091626490096,0.17482472837169744,1.1783705056016736
2025,rth,large_div,0.65,-0.12927382057960649,-0.2558490411773672,0.09553743647515699,0.1497023806296339,1.1560060521592457
2025,rth,large_div,0.7,-0.1647689800751711,-0.25068038382074753,0.10297398068612203,0.11448806082214594,1.2130951696028842
2025,rth,large_div,0.75,-0.16496495622302543,-0.2589080668591446,0.11616893840944552,0.11895755777021201,1.2002327986607848
2025,rth,large_div,0.8,-0.17647563013154033,-0.3059753429004742,0.13522819837968428,0.15751012242888468,1.2008652463294793
2025,rth,large_div,0.85,-0.1952439354893619,-0.3422402672621458,0.1514846568929308,0.17645330183053612,1.1568182240761018
2025,rth,large_div,0.9,-0.20781769588089896,-0.3468757302081263,0.18665693070238495,0.17425332312476816,1.203033834496638
2025,rth,large_div,0.95,-0.2284059065857296,-0.39202684412404964,0.22307048303665292,0.2088182548630133,1.2220617463448205
2025,rth,large_div_post,0.0,0.15164737569384518,0.002744604140619351,-0.011577559019249239,0.15950830834027704,1.0769260293888527
2025,rth,large_div_post,0.05,0.29095991570915336,-0.16547883089189033,0.0005393154397244066,0.5037424036460675,1.1347375127331274
2025,rth,large_div_post,0.1,0.2554428993728664,-0.18198987456018278,0.041202086222979294,0.44493683486694574,1.0515473839047216
2025,rth,large_div_post,0.15,0.15663373179404294,-0.07592853404068069,0.015138389287112515,0.23851556178919142,1.1130200592423523
2025,rth,large_div_post,0.2,0.11508187488285586,-0.047751499729217696,-0.0037288521664294322,0.1683246191262221,1.2819124436087777
2025,rth,large_div_post,0.25,0.1266218539810176,-0.023014347053785897,-0.0070504554393467775,0.15251526924611647,1.4874684219305592
2025,rth,large_div_post,0.3,0.07683657022379917,0.01648798947613303,-0.034923429973737076,0.05607880156105404,1.5255954756944687
2025,rth,large_div_post,0.35,0.051959490805798314,0.0074709759171201,-0.011018394978728393,0.042102227331928505,1.6642856001482103
2025,rth,large_div_post,0.4,0.06984051355459306,-0.00012860679574802498,-0.002656941201453063,0.069087890190214,1.7252483738574194
2025,rth,large_div_post,0.45,0.03129180538744293,0.024347609554588086,-0.013393598267642715,0.0005622737511195106,1.8107428354115573
2025,rth,large_div_post,0.5,0.01580261173652318,-0.02407699239276038,0.010750266614628808,0.04637322757614669,1.8929946256453545
2025,rth,large_div_post,0.55,0.012268946260180054,-0.016859148570901695,0.0368227490863296,0.03387905646434762,1.8656030401030081
2025,rth,large_div_post,0.6,-0.021885915715120725,-0.10517529103030492,0.0578881481430628,0.10908555407715537,1.8592835557823535
2025,rth,large_div_post,0.65,-0.04251064077761156,-0.1501288457199367,0.06327897178785634,0.14223702351640638,1.8060486659104562
2025,rth,large_div_post,0.7,-0.06135501239808831,-0.14446141635802537,0.057604273489411606,0.1144191230491717,1.7495124837017315
2025,rth,large_div_post,0.75,-0.06942442879775684,-0.15399236794327453,0.09758857555697548,0.11936333413070437,1.8296693014689744
2025,rth,large_div_post,0.8,-0.09020351070102517,-0.2277285965992845,0.11878150812818955,0.1973265514450986,1.9264841874704943
2025,rth,large_div_post,0.85,-0.16093711671728164,-0.2719209621092904,0.11539237350233186,0.1772316001875803,1.8998859389570526
2025,rth,large_div_post,0.9,-0.1771206510604661,-0.2850983291111935,0.14250222403885668,0.1753767713455705,1.8611859176807979
2025,rth,large_div_post,0.95,-0.17231672222415384,-0.3009548252608756,0.17746188993641127,0.2044307257893581,1.8815060290308707
2025,rth,volume,-1.0,0.49178427829182,-0.18333127206156957,0.027175219206395186,0.6665326659243124,0.713487766596471
2025,rth,volume,-0.95,0.5150030693405027,-0.18725667280318212,0.03883043823560413,0.6936135310255154,0.7667686299406498
2025,rth,volume,-0.9,0.5213840980276822,-0.15644206528217744,0.02263291916228293,0.6689874231529144,0.7228037476342815
2025,rth,volume,-0.85,0.5162817136652769,-0.1457657554920955,0.03242011694104103,0.6548850975469667,0.718999507462111
2025,rth,volume,-0.8,0.5910286187097767,-0.15185962897103236,0.022549349744908426,0.7227385734126778,0.6775848903653818
2025,rth,volume,-0.75,0.5746336372784332,-0.15232686327034858,0.006542784003957929,0.7091820989897761,0.6689591303807862
2025,rth,volume,-0.7,0.5484405475229166,-0.11399982602997616,0.0117302111076194,0.6516870324280224,0.6402658865789732
2025,rth,volume,-0.65,0.5164944533562856,-0.13211402413971704,-0.007509847739057007,0.6377170708215483,0.6967160121482673
2025,rth,volume,-0.6,0.515548429102398,-0.12661411001177175,0.0004782099345312702,0.6451242284955544,0.717023863343247
2025,rth,volume,-0.55,0.56309832979915,-0.16940534257062956,0.007463006115433538,0.708527278008441,0.6784762636137818
2025,rth,volume,-0.5,0.5531171468643737,-0.15734355703949476,0.02671648300310561,0.6908245129984896,0.6482818289584659
2025,rth,volume,-0.45,0.5807613873195658,-0.12081112742084658,0.022518913311869705,0.6982125093127188,0.6854304170477629
2025,rth,volume,-0.4,0.5511734645717421,-0.13639992898259368,-0.0009659750521218671,0.679365598227143,0.6411721201770865
2025,rth,volume,-0.35,0.5270605094431143,-0.12748703768391767,0.00714001293925654,0.6603137438561322,0.6885405818377496
2025,rth,volume,-0.3,0.5787020796841615,-0.12391969469524226,0.019382395618014886,0.7290928389954575,0.7166438436101087
2025,rth,volume,-0.25,0.6124220473872857,-0.055902119782611566,-0.007286257327550202,0.6837530966782036,0.7068801670889402
2025,rth,volume,-0.2,0.628508640655588,-0.13397794116046113,-0.01465005547140597,0.7340091992796226,0.635023135691782
2025,rth,volume,-0.15,0.5500476683942327,-0.11918242470673693,-0.013786678631576404,0.6546295028639844,0.6445355930366442
2025,rth,volume,-0.1,0.5455047392746607,-0.06330383485260567,-0.031374164712777826,0.6102964806664569,0.6879862499086352
2025,rth,volume,-0.05,0.5623444103952513,-0.0644491851801544,-0.03001040434411074,0.6262134445936897,0.7212959202730973
2025,rth,volume,0.0,0.611931951492419,-0.07567266734395879,-0.03399367768164269,0.6941013624726005,0.7845419311064415
2025,rth,volume,0.05,0.5465119987077842,-0.07325681498115397,-0.009396750584146954,0.6045324913892544,0.7027968577812165
2025,rth,volume,0.1,0.5116308627207906,-0.14584913327873794,0.03128801442591545,0.6409702699953943,0.7259914685694603
2025,rth,volume,0.15,0.4539298150681222,-0.16281677652066343,0.0202827231294225,0.6072496420779837,0.7284496642022303
2025,rth,volume,0.2,0.5248087152741857,-0.09449347870925436,0.016438407244774644,0.6129669354623883,0.7644954629319761
2025,rth,volume,0.25,0.5221867634415712,-0.1249274653763609,-0.00036693404871894063,0.6364487475766017,0.7296582008813597
2025,rth,volume,0.3,0.4906952671219772,-0.07519487062143834,-0.002703751161193011,0.5566854425757519,0.6866995238496383
2025,rth,volume,0.35,0.5492874518741196,-0.08559657785751694,-0.029317618289361382,0.6244491781093042,0.683606200397324
2025,rth,volume,0.4,0.5584358070896959,-0.03558912893756792,-0.02963312660366336,0.5884467412711111,0.7123709506998969
2025,rth,volume,0.45,0.56897379447775,-0.02273417787066731,-0.0358752865650103,0.5870617823310956,0.6698303364043187
2025,rth,volume,0.5,0.5853438159272764,-0.00581593180321871,-0.055090871956987,0.5810037968401299,0.6683910873503072
2025,rth,volume,0.55,0.5754796953073583,0.003971358681738417,-0.05089777020445603,0.5709788778380159,0.6935585954976924
2025,rth,volume,0.6,0.5616517941872952,-0.004459848398016141,-0.05406242148258471,0.5715383464305243,0.5981385749375764
2025,rth,volume,0.65,0.6008003315677222,0.011675792080037904,-0.054768011463945006,0.5963699834450755,0.6112123309373749
2025,rth,volume,0.7,0.6058233838376713,0.033050779137932244,-0.050187515335232843,0.5990260926627194,0.5977729385679306
2025,rth,volume,0.75,0.6059989851363208,0.11285335471547807,-0.105525036477585,0.4877333921647492,0.5541163492958052
2025,rth,volume,0.8,0.7230531246740121,0.1304259663132119,-0.10585460474071222,0.5707210197103875,0.5192596171599613
2025,rth,volume,0.85,0.7586041437429127,0.11418817464516422,-0.10226524252239995,0.6358892144144532,0.5068006189513862
2025,rth,volume,0.9,0.8139664394079761,0.2617464666190445,-0.18368162151327266,0.559300098166175,0.5489248140757359
2025,rth,volume,0.95,0.7645413991392226,0.21467589824973884,-0.13976583666708117,0.5490784494156112,0.5467463847664485
