year,part,cls,bin,curve,median,q25,q75,s,n
2024,night,pivot,-1.0,delta,0.17921618490121702,-0.010054800653501514,0.34734564716326954,0.2649373223252565,965
2024,night,pivot,-1.0,def_cancel,0.49519184653757886,0.4612092272385264,0.536644352801431,0.055919292485474094,965
2024,night,pivot,-1.0,att_cancel,0.4099357255084309,0.3744914216880361,0.4478915164812273,0.054410744842988294,965
2024,night,pivot,-1.0,def_refill,0.26743973547607197,0.17540891768640637,0.3929041303067595,0.1612269923056732,965
2024,night,pivot,-1.0,att_refill,0.45912134979654456,0.31318760262725776,0.6149854933028668,0.22371971139778282,965
2024,night,pivot,-1.0,att_eff,0.2705369907619838,0.07812694013253005,0.501624559293572,0.3139344841816471,1036
2024,night,pivot,-1.0,def_eff,-0.1874045387644706,-0.43402908364245785,-0.0037892791885586045,0.3189323976678275,853
2024,night,pivot,-1.0,att_large,0.0,0.0,0.22244253519972526,0.16489439229038197,952
2024,night,pivot,-1.0,def_large,0.0,0.0,0.0,0.0,952
2024,night,pivot,-1.0,balance,0.03341924178039171,-0.005033261739823133,0.07329724271717994,0.05806560745515424,1452
2024,night,pivot,-1.0,volume,1.0769370122630992,0.494880277252678,2.4312888198757765,1.4354399871186794,1452
2024,night,pivot,-0.95,delta,0.18694114951060842,0.007894736842105263,0.37201723270961795,0.2699203082783637,1094
2024,night,pivot,-0.95,def_cancel,0.4968385903975258,0.45846909799435986,0.5356557390515165,0.05721767313354831,1094
2024,night,pivot,-0.95,att_cancel,0.4133246096106974,0.37633889290679506,0.4498760488360831,0.0545123468712291,1094
2024,night,pivot,-0.95,def_refill,0.2617366587806467,0.16773304535384453,0.40013803480729876,0.1722794584532648,1094
2024,night,pivot,-0.95,att_refill,0.4717897562952199,0.3144661225844181,0.6260209738869073,0.23095244722200828,1093
2024,night,pivot,-0.95,att_eff,0.2670668582577529,0.06849252101217909,0.5164135767248464,0.332039329660984,1164
2024,night,pivot,-0.95,def_eff,-0.23475546790725638,-0.5013752756737834,-0.01878176614150592,0.3577416675554318,986
2024,night,pivot,-0.95,att_large,0.0,0.0,0.23827353493397768,0.17662975161896047,1076
2024,night,pivot,-0.95,def_large,0.0,0.0,0.0,0.0,1075
2024,night,pivot,-0.95,balance,0.03746160013680719,-0.0021971428104959824,0.07645346261813542,0.058302895054582214,1452
2024,night,pivot,-0.95,volume,1.260469948849105,0.5879485852311939,2.7052762681159424,1.5695535084393983,1452
2024,night,pivot,-0.9,delta,0.16904278943260562,-0.019738588822062107,0.37003944496488084,0.28893849798883836,1180
2024,night,pivot,-0.9,def_cancel,0.48625653838095073,0.44629099494321156,0.5274168420175507,0.06013776654880587,1180
2024,night,pivot,-0.9,att_cancel,0.4230066795848769,0.3799201073357253,0.4586777401862776,0.058382233395516916,1180
2024,night,pivot,-0.9,def_refill,0.2754060584897169,0.162818134205397,0.4061919473545154,0.18041053606309743,1180
2024,night,pivot,-0.9,att_refill,0.46029392867169383,0.3134827963220693,0.6205486374206415,0.22762478954675475,1180
2024,night,pivot,-0.9,att_eff,0.21815972651366827,0.014776201236443097,0.492287635458661,0.3539743767399688,1242
2024,night,pivot,-0.9,def_eff,-0.16344416831770106,-0.4675881939873142,0.025955572476762147,0.365858981811769,1075
2024,night,pivot,-0.9,att_large,0.0,0.0,0.2219273551367334,0.16451249454168526,1160
2024,night,pivot,-0.9,def_large,0.0,0.0,0.0,0.0,1160
2024,night,pivot,-0.9,balance,0.03755110662915505,-0.0010126930131466431,0.0787681190433315,0.05914070574979848,1452
2024,night,pivot,-0.9,volume,1.3336627140974966,0.6186594202898551,2.7923855532551185,1.6113611067199878,1452
2024,night,pivot,-0.85,delta,0.16034240002869776,-0.04319301146743379,0.3507973246377006,0.2920610349185577,1249
2024,night,pivot,-0.85,def_cancel,0.47961655193722735,0.44040408051591773,0.5204662527819564,0.05934927521574398,1249
2024,night,pivot,-0.85,att_cancel,0.4258580436055831,0.3877777524504372,0.46180808471025436,0.054877933476513825,1249
2024,night,pivot,-0.85,def_refill,0.28593109072561124,0.16872175953437085,0.4183131674843034,0.18501957594509458,1249
2024,night,pivot,-0.85,att_refill,0.46413793103448275,0.319302285105593,0.6290935396715008,0.22964511087168854,1249
2024,night,pivot,-0.85,att_eff,0.19555860912510653,0.0,0.4432194005109234,0.3285540404083939,1295
2024,night,pivot,-0.85,def_eff,-0.12623568675976926,-0.4366591696183995,0.05116339529704425,0.3616179132064075,1140
2024,night,pivot,-0.85,att_large,0.0,0.0,0.21313972285874763,0.15799831197831551,1227
2024,night,pivot,-0.85,def_large,0.0,0.0,0.0,0.0,1227
2024,night,pivot,-0.85,balance,0.03888893733449554,-0.0008068809385772579,0.08033857012715817,0.06015229878853627,1452
2024,night,pivot,-0.85,volume,1.343060200668896,0.6096837944664032,2.889538043478261,1.6900328013431116,1452
2024,night,pivot,-0.8,delta,0.13514511511931582,-0.04547791854661625,0.3390565587320999,0.2850515028011239,1300
2024,night,pivot,-0.8,def_cancel,0.4794527120929519,0.4411803245569781,0.5164786808534092,0.055817906817220986,1300
2024,night,pivot,-0.8,att_cancel,0.4337387046009907,0.3909219718299074,0.46695434004395675,0.05636202239736794,1300
2024,night,pivot,-0.8,def_refill,0.2878032342005769,0.17288434421164525,0.4366974407402294,0.19556196925766064,1300
2024,night,pivot,-0.8,att_refill,0.4544988825563691,0.31680614223682313,0.6247329059829059,0.2282629827621073,1298
2024,night,pivot,-0.8,att_eff,0.18087230702312274,0.0,0.424682635459529,0.31481292472908007,1338
2024,night,pivot,-0.8,def_eff,-0.11364529666849017,-0.44525332822546876,0.07429915078951621,0.38513897628983323,1197
2024,night,pivot,-0.8,att_large,0.0,0.0,0.1946666790519623,0.14430443221049838,1277
2024,night,pivot,-0.8,def_large,0.0,0.0,0.0,0.0,1275
2024,night,pivot,-0.8,balance,0.038524181187658296,0.00041210558037763686,0.08129702174425593,0.059959166911696296,1452
2024,night,pivot,-0.8,volume,1.3795701581027666,0.6297658862876254,2.926636355025102,1.702646752214586,1452
2024,night,pivot,-0.75,delta,0.13195398177197282,-0.06694073325572808,0.33723399493003897,0.2996106213385968,1332
2024,night,pivot,-0.75,def_cancel,0.4743892051440277,0.4401858829879674,0.5130087445714082,0.053982847726790816,1332
2024,night,pivot,-0.75,att_cancel,0.4364440687531118,0.39499975773928736,0.47255196719058434,0.057488665271532235,1332
2024,night,pivot,-0.75,def_refill,0.3007922080678296,0.18138373035080024,0.44786991295750833,0.19754350082039146,1332
2024,night,pivot,-0.75,att_refill,0.45928743266479494,0.3125581085184562,0.6234612699915186,0.23046935616980163,1331
2024,night,pivot,-0.75,att_eff,0.15709163106990717,-0.02617363193754348,0.4201072039270706,0.330823451345155,1370
2024,night,pivot,-0.75,def_eff,-0.08519315896755404,-0.4252391535539917,0.09099860275882249,0.3826818060139468,1240
2024,night,pivot,-0.75,att_large,0.0,0.0,0.19486748912636848,0.14445329067929466,1308
2024,night,pivot,-0.75,def_large,0.0,0.0,0.0,0.0,1307
2024,night,pivot,-0.75,balance,0.04053347776768265,0.0013191926818259259,0.08252770060831305,0.060199042199026775,1452
2024,night,pivot,-0.75,volume,1.3730890603085553,0.6077502740226526,2.87758745367441,1.6826072495565287,1452
2024,night,pivot,-0.7,delta,0.1129902831272652,-0.061463088173860016,0.3210812499160761,0.2835762328316799,1359
2024,night,pivot,-0.7,def_cancel,0.4736233061888271,0.43664738192420505,0.5100970266558374,0.054447475709141886,1359
2024,night,pivot,-0.7,att_cancel,0.4389842663062099,0.3977182875860965,0.47503253342181406,0.05731226525998336,1359
2024,night,pivot,-0.7,def_refill,0.31039150108203817,0.1921312263292556,0.4544830856938978,0.1944787689878741,1359
2024,night,pivot,-0.7,att_refill,0.455481817365786,0.3073161904438444,0.626169503811967,0.23636272303048378,1359
2024,night,pivot,-0.7,att_eff,0.12122944537026684,-0.03430053084585355,0.3863989255505077,0.3118602345414094,1388
2024,night,pivot,-0.7,def_eff,-0.07409737615761582,-0.37842015757560965,0.11584447611091685,0.36639335336288104,1264
2024,night,pivot,-0.7,att_large,0.0,0.0,0.16732173539518902,0.12403390318398,1335
2024,night,pivot,-0.7,def_large,0.0,0.0,0.0,0.0,1335
2024,night,pivot,-0.7,balance,0.040002949341495356,0.0008935051271348536,0.0830219571025438,0.06088098737984356,1452
2024,night,pivot,-0.7,volume,1.3348429951690821,0.6180434782608695,2.886972866949984,1.681934313335148,1452
2024,night,pivot,-0.65,delta,0.10711131876539176,-0.06745303708660892,0.314915106749466,0.2834456218206634,1381
2024,night,pivot,-0.65,def_cancel,0.473459511450057,0.43760052262587107,0.510170218365244,0.05379517845765229,1381
2024,night,pivot,-0.65,att_cancel,0.43984774730236503,0.3969575813664079,0.4728641918143947,0.056268799442540256,1381
2024,night,pivot,-0.65,def_refill,0.3081990691013247,0.1942601923407289,0.4489465436155418,0.18879640568926087,1381
2024,night,pivot,-0.65,att_refill,0.4534558773731643,0.3111111111111111,0.6302924160990034,0.23660585988724414,1381
2024,night,pivot,-0.65,att_eff,0.14529777899540186,-0.028326196652051064,0.4003458922180999,0.31777026602679836,1403
2024,night,pivot,-0.65,def_eff,-0.08048841427880882,-0.3800834891902562,0.11158410278628247,0.3644681927179679,1295
2024,night,pivot,-0.65,att_large,0.0,0.0,0.11578267645316058,0.08582852220397374,1357
2024,night,pivot,-0.65,def_large,0.0,0.0,0.0,0.0,1357
2024,night,pivot,-0.65,balance,0.041659951717204144,0.0005603781360854293,0.0850366581831146,0.06262140848556647,1452
2024,night,pivot,-0.65,volume,1.332487922705314,0.6135869565217391,2.8431892684610074,1.6527815507333343,1452
2024,night,pivot,-0.6,delta,0.10635793684427908,-0.0890388178670644,0.32440273447131207,0.30648002397211005,1388
2024,night,pivot,-0.6,def_cancel,0.4725362540162212,0.4357103042459554,0.5111057925177305,0.05588990976410308,1388
2024,night,pivot,-0.6,att_cancel,0.4391269906891844,0.39888055816591256,0.47708163651915614,0.05796966519884624,1388
2024,night,pivot,-0.6,def_refill,0.3116557907191494,0.18935566346613694,0.46627632844604994,0.2052784766344796,1388
2024,night,pivot,-0.6,att_refill,0.4409626977411133,0.3053923150474272,0.617655920692358,0.2314778396181844,1388
2024,night,pivot,-0.6,att_eff,0.13289034124116472,-0.04222750319513352,0.3906897315310219,0.32091714953755035,1410
2024,night,pivot,-0.6,def_eff,-0.07195439547635686,-0.38925065854607305,0.12141962276726616,0.3785546933382797,1322
2024,night,pivot,-0.6,att_large,0.0,0.0,0.1250443606458222,0.09269411463737746,1364
2024,night,pivot,-0.6,def_large,0.0,0.0,0.0,0.0,1364
2024,night,pivot,-0.6,balance,0.04047891398211892,0.0022188567050771537,0.08413888645392999,0.06072648609996504,1452
2024,night,pivot,-0.6,volume,1.339604236343367,0.6413043478260869,2.753990574642749,1.5661128441932262,1452
2024,night,pivot,-0.55,delta,0.09812306394613227,-0.09429940571745767,0.3127022768144537,0.3017062138857756,1400
2024,night,pivot,-0.55,def_cancel,0.4684562829709452,0.43579585218216216,0.50576614144959,0.051868264838715955,1400
2024,night,pivot,-0.55,att_cancel,0.440500014051606,0.4011561172277419,0.4785214473944061,0.057350133555718455,1400
2024,night,pivot,-0.55,def_refill,0.3225000298443236,0.1956707418143833,0.4648506495781912,0.1995403319227635,1400
2024,night,pivot,-0.55,att_refill,0.4370108559818758,0.29500057951861647,0.601625549025864,0.22729797591345255,1399
2024,night,pivot,-0.55,att_eff,0.10332618329467143,-0.06471037269238032,0.3821481175628494,0.3312516606784505,1417
2024,night,pivot,-0.55,def_eff,-0.04022609674642265,-0.3567901330863913,0.16572782038629646,0.38733725238894573,1336
2024,night,pivot,-0.55,att_large,0.0,0.0,0.11641325536412758,0.0862959639467217,1376
2024,night,pivot,-0.55,def_large,0.0,0.0,0.0,0.0,1375
2024,night,pivot,-0.55,balance,0.04069268598248446,0.0025703191035050922,0.0841901378964802,0.06050394276721653,1452
2024,night,pivot,-0.55,volume,1.283385093167702,0.6002415458937198,2.7278985507246376,1.5772105298969,1452
2024,night,pivot,-0.5,delta,0.08253989932990113,-0.11965383295545173,0.29375,0.3064520629766136,1414
2024,night,pivot,-0.5,def_cancel,0.4671985479816419,0.433041426673022,0.5031421222964729,0.05196493374607187,1414
2024,night,pivot,-0.5,att_cancel,0.4451615524558763,0.4061642325877275,0.4803204454318477,0.054971247475255905,1414
2024,night,pivot,-0.5,def_refill,0.33696173826505077,0.20677662515062484,0.4874551971326165,0.20806417493105386,1414
2024,night,pivot,-0.5,att_refill,0.4394175793965882,0.2912200275900621,0.6019461398144675,0.23033811135982613,1414
2024,night,pivot,-0.5,att_eff,0.09011401671424138,-0.07982421965059726,0.3505530223925719,0.31903427875698237,1424
2024,night,pivot,-0.5,def_eff,-0.0263067651385484,-0.3296763840034773,0.1592427917215348,0.3624308196627221,1356
2024,night,pivot,-0.5,att_large,0.0,0.0,0.06712485681557846,0.04975897465943548,1390
2024,night,pivot,-0.5,def_large,0.0,0.0,0.0,0.0,1390
2024,night,pivot,-0.5,balance,0.04142704094277899,0.002754584215242018,0.08415084760651177,0.060338223418287436,1452
2024,night,pivot,-0.5,volume,1.2229459718670077,0.589945652173913,2.687186454849498,1.5546633081360897,1452
2024,night,pivot,-0.45,delta,0.08797459887401664,-0.11314584693340812,0.29893893386490156,0.30547426300838376,1420
2024,night,pivot,-0.45,def_cancel,0.47088693356814937,0.4328079997701286,0.5043005823594606,0.05299672541833358,1420
2024,night,pivot,-0.45,att_cancel,0.4430725431760772,0.40505271089971173,0.4782291377228901,0.05424494204831607,1420
2024,night,pivot,-0.45,def_refill,0.3364482013771387,0.20569525518799966,0.4875878296620191,0.20896410264938428,1420
2024,night,pivot,-0.45,att_refill,0.43937013855361967,0.2928103080956575,0.6152606348090119,0.2390291524932205,1420
2024,night,pivot,-0.45,att_eff,0.10985126182585088,-0.06297194642245854,0.37660126127254984,0.3258511547034903,1427
2024,night,pivot,-0.45,def_eff,-0.039014598633375266,-0.3619186177847374,0.15198656865467663,0.3809526956556071,1370
2024,night,pivot,-0.45,att_large,0.0,0.0,0.06848275862068964,0.0507655734771606,1396
2024,night,pivot,-0.45,def_large,0.0,0.0,0.0,0.0,1396
2024,night,pivot,-0.45,balance,0.04397352097001961,0.003584178815285514,0.08510852076791708,0.06043316675510124,1452
2024,night,pivot,-0.45,volume,1.25,0.5894927536231884,2.717391304347826,1.5773895854148536,1452
2024,night,pivot,-0.4,delta,0.08087353774569957,-0.10998370514588801,0.288379323395245,0.29530246741373833,1423
2024,night,pivot,-0.4,def_cancel,0.47026854457300027,0.4366708528703002,0.5024499903691189,0.048761406596603885,1423
2024,night,pivot,-0.4,att_cancel,0.4444890955051079,0.4067812257218805,0.47688451608343163,0.05196685719907421,1423
2024,night,pivot,-0.4,def_refill,0.33581011351909185,0.21057157538679547,0.4870121548012976,0.20492259408043156,1423
2024,night,pivot,-0.4,att_refill,0.43749850817519986,0.29003175099365525,0.6155732688174879,0.24132062107029845,1423
2024,night,pivot,-0.4,att_eff,0.10856498542445411,-0.05049517698386805,0.3561352123687995,0.3014309780227336,1434
2024,night,pivot,-0.4,def_eff,-0.039238668811533685,-0.3593651853191289,0.11689447934495667,0.35304645267908497,1385
2024,night,pivot,-0.4,att_large,0.0,0.0,0.05118829038331852,0.037945359809724626,1399
2024,night,pivot,-0.4,def_large,0.0,0.0,0.0,0.0,1399
2024,night,pivot,-0.4,balance,0.041885977863733534,0.004687227124396867,0.08551961887136643,0.05992023109486254,1452
2024,night,pivot,-0.4,volume,1.2217391304347824,0.5768633540372671,2.569034679089027,1.4767763714245812,1452
2024,night,pivot,-0.35,delta,0.07634448488635462,-0.10828998076164793,0.28445486547121385,0.29113776592502727,1428
2024,night,pivot,-0.35,def_cancel,0.46812831372925334,0.4373896419262743,0.5041329364341435,0.049476126395751815,1428
2024,night,pivot,-0.35,att_cancel,0.44381072942236566,0.40561565173348807,0.47689201069921805,0.05283644104205336,1428
2024,night,pivot,-0.35,def_refill,0.33044084164439474,0.20163402420129245,0.4798637974783527,0.2062489053202819,1428
2024,night,pivot,-0.35,att_refill,0.4430329017260116,0.2937177243663152,0.6134349498604759,0.23700313231590855,1428
2024,night,pivot,-0.35,att_eff,0.10769803041369816,-0.05625035705851461,0.375763223600399,0.3202472799547173,1439
2024,night,pivot,-0.35,def_eff,-0.05544770983629616,-0.34958823244844195,0.1285487372429853,0.35443807983056136,1391
2024,night,pivot,-0.35,att_large,0.0,0.0,0.10537449323163608,0.07811304168394076,1404
2024,night,pivot,-0.35,def_large,0.0,0.0,0.0,0.0,1404
2024,night,pivot,-0.35,balance,0.04417852054520559,0.006125893150439193,0.08730336909077124,0.06017603850284066,1452
2024,night,pivot,-0.35,volume,1.2179774083546462,0.5746047430830039,2.6262541806020065,1.5208668921564141,1452
2024,night,pivot,-0.3,delta,0.09041248606465999,-0.10607434712611262,0.27152435561809934,0.27991008357613933,1431
2024,night,pivot,-0.3,def_cancel,0.47005918517755524,0.4365856958346077,0.5044121866637279,0.050279088828109844,1431
2024,night,pivot,-0.3,att_cancel,0.44279497811662144,0.40314045270683563,0.47668851864467776,0.05452043434977178,1431
2024,night,pivot,-0.3,def_refill,0.3322070994767434,0.20851104357355457,0.48274686860806376,0.20328823204930258,1431
2024,night,pivot,-0.3,att_refill,0.44420357403691296,0.28870912589908354,0.6036927999392103,0.23349419869542387,1431
2024,night,pivot,-0.3,att_eff,0.10076204820312351,-0.051621694940463175,0.372623481749016,0.31448864098552937,1439
2024,night,pivot,-0.3,def_eff,-0.06064575774311913,-0.34028834588943385,0.12371347766107002,0.34395983954818676,1403
2024,night,pivot,-0.3,att_large,0.0,0.0,0.07348647195711078,0.05447477535738383,1407
2024,night,pivot,-0.3,def_large,0.0,0.0,0.0,0.0,1407
2024,night,pivot,-0.3,balance,0.04355812491373528,0.006864984923544139,0.08886178816702135,0.06078339751184375,1452
2024,night,pivot,-0.3,volume,1.221467391304348,0.5796195652173913,2.6876509661835746,1.5626622690631455,1452
2024,night,pivot,-0.25,delta,0.0909102431445275,-0.0820025706155673,0.27570746221522857,0.2651668145521096,1434
2024,night,pivot,-0.25,def_cancel,0.47261964956271557,0.4400042077408577,0.5064243586378439,0.04923658331874438,1434
2024,night,pivot,-0.25,att_cancel,0.4382140196917732,0.4005582466932264,0.47463313390162226,0.05491096160740981,1434
2024,night,pivot,-0.25,def_refill,0.33047192884557824,0.20928931381164903,0.4693371267635395,0.19277080278123832,1434
2024,night,pivot,-0.25,att_refill,0.4489767087635305,0.28907436008631016,0.6142533936651584,0.24105191518076224,1434
2024,night,pivot,-0.25,att_eff,0.13350029999657945,-0.020658077236528585,0.3896467597474381,0.30415480873533485,1440
2024,night,pivot,-0.25,def_eff,-0.07406164948797513,-0.3625926497323345,0.08705556728477926,0.33331965679548836,1407
2024,night,pivot,-0.25,att_large,0.0,0.0,0.03667033370003667,0.02718334595999753,1410
2024,night,pivot,-0.25,def_large,0.0,0.0,0.0,0.0,1410
2024,night,pivot,-0.25,balance,0.04587262043640283,0.00766720324728749,0.08895949250265055,0.060261148447266905,1452
2024,night,pivot,-0.25,volume,1.2279347826086957,0.5788043478260869,2.681779176201373,1.5589138831544005,1452
2024,night,pivot,-0.2,delta,0.11070500316064086,-0.07367099359441066,0.304854861199138,0.2805973719744616,1438
2024,night,pivot,-0.2,def_cancel,0.47730949319239907,0.4438816422866935,0.5122081008265286,0.05064970981455526,1438
2024,night,pivot,-0.2,att_cancel,0.43507279840323454,0.3984936660759098,0.4687398643100774,0.052072793353719504,1438
2024,night,pivot,-0.2,def_refill,0.3217551467459236,0.20342611816643116,0.4619648128115655,0.1916521087065488,1438
2024,night,pivot,-0.2,att_refill,0.45692508273786264,0.3077057838848152,0.6443019943019943,0.2495153524219267,1438
2024,night,pivot,-0.2,att_eff,0.1676879593325413,0.0,0.4120584909055439,0.305454774577868,1444
2024,night,pivot,-0.2,def_eff,-0.12956471867286679,-0.4217786096063155,0.04916581720488853,0.3491063208385501,1410
2024,night,pivot,-0.2,att_large,0.0,0.0,0.08823529411764706,0.06540792744080583,1414
2024,night,pivot,-0.2,def_large,0.0,0.0,0.0,0.0,1414
2024,night,pivot,-0.2,balance,0.04833979184620199,0.009686519261502182,0.09072455849489927,0.060072675488063075,1452
2024,night,pivot,-0.2,volume,1.2303312629399585,0.5822981366459627,2.658385093167702,1.538982176813743,1452
2024,night,pivot,-0.15,delta,0.11216236435800832,-0.04884623987018005,0.3125,0.2678622979022832,1438
2024,night,pivot,-0.15,def_cancel,0.48101157358940605,0.44657224066774376,0.5128059813915227,0.049098399350466206,1438
2024,night,pivot,-0.15,att_cancel,0.43252662095157307,0.3980469994696583,0.46212626504899273,0.04750130880602996,1438
2024,night,pivot,-0.15,def_refill,0.3175466812151133,0.19743083003952572,0.45355318430236186,0.18986090012070878,1438
2024,night,pivot,-0.15,att_refill,0.4714259796806966,0.31860280662978696,0.6399939326524421,0.2382439777780987,1438
2024,night,pivot,-0.15,att_eff,0.17904232347648955,0.0,0.43366560199943427,0.32147190659706026,1446
2024,night,pivot,-0.15,def_eff,-0.142457604581363,-0.4740209632333191,0.02250066492806122,0.36806644044579717,1413
2024,night,pivot,-0.15,att_large,0.0,0.0,0.11535857186826717,0.08551413778225884,1414
2024,night,pivot,-0.15,def_large,0.0,0.0,0.0,0.0,1414
2024,night,pivot,-0.15,balance,0.05111286748886057,0.011106837815218948,0.09200363724274818,0.05996797585435822,1452
2024,night,pivot,-0.15,volume,1.268651185770751,0.6079152731326645,2.658514492753623,1.5200883762942616,1452
2024,night,pivot,-0.1,delta,0.14080235508007624,-0.018151292575666264,0.34864296706025166,0.2719008596263291,1441
2024,night,pivot,-0.1,def_cancel,0.4830737502831944,0.4539185070271602,0.5160616319264714,0.046066067382736234,1441
2024,night,pivot,-0.1,att_cancel,0.425697571725755,0.3917932993284174,0.45649601935070744,0.04796346925299485,1441
2024,night,pivot,-0.1,def_refill,0.3066898148148148,0.18799362859686017,0.43856326422115893,0.18574472618554397,1441
2024,night,pivot,-0.1,att_refill,0.48494914748068657,0.32617039615640864,0.6558198774075932,0.24436581263986995,1440
2024,night,pivot,-0.1,att_eff,0.21914987611577144,0.038373436735429846,0.464180132748638,0.3156461794019334,1448
2024,night,pivot,-0.1,def_eff,-0.20339186023542372,-0.5632002122665691,0.0,0.4174945976772195,1416
2024,night,pivot,-0.1,att_large,0.0,0.0,0.15855432874036085,0.11753471366965222,1417
2024,night,pivot,-0.1,def_large,0.0,0.0,0.0,0.0,1416
2024,night,pivot,-0.1,balance,0.054482211382183655,0.014947963394931624,0.09466334965394785,0.05909220627058282,1452
2024,night,pivot,-0.1,volume,1.3217617753623188,0.622502195871761,2.7399796195652173,1.5696645097801754,1452
2024,night,pivot,-0.05,delta,0.22712418300653595,0.05386762067025537,0.4137592636844524,0.26678402002534995,1445
2024,night,pivot,-0.05,def_cancel,0.4994198706407602,0.4687843474994894,0.533773060537439,0.048175472971052354,1445
2024,night,pivot,-0.05,att_cancel,0.4062222129841839,0.37061405757719734,0.43853771523785345,0.05035111761353307,1445
2024,night,pivot,-0.05,def_refill,0.2718878877086897,0.16836637564024426,0.41188610880952736,0.1805187050921298,1445
2024,night,pivot,-0.05,att_refill,0.5097642174181021,0.35593219218241606,0.6775510506503779,0.2384127935270288,1444
2024,night,pivot,-0.05,att_eff,0.31642032425296623,0.14073320992845478,0.5662104893605747,0.3154019862358191,1449
2024,night,pivot,-0.05,def_eff,-0.3641528875592137,-0.7201210927593156,-0.10471495478111432,0.45619432022105355,1420
2024,night,pivot,-0.05,att_large,0.0,0.0,0.25460557662523253,0.1887365282618477,1421
2024,night,pivot,-0.05,def_large,0.0,0.0,0.0,0.0,1420
2024,night,pivot,-0.05,balance,0.05931862757930684,0.020143208807606654,0.10352332732662825,0.06180883507711015,1452
2024,night,pivot,-0.05,volume,1.4393592677345537,0.7092809364548495,2.938179347826087,1.6522597563908359,1452
2024,night,pivot,0.0,delta,0.144943480581987,-0.0537637863718821,0.35601606157119703,0.30376563969094084,1451
2024,night,pivot,0.0,def_cancel,0.45202553013973307,0.412266108919248,0.49451320265021653,0.06096893530835327,1451
2024,night,pivot,0.0,att_cancel,0.44268230654359525,0.4023722259016884,0.4776083327184409,0.05577176191012044,1451
2024,night,pivot,0.0,def_refill,0.27888519748984864,0.16549411796589952,0.4030182164092546,0.17607420195949228,1451
2024,night,pivot,0.0,att_refill,0.46752982955545463,0.31921161329893,0.6300945194697445,0.23045434111995144,1451
2024,night,pivot,0.0,att_eff,0.04846776877275784,-0.10221907876305844,0.31769039379873043,0.3112746275476567,1451
2024,night,pivot,0.0,def_eff,-0.07059554051776881,-0.4462309129965662,0.09887816671042926,0.4040838248383955,1440
2024,night,pivot,0.0,att_large,0.037008131718738194,0.0,0.4032369166407618,0.29891543116438973,1427
2024,night,pivot,0.0,def_large,0.0,0.0,0.07077046683188903,0.052461428340911075,1427
2024,night,pivot,0.0,balance,0.04803561717078154,0.008886574263485023,0.08997909161447941,0.06011305956337613,1452
2024,night,pivot,0.0,volume,2.2066123188405795,1.1915879017013236,4.266444267703546,2.2793597968882304,1452
2024,night,pivot,0.05,delta,-0.0191385598655455,-0.20745219982180826,0.1699664167596272,0.27977658753256895,1451
2024,night,pivot,0.05,def_cancel,0.43282691979291926,0.39915185032234407,0.46475359848152814,0.04862990968064053,1451
2024,night,pivot,0.05,att_cancel,0.47339999542165545,0.43938754656409135,0.5115008668514059,0.05345687196984032,1451
2024,night,pivot,0.05,def_refill,0.3707555577376513,0.23165638129945304,0.5101152559565184,0.20641873584660148,1451
2024,night,pivot,0.05,att_refill,0.38634178321678325,0.25937132490815157,0.564968528427776,0.2265361034244807,1451
2024,night,pivot,0.05,att_eff,-0.07608027774484374,-0.32952657485295245,0.07093146440989907,0.2968554775855089,1451
2024,night,pivot,0.05,def_eff,0.1268576767208812,-0.05136318704602652,0.36498258559596325,0.3086328929888731,1441
2024,night,pivot,0.05,att_large,0.0,0.0,0.15424836091176514,0.11434274344830625,1427
2024,night,pivot,0.05,def_large,0.0,0.0,0.02198027960405388,0.016293758045999914,1427
2024,night,pivot,0.05,balance,0.040196394779129715,0.0013016859114133189,0.08099114794360313,0.05907298890451432,1452
2024,night,pivot,0.05,volume,1.761984392419175,0.8795289855072463,3.563811844077961,1.9898316223652444,1452
2024,night,pivot,0.1,delta,-0.05440445231535714,-0.21734627835012524,0.13047396188902255,0.2578356117413994,1451
2024,night,pivot,0.1,def_cancel,0.4359741870740958,0.4009882436218526,0.4655030868294368,0.04782419807826851,1451
2024,night,pivot,0.1,att_cancel,0.4801833035726712,0.4451185827141493,0.5168302881302898,0.053159158944507394,1451
2024,night,pivot,0.1,def_refill,0.4040305108485655,0.2560922502750876,0.5559451083831889,0.22227787850859992,1451
2024,night,pivot,0.1,att_refill,0.36756993006993005,0.24191033116686847,0.5317113872689073,0.21482657976429864,1451
2024,night,pivot,0.1,att_eff,-0.11090524887644801,-0.4032863088533181,0.06581920023568892,0.3477431498065286,1451
2024,night,pivot,0.1,def_eff,0.1537009974646281,-0.02193106136275053,0.41762110992640067,0.32583556062946717,1446
2024,night,pivot,0.1,att_large,0.0,0.0,0.042003953142567,0.031137103886261678,1427
2024,night,pivot,0.1,def_large,0.0,0.0,0.0,0.0,1427
2024,night,pivot,0.1,balance,0.035888792598335904,-0.001695691431754874,0.07835335529401233,0.059339545386039444,1452
2024,night,pivot,0.1,volume,1.4391983695652173,0.6739827201783724,2.8629227053140096,1.6226389808270107,1452
2024,night,pivot,0.15,delta,-0.06542426898048007,-0.24499297782653406,0.12410213301315373,0.27360645725699617,1451
2024,night,pivot,0.15,def_cancel,0.43647590048316215,0.4034769942313272,0.46946150341637505,0.048913646541918335,1451
2024,night,pivot,0.15,att_cancel,0.48164782565041236,0.44725423270178405,0.5145550897155718,0.049889441818967976,1451
2024,night,pivot,0.15,def_refill,0.4031045903015886,0.26994322346149824,0.5528683098254155,0.20972949322751464,1451
2024,night,pivot,0.15,att_refill,0.3612724434710678,0.2278751331054427,0.511421099936677,0.21018974561247905,1451
2024,night,pivot,0.15,att_eff,-0.10572662551860314,-0.42845499727802566,0.08457816159780734,0.38030627047874943,1451
2024,night,pivot,0.15,def_eff,0.14104885355832278,-0.025439943432056727,0.40887504508078226,0.3219532902244915,1447
2024,night,pivot,0.15,att_large,0.0,0.0,0.0,0.0,1427
2024,night,pivot,0.15,def_large,0.0,0.0,0.0,0.0,1427
2024,night,pivot,0.15,balance,0.034854942295644176,-0.002317471026548585,0.07562456772199005,0.057777641770599436,1452
2024,night,pivot,0.15,volume,1.218466938405797,0.5823709239130435,2.5114734299516908,1.4300240963963287,1452
2024,night,pivot,0.2,delta,-0.06009525413724742,-0.24029715117647527,0.10467165113488733,0.25572186976379735,1451
2024,night,pivot,0.2,def_cancel,0.4426435720495796,0.4095458937936155,0.4709131156660675,0.04549089834874131,1451
2024,night,pivot,0.2,att_cancel,0.4794323620939925,0.44644066926825154,0.5123772806348907,0.048878140375566495,1451
2024,night,pivot,0.2,def_refill,0.41405766852195425,0.2707452176025156,0.5600920784642586,0.21448988944532468,1451
2024,night,pivot,0.2,att_refill,0.35569088384353204,0.22617732522732537,0.5078963823225254,0.2088354759786509,1451
2024,night,pivot,0.2,att_eff,-0.08098635265133917,-0.40768186686850694,0.09869521614893549,0.3753721890418402,1451
2024,night,pivot,0.2,def_eff,0.13981443700111282,-0.03045810881733027,0.4077658659725685,0.3248509820532978,1447
2024,night,pivot,0.2,att_large,0.0,0.0,0.0,0.0,1427
2024,night,pivot,0.2,def_large,0.0,0.0,0.0,0.0,1427
2024,night,pivot,0.2,balance,0.03389731291673533,-0.0032286907364118796,0.07421339390530221,0.05740703086857976,1452
2024,night,pivot,0.2,volume,1.0723084886128365,0.525103519668737,2.271610905073779,1.294668187846584,1452
2024,night,pivot,0.25,delta,-0.05036716799458884,-0.23630410652765457,0.1137495008059507,0.2594911840871796,1451
2024,night,pivot,0.25,def_cancel,0.44579295675278224,0.4085608992295849,0.47541928337767514,0.049561441177235176,1451
2024,night,pivot,0.25,att_cancel,0.4779205912900762,0.44472323565364635,0.5148007354026124,0.05194773887988587,1451
2024,night,pivot,0.25,def_refill,0.41158037726384233,0.27598752483392314,0.5687891200605264,0.21705084894485047,1451
2024,night,pivot,0.25,att_refill,0.35581620365262606,0.2220459917653908,0.5083534765316273,0.212236830812629,1451
2024,night,pivot,0.25,att_eff,-0.07423738732157809,-0.4439416723851758,0.11988413958815557,0.4179583483864577,1451
2024,night,pivot,0.25,def_eff,0.1416932718279111,-0.05226503811215549,0.41065603797105027,0.3431586924263942,1447
2024,night,pivot,0.25,att_large,0.0,0.0,0.0,0.0,1427
2024,night,pivot,0.25,def_large,0.0,0.0,0.0,0.0,1427
2024,night,pivot,0.25,balance,0.03192192417557231,-0.004236495979439413,0.0722759768635762,0.056717919083036035,1452
2024,night,pivot,0.25,volume,1.039009661835749,0.48488965744400525,2.1251150218541524,1.2158824050482928,1452
2024,night,pivot,0.3,delta,-0.0628955770848696,-0.23552514249423404,0.1103942020159162,0.25642649704236486,1451
2024,night,pivot,0.3,def_cancel,0.445359668271165,0.41105030937134873,0.4755475972627416,0.04781118450066187,1451
2024,night,pivot,0.3,att_cancel,0.479950646586873,0.44648690190508694,0.5133031415221446,0.04953019986438672,1451
2024,night,pivot,0.3,def_refill,0.40629678508294503,0.28013315846890574,0.5674126172208014,0.2129573452571502,1451
2024,night,pivot,0.3,att_refill,0.3502236689477569,0.22985765177003312,0.49940823654346467,0.19981511102552374,1451
2024,night,pivot,0.3,att_eff,-0.08514247622316626,-0.43567704415556185,0.11404181440534966,0.4075010070874066,1451
2024,night,pivot,0.3,def_eff,0.15067762160885714,-0.03189823488098766,0.4327082074206089,0.3444080372880627,1448
2024,night,pivot,0.3,att_large,0.0,0.0,0.0,0.0,1427
2024,night,pivot,0.3,def_large,0.0,0.0,0.0,0.0,1427
2024,night,pivot,0.3,balance,0.03152728058136913,-0.004015638611208076,0.07144919618644013,0.055941315639472355,1452
2024,night,pivot,0.3,volume,0.9818017127799736,0.47471532091097307,2.0662012743628186,1.1797523746863199,1452
2024,night,pivot,0.35,delta,-0.06273014802616446,-0.2461939585114469,0.10201420637344857,0.25812317634165716,1451
2024,night,pivot,0.35,def_cancel,0.4433948944951576,0.4094077020546705,0.4756007083293974,0.04906820331706961,1451
2024,night,pivot,0.35,att_cancel,0.4786021320496894,0.44875084714676494,0.5136771883153698,0.04812923733773525,1450
2024,night,pivot,0.35,def_refill,0.412684262439932,0.2733174484326327,0.5718795880919051,0.22132108203059478,1451
2024,night,pivot,0.35,att_refill,0.35565770329792223,0.2270671181135301,0.4969961752599489,0.20009566875197835,1451
2024,night,pivot,0.35,att_eff,-0.08458577576068246,-0.4477081537235248,0.10981161955692946,0.4132837459454813,1451
2024,night,pivot,0.35,def_eff,0.14414890166158617,-0.017857421568999575,0.4128645705625133,0.3192898384963031,1449
2024,night,pivot,0.35,att_large,0.0,0.0,0.0,0.0,1427
2024,night,pivot,0.35,def_large,0.0,0.0,0.0,0.0,1427
2024,night,pivot,0.35,balance,0.030243739362351682,-0.00598966091037568,0.07008483790738977,0.05639325338603814,1452
2024,night,pivot,0.35,volume,0.9623188405797102,0.4500427737520129,2.0950111816101518,1.219398374987501,1452
2024,night,pivot,0.4,delta,-0.0735428743743217,-0.2460193108948359,0.10276040789364786,0.2585468634458738,1451
2024,night,pivot,0.4,def_cancel,0.4444155936886992,0.4108993154740613,0.4737500349872076,0.04659060008387421,1451
2024,night,pivot,0.4,att_cancel,0.47919991556361274,0.4455183626514097,0.5143864749931071,0.05105123227701807,1450
2024,night,pivot,0.4,def_refill,0.41942287412520374,0.2857431324545555,0.5713282477152212,0.21170134563429627,1451
2024,night,pivot,0.4,att_refill,0.3509409972824607,0.22681006547180738,0.48964866488485675,0.19483958444258664,1451
2024,night,pivot,0.4,att_eff,-0.06868045871011043,-0.4263708639812994,0.11179285041489478,0.3989352960683426,1451
2024,night,pivot,0.4,def_eff,0.14042358310526953,-0.03137964313462625,0.44711017117011276,0.3546996399590356,1449
2024,night,pivot,0.4,att_large,0.0,0.0,0.0,0.0,1427
2024,night,pivot,0.4,def_large,0.0,0.0,0.0,0.0,1427
2024,night,pivot,0.4,balance,0.02749910363772891,-0.006730966654033994,0.06883144832673954,0.05601365083823094,1452
2024,night,pivot,0.4,volume,0.9836345108695652,0.4473814229249012,2.111333510074231,1.2334707836540622,1452
2024,night,pivot,0.45,delta,-0.07791467650890144,-0.24751183374495056,0.09389141629608976,0.25307876207638275,1451
2024,night,pivot,0.45,def_cancel,0.44499358859757093,0.4092584560120567,0.4752812856817591,0.04894205312802254,1451
2024,night,pivot,0.45,att_cancel,0.4808725519746237,0.4455324070948664,0.5136683811826229,0.05050850562472684,1450
2024,night,pivot,0.45,def_refill,0.42822166299674946,0.29253155532165054,0.5724539170506913,0.20750360395036377,1451
2024,night,pivot,0.45,att_refill,0.34703720465697524,0.22506089323915973,0.49146268456872827,0.19748094242369796,1451
2024,night,pivot,0.45,att_eff,-0.08811031111049522,-0.4633175938247278,0.10499823718219428,0.42128675389690295,1451
2024,night,pivot,0.45,def_eff,0.14653587162981657,-0.03652809615344389,0.4363191814358092,0.3505168847955916,1450
2024,night,pivot,0.45,att_large,0.0,0.0,0.0,0.0,1427
2024,night,pivot,0.45,def_large,0.0,0.0,0.0,0.0,1427
2024,night,pivot,0.45,balance,0.026195369518306335,-0.009087488651095727,0.06633599625339666,0.05591066338361185,1452
2024,night,pivot,0.45,volume,0.9742926155969633,0.45764658520412993,2.0151138716356107,1.154534682306509,1452
2024,night,pivot,0.5,delta,-0.09683186202665832,-0.2593454903391928,0.07895387633193743,0.2507778848562863,1451
2024,night,pivot,0.5,def_cancel,0.4442432482167822,0.40752417152852594,0.4745563091433775,0.04969024285756231,1451
2024,night,pivot,0.5,att_cancel,0.4829058648126407,0.4489839365086486,0.5154862234582512,0.04929746994040225,1450
2024,night,pivot,0.5,def_refill,0.42461655469641274,0.2902388763938063,0.5690701300978657,0.20669477665237906,1451
2024,night,pivot,0.5,att_refill,0.339008862567815,0.22304470534042292,0.4907336369891842,0.1984350864705421,1451
2024,night,pivot,0.5,att_eff,-0.11153864871590416,-0.4908104404498857,0.08878834087450753,0.4296506903813145,1451
2024,night,pivot,0.5,def_eff,0.15722601745871545,-0.023638891825880796,0.4629628403234898,0.3607129222752932,1450
2024,night,pivot,0.5,att_large,0.0,0.0,0.0,0.0,1427
2024,night,pivot,0.5,def_large,0.0,0.0,0.0,0.0,1427
2024,night,pivot,0.5,balance,0.023972480294602132,-0.009520443361785192,0.06475958332827435,0.05506302942183806,1452
2024,night,pivot,0.5,volume,0.9317028985507246,0.44021739130434784,1.9770531400966183,1.1392407329816683,1452
2024,night,pivot,0.55,delta,-0.07829137364513808,-0.2589519146209066,0.07963742487998503,0.25099283877011985,1451
2024,night,pivot,0.55,def_cancel,0.44459025059571067,0.40783131459789146,0.47672188516911473,0.05106788033448723,1451
2024,night,pivot,0.55,att_cancel,0.4821798428975288,0.44899549575819353,0.517705382629399,0.05093394134262824,1450
2024,night,pivot,0.55,def_refill,0.43044697121262704,0.2841389579782794,0.5800523888792637,0.2193576211274902,1451
2024,night,pivot,0.55,att_refill,0.34784163090614706,0.23099422454666246,0.48204191270551455,0.1860991016744641,1451
2024,night,pivot,0.55,att_eff,-0.10832002291810389,-0.48468640692143977,0.10332555127012828,0.435887292951496,1451
2024,night,pivot,0.55,def_eff,0.14986617440311606,-0.0344357560755854,0.4597764552242196,0.3663544931799889,1450
2024,night,pivot,0.55,att_large,0.0,0.0,0.0,0.0,1427
2024,night,pivot,0.55,def_large,0.0,0.0,0.0,0.0,1427
2024,night,pivot,0.55,balance,0.023034393517849513,-0.009804416261005578,0.06415497763602965,0.05482534758861025,1452
2024,night,pivot,0.55,volume,0.9421668241965975,0.44739409141583053,2.010139895330113,1.1584475937096237,1452
2024,night,pivot,0.6,delta,-0.0808391276864728,-0.2631932797871182,0.08468257087120655,0.2578768351803742,1451
2024,night,pivot,0.6,def_cancel,0.44366573377523727,0.40790698576285694,0.47442190686020325,0.04930683550581638,1451
2024,night,pivot,0.6,att_cancel,0.48301209136765216,0.44945738652905537,0.5185300702185983,0.05120287893961671,1450
2024,night,pivot,0.6,def_refill,0.43478260869565216,0.2998497642428831,0.5782958999244058,0.20640929257340448,1451
2024,night,pivot,0.6,att_refill,0.34015151515151515,0.22402099433600725,0.47672498916212197,0.18732690498600055,1451
2024,night,pivot,0.6,att_eff,-0.13085488421138344,-0.5009439754298651,0.09452434189977356,0.4414146162562185,1451
2024,night,pivot,0.6,def_eff,0.16838695466622233,-0.032376988320852056,0.47565769625319704,0.3766009522416969,1450
2024,night,pivot,0.6,att_large,0.0,0.0,0.0,0.0,1427
2024,night,pivot,0.6,def_large,0.0,0.0,0.0,0.0,1427
2024,night,pivot,0.6,balance,0.02195670122774885,-0.01133445406977794,0.061021325683261324,0.05363660470944349,1452
2024,night,pivot,0.6,volume,0.953227931488801,0.439956223261367,2.0428743961352653,1.1882269628420299,1452
2024,night,pivot,0.65,delta,-0.08652843609501179,-0.2673147181670718,0.07257257221265775,0.25195499657504045,1452
2024,night,pivot,0.65,def_cancel,0.43885459969821083,0.40373840015536183,0.4712705946273003,0.05006092992730799,1452
2024,night,pivot,0.65,att_cancel,0.4856478288572936,0.4537833087951297,0.5233640713926848,0.05157951267424399,1451
2024,night,pivot,0.65,def_refill,0.4378608782418991,0.3038758256062988,0.5816138196526828,0.20588435437092958,1452
2024,night,pivot,0.65,att_refill,0.3282610369058673,0.21831567638349564,0.4717551245065261,0.18787208904598257,1452
2024,night,pivot,0.65,att_eff,-0.14765307938115918,-0.5309523263867151,0.07494246612836554,0.44914365642333626,1452
2024,night,pivot,0.65,def_eff,0.18303290183262771,0.0,0.47733035856556505,0.3538401471946368,1452
2024,night,pivot,0.65,att_large,0.0,0.0,0.0,0.0,1428
2024,night,pivot,0.65,def_large,0.0,0.0,0.0,0.0,1428
2024,night,pivot,0.65,balance,0.020504408626594,-0.013330009301429795,0.0581058888173323,0.052954705795968934,1452
2024,night,pivot,0.65,volume,0.960576923076923,0.4565217391304348,2.027458954089389,1.1645198035277644,1452
2024,night,pivot,0.7,delta,-0.09300457834107198,-0.2795734465971804,0.07441463232803558,0.2624077679208421,1452
2024,night,pivot,0.7,def_cancel,0.43791186481212796,0.4042486680470435,0.4710587320211419,0.04952562192297879,1452
2024,night,pivot,0.7,att_cancel,0.4873848277663667,0.4516574887200463,0.5238429336510698,0.05351033723574761,1451
2024,night,pivot,0.7,def_refill,0.45614207024032927,0.3058141421125639,0.6009599651166972,0.21878860118912774,1452
2024,night,pivot,0.7,att_refill,0.3320401467314794,0.21453134345157204,0.46798642580714833,0.18788367854379265,1452
2024,night,pivot,0.7,att_eff,-0.1268976182127005,-0.5462670001985439,0.0696950634130892,0.45660642224731884,1452
2024,night,pivot,0.7,def_eff,0.20112202981267482,0.0,0.4803307840542256,0.3560643321380471,1452
2024,night,pivot,0.7,att_large,0.0,0.0,0.0,0.0,1428
2024,night,pivot,0.7,def_large,0.0,0.0,0.0,0.0,1428
2024,night,pivot,0.7,balance,0.019135920385672987,-0.01642788515769788,0.055995991061091765,0.05368708392793896,1452
2024,night,pivot,0.7,volume,0.9688299232736574,0.4704002165583875,1.9935340022296544,1.129083606872696,1452
2024,night,pivot,0.75,delta,-0.10541834901383301,-0.27988085544591246,0.059499062931674826,0.2515788868625555,1452
2024,night,pivot,0.75,def_cancel,0.43697182318831407,0.4021003051333507,0.46678351277853647,0.04794900492600872,1452
2024,night,pivot,0.75,att_cancel,0.48835216186993186,0.45430344429584213,0.5273986859291293,0.05418476029153979,1451
2024,night,pivot,0.75,def_refill,0.45387401073864597,0.31438216900048177,0.6114584128336209,0.22021960254495118,1452
2024,night,pivot,0.75,att_refill,0.32904546891008885,0.20699984613379782,0.46101503883056427,0.18829888265142064,1452
2024,night,pivot,0.75,att_eff,-0.16568391952461375,-0.601502450667404,0.03621909418687086,0.47273650471035944,1452
2024,night,pivot,0.75,def_eff,0.21582994520160453,0.002015812736177805,0.5054115242027828,0.37316212858903264,1452
2024,night,pivot,0.75,att_large,0.0,0.0,0.0,0.0,1428
2024,night,pivot,0.75,def_large,0.0,0.0,0.0,0.0,1428
2024,night,pivot,0.75,balance,0.01686797210324234,-0.016504228442054864,0.05353287190382364,0.05191779121266012,1452
2024,night,pivot,0.75,volume,1.0186322463768116,0.4660579260059411,2.003920857286376,1.1400021729284173,1452
2024,night,pivot,0.8,delta,-0.11401074388816579,-0.315599990909046,0.05515991509809417,0.2748405530075168,1452
2024,night,pivot,0.8,def_cancel,0.4327950151424278,0.3983859861298034,0.4625926528869061,0.04759575000526515,1452
2024,night,pivot,0.8,att_cancel,0.49582849374037274,0.45846079817614316,0.526592431066583,0.0505052875392438,1451
2024,night,pivot,0.8,def_refill,0.47592780473759333,0.3215611668848749,0.6213246724946174,0.22221164240900113,1452
2024,night,pivot,0.8,att_refill,0.3179765565563119,0.20954906203466328,0.4500251504586711,0.1782624821527115,1452
2024,night,pivot,0.8,att_eff,-0.22409041539376645,-0.6230126601019472,0.010440164690203183,0.4695721458800225,1452
2024,night,pivot,0.8,def_eff,0.2566972453691736,0.04352654875983593,0.5528057765440264,0.37752351948420343,1452
2024,night,pivot,0.8,att_large,0.0,0.0,0.0,0.0,1428
2024,night,pivot,0.8,def_large,0.0,0.0,0.0,0.0,1428
2024,night,pivot,0.8,balance,0.015012485835388242,-0.02002245213565439,0.05153877824835769,0.05304761333136551,1452
2024,night,pivot,0.8,volume,1.0007744565217391,0.4825080515297907,2.175498188405797,1.2549963950155716,1452
2024,night,pivot,0.85,delta,-0.13060593447234772,-0.2988165790191678,0.04807720461621853,0.2571488388698194,1452
2024,night,pivot,0.85,def_cancel,0.4294128346007041,0.3963029845347485,0.4588733697493838,0.04638279111537088,1452
2024,night,pivot,0.85,att_cancel,0.49547728615658265,0.46040018780740566,0.5301787162682168,0.05172611450023063,1451
2024,night,pivot,0.85,def_refill,0.47820102153511823,0.32467418303449724,0.6302883023381716,0.22654864292340574,1451
2024,night,pivot,0.85,att_refill,0.30935768000814845,0.19757572354287464,0.4340805831604553,0.17531865056899973,1452
2024,night,pivot,0.85,att_eff,-0.2316797831000907,-0.6718245909662413,0.0,0.49801674645384825,1452
2024,night,pivot,0.85,def_eff,0.2485835743827361,0.036097867104114625,0.5555990635952851,0.38510096107573794,1452
2024,night,pivot,0.85,att_large,0.0,0.0,0.0,0.0,1427
2024,night,pivot,0.85,def_large,0.0,0.0,0.033878561670569865,0.025113833706871657,1428
2024,night,pivot,0.85,balance,0.013015532750794836,-0.020907316413194967,0.046748571230488076,0.0501526224193351,1452
2024,night,pivot,0.85,volume,1.0346650998824911,0.5054045893719807,2.247644927536232,1.2915050690617134,1452
2024,night,pivot,0.9,delta,-0.1291295061884185,-0.30582829229282077,0.04295962444660459,0.2585529405036511,1452
2024,night,pivot,0.9,def_cancel,0.4319638876841706,0.3992914271139343,0.46235843993963477,0.04675093611986693,1452
2024,night,pivot,0.9,att_cancel,0.4930215294984037,0.4582045436548856,0.5255942113324216,0.04995527626207261,1449
2024,night,pivot,0.9,def_refill,0.47699474220499255,0.324198415852594,0.6332956583245131,0.22913064675457306,1452
2024,night,pivot,0.9,att_refill,0.2977714195792429,0.19647744416577226,0.4264639241437521,0.1704866419406819,1452
2024,night,pivot,0.9,att_eff,-0.22356856934284497,-0.6579145897748888,7.709882115452476e-19,0.4877054038360925,1452
2024,night,pivot,0.9,def_eff,0.2315251746442314,0.02415600362156157,0.5232567433820439,0.3699783096816029,1452
2024,night,pivot,0.9,att_large,0.0,0.0,0.0,0.0,1428
2024,night,pivot,0.9,def_large,0.0,0.0,0.0,0.0,1428
2024,night,pivot,0.9,balance,0.01021837651155999,-0.022817937072740692,0.04521158589272423,0.05042959448885465,1452
2024,night,pivot,0.9,volume,1.0286490683229812,0.49550585284280935,2.2481634182908548,1.2992272538532583,1452
2024,night,pivot,0.95,delta,-0.10482628555427922,-0.29154232193493446,0.07625694511874472,0.27264586141859093,1452
2024,night,pivot,0.95,def_cancel,0.4405825734811848,0.4069073876324327,0.4712028881575198,0.04766160157530548,1452
2024,night,pivot,0.95,att_cancel,0.48507401404760603,0.44911789107630606,0.5179883328026322,0.05105295902618693,1449
2024,night,pivot,0.95,def_refill,0.4678756654176822,0.3067554796167754,0.626964809233286,0.23736792410415908,1452
2024,night,pivot,0.95,att_refill,0.3088873901588224,0.19875184464558027,0.44305571760469564,0.18109997995486685,1452
2024,night,pivot,0.95,att_eff,-0.15204057446653116,-0.5770599808089303,0.0636148068163077,0.47492571358431285,1452
2024,night,pivot,0.95,def_eff,0.17377485089047495,0.0,0.45615645400327615,0.33814414677781773,1452
2024,night,pivot,0.95,att_large,0.0,0.0,0.0,0.0,1428
2024,night,pivot,0.95,def_large,0.0,0.0,0.0,0.0,1428
2024,night,pivot,0.95,balance,0.010559373186334585,-0.02426849441255178,0.044915295324626514,0.05128524072437234,1452
2024,night,pivot,0.95,volume,0.999611801242236,0.4417270531400966,2.1174914187643017,1.242227105725875,1452
2024,rth,pivot,-1.0,delta,0.10161904118607734,0.0234669349250164,0.18061269656780915,0.11649055718516883,660
2024,rth,pivot,-1.0,def_cancel,0.46290327550055005,0.44713258980305903,0.47664619612359205,0.021878136634939226,660
2024,rth,pivot,-1.0,att_cancel,0.43064714512160907,0.41209688699930885,0.44725723219619096,0.026064006817555302,660
2024,rth,pivot,-1.0,def_refill,0.3868094795103016,0.32342538954465444,0.44696681009971617,0.09158000041146162,660
2024,rth,pivot,-1.0,att_refill,0.5016441312505787,0.42820312299109553,0.5765906993943308,0.10999820341233157,660
2024,rth,pivot,-1.0,att_eff,0.2643952607051242,0.11271220808775959,0.4212937821167372,0.22874838697477953,678
2024,rth,pivot,-1.0,def_eff,-0.27111357753758897,-0.4893531942988697,-0.0897346550782181,0.29623316472991224,613
2024,rth,pivot,-1.0,att_large,0.051632705969937194,0.0,0.16137050695782756,0.11962231798208123,649
2024,rth,pivot,-1.0,def_large,0.0,0.0,0.05247895134225331,0.03890211367105509,649
2024,rth,pivot,-1.0,balance,-0.0014340216234564071,-0.04000765229032595,0.03456340471052948,0.055278767235623,823
2024,rth,pivot,-1.0,volume,1.1264683945552862,0.7415211822294319,1.8635886783014672,0.8317772394900188,823
2024,rth,pivot,-0.95,delta,0.09381536242042145,0.016303676323786213,0.17994723443784988,0.12130730771983964,744
2024,rth,pivot,-0.95,def_cancel,0.46170877993508624,0.4453474844564551,0.47639040277016764,0.023011800084293946,744
2024,rth,pivot,-0.95,att_cancel,0.4332529212164391,0.415262329120928,0.4495049245731728,0.025383688252220045,744
2024,rth,pivot,-0.95,def_refill,0.3943750593815814,0.3333099829400188,0.4551575486273558,0.09032436300024982,744
2024,rth,pivot,-0.95,att_refill,0.5032346277872211,0.4232957038755873,0.5808251230549508,0.11677495862072908,744
2024,rth,pivot,-0.95,att_eff,0.23756877282528882,0.05715009154674837,0.4169128864916726,0.26668850626013657,749
2024,rth,pivot,-0.95,def_eff,-0.24989620864313597,-0.48939499125983854,-0.04095998432400121,0.3324203164832004,709
2024,rth,pivot,-0.95,att_large,0.04264545720356639,0.0,0.16162643579347027,0.11981203542881415,731
2024,rth,pivot,-0.95,def_large,0.0,0.0,0.04908529135805517,0.036386427989662844,731
2024,rth,pivot,-0.95,balance,0.0012864191131539233,-0.038606154751058684,0.03791240201051437,0.0567224290300764,823
2024,rth,pivot,-0.95,volume,1.279263005780347,0.7990232762180016,2.1654624277456644,1.0129274659211733,823
2024,rth,pivot,-0.9,delta,0.08381703343381917,-0.010662707198464344,0.16683985141289903,0.1315808440410403,771
2024,rth,pivot,-0.9,def_cancel,0.4597551585101075,0.4443327960125908,0.473347447872672,0.021508266760623597,771
2024,rth,pivot,-0.9,att_cancel,0.4352314619158655,0.4167262177352307,0.45354341755286326,0.027292216321447398,771
2024,rth,pivot,-0.9,def_refill,0.3924902538531803,0.3407968117056239,0.46553456467489596,0.09246682948055747,771
2024,rth,pivot,-0.9,att_refill,0.4962982120782684,0.4209102627688723,0.5732551576746627,0.11293172342905149,771
2024,rth,pivot,-0.9,att_eff,0.1849976152108351,0.010070874836943515,0.36268181077590106,0.2613869058109396,782
2024,rth,pivot,-0.9,def_eff,-0.20813682123182184,-0.4451919792358613,0.0,0.3300162929843301,748
2024,rth,pivot,-0.9,att_large,0.022968157578293145,0.0,0.15527837169839143,0.11510627998398179,757
2024,rth,pivot,-0.9,def_large,0.0,0.0,0.060213468611133046,0.044635632773263934,757
2024,rth,pivot,-0.9,balance,0.0014970302681566686,-0.038233820067461385,0.038431341774027426,0.056831105886945,823
2024,rth,pivot,-0.9,volume,1.302248916184971,0.8054062801059729,2.2092950041288195,1.0406884536863208,823
2024,rth,pivot,-0.85,delta,0.07088481119450205,-0.02076224568028949,0.16436714165369098,0.13723453471755412,788
2024,rth,pivot,-0.85,def_cancel,0.45738468213728645,0.44139433359540803,0.4724194766500823,0.02299862346528858,788
2024,rth,pivot,-0.85,att_cancel,0.4385486920014392,0.4190753725313943,0.4567356186799173,0.027917158004835418,788
2024,rth,pivot,-0.85,def_refill,0.4049488756251912,0.34174969292806245,0.46781356840443344,0.09344987062740621,788
2024,rth,pivot,-0.85,att_refill,0.4901784788115705,0.41330308333794274,0.5654167869976138,0.11276034370620536,788
2024,rth,pivot,-0.85,att_eff,0.16120915857887866,-0.041683082379853534,0.3537518849930339,0.29313192540614336,795
2024,rth,pivot,-0.85,def_eff,-0.15373883091923451,-0.41040339968654954,0.067045677873806,0.35392815237980396,773
2024,rth,pivot,-0.85,att_large,0.038078049812389,0.0,0.1462856398075138,0.10844005916049948,774
2024,rth,pivot,-0.85,def_large,0.0,0.0,0.05080311853692053,0.03765983583166829,774
2024,rth,pivot,-0.85,balance,0.0037064761321176348,-0.035252854871905694,0.04378258229294649,0.058588166912418214,823
2024,rth,pivot,-0.85,volume,1.3255057803468207,0.8204669911773654,2.2051169206516024,1.0264269306703018,823
2024,rth,pivot,-0.8,delta,0.05781189874097422,-0.02926905758293615,0.1494932884295524,0.1325147116475082,802
2024,rth,pivot,-0.8,def_cancel,0.45678158040006345,0.44053368144499827,0.4713734394873695,0.022861199438377475,802
2024,rth,pivot,-0.8,att_cancel,0.44047893111260067,0.420508827511284,0.4584290963767346,0.028109910204188758,802
2024,rth,pivot,-0.8,def_refill,0.4120628568973342,0.3482340653488831,0.48393948885682603,0.10059705226682202,802
2024,rth,pivot,-0.8,att_refill,0.4852611821462729,0.414735861486923,0.5533761069204166,0.10277260595514724,802
2024,rth,pivot,-0.8,att_eff,0.12587223243882817,-0.06061235983728667,0.33738460841153783,0.2950311106366379,805
2024,rth,pivot,-0.8,def_eff,-0.12813321055526505,-0.3952815420730231,0.06498754692524078,0.34119280133303476,786
2024,rth,pivot,-0.8,att_large,0.031137122160760068,0.0,0.14991287040155485,0.11112888836290204,788
2024,rth,pivot,-0.8,def_large,0.0,0.0,0.0449353689761345,0.033310132673190884,788
2024,rth,pivot,-0.8,balance,0.005058420210023617,-0.03460118415388699,0.047733075213112396,0.06103355030911741,823
2024,rth,pivot,-0.8,volume,1.3086245401996848,0.8213713670722341,2.1607324448726177,0.9928547648631458,823
2024,rth,pivot,-0.75,delta,0.04600648162816312,-0.0325619542226604,0.13910626699396658,0.12725590898193254,809
2024,rth,pivot,-0.75,def_cancel,0.4563624663670336,0.4404962957326887,0.47061291212970446,0.022325141880664003,809
2024,rth,pivot,-0.75,att_cancel,0.44185586439086405,0.423072975462284,0.45778977727235565,0.02573521260939336,809
2024,rth,pivot,-0.75,def_refill,0.42405204408299957,0.34545414751693426,0.4879884936561405,0.1056592632610869,809
2024,rth,pivot,-0.75,att_refill,0.47784401591840414,0.41407667368864737,0.5548554912528764,0.10435790775702669,809
2024,rth,pivot,-0.75,att_eff,0.13035307644253266,-0.07514657329534277,0.34367850629353625,0.3104707780495768,812
2024,rth,pivot,-0.75,def_eff,-0.1322284573247506,-0.40901709808527836,0.08826513648672006,0.36863027025351996,799
2024,rth,pivot,-0.75,att_large,0.01290213510424152,0.0,0.1436202091220095,0.10646420246257192,795
2024,rth,pivot,-0.75,def_large,0.0,0.0,0.03026361956912217,0.02243411383923067,795
2024,rth,pivot,-0.75,balance,0.007170122827354456,-0.030212457635043558,0.047586446182533985,0.05767153729990922,823
2024,rth,pivot,-0.75,volume,1.2777456647398844,0.7897973594324751,2.1253182631434075,0.9900080828101798,823
2024,rth,pivot,-0.7,delta,0.0471746100206741,-0.03372318434132777,0.1466204755116897,0.13368692353818937,814
2024,rth,pivot,-0.7,def_cancel,0.4561890262960437,0.43800240199979207,0.4706822920731132,0.02422527062514538,814
2024,rth,pivot,-0.7,att_cancel,0.44309201585349556,0.4243466599213834,0.4601116318412889,0.026512210466942566,814
2024,rth,pivot,-0.7,def_refill,0.42024688104922986,0.35248948988304757,0.49283515162564673,0.10403681374544045,814
2024,rth,pivot,-0.7,att_refill,0.4795239570205281,0.4077295872574309,0.5497343904758094,0.10526671847174092,814
2024,rth,pivot,-0.7,att_eff,0.10686612839138965,-0.08124016473158345,0.3120574786176255,0.2915475488133499,816
2024,rth,pivot,-0.7,def_eff,-0.10506707918630004,-0.36256530817941246,0.0945679706992903,0.33886825713765956,807
2024,rth,pivot,-0.7,att_large,0.011581576691015817,0.0,0.14299207645660364,0.10599857409681515,800
2024,rth,pivot,-0.7,def_large,0.0,0.0,0.03453393311507874,0.0255996539029494,800
2024,rth,pivot,-0.7,balance,0.006683986762708655,-0.030701641678959724,0.049990174363379866,0.05981602375266093,823
2024,rth,pivot,-0.7,volume,1.2935934489402696,0.7992607002966231,2.10046578241123,0.9645701127610131,823
2024,rth,pivot,-0.65,delta,0.04435375144022294,-0.039023148173418384,0.1319431070936486,0.12673554875245885,816
2024,rth,pivot,-0.65,def_cancel,0.45515691265230507,0.4373632687289596,0.4712285387164323,0.02510398071717768,816
2024,rth,pivot,-0.65,att_cancel,0.4439119014773592,0.42273017606370533,0.4593441789271213,0.027141588482888054,816
2024,rth,pivot,-0.65,def_refill,0.4202330706253265,0.3573513801807051,0.4977075501990814,0.10404460342355545,816
2024,rth,pivot,-0.65,att_refill,0.47728611763943923,0.40929307695984457,0.5520123196631019,0.10579632520626936,816
2024,rth,pivot,-0.65,att_eff,0.08457207542540021,-0.10964199132116129,0.3224966332848228,0.32033997376277545,817
2024,rth,pivot,-0.65,def_eff,-0.10931139764855467,-0.3832038996949178,0.10556899571208103,0.3623223835485537,814
2024,rth,pivot,-0.65,att_large,0.0,0.0,0.13838754559502944,0.10258528213123012,802
2024,rth,pivot,-0.65,def_large,0.0,0.0,0.032172384021498975,0.02384906154299405,802
2024,rth,pivot,-0.65,balance,0.008728575102730254,-0.027554566777608615,0.04875828841120051,0.05656994454322396,823
2024,rth,pivot,-0.65,volume,1.266951978657181,0.7584253715937243,2.0704931358381504,0.972622508706024,823
2024,rth,pivot,-0.6,delta,0.04323304566918307,-0.03707557743340045,0.13219545331769303,0.12547889603490991,817
2024,rth,pivot,-0.6,def_cancel,0.45637919513122177,0.438992921838735,0.46924406904387383,0.02242486820247504,817
2024,rth,pivot,-0.6,att_cancel,0.44272243107608694,0.4226371715883849,0.45849292634936856,0.02657950686507315,817
2024,rth,pivot,-0.6,def_refill,0.4299990148974648,0.353280337190077,0.5027353454595938,0.1107894798143193,817
2024,rth,pivot,-0.6,att_refill,0.4799749519937189,0.41184161082327064,0.556899329590295,0.10752981376354658,817
2024,rth,pivot,-0.6,att_eff,0.11571350318309313,-0.08005274817027604,0.32236645059595803,0.29830926520847595,817
2024,rth,pivot,-0.6,def_eff,-0.11036594843370946,-0.3502357315940984,0.11047911722770043,0.34152323856323114,816
2024,rth,pivot,-0.6,att_large,0.0,0.0,0.12914548717561952,0.095734238084225,803
2024,rth,pivot,-0.6,def_large,0.0,0.0,0.043060948409673026,0.03192064374327133,803
2024,rth,pivot,-0.6,balance,0.010227334674602224,-0.024869474921288385,0.05108759495355675,0.056306204503221,823
2024,rth,pivot,-0.6,volume,1.2510115606936416,0.7555129771079916,2.0652697495183037,0.9709093939290675,823
2024,rth,pivot,-0.55,delta,0.03953919680954702,-0.04136114917860305,0.12905747424845707,0.12632959483103046,817
2024,rth,pivot,-0.55,def_cancel,0.4545875208959988,0.4378918663980026,0.4685459953866528,0.022723594506041677,817
2024,rth,pivot,-0.55,att_cancel,0.44372144813591097,0.4251090786296809,0.458553683172649,0.02479214569530623,817
2024,rth,pivot,-0.55,def_refill,0.4318715280871331,0.3589465720783573,0.49737392052566987,0.10261478758140295,817
2024,rth,pivot,-0.55,att_refill,0.4836020325497557,0.41067478743036295,0.5594392657891379,0.11027759700428094,817
2024,rth,pivot,-0.55,att_eff,0.08583310599455346,-0.09233876625944068,0.2971002404776073,0.28868718067979837,820
2024,rth,pivot,-0.55,def_eff,-0.0948773329356263,-0.3340354556757199,0.10827554071688655,0.3278806496609388,816
2024,rth,pivot,-0.55,att_large,0.0,0.0,0.13587712098596494,0.10072432986357668,803
2024,rth,pivot,-0.55,def_large,0.0,0.0,0.053609300573047296,0.03974003007638791,803
2024,rth,pivot,-0.55,balance,0.00968498641705172,-0.02397240585755379,0.052693672023674726,0.05683178493790105,823
2024,rth,pivot,-0.55,volume,1.258718689788054,0.7972550879094412,2.117384557277982,0.9785985688425061,823
2024,rth,pivot,-0.5,delta,0.03899165875457869,-0.036239764591378974,0.12330414113804368,0.11826827704182553,818
2024,rth,pivot,-0.5,def_cancel,0.45395173654081483,0.43556420847181104,0.469175057673392,0.024915381172409913,818
2024,rth,pivot,-0.5,att_cancel,0.44360081014030983,0.4237818630866749,0.45839716724387475,0.025659973430096236,818
2024,rth,pivot,-0.5,def_refill,0.4332654299502043,0.3584643789064244,0.5072411066383035,0.11028667734016238,818
2024,rth,pivot,-0.5,att_refill,0.4765646367443042,0.40515546550828313,0.5521065822283286,0.10893337043739475,818
2024,rth,pivot,-0.5,att_eff,0.07674759148513696,-0.13832485355189789,0.2891987751486259,0.3169189241664372,820
2024,rth,pivot,-0.5,def_eff,-0.07802107020865329,-0.327491507900979,0.13318306367181598,0.34149338144758706,817
2024,rth,pivot,-0.5,att_large,0.0,0.0,0.13674065002065577,0.10136445516727634,804
2024,rth,pivot,-0.5,def_large,0.0,0.0,0.05667147774550535,0.042009990915867566,804
2024,rth,pivot,-0.5,balance,0.012381414223936417,-0.024978041350688936,0.053628572814338214,0.05827028477763317,823
2024,rth,pivot,-0.5,volume,1.2439433866031961,0.7746463706091596,2.0513758429672446,0.9464265918147406,823
2024,rth,pivot,-0.45,delta,0.03851676949474171,-0.04289463497917437,0.12391350281745642,0.12365317850009695,820
2024,rth,pivot,-0.45,def_cancel,0.4544315362684636,0.43855891345333275,0.46844391697847754,0.02215344961093016,820
2024,rth,pivot,-0.45,att_cancel,0.44375143868231604,0.4236912219828754,0.4595181399259679,0.026558130424827655,820
2024,rth,pivot,-0.45,def_refill,0.4326977363750564,0.36887304192104164,0.50173372656986,0.09848827624078457,820
2024,rth,pivot,-0.45,att_refill,0.47778262517457704,0.4043481343622789,0.552920993314813,0.11013555148445822,820
2024,rth,pivot,-0.45,att_eff,0.10144576259476312,-0.11408949043462258,0.2741329013398416,0.2877853163635761,820
2024,rth,pivot,-0.45,def_eff,-0.08902576470426929,-0.31273906296762727,0.11482882976392432,0.3169517366431072,817
2024,rth,pivot,-0.45,att_large,0.0,0.0,0.15425064478379116,0.11434443645944489,806
2024,rth,pivot,-0.45,def_large,0.0,0.0,0.054093864237342366,0.04009923219966076,806
2024,rth,pivot,-0.45,balance,0.012333869757436616,-0.02361658098221273,0.05526181103760982,0.05847175094130656,823
2024,rth,pivot,-0.45,volume,1.2340317919075143,0.7662302338715036,2.08709452303163,0.9791432832914205,823
2024,rth,pivot,-0.4,delta,0.035869036369694046,-0.0467006931224279,0.12564061293683737,0.12775485994015218,821
2024,rth,pivot,-0.4,def_cancel,0.454589880472641,0.4375844228423015,0.4700138076534614,0.02403957361835428,821
2024,rth,pivot,-0.4,att_cancel,0.4434891320330041,0.4235709147144185,0.46062959039230067,0.0274712199243011,821
2024,rth,pivot,-0.4,def_refill,0.43197975558276197,0.36554071929158893,0.5031989055726569,0.10204461547892361,821
2024,rth,pivot,-0.4,att_refill,0.474445042896075,0.4048549050830839,0.5469927968153139,0.10536537563545587,821
2024,rth,pivot,-0.4,att_eff,0.08398397301381251,-0.1023782396197722,0.2858586392471628,0.2877960554980986,822
2024,rth,pivot,-0.4,def_eff,-0.08554804216120396,-0.3289449007770613,0.12058258343580468,0.33323015879382206,820
2024,rth,pivot,-0.4,att_large,0.0,0.0,0.13987568189692845,0.10368842245880537,807
2024,rth,pivot,-0.4,def_large,0.0,0.0,0.06256992991416395,0.04638245360575534,807
2024,rth,pivot,-0.4,balance,0.013610856045365967,-0.02296991167177478,0.05582699925838515,0.05841134983703479,823
2024,rth,pivot,-0.4,volume,1.213264374809857,0.7829598116404226,2.103376384874759,0.9788113960224881,823
2024,rth,pivot,-0.35,delta,0.030520318398549948,-0.04598403023046302,0.1203043314425087,0.12326787373830372,822
2024,rth,pivot,-0.35,def_cancel,0.4546134951588572,0.438275238867994,0.46938196131641907,0.023059097441382542,822
2024,rth,pivot,-0.35,att_cancel,0.44327635156153816,0.423269617803259,0.46043478437537827,0.02755016054271258,822
2024,rth,pivot,-0.35,def_refill,0.42849791109325763,0.3582563383180002,0.5037691745310774,0.10786718770428258,822
2024,rth,pivot,-0.35,att_refill,0.4763493039697253,0.40050936319209096,0.5447270517152479,0.10690710787483838,822
2024,rth,pivot,-0.35,att_eff,0.09773075972754486,-0.11595084208108207,0.2818544232771384,0.2948890032307046,822
2024,rth,pivot,-0.35,def_eff,-0.10159674470886251,-0.33488771163800923,0.10290748675203719,0.3245331344625993,820
2024,rth,pivot,-0.35,att_large,0.0,0.0,0.14081151205826858,0.10438214385342372,808
2024,rth,pivot,-0.35,def_large,0.0,0.0,0.056493931438572606,0.04187837764164018,808
2024,rth,pivot,-0.35,balance,0.012710785654375162,-0.022500484495556774,0.053463514208357654,0.056311340773843165,823
2024,rth,pivot,-0.35,volume,1.2438222543352602,0.7727565504259203,2.046955465055176,0.9445507150698708,823
2024,rth,pivot,-0.3,delta,0.028977215591702736,-0.04651055956192915,0.11402168134966079,0.11900091987515933,822
2024,rth,pivot,-0.3,def_cancel,0.4534997704997605,0.4377084860730487,0.4680030211484001,0.02245703119003069,822
2024,rth,pivot,-0.3,att_cancel,0.444053452548821,0.42385265405166006,0.46024900802559104,0.02698024757148331,822
2024,rth,pivot,-0.3,def_refill,0.4381857452777983,0.36061954708100763,0.5031091844726451,0.1056261211205615,822
2024,rth,pivot,-0.3,att_refill,0.4707585077807932,0.4042239864522448,0.5381672378949834,0.09929077201092562,822
2024,rth,pivot,-0.3,att_eff,0.07637252388859223,-0.10877811329735759,0.2557770633974417,0.27024105018146727,822
2024,rth,pivot,-0.3,def_eff,-0.07690409054408355,-0.2947435238403393,0.1227081251503235,0.3094526678952282,822
2024,rth,pivot,-0.3,att_large,0.0,0.0,0.13578674008292324,0.10065733141803057,808
2024,rth,pivot,-0.3,def_large,0.0,0.0,0.05094016565089419,0.03776142746545159,808
2024,rth,pivot,-0.3,balance,0.017070787333086847,-0.020709676099385198,0.05793081908021521,0.058295400429651895,823
2024,rth,pivot,-0.3,volume,1.2202151573538855,0.7722512114824633,2.067710340398202,0.9603106960087018,823
2024,rth,pivot,-0.25,delta,0.030078759848584973,-0.04474429405414989,0.11244356831406299,0.11652176602536167,822
2024,rth,pivot,-0.25,def_cancel,0.4537995560478463,0.4373496461654733,0.46716736804596676,0.022103574411040383,822
2024,rth,pivot,-0.25,att_cancel,0.44341509309438887,0.4232636467182389,0.45913974092381,0.02659458428878509,822
2024,rth,pivot,-0.25,def_refill,0.4340346780642069,0.361873437865886,0.50466212312762,0.10584780226963236,822
2024,rth,pivot,-0.25,att_refill,0.4678819774107583,0.4019757513485837,0.5526292358191169,0.11167789805080298,822
2024,rth,pivot,-0.25,att_eff,0.0830812055105687,-0.08840105383933224,0.2728356978632296,0.2677811354355536,822
2024,rth,pivot,-0.25,def_eff,-0.08008091898491741,-0.30042988647972463,0.11683843497528994,0.30931676905486627,822
2024,rth,pivot,-0.25,att_large,0.0,0.0,0.13071394140299172,0.0968969172742711,808
2024,rth,pivot,-0.25,def_large,0.0,0.0,0.06234922875054956,0.04621885007453637,808
2024,rth,pivot,-0.25,balance,0.01810634899787567,-0.018627656620437444,0.05835314794732819,0.05706508863437037,823
2024,rth,pivot,-0.25,volume,1.2364071531791907,0.7769061381778145,2.1006773843930633,0.9812981810342839,823
2024,rth,pivot,-0.2,delta,0.03633196228147401,-0.033474213917878075,0.12346666320596035,0.11633867837200773,822
2024,rth,pivot,-0.2,def_cancel,0.4559608856507077,0.43932288106980827,0.4700193488016975,0.022754979786426405,822
2024,rth,pivot,-0.2,att_cancel,0.4409053597289073,0.42171128582957945,0.4560445017134081,0.025450864257841845,822
2024,rth,pivot,-0.2,def_refill,0.42403016933173565,0.35079902620204473,0.5021335242548596,0.11218272650319855,822
2024,rth,pivot,-0.2,att_refill,0.48172178474906485,0.41424631489905167,0.5544732876120019,0.1039488307731284,822
2024,rth,pivot,-0.2,att_eff,0.11757422116741084,-0.05608094212809023,0.3123727009895865,0.27313094374920444,822
2024,rth,pivot,-0.2,def_eff,-0.1302233420709507,-0.36165071794695164,0.06794413707135864,0.31845430320111956,822
2024,rth,pivot,-0.2,att_large,0.0,0.0,0.13835658462004766,0.1025623310749056,808
2024,rth,pivot,-0.2,def_large,0.0,0.0,0.057901060351722905,0.04292146801462039,808
2024,rth,pivot,-0.2,balance,0.019770386388307404,-0.01826273540378486,0.06309243382683677,0.06030776073433775,823
2024,rth,pivot,-0.2,volume,1.2559867877786952,0.8001978151905897,2.1574854201073492,1.006143517358606,823
2024,rth,pivot,-0.15,delta,0.05899780500436666,-0.025897457233462033,0.1471659632991831,0.12829015606571176,822
2024,rth,pivot,-0.15,def_cancel,0.45651465524344087,0.44015373402689734,0.47063719819280714,0.02259708240615997,822
2024,rth,pivot,-0.15,att_cancel,0.4377117014588221,0.41837966032921575,0.45281351146040655,0.025525464144692957,822
2024,rth,pivot,-0.15,def_refill,0.4148306732616056,0.3481760974844198,0.49072661089784875,0.10567124789727869,822
2024,rth,pivot,-0.15,att_refill,0.4908898778593515,0.4246580071093341,0.563897798767015,0.10321704348234312,822
2024,rth,pivot,-0.15,att_eff,0.15434513997031424,-7.93016446160826e-18,0.325336251798802,0.24116845945055745,822
2024,rth,pivot,-0.15,def_eff,-0.1559007891598859,-0.37634184010428134,0.017338166231724017,0.2918309906123094,822
2024,rth,pivot,-0.15,att_large,0.004413351568929152,0.0,0.14833955546865377,0.10996260598121109,808
2024,rth,pivot,-0.15,def_large,0.0,0.0,0.06109154552849642,0.04528654227464523,808
2024,rth,pivot,-0.15,balance,0.021983655838284134,-0.017443868972670567,0.06445690931325881,0.06071221518601141,823
2024,rth,pivot,-0.15,volume,1.3272487577324814,0.7776001490403013,2.146030050622913,1.0144031887195046,823
2024,rth,pivot,-0.1,delta,0.07966833776439203,-0.006239156744919526,0.17094631016472342,0.13134578718283393,822
2024,rth,pivot,-0.1,def_cancel,0.4595662572131278,0.4430705474364269,0.4725391002299324,0.021844738912902537,822
2024,rth,pivot,-0.1,att_cancel,0.4335405957563475,0.41335465445436625,0.44896554091091917,0.02639798847780053,822
2024,rth,pivot,-0.1,def_refill,0.40120860552803966,0.3353678715309326,0.4724014151957496,0.10158157425116157,822
2024,rth,pivot,-0.1,att_refill,0.5059787826422832,0.4303572581435501,0.579042652806448,0.11021897306367523,822
2024,rth,pivot,-0.1,att_eff,0.20522719383839805,0.04158357189371846,0.38126759565040147,0.25180431709168494,822
2024,rth,pivot,-0.1,def_eff,-0.23723330385647406,-0.4327757135075879,-0.04774256295887917,0.2854211642318078,822
2024,rth,pivot,-0.1,att_large,0.03431574837521439,0.0,0.16509835779639503,0.12238573594988512,808
2024,rth,pivot,-0.1,def_large,0.0,0.0,0.046902817927098814,0.034768582599776734,808
2024,rth,pivot,-0.1,balance,0.0249719781238034,-0.013258857021858205,0.06926276062804747,0.06117243710148679,823
2024,rth,pivot,-0.1,volume,1.361890999174236,0.8343310191002765,2.176713459950454,0.9950944706079892,823
2024,rth,pivot,-0.05,delta,0.11470974921367366,0.03632577961427937,0.2011919019468489,0.12221358215905821,822
2024,rth,pivot,-0.05,def_cancel,0.4617019487371524,0.4464894340981001,0.4750280136383594,0.02115535918477338,822
2024,rth,pivot,-0.05,att_cancel,0.4239223077173794,0.40257103626610724,0.4414618969923591,0.028829400093589225,822
2024,rth,pivot,-0.05,def_refill,0.383169718591993,0.32019669956597785,0.4496342216203889,0.09595072057406305,822
2024,rth,pivot,-0.05,att_refill,0.5199487624419086,0.45542998793962275,0.5975687986486632,0.10536605686363265,822
2024,rth,pivot,-0.05,att_eff,0.2607446723279471,0.13077271035716553,0.4177443295819482,0.21272914694201828,822
2024,rth,pivot,-0.05,def_eff,-0.30204667544130104,-0.5058906481587414,-0.14200139526026997,0.2697474076341523,822
2024,rth,pivot,-0.05,att_large,0.07745382997477437,0.0,0.18920377985495507,0.14025484051516313,808
2024,rth,pivot,-0.05,def_large,0.0,0.0,0.05067370868044061,0.037563905619303645,808
2024,rth,pivot,-0.05,balance,0.03417971763265196,-0.0034604195412763494,0.08390453052450415,0.06476275023408488,823
2024,rth,pivot,-0.05,volume,1.51345042240996,0.9723766629122746,2.4268373245251857,1.0781769174298823,823
2024,rth,pivot,0.0,delta,0.06478900723004359,-0.019329166971657607,0.1524387514554002,0.12732981351153283,822
2024,rth,pivot,0.0,def_cancel,0.44149579504989445,0.42240089718470397,0.45689835115775085,0.02557261228543134,822
2024,rth,pivot,0.0,att_cancel,0.43604567855007054,0.4180603115273644,0.45105448206643506,0.02445824354267655,822
2024,rth,pivot,0.0,def_refill,0.4108009975370128,0.34750044124617513,0.4744140024722993,0.09407973404456944,822
2024,rth,pivot,0.0,att_refill,0.4702031225306586,0.40870462660803314,0.5415118629902868,0.09844865558358311,822
2024,rth,pivot,0.0,att_eff,0.0021835931795044956,-0.14465773488666012,0.15454579598362408,0.2217965388215598,822
2024,rth,pivot,0.0,def_eff,-0.022644157130427087,-0.23788415134496316,0.12930574054585958,0.27219413779897905,822
2024,rth,pivot,0.0,att_large,0.11707473810517324,0.0,0.23384876958744724,0.17334971800403798,808
2024,rth,pivot,0.0,def_large,0.0,0.0,0.10126719545517454,0.07506834355461418,808
2024,rth,pivot,0.0,balance,0.02726226390085991,-0.01070056257645499,0.07020053353578991,0.059971160943102224,823
2024,rth,pivot,0.0,volume,1.8927023121387283,1.3170632053399394,2.8850555044666315,1.1623367673289045,823
2024,rth,pivot,0.05,delta,-0.04151852212289567,-0.11672914925055723,0.030368995102831503,0.10904236052882783,822
2024,rth,pivot,0.05,def_cancel,0.4360843461900906,0.4189530665339476,0.44991899452298156,0.022954727938498124,822
2024,rth,pivot,0.05,att_cancel,0.45739871929718157,0.4403531056733019,0.47017153364475156,0.02210409782909539,822
2024,rth,pivot,0.05,def_refill,0.481428933514336,0.4154075709051343,0.5554345769626151,0.10380059752222447,822
2024,rth,pivot,0.05,att_refill,0.4227457476130775,0.3705980458346494,0.49201229929476936,0.0900031530467902,822
2024,rth,pivot,0.05,att_eff,-0.20102520250230915,-0.4134812041478254,-0.030064061224357595,0.28422323419085826,822
2024,rth,pivot,0.05,def_eff,0.18357914083405666,0.025911638208963264,0.3772530175256247,0.26044579638003074,822
2024,rth,pivot,0.05,att_large,0.0,0.0,0.12413925097445004,0.09202316602998521,808
2024,rth,pivot,0.05,def_large,0.0,0.0,0.10602384278067506,0.07859439791006305,808
2024,rth,pivot,0.05,balance,0.02184784197061397,-0.010607145198199606,0.06535787283372317,0.0563120963913438,823
2024,rth,pivot,0.05,volume,1.6304347826086956,0.9796309324612108,2.471352798213347,1.1057982696457644,823
2024,rth,pivot,0.1,delta,-0.05763828736649389,-0.12701723780334387,0.02162653702336007,0.11018812070178201,822
2024,rth,pivot,0.1,def_cancel,0.4398744320474386,0.4206591078473427,0.45542722107942607,0.025773249245428762,822
2024,rth,pivot,0.1,att_cancel,0.4585818923502937,0.44213810788528446,0.4716961301971757,0.0219110617582589,822
2024,rth,pivot,0.1,def_refill,0.49308122749428474,0.4239733956006409,0.5627729287163786,0.10289068429632152,822
2024,rth,pivot,0.1,att_refill,0.4257414273791483,0.36214006285642036,0.48847365706372836,0.09364981038347517,822
2024,rth,pivot,0.1,att_eff,-0.1868548687041981,-0.41460230615178745,0.005404499070235727,0.3113467792602099,822
2024,rth,pivot,0.1,def_eff,0.1705743835973027,0.0,0.35551024903933853,0.26353613716778246,822
2024,rth,pivot,0.1,att_large,0.0,0.0,0.08524065288868611,0.06318803031036777,808
2024,rth,pivot,0.1,def_large,0.0,0.0,0.10816023323110913,0.08017808245449157,808
2024,rth,pivot,0.1,balance,0.018094230753319503,-0.012106180775010349,0.061228510762930295,0.05436226207408498,823
2024,rth,pivot,0.1,volume,1.3531172584640794,0.856575589424528,2.1717963139341387,0.9749597661301783,823
2024,rth,pivot,0.15,delta,-0.05332161707143647,-0.13099897313132736,0.016790641130479893,0.10955494014959767,822
2024,rth,pivot,0.15,def_cancel,0.4435369305202885,0.4248462583479278,0.45872611646908173,0.02511479475252332,822
2024,rth,pivot,0.15,att_cancel,0.4573861230024254,0.4396453418134083,0.4712236316308527,0.023408665542953573,822
2024,rth,pivot,0.15,def_refill,0.48869005139820354,0.41762028803973994,0.5630436740218147,0.10780087915646755,822
2024,rth,pivot,0.15,att_refill,0.426963343565582,0.36319864997636936,0.48801318774840385,0.0925237492750441,822
2024,rth,pivot,0.15,att_eff,-0.16272311242090587,-0.4095745999050171,0.051162074614756116,0.341539417731485,822
2024,rth,pivot,0.15,def_eff,0.1437135923182965,-0.03213026688718739,0.3351507752323387,0.27226170653782517,822
2024,rth,pivot,0.15,att_large,0.0,0.0,0.07728493566752709,0.05729053792996819,808
2024,rth,pivot,0.15,def_large,0.0,0.0,0.1131021625398528,0.08384148446245575,808
2024,rth,pivot,0.15,balance,0.01887062019690056,-0.014428007959704003,0.06171375322686933,0.056443114296940954,823
2024,rth,pivot,0.15,volume,1.2357297687861273,0.802720324577261,1.9589376423191451,0.8570921554795287,823
2024,rth,pivot,0.2,delta,-0.04764706892032684,-0.12973118378028156,0.027298444623434878,0.1164044687944525,822
2024,rth,pivot,0.2,def_cancel,0.4466142188605201,0.4254172599994827,0.46070367893057085,0.026157463996358887,822
2024,rth,pivot,0.2,att_cancel,0.4563271342170811,0.43878587513169504,0.470854352963426,0.023772036939756075,822
2024,rth,pivot,0.2,def_refill,0.4851813492801713,0.41282857900220954,0.5504870298971339,0.10204481163448807,822
2024,rth,pivot,0.2,att_refill,0.4306869828928199,0.36771480820291436,0.5006575415249761,0.09854909808900056,822
2024,rth,pivot,0.2,att_eff,-0.11531649416502326,-0.3680328027005877,0.08713537703571829,0.33741154910030097,823
2024,rth,pivot,0.2,def_eff,0.13435278689475794,-0.07531765670090479,0.29960968172377705,0.27792982833556845,822
2024,rth,pivot,0.2,att_large,0.0,0.0,0.04855335068487723,0.035992105770850435,808
2024,rth,pivot,0.2,def_large,0.0,0.0,0.10589403400352812,0.07849817198185925,808
2024,rth,pivot,0.2,balance,0.017783403311514855,-0.016136482258392548,0.059263828042753715,0.05589348428550501,823
2024,rth,pivot,0.2,volume,1.1739071531791907,0.785185854206808,1.8798355927149277,0.8114527342536099,823
2024,rth,pivot,0.25,delta,-0.03470355383491751,-0.11957051428870497,0.03793444241559869,0.11675682483640004,822
2024,rth,pivot,0.25,def_cancel,0.44811000619998087,0.4271772669167621,0.4641219239555252,0.027386699065057894,822
2024,rth,pivot,0.25,att_cancel,0.45563857741164016,0.43923356935702923,0.47043044680100815,0.023125928424002167,822
2024,rth,pivot,0.25,def_refill,0.4789684084288377,0.4098613145659842,0.5499242671937302,0.10382724434970055,822
2024,rth,pivot,0.25,att_refill,0.4366301394039443,0.3655861961692872,0.49894732894908217,0.09885925335789099,822
2024,rth,pivot,0.25,att_eff,-0.11180247505211262,-0.37093855403849435,0.1159187391694389,0.36090236709261175,823
2024,rth,pivot,0.25,def_eff,0.10140269815711005,-0.10824594884387667,0.31454661565792247,0.3134118343230535,822
2024,rth,pivot,0.25,att_large,0.0,0.0,0.07061029302185835,0.05234269312220782,808
2024,rth,pivot,0.25,def_large,0.0,0.0,0.09571648979309458,0.0709536618184541,808
2024,rth,pivot,0.25,balance,0.018414667663925174,-0.016934888023998597,0.05910851516326325,0.05637020251094282,823
2024,rth,pivot,0.25,volume,1.1170739183744964,0.7452609656579394,1.8551717429968875,0.8227655873528155,823
2024,rth,pivot,0.3,delta,-0.03986313345669766,-0.11469579278491136,0.04235028994980807,0.11641666622292025,823
2024,rth,pivot,0.3,def_cancel,0.44998970921595305,0.42977792602596837,0.4639929898834689,0.025363279360637883,823
2024,rth,pivot,0.3,att_cancel,0.4550210537658103,0.4389728866184186,0.4712192387807008,0.02390389337456058,823
2024,rth,pivot,0.3,def_refill,0.4731817563521513,0.40422086768130006,0.5519972363772446,0.10954512134614126,823
2024,rth,pivot,0.3,att_refill,0.42875645479255103,0.3562714829583358,0.5024657245699693,0.10837230660610343,823
2024,rth,pivot,0.3,att_eff,-0.07653298489511744,-0.3429117185536143,0.11424136463124077,0.33888293786868423,823
2024,rth,pivot,0.3,def_eff,0.09282120631436329,-0.11703349490627613,0.31280621936967384,0.31863581488209786,822
2024,rth,pivot,0.3,att_large,0.0,0.0,0.06018154629680494,0.04461196908584503,809
2024,rth,pivot,0.3,def_large,0.0,0.0,0.09458431554616492,0.07011439254719416,809
2024,rth,pivot,0.3,balance,0.01593296660626391,-0.01598446836578662,0.0563531664314632,0.05362315403799097,823
2024,rth,pivot,0.3,volume,1.0938140965877308,0.7263238026424442,1.8440190218231276,0.8285361150338646,823
2024,rth,pivot,0.35,delta,-0.034262894595354663,-0.11797375497656716,0.04288794847144205,0.11924514710749386,823
2024,rth,pivot,0.35,def_cancel,0.44949259585709017,0.4309470611549755,0.4652287369413351,0.025412658107012306,823
2024,rth,pivot,0.35,att_cancel,0.4562091155083327,0.4394783136288339,0.46994685946195547,0.022586023597569744,823
2024,rth,pivot,0.35,def_refill,0.47137630010004594,0.40392265984066306,0.5399010340440239,0.10079938784533791,823
2024,rth,pivot,0.35,att_refill,0.4256494863695434,0.3575614216124727,0.49906721876366117,0.10489681034187436,823
2024,rth,pivot,0.35,att_eff,-0.07081539265738855,-0.34927938812733167,0.1361718766971565,0.35986009253112544,823
2024,rth,pivot,0.35,def_eff,0.0734216011020504,-0.11646928596230181,0.31879496632044624,0.32265696981671466,822
2024,rth,pivot,0.35,att_large,0.0,0.0,0.07274767711471236,0.05392711424367114,809
2024,rth,pivot,0.35,def_large,0.0,0.0,0.0997733111096136,0.07396094226064759,809
2024,rth,pivot,0.35,balance,0.017140823192571673,-0.015910893417608214,0.05455142795737181,0.05223300324312827,823
2024,rth,pivot,0.35,volume,1.1204175540006085,0.6958639866876861,1.8024769689306357,0.8203209653394734,823
2024,rth,pivot,0.4,delta,-0.03154178534983775,-0.10584284273219978,0.04430374674663761,0.11130214194131756,823
2024,rth,pivot,0.4,def_cancel,0.45015067256452973,0.4318448906217866,0.46585647967984456,0.025212445558234216,823
2024,rth,pivot,0.4,att_cancel,0.45632890910012225,0.4377299977528395,0.4701328204754742,0.02401988341188638,823
2024,rth,pivot,0.4,def_refill,0.47270485317583083,0.4057792612544621,0.5392578706815114,0.09894633760344648,823
2024,rth,pivot,0.4,att_refill,0.4273339700284269,0.3638744873674383,0.49664788652325237,0.09842357239126319,823
2024,rth,pivot,0.4,att_eff,-0.08010016463493533,-0.31615746943697215,0.14283157355433915,0.34024391622780675,823
2024,rth,pivot,0.4,def_eff,0.08188348042437318,-0.13891514821200734,0.281174324910113,0.311408060135004,822
2024,rth,pivot,0.4,att_large,0.0,0.0,0.06243696468951191,0.04628388783507184,809
2024,rth,pivot,0.4,def_large,0.0,0.0,0.1028022168801558,0.07620623934778042,809
2024,rth,pivot,0.4,balance,0.016080971733709672,-0.01703010352555292,0.059839860973499366,0.056982924017088425,823
2024,rth,pivot,0.4,volume,1.0604527938342967,0.6810317316955684,1.7813813715186548,0.815678013212073,823
2024,rth,pivot,0.45,delta,-0.028462495990093283,-0.11721037312503159,0.043524455102659836,0.11915109579517526,823
2024,rth,pivot,0.45,def_cancel,0.4499089413673293,0.42956846320778147,0.46351872065842475,0.02516698106052134,823
2024,rth,pivot,0.45,att_cancel,0.4580979744845849,0.44018018266998904,0.4721415506323175,0.02369263748134059,823
2024,rth,pivot,0.45,def_refill,0.47115632467114676,0.4065022659111705,0.5429930786941438,0.10117925336024708,823
2024,rth,pivot,0.45,att_refill,0.42836042221620235,0.36499635644294176,0.4929920594307874,0.09488191474265799,823
2024,rth,pivot,0.45,att_eff,-0.10254249690969096,-0.35878682717991717,0.13394244939806757,0.36525520873090045,823
2024,rth,pivot,0.45,def_eff,0.11632598870001676,-0.13671495726475852,0.3147103733938172,0.33463701309012284,823
2024,rth,pivot,0.45,att_large,0.0,0.0,0.060130915734718474,0.044574437164357654,809
2024,rth,pivot,0.45,def_large,0.0,0.0,0.08325567007922237,0.061716582712544384,809
2024,rth,pivot,0.45,balance,0.017706003955384825,-0.01527698667795765,0.05800816088098303,0.05432553562560466,823
2024,rth,pivot,0.45,volume,1.0614161849710984,0.6848118279569892,1.750054976124654,0.7896539274778834,823
2024,rth,pivot,0.5,delta,-0.037550465194386866,-0.11736904305882652,0.044984448313732106,0.12035099434585517,823
2024,rth,pivot,0.5,def_cancel,0.44813761687841586,0.4279765403461569,0.4628089854291563,0.02582093779317971,823
2024,rth,pivot,0.5,att_cancel,0.4566960365678417,0.4407289692448919,0.4708388790718775,0.022320170368410365,823
2024,rth,pivot,0.5,def_refill,0.47309265340348555,0.40367424341605124,0.5449666230241715,0.10473860608459622,823
2024,rth,pivot,0.5,att_refill,0.4256503405182724,0.3634693752747052,0.49444756385966493,0.0970928010266566,823
2024,rth,pivot,0.5,att_eff,-0.08777029724879089,-0.3492070252899895,0.11677252343836478,0.34542590713740123,823
2024,rth,pivot,0.5,def_eff,0.09518538480668408,-0.09390512783302672,0.3154211192575248,0.30342938998558305,823
2024,rth,pivot,0.5,att_large,0.0,0.0,0.049887721926039734,0.03698126162048906,809
2024,rth,pivot,0.5,def_large,0.0,0.0,0.10265364900617749,0.07609610749160674,809
2024,rth,pivot,0.5,balance,0.01618349874577625,-0.01633531879597145,0.05803503408425397,0.05512998730928497,823
2024,rth,pivot,0.5,volume,1.0770712909441233,0.6862613542526838,1.74945602807597,0.7881354142500269,823
2024,rth,pivot,0.55,delta,-0.037374946494527404,-0.1253677825576072,0.04481654743933487,0.1261559154906909,823
2024,rth,pivot,0.55,def_cancel,0.44714465991198604,0.42879621331072326,0.46343286877601625,0.025675800937948842,823
2024,rth,pivot,0.55,att_cancel,0.45776906378531385,0.4412884157710782,0.47279821602442046,0.023357894924642155,822
2024,rth,pivot,0.55,def_refill,0.47750669426170506,0.4114894428712699,0.5587241547474677,0.10914359664655142,823
2024,rth,pivot,0.55,att_refill,0.4262900275359301,0.3611909518966979,0.499253765492262,0.10234456159789779,823
2024,rth,pivot,0.55,att_eff,-0.10166603389289969,-0.3956607738124283,0.12249446077695987,0.3841032131870928,823
2024,rth,pivot,0.55,def_eff,0.1119896200159439,-0.1260414613780162,0.33249357081689385,0.3399073626352187,823
2024,rth,pivot,0.55,att_large,0.0,0.0,0.054872164438381874,0.04067617823453067,809
2024,rth,pivot,0.55,def_large,0.0,0.0,0.10985670999778448,0.08143566345276833,809
2024,rth,pivot,0.55,balance,0.01714623240767394,-0.016524354943806482,0.05576500378310261,0.05358736747732327,823
2024,rth,pivot,0.55,volume,1.0654142581888246,0.6705898512764932,1.726103268119164,0.7824413764586143,823
2024,rth,pivot,0.6,delta,-0.04589193058423108,-0.13032836239146287,0.031152932426877517,0.11970444389795433,823
2024,rth,pivot,0.6,def_cancel,0.4476385974016002,0.4301252643830705,0.4620527562738035,0.023667525493501086,823
2024,rth,pivot,0.6,att_cancel,0.4583682368992943,0.44043549246002983,0.47151127628381456,0.023036162953139164,822
2024,rth,pivot,0.6,def_refill,0.47918988637200804,0.4124375605551844,0.5446384093975334,0.09799914665852409,823
2024,rth,pivot,0.6,att_refill,0.4277094609459405,0.35479202985900793,0.49613329891100816,0.10477484733283932,823
2024,rth,pivot,0.6,att_eff,-0.11679858331764743,-0.38224448445302867,0.10099152119303693,0.3582179433996039,823
2024,rth,pivot,0.6,def_eff,0.1148205870597263,-0.08970189859418673,0.3369142030562624,0.3162461835807629,823
2024,rth,pivot,0.6,att_large,0.0,0.0,0.06446069505886272,0.04778405860553204,809
2024,rth,pivot,0.6,def_large,0.0,0.0,0.0972754832253501,0.07210932781716094,809
2024,rth,pivot,0.6,balance,0.0146276560333315,-0.01666705230880091,0.056152501851598674,0.05398039596767946,823
2024,rth,pivot,0.6,volume,1.0645472061657033,0.6602436941671046,1.7248794749113516,0.7892036921751275,823
2024,rth,pivot,0.65,delta,-0.0585416910790024,-0.14672624241868812,0.025841881485421134,0.12792299770504764,823
2024,rth,pivot,0.65,def_cancel,0.4440674321230635,0.42340132084879295,0.46087043351122126,0.027775472692682213,823
2024,rth,pivot,0.65,att_cancel,0.4593436288479526,0.44166934301077276,0.4737532086669736,0.023783443777761943,822
2024,rth,pivot,0.65,def_refill,0.48406968158274966,0.4105523231202413,0.5519285657939145,0.10480077292340487,823
2024,rth,pivot,0.65,att_refill,0.4123113378481838,0.3483646232762531,0.4842119004290301,0.10070220693311861,823
2024,rth,pivot,0.65,att_eff,-0.1523934436813811,-0.4424367884823698,0.05297236476156571,0.36724177408742437,823
2024,rth,pivot,0.65,def_eff,0.1513319913520716,-0.06938914221234269,0.37659342878622293,0.3306023506290331,823
2024,rth,pivot,0.65,att_large,0.0,0.0,0.08578875814952112,0.06359433517384813,809
2024,rth,pivot,0.65,def_large,0.0,0.0,0.1212165545988678,0.08985660088870853,809
2024,rth,pivot,0.65,balance,0.014563960259973125,-0.018949367315936542,0.05419027082291095,0.05421767097023536,823
2024,rth,pivot,0.65,volume,1.080081888246628,0.6696480702983593,1.8312139901283688,0.8610570198888136,823
2024,rth,pivot,0.7,delta,-0.05668818550250372,-0.13729920153913125,0.02312832691161703,0.1189232975913627,823
2024,rth,pivot,0.7,def_cancel,0.44529500015944595,0.4230528697095818,0.46031274200970507,0.027620364937081754,823
2024,rth,pivot,0.7,att_cancel,0.459289505050008,0.44186903336675526,0.4748965559255729,0.024482967056202842,822
2024,rth,pivot,0.7,def_refill,0.483309002464771,0.41070785238852053,0.5556282926246296,0.1074280505827347,823
2024,rth,pivot,0.7,att_refill,0.41208147576078274,0.3460493284813665,0.4837888080985051,0.10210487740336444,823
2024,rth,pivot,0.7,att_eff,-0.16238235263245754,-0.4144552489337622,0.07392888782345448,0.362034200709575,823
2024,rth,pivot,0.7,def_eff,0.15355808525015846,-0.05261998737165754,0.34146247569918997,0.2921293277026297,823
2024,rth,pivot,0.7,att_large,0.0,0.0,0.04968884168794451,0.036833833719751304,809
2024,rth,pivot,0.7,def_large,0.0,0.0,0.11888788687532673,0.08813038315443049,809
2024,rth,pivot,0.7,balance,0.014822219869016488,-0.02001882603584814,0.054071692944949,0.05492254928153976,823
2024,rth,pivot,0.7,volume,1.1347475188133929,0.6800784214982192,1.869837420605908,0.8819562632377235,823
2024,rth,pivot,0.75,delta,-0.05467687198681337,-0.13682234434220628,0.027040090557386213,0.12146955885811156,823
2024,rth,pivot,0.75,def_cancel,0.4453965570526076,0.4251621533011601,0.4615323370613756,0.0269608478578321,823
2024,rth,pivot,0.75,att_cancel,0.45886998599937917,0.4419475155329484,0.4745773088057077,0.024188134375655507,821
2024,rth,pivot,0.75,def_refill,0.47707889998109915,0.4164070376644009,0.5476414580688925,0.09728274307226956,823
2024,rth,pivot,0.75,att_refill,0.4152177326341147,0.3450217643022506,0.4849598814705445,0.10373470509139648,823
2024,rth,pivot,0.75,att_eff,-0.15070514999971812,-0.40297779078402024,0.054178804798253474,0.33888554157322,823
2024,rth,pivot,0.75,def_eff,0.1361460621493447,-0.060151582163992884,0.3446804992889018,0.30009791063965513,823
2024,rth,pivot,0.75,att_large,0.0,0.0,0.06257657069331361,0.04638737634789741,809
2024,rth,pivot,0.75,def_large,0.0,0.0,0.11260163253798666,0.08347044665529034,809
2024,rth,pivot,0.75,balance,0.015536364652798096,-0.019388336798663187,0.054016838692290625,0.05441451111264182,823
2024,rth,pivot,0.75,volume,1.1672955469920787,0.6661532109508989,1.8449192944880264,0.8738073265656986,823
2024,rth,pivot,0.8,delta,-0.059201744894987265,-0.14141461127071212,0.015556349729609937,0.11636097924412309,823
2024,rth,pivot,0.8,def_cancel,0.443555598141476,0.4231129920281874,0.45958093689751056,0.02703331717518395,823
2024,rth,pivot,0.8,att_cancel,0.4610621474656352,0.44360356403882767,0.4741213006200003,0.022622488199534937,821
2024,rth,pivot,0.8,def_refill,0.48664933728204446,0.4189539428767172,0.5613686180744342,0.10557055240749959,823
2024,rth,pivot,0.8,att_refill,0.4095665738470853,0.3476765583259016,0.4739742899486792,0.09362322581377137,823
2024,rth,pivot,0.8,att_eff,-0.17974303892251237,-0.42065957270437443,0.030352476717463238,0.33433065190647715,823
2024,rth,pivot,0.8,def_eff,0.18056947352815098,-0.02369262657104077,0.3530699725396662,0.2792902884438154,823
2024,rth,pivot,0.8,att_large,0.0,0.0,0.052778641068491644,0.039124270621565344,809
2024,rth,pivot,0.8,def_large,0.01109936575052854,0.0,0.12932751857014887,0.09586917610833867,809
2024,rth,pivot,0.8,balance,0.016090166997205873,-0.018449396209686636,0.05308083608768238,0.05302463476454338,823
2024,rth,pivot,0.8,volume,1.1535920726672173,0.7107207369942196,1.959057293437606,0.9253792115962837,823
2024,rth,pivot,0.85,delta,-0.07388346488665139,-0.15695409762040197,0.006247251764190043,0.12097950287960861,823
2024,rth,pivot,0.85,def_cancel,0.4421266380125426,0.4232184222212703,0.45839145335996,0.02607341077738302,823
2024,rth,pivot,0.85,att_cancel,0.46154666572941516,0.44491085823198284,0.47409853155454085,0.021636525813608604,821
2024,rth,pivot,0.85,def_refill,0.49003954271655076,0.42133738343651084,0.5628979908695128,0.10493744064714745,823
2024,rth,pivot,0.85,att_refill,0.3985407676743275,0.34536441209679214,0.4648967263688747,0.08860809063905305,823
2024,rth,pivot,0.85,att_eff,-0.21092273521077015,-0.46889256701679793,0.015608623481786552,0.35915581208197517,823
2024,rth,pivot,0.85,def_eff,0.18969178273799078,-0.006110158836705411,0.36865595493680997,0.27781031413900326,823
2024,rth,pivot,0.85,att_large,0.0,0.0,0.049980556867308346,0.03705007921965037,809
2024,rth,pivot,0.85,def_large,0.00754864089024347,0.0,0.12501537576347743,0.09267262843845621,809
2024,rth,pivot,0.85,balance,0.015993166602591147,-0.01922292080184835,0.05497212763294196,0.05500003590421816,823
2024,rth,pivot,0.85,volume,1.2264721820809248,0.753015758326452,1.9802162703625854,0.9097112765278972,823
2024,rth,pivot,0.9,delta,-0.07297471589358978,-0.15322634564458265,0.008739081655902266,0.12006332639027792,823
2024,rth,pivot,0.9,def_cancel,0.4432897666499068,0.42449102314813153,0.4592557624595341,0.025770748192292484,823
2024,rth,pivot,0.9,att_cancel,0.45790433969675576,0.44110077567150185,0.47327192611340196,0.02384814710296524,820
2024,rth,pivot,0.9,def_refill,0.486125818703703,0.4215435956368115,0.5601605481337691,0.10275533913784853,823
2024,rth,pivot,0.9,att_refill,0.41413874323589234,0.34855014104528365,0.47765395473919253,0.09570334595545507,823
2024,rth,pivot,0.9,att_eff,-0.17778771092123505,-0.4502000561237093,0.0362308049505363,0.3605862572826135,823
2024,rth,pivot,0.9,def_eff,0.16164446465693902,-0.0339136411114803,0.35280295020456676,0.28666908177616535,823
2024,rth,pivot,0.9,att_large,0.0,0.0,0.062427448941457776,0.04627683390767812,809
2024,rth,pivot,0.9,def_large,0.006235154394299287,0.0,0.12370359121998145,0.09170021587841472,809
2024,rth,pivot,0.9,balance,0.015575352105816665,-0.01929498648514946,0.0539261075052213,0.05427805336573074,823
2024,rth,pivot,0.9,volume,1.2061348971635972,0.8049425702611122,1.9922223955596423,0.8801184768706672,823
2024,rth,pivot,0.95,delta,-0.049916312281703075,-0.130244411849632,0.01946894728670189,0.1109809926881645,823
2024,rth,pivot,0.95,def_cancel,0.44627045585012154,0.4269280897471435,0.46109885949981194,0.025330444590562207,823
2024,rth,pivot,0.95,att_cancel,0.4551708513129894,0.4389792137858451,0.46890344271369055,0.022182527003591895,820
2024,rth,pivot,0.95,def_refill,0.4783515014139101,0.413346240117278,0.5494894994761428,0.10092161553659362,823
2024,rth,pivot,0.95,att_refill,0.415204349340511,0.3524940010224973,0.4830536328537075,0.0967825291558267,823
2024,rth,pivot,0.95,att_eff,-0.11847732064661293,-0.35592464075897096,0.10231375388710315,0.3396874682328199,823
2024,rth,pivot,0.95,def_eff,0.11000506572562394,-0.08857678115387697,0.27868253565799533,0.2722456017878964,823
2024,rth,pivot,0.95,att_large,0.0,0.0,0.05495522886025928,0.04073775304689346,809
2024,rth,pivot,0.95,def_large,0.0,0.0,0.12203510230491774,0.09046338199030225,809
2024,rth,pivot,0.95,balance,0.01458106900422488,-0.02019676188578794,0.050510348283099644,0.05241446269005751,823
2024,rth,pivot,0.95,volume,1.1959698137443802,0.7635641093011034,1.8885838150289016,0.8339656825261662,823
2025,night,pivot,-1.0,delta,0.15908515881511529,-0.006283396143213678,0.31458207378492825,0.23785431425362633,1063
2025,night,pivot,-1.0,def_cancel,0.48568543203377873,0.4539027921404076,0.519224252123484,0.04842213490220639,1063
2025,night,pivot,-1.0,att_cancel,0.4197047480825025,0.38444474682290186,0.4499453765295999,0.04855495159873838,1063
2025,night,pivot,-1.0,def_refill,0.2062708918088246,0.13611596736596737,0.30296123527157404,0.12368070267279961,1063
2025,night,pivot,-1.0,att_refill,0.34285498619737753,0.2228834679905391,0.47221558631616145,0.18482736717985349,1063
2025,night,pivot,-1.0,att_eff,0.23211580200441262,0.08462207778353671,0.4384224627934008,0.2622686323275494,1118
2025,night,pivot,-1.0,def_eff,-0.17688454593624559,-0.4029717556000894,-0.007795206922413855,0.29294036225179804,978
2025,night,pivot,-1.0,att_large,0.0,0.0,0.2698013389441953,0.20000099254573409,1063
2025,night,pivot,-1.0,def_large,0.0,0.0,0.0,0.0,1063
2025,night,pivot,-1.0,balance,0.028685201792620338,-0.01947806162944403,0.07753842066905187,0.07191733306041208,1500
2025,night,pivot,-1.0,volume,1.2290372670807455,0.558319397993311,2.6462862318840576,1.5477886092592634,1500
2025,night,pivot,-0.95,delta,0.15167872482536318,-0.010749435780836952,0.30037890551443375,0.23063627968515246,1223
2025,night,pivot,-0.95,def_cancel,0.4828280838185924,0.4481734152180384,0.5168544720387207,0.05091256991896392,1223
2025,night,pivot,-0.95,att_cancel,0.4219532738838238,0.3855709958852945,0.45337903517713696,0.050265410890913624,1223
2025,night,pivot,-0.95,def_refill,0.2071756944847806,0.13656452030894045,0.30772830859737493,0.12688197797511822,1223
2025,night,pivot,-0.95,att_refill,0.3328854703135941,0.23077258907519443,0.47527790224994715,0.18124930554095828,1223
2025,night,pivot,-0.95,att_eff,0.21026405911319682,0.0476639113092329,0.4293383969084488,0.28293142001424454,1263
2025,night,pivot,-0.95,def_eff,-0.16920191609122556,-0.45054786918145506,0.0,0.33398655980834324,1129
2025,night,pivot,-0.95,att_large,0.0,0.0,0.26952141922221384,0.19979349089860182,1223
2025,night,pivot,-0.95,def_large,0.0,0.0,0.0,0.0,1223
2025,night,pivot,-0.95,balance,0.030568036474395356,-0.015105825304003173,0.08041800784961628,0.0708108474081686,1500
2025,night,pivot,-0.95,volume,1.3949275362318843,0.6731366459627329,2.8580584707646173,1.6196603593787133,1500
2025,night,pivot,-0.9,delta,0.12154084739048224,-0.034098377365264186,0.29414918057878237,0.24332658112976022,1301
2025,night,pivot,-0.9,def_cancel,0.47791509715246927,0.4428489428260038,0.5138350694849808,0.05262129478056118,1301
2025,night,pivot,-0.9,att_cancel,0.4235870310566669,0.3898046625294842,0.4563425769599489,0.04932388023014433,1301
2025,night,pivot,-0.9,def_refill,0.21609465812842435,0.1390171275708773,0.3223281348059788,0.13588658801712492,1301
2025,night,pivot,-0.9,att_refill,0.3320639926358823,0.21751675980766913,0.47041155655991523,0.18746834451612018,1301
2025,night,pivot,-0.9,att_eff,0.19387295799130738,0.02419371228232953,0.42404203456436895,0.29640350057971787,1339
2025,night,pivot,-0.9,def_eff,-0.15403481379070924,-0.41901414895185274,0.026902204509347563,0.3305532642410677,1228
2025,night,pivot,-0.9,att_large,0.0,0.0,0.27477805173023545,0.2036901791921686,1301
2025,night,pivot,-0.9,def_large,0.0,0.0,0.0,0.0,1301
2025,night,pivot,-0.9,balance,0.031122965360711838,-0.0159692330252906,0.08379847919661185,0.07395679186204777,1500
2025,night,pivot,-0.9,volume,1.493435911914173,0.7376409017713366,3.0601222826086953,1.7216318612582349,1500
2025,night,pivot,-0.85,delta,0.1022106374040034,-0.06937031685859561,0.2769447994105841,0.2567198786280057,1359
2025,night,pivot,-0.85,def_cancel,0.4728543749391211,0.43701555383205626,0.5061505650675353,0.0512490817164411,1359
2025,night,pivot,-0.85,att_cancel,0.427844367579354,0.3938091168127509,0.46192356022507836,0.050492545153689755,1359
2025,night,pivot,-0.85,def_refill,0.22797435897435897,0.13906449407246857,0.3302026184801399,0.14168875048752505,1359
2025,night,pivot,-0.85,att_refill,0.33332543873741355,0.21793962034338216,0.46309277037949526,0.1817295404270668,1359
2025,night,pivot,-0.85,att_eff,0.1627260755619336,-0.011797217880948091,0.40641624938387017,0.31001739604508394,1389
2025,night,pivot,-0.85,def_eff,-0.11034602184756813,-0.41284193034647587,0.05106451133887136,0.3438891339402129,1300
2025,night,pivot,-0.85,att_large,0.0,0.0,0.2688653225693796,0.19930713311295747,1359
2025,night,pivot,-0.85,def_large,0.0,0.0,0.0,0.0,1359
2025,night,pivot,-0.85,balance,0.03068140086230597,-0.013922711739887251,0.08320593773591828,0.07200048144981878,1500
2025,night,pivot,-0.85,volume,1.533967391304348,0.7674983530961792,3.0910326086956523,1.7224123466267407,1500
2025,night,pivot,-0.8,delta,0.08832180707797993,-0.07387984873057667,0.2632880972328944,0.24993917417603492,1395
2025,night,pivot,-0.8,def_cancel,0.46995876455684876,0.435646994126272,0.5042070914073303,0.05082290384066592,1395
2025,night,pivot,-0.8,att_cancel,0.430829803349624,0.39432819566722316,0.46479022830481737,0.052232789205036476,1395
2025,night,pivot,-0.8,def_refill,0.2295782349494616,0.14731375860909648,0.3297431842896037,0.13523308056375627,1395
2025,night,pivot,-0.8,att_refill,0.3333333333333333,0.2195590606875585,0.4695842352092352,0.18534112269953798,1395
2025,night,pivot,-0.8,att_eff,0.14835810558513252,-0.03348396133659461,0.38223290399809956,0.30816669038895045,1410
2025,night,pivot,-0.8,def_eff,-0.08980252727735465,-0.3756025034967894,0.06646200489324494,0.32769793060788316,1345
2025,night,pivot,-0.8,att_large,0.0,0.0,0.2572154891207049,0.19067122988932908,1395
2025,night,pivot,-0.8,def_large,0.0,0.0,0.0,0.0,1395
2025,night,pivot,-0.8,balance,0.03285500188782459,-0.015128574430534574,0.08467131838268505,0.0739806470075757,1500
2025,night,pivot,-0.8,volume,1.5224184782608696,0.7521615612648221,3.081308610400682,1.7265730534735801,1500
2025,night,pivot,-0.75,delta,0.07906480695343276,-0.08439418595748771,0.2401832589649653,0.24060596361931283,1410
2025,night,pivot,-0.75,def_cancel,0.4697238220423993,0.43538044989004065,0.5018442663387855,0.04926895214881014,1410
2025,night,pivot,-0.75,att_cancel,0.43487339425300486,0.39984780480462384,0.4684754972880047,0.05087301147767298,1410
2025,night,pivot,-0.75,def_refill,0.24135261315587267,0.15519242662099805,0.34846336306914866,0.14326978239299526,1410
2025,night,pivot,-0.75,att_refill,0.3266146428977808,0.22141893062672194,0.47040593175212475,0.18457153530422743,1410
2025,night,pivot,-0.75,att_eff,0.13040944532088167,-0.03236676843704843,0.3564273780003917,0.28820915228868804,1437
2025,night,pivot,-0.75,def_eff,-0.07362389038528858,-0.34720111016045774,0.09647751290252425,0.3288944574225219,1373
2025,night,pivot,-0.75,att_large,0.0,0.0,0.2374610187110187,0.17602744159452832,1410
2025,night,pivot,-0.75,def_large,0.0,0.0,0.0,0.0,1410
2025,night,pivot,-0.75,balance,0.03262109175989571,-0.016796519008261825,0.08528383245339843,0.07567112784407728,1500
2025,night,pivot,-0.75,volume,1.5341938405797104,0.7282608695652174,2.9938241106719365,1.6794390223178053,1500
2025,night,pivot,-0.7,delta,0.07972322419025209,-0.07883617018370163,0.2541181564334391,0.24681566094673146,1430
2025,night,pivot,-0.7,def_cancel,0.46908745346078257,0.43539574562375116,0.4973544056410864,0.0459293254390921,1430
2025,night,pivot,-0.7,att_cancel,0.43581566824922935,0.4000704686869637,0.46873513637668,0.050900420822621424,1430
2025,night,pivot,-0.7,def_refill,0.2419844671901701,0.15501136359621967,0.35054235214160007,0.14494513606032647,1430
2025,night,pivot,-0.7,att_refill,0.32883022964599057,0.21915656219019292,0.4584888069877901,0.17741456248895268,1430
2025,night,pivot,-0.7,att_eff,0.1397100562806943,-0.03057772122013658,0.3522040033393867,0.2837522050107659,1451
2025,night,pivot,-0.7,def_eff,-0.081491098935327,-0.34336080726835444,0.07914081719633698,0.3131961634282368,1394
2025,night,pivot,-0.7,att_large,0.0,0.0,0.2022337074261559,0.14991379349603848,1430
2025,night,pivot,-0.7,def_large,0.0,0.0,0.0,0.0,1430
2025,night,pivot,-0.7,balance,0.034130536783971224,-0.014543377158913118,0.08662432074074045,0.07499458702717092,1500
2025,night,pivot,-0.7,volume,1.5199275362318843,0.7115036231884058,3.0913162924032487,1.7641309630947686,1500
2025,night,pivot,-0.65,delta,0.053544534239961014,-0.09791125110892876,0.23317332956402848,0.24542963726683262,1443
2025,night,pivot,-0.65,def_cancel,0.46382978359559607,0.43276601418164484,0.49591835935132783,0.04681419211985396,1443
2025,night,pivot,-0.65,att_cancel,0.4392809259245166,0.40438431502539207,0.47022326815222587,0.04880574731418369,1443
2025,night,pivot,-0.65,def_refill,0.2407371776317987,0.15796565267527254,0.358984409884472,0.1490131632388432,1443
2025,night,pivot,-0.65,att_refill,0.3238025036873221,0.2175692958311329,0.46357696134416626,0.18236298407192983,1443
2025,night,pivot,-0.65,att_eff,0.11846980476736257,-0.045109690729100246,0.343282101191235,0.2879108909713382,1462
2025,night,pivot,-0.65,def_eff,-0.05619490653244852,-0.32127945296701693,0.12604452864341312,0.33159672469268353,1412
2025,night,pivot,-0.65,att_large,0.0,0.0,0.1890547867919995,0.1401443934707187,1443
2025,night,pivot,-0.65,def_large,0.0,0.0,0.0,0.0,1443
2025,night,pivot,-0.65,balance,0.03370584156861983,-0.012159683290535047,0.0855025085222557,0.07239599096574555,1500
2025,night,pivot,-0.65,volume,1.4668972332015813,0.7157093600201833,3.0717461885940147,1.746506173887199,1500
2025,night,pivot,-0.6,delta,0.05016807065570828,-0.10049843177289512,0.2278869752136067,0.24342876722498283,1455
2025,night,pivot,-0.6,def_cancel,0.46576462852498035,0.4351873930953599,0.49550573050760327,0.044713370950513975,1455
2025,night,pivot,-0.6,att_cancel,0.43755186943259455,0.40519166422479186,0.4703794134100075,0.04832301644567505,1455
2025,night,pivot,-0.6,def_refill,0.25556335293512056,0.16096582443167984,0.3707518645309992,0.15551226100764962,1455
2025,night,pivot,-0.6,att_refill,0.3333333333333333,0.21526195629988962,0.4655504751127969,0.18553633714818923,1455
2025,night,pivot,-0.6,att_eff,0.11544484326693241,-0.06373021907627419,0.3452740935705855,0.30319074325193457,1471
2025,night,pivot,-0.6,def_eff,-0.06871192459791002,-0.34910580497160026,0.10601618915044492,0.3373773121734953,1430
2025,night,pivot,-0.6,att_large,0.0,0.0,0.1905381341388309,0.14124398379453734,1455
2025,night,pivot,-0.6,def_large,0.0,0.0,0.0,0.0,1455
2025,night,pivot,-0.6,balance,0.0354823987945917,-0.013659691034102752,0.08585313843818967,0.07376784986826718,1500
2025,night,pivot,-0.6,volume,1.4063241106719369,0.715245604656688,2.8944746376811596,1.6154403506482369,1500
2025,night,pivot,-0.55,delta,0.056859921372082484,-0.09807149837750567,0.23483290537474824,0.24677865363399107,1463
2025,night,pivot,-0.55,def_cancel,0.4646346019350819,0.43227904298244124,0.49788616921753615,0.04863389639369526,1463
2025,night,pivot,-0.55,att_cancel,0.4389907906174376,0.40291302316162964,0.47123403935215685,0.050645675456284074,1463
2025,night,pivot,-0.55,def_refill,0.25,0.16162746961287275,0.36553926077584337,0.1511577399280731,1463
2025,night,pivot,-0.55,att_refill,0.3363782394517027,0.22142008477650849,0.4709227886154664,0.1849538204884788,1463
2025,night,pivot,-0.55,att_eff,0.11769713083596242,-0.06179047107749817,0.33191861381504056,0.29185254625095536,1478
2025,night,pivot,-0.55,def_eff,-0.07206304109274739,-0.32291994737039176,0.11763483687129135,0.3265787874289719,1442
2025,night,pivot,-0.55,att_large,0.0,0.0,0.17548857631856096,0.13008789942072718,1463
2025,night,pivot,-0.55,def_large,0.0,0.0,0.0,0.0,1463
2025,night,pivot,-0.55,balance,0.036469372141334416,-0.012533988434044685,0.08484475819246598,0.07218587592773215,1500
2025,night,pivot,-0.55,volume,1.4080917874396137,0.6789855072463767,2.8894604037267078,1.6386025919053602,1500
2025,night,pivot,-0.5,delta,0.04761229842578667,-0.10345304604195456,0.22604247241778894,0.24425168158617014,1472
2025,night,pivot,-0.5,def_cancel,0.46176909251166937,0.4283950653178002,0.4956516062464438,0.04985659075511014,1472
2025,night,pivot,-0.5,att_cancel,0.44258360515507633,0.40874453935023114,0.47370442301642496,0.04815410205055139,1472
2025,night,pivot,-0.5,def_refill,0.2622768864981566,0.1689613136213643,0.3752453008100751,0.15291622475071226,1472
2025,night,pivot,-0.5,att_refill,0.3333333333333333,0.21499486586804303,0.47281977082677157,0.19112298366102934,1472
2025,night,pivot,-0.5,att_eff,0.09627291981780492,-0.0883405336346501,0.32565272620387326,0.3068889991390092,1482
2025,night,pivot,-0.5,def_eff,-0.04899609039817013,-0.30901717851633165,0.13914624825995894,0.33221899686900713,1454
2025,night,pivot,-0.5,att_large,0.0,0.0,0.176818109475253,0.13107346884748183,1472
2025,night,pivot,-0.5,def_large,0.0,0.0,0.0,0.0,1472
2025,night,pivot,-0.5,balance,0.034638467904504776,-0.012837969924753508,0.08609221846174449,0.07333594394847888,1500
2025,night,pivot,-0.5,volume,1.3717600334448161,0.6812275253350768,2.865353260869565,1.6190702264896133,1500
2025,night,pivot,-0.45,delta,0.04717824640419911,-0.10435069718171525,0.2179129347467595,0.23889075754519995,1476
2025,night,pivot,-0.45,def_cancel,0.46486928433911445,0.43130795508423014,0.4961744707825969,0.04808488932421554,1476
2025,night,pivot,-0.45,att_cancel,0.443703191483014,0.40764323938278935,0.4737814795007271,0.049027605721228856,1476
2025,night,pivot,-0.45,def_refill,0.25790655871730417,0.16542053272357046,0.36293876340901887,0.14641825847698178,1476
2025,night,pivot,-0.45,att_refill,0.3263784402801242,0.21647322822791487,0.46145542201334333,0.18160281229460967,1476
2025,night,pivot,-0.45,att_eff,0.0881517631213719,-0.08849264413479986,0.31960943364587213,0.30252192570842995,1485
2025,night,pivot,-0.45,def_eff,-0.05058466680908263,-0.3074237908569184,0.1311842492328724,0.32513568575966706,1462
2025,night,pivot,-0.45,att_large,0.0,0.0,0.15304205227953463,0.11344851911010721,1476
2025,night,pivot,-0.45,def_large,0.0,0.0,0.0,0.0,1476
2025,night,pivot,-0.45,balance,0.03660337696209322,-0.010709764799859283,0.08738997661924991,0.07272034204529963,1500
2025,night,pivot,-0.45,volume,1.3469202898550725,0.6495341614906832,2.8214882943143813,1.6100475410108956,1500
2025,night,pivot,-0.4,delta,0.05218522985543762,-0.12086905983584498,0.2274666162601588,0.2582176991074899,1479
2025,night,pivot,-0.4,def_cancel,0.46664905212583463,0.434315999417072,0.4971987513147241,0.046614345365197984,1479
2025,night,pivot,-0.4,att_cancel,0.44024350457780115,0.4069878453586558,0.47241817850639295,0.04850284147348937,1479
2025,night,pivot,-0.4,def_refill,0.2565888911064386,0.163175814574982,0.3637779130783139,0.14870429837163227,1479
2025,night,pivot,-0.4,att_refill,0.33274727978604574,0.21340621009414948,0.4603544228275788,0.18306020217452137,1479
2025,night,pivot,-0.4,att_eff,0.0938738614072501,-0.07210168963817354,0.3355790662990342,0.3022096041046759,1489
2025,night,pivot,-0.4,def_eff,-0.06309133853463277,-0.34257301748634145,0.11488078794297249,0.3391058602144655,1466
2025,night,pivot,-0.4,att_large,0.0,0.0,0.13987059433338375,0.10368465109961732,1479
2025,night,pivot,-0.4,def_large,0.0,0.0,0.0,0.0,1479
2025,night,pivot,-0.4,balance,0.038977914741962105,-0.010759883988768442,0.08851096667534199,0.073588473435219,1500
2025,night,pivot,-0.4,volume,1.3365384615384617,0.6268939393939393,2.613339920948617,1.472532232434898,1500
2025,night,pivot,-0.35,delta,0.062112892995082075,-0.10641947819053243,0.22250773632419688,0.2438304036432389,1485
2025,night,pivot,-0.35,def_cancel,0.4654520161478866,0.4360729399138721,0.4974685680427142,0.04551195561811871,1485
2025,night,pivot,-0.35,att_cancel,0.44205146248087934,0.4058236315661013,0.47289830486789963,0.049721774130317524,1485
2025,night,pivot,-0.35,def_refill,0.2492719654526982,0.1594410265828756,0.3664920807995721,0.15348484374847776,1485
2025,night,pivot,-0.35,att_refill,0.3239911234126538,0.21426431211997113,0.45161529688912017,0.17594587455088884,1485
2025,night,pivot,-0.35,att_eff,0.09882249950609347,-0.06509970360608175,0.3332471370682772,0.2952904675124974,1490
2025,night,pivot,-0.35,def_eff,-0.08164952748379124,-0.3395338203725761,0.10051981181737613,0.32620728850255915,1469
2025,night,pivot,-0.35,att_large,0.0,0.0,0.15672420880679483,0.11617806434899543,1485
2025,night,pivot,-0.35,def_large,0.0,0.0,0.0,0.0,1485
2025,night,pivot,-0.35,balance,0.039458995403612473,-0.011589509292976748,0.08695576603673869,0.07305061180853628,1500
2025,night,pivot,-0.35,volume,1.3382629598662206,0.6283596837944664,2.702241847826087,1.537347786531965,1500
2025,night,pivot,-0.3,delta,0.05608059923879966,-0.1152761022841017,0.22969923937503503,0.25572671731589086,1486
2025,night,pivot,-0.3,def_cancel,0.46697145463639733,0.43351460047454093,0.4978511524608649,0.04769203260661526,1486
2025,night,pivot,-0.3,att_cancel,0.4400941557066285,0.4063389452503792,0.47147382769573526,0.04828382686831433,1486
2025,night,pivot,-0.3,def_refill,0.25138564331630897,0.16064814814814815,0.3703491649755463,0.15544923411964282,1486
2025,night,pivot,-0.3,att_refill,0.32930852191027893,0.2211201047545787,0.47154882154882155,0.18564026448794874,1486
2025,night,pivot,-0.3,att_eff,0.10603118325278223,-0.062029623857320915,0.3201352886482671,0.28329496849932395,1491
2025,night,pivot,-0.3,def_eff,-0.055889942901199904,-0.33196467918633016,0.11186833182557715,0.329008903641147,1470
2025,night,pivot,-0.3,att_large,0.0,0.0,0.14323598742797278,0.10617938282281154,1486
2025,night,pivot,-0.3,def_large,0.0,0.0,0.0,0.0,1486
2025,night,pivot,-0.3,balance,0.040026382878844524,-0.011625174063104605,0.08930422851746284,0.07481794112718121,1500
2025,night,pivot,-0.3,volume,1.3567028985507246,0.6572742474916388,2.912643861892583,1.671882590363932,1500
2025,night,pivot,-0.25,delta,0.06924691395460604,-0.08427971046651726,0.24991389690765017,0.24773432718618787,1490
2025,night,pivot,-0.25,def_cancel,0.46897783424570744,0.4365855542378926,0.498871008884217,0.04617157497874307,1490
2025,night,pivot,-0.25,att_cancel,0.43619198463922876,0.40282968372610883,0.4685852797260489,0.04874395552256492,1490
2025,night,pivot,-0.25,def_refill,0.2546562800507065,0.16128528153350336,0.3707401887729757,0.1552667955815214,1490
2025,night,pivot,-0.25,att_refill,0.3323991797676008,0.22233389657143,0.4823563053253792,0.19275197090730112,1489
2025,night,pivot,-0.25,att_eff,0.1317099544098478,-0.03504154862374695,0.3338398774436139,0.2734480549053824,1496
2025,night,pivot,-0.25,def_eff,-0.09359287070446104,-0.3403093365446013,0.08382599215459353,0.3144072117859117,1471
2025,night,pivot,-0.25,att_large,0.0,0.0,0.19308811113349592,0.14313425584395545,1490
2025,night,pivot,-0.25,def_large,0.0,0.0,0.0,0.0,1489
2025,night,pivot,-0.25,balance,0.03996639710405182,-0.008248562125858033,0.0900353841193711,0.07285689121217875,1500
2025,night,pivot,-0.25,volume,1.342844202898551,0.6450785024154589,2.9320652173913047,1.6953200259272394,1500
2025,night,pivot,-0.2,delta,0.06958081847167916,-0.08494631120396841,0.2305385329904777,0.23386571104110165,1493
2025,night,pivot,-0.2,def_cancel,0.4705127589282765,0.43862460320319135,0.4987051767106893,0.04453711898257818,1493
2025,night,pivot,-0.2,att_cancel,0.43764447649110316,0.4033553002122191,0.4670923915228139,0.047247658495622534,1493
2025,night,pivot,-0.2,def_refill,0.253842775581906,0.1581404578523895,0.36627398892203994,0.15428727284629387,1493
2025,night,pivot,-0.2,att_refill,0.3362086359967716,0.22228146246687314,0.4714522826495111,0.18470779850455002,1493
2025,night,pivot,-0.2,att_eff,0.12788815787086172,-0.028403726006035176,0.3543774663312431,0.28375181047982084,1498
2025,night,pivot,-0.2,def_eff,-0.10400729010650436,-0.3502077497218674,0.08111447074161388,0.3197347816630699,1478
2025,night,pivot,-0.2,att_large,0.0,0.0,0.1528312372040965,0.11329224403565345,1493
2025,night,pivot,-0.2,def_large,0.0,0.0,0.0,0.0,1493
2025,night,pivot,-0.2,balance,0.04028106596391171,-0.008701547126589515,0.09038494608389003,0.07345181112711605,1500
2025,night,pivot,-0.2,volume,1.359083850931677,0.6699048913043477,3.023464458247067,1.7446698049983094,1500
2025,night,pivot,-0.15,delta,0.08202305561847231,-0.07955919505262608,0.2581099467113015,0.2503107055329337,1494
2025,night,pivot,-0.15,def_cancel,0.4709062807305271,0.44014821067796184,0.5011719967384521,0.04523631286915516,1494
2025,night,pivot,-0.15,att_cancel,0.43329064655483074,0.3972630696535132,0.46350957567243817,0.04910786213411783,1494
2025,night,pivot,-0.15,def_refill,0.24697660441608754,0.15078453884424034,0.35773268221615395,0.15340855698436887,1494
2025,night,pivot,-0.15,att_refill,0.34185114372552305,0.2292087542087542,0.47469439598789365,0.18197601317949552,1494
2025,night,pivot,-0.15,att_eff,0.14515963621494307,-0.006836760152512895,0.3640477591031501,0.27493292754311566,1498
2025,night,pivot,-0.15,def_eff,-0.11625585681930305,-0.3882449389433658,0.06043623234027842,0.3326027956142656,1481
2025,night,pivot,-0.15,att_large,0.0,0.0,0.19984506721348827,0.1481431187646318,1494
2025,night,pivot,-0.15,def_large,0.0,0.0,0.0,0.0,1494
2025,night,pivot,-0.15,balance,0.04233489931115253,-0.007388822682463889,0.09251780301057791,0.07405976700744389,1500
2025,night,pivot,-0.15,volume,1.4728260869565217,0.6973154047976011,3.082107023411371,1.767821807719622,1500
2025,night,pivot,-0.1,delta,0.10932939370020504,-0.04990858958634721,0.27349545018849786,0.23973613030010754,1496
2025,night,pivot,-0.1,def_cancel,0.47468561788293256,0.44380227694346436,0.5017195894045798,0.04293351553826203,1496
2025,night,pivot,-0.1,att_cancel,0.42678003929410135,0.39275271671024387,0.4575170768492818,0.048009162445543305,1496
2025,night,pivot,-0.1,def_refill,0.23766347467198196,0.15369477030769352,0.34153859168278006,0.13924671710532732,1496
2025,night,pivot,-0.1,att_refill,0.3504201331712827,0.24148023752461276,0.5,0.19163807448138415,1496
2025,night,pivot,-0.1,att_eff,0.18199918262511194,0.013597470549133822,0.38802540084287895,0.2775596221599297,1499
2025,night,pivot,-0.1,def_eff,-0.1611479916071522,-0.4244081446309317,0.008093821034372808,0.3206093148000774,1483
2025,night,pivot,-0.1,att_large,0.0,0.0,0.2574388717741185,0.19083682118170386,1496
2025,night,pivot,-0.1,def_large,0.0,0.0,0.0,0.0,1496
2025,night,pivot,-0.1,balance,0.04508074744816932,-0.006520121594344335,0.09377297216756823,0.07434625186205528,1500
2025,night,pivot,-0.1,volume,1.4965316487055618,0.7431159420289855,3.1981225296442686,1.8198714511603284,1500
2025,night,pivot,-0.05,delta,0.17859803647193295,0.016488379291424278,0.34422869937919237,0.24295057085824173,1498
2025,night,pivot,-0.05,def_cancel,0.4889732299842227,0.4586324306619955,0.5174587006426281,0.04360731651640669,1498
2025,night,pivot,-0.05,att_cancel,0.40797210411037305,0.3792145206450811,0.4378008760484699,0.043429470276789325,1498
2025,night,pivot,-0.05,def_refill,0.2218510571740574,0.13912058249835116,0.3225867469389415,0.13600160447782828,1498
2025,night,pivot,-0.05,att_refill,0.37972076180028125,0.2589285714285714,0.5313018116898764,0.2019075168727243,1498
2025,night,pivot,-0.05,att_eff,0.2678774181698265,0.11655664699441973,0.4858407588401838,0.2737465617833685,1500
2025,night,pivot,-0.05,def_eff,-0.2910335242172227,-0.5918378948813751,-0.1002065192344989,0.3644413459205902,1484
2025,night,pivot,-0.05,att_large,0.0,0.0,0.3104575163398693,0.23013900395839088,1498
2025,night,pivot,-0.05,def_large,0.0,0.0,0.0,0.0,1498
2025,night,pivot,-0.05,balance,0.05036825305153819,-0.0013315100216330531,0.10368928567302846,0.07785084929181728,1500
2025,night,pivot,-0.05,volume,1.6320593100189036,0.8106297036059492,3.5597101449275366,2.037865412395543,1500
2025,night,pivot,0.0,delta,0.0846703132204246,-0.07517748849576956,0.2649552343959993,0.25213693320368336,1500
2025,night,pivot,0.0,def_cancel,0.44586080960094787,0.4081058478244078,0.48385999241023936,0.056155778047317695,1500
2025,night,pivot,0.0,att_cancel,0.44505062043714766,0.4111435154790012,0.4748956100294799,0.0472587802449805,1500
2025,night,pivot,0.0,def_refill,0.22704825149090335,0.1466687183314295,0.3289057066841816,0.1350904287270216,1500
2025,night,pivot,0.0,att_refill,0.3337940808772691,0.22204291073544438,0.4657496653258524,0.1806573421722817,1500
2025,night,pivot,0.0,att_eff,0.00963199871172552,-0.14083997944189633,0.2533925577567646,0.29224057612947435,1500
2025,night,pivot,0.0,def_eff,-0.015601099434673445,-0.3265946665949566,0.13451003364995923,0.34181223146398504,1496
2025,night,pivot,0.0,att_large,0.09918633122314736,0.0,0.364668220894648,0.2703248486987754,1500
2025,night,pivot,0.0,def_large,0.0,0.0,0.14262309646457882,0.10572505297596652,1500
2025,night,pivot,0.0,balance,0.03789629096748243,-0.012508312446942978,0.08921015500019461,0.07540286689928657,1500
2025,night,pivot,0.0,volume,2.457880434782609,1.3335597826086956,4.643342391304348,2.453508234763271,1500
2025,night,pivot,0.05,delta,-0.04786568318024896,-0.19791818814297016,0.11116722661829752,0.22912187899278552,1500
2025,night,pivot,0.05,def_cancel,0.43331749811095693,0.3999391366185826,0.46032601224741243,0.04476417763441796,1500
2025,night,pivot,0.05,att_cancel,0.4732311645444661,0.43991008518235436,0.5039077454792475,0.04744081563891267,1500
2025,night,pivot,0.05,def_refill,0.2816596692639179,0.181363406129797,0.3955655273937382,0.15878585712671694,1500
2025,night,pivot,0.05,att_refill,0.27776200893582176,0.18750883491370982,0.39425670626175535,0.15326009736697224,1500
2025,night,pivot,0.05,att_eff,-0.1094714011707049,-0.3364177623810098,0.05657713923144159,0.2913231294384369,1500
2025,night,pivot,0.05,def_eff,0.13428746656094454,-0.016823885776943055,0.34345201486887456,0.2670688663052762,1497
2025,night,pivot,0.05,att_large,0.0,0.0,0.19364332375539733,0.14354582932201435,1500
2025,night,pivot,0.05,def_large,0.0,0.0,0.1459451768488223,0.10818767742685123,1500
2025,night,pivot,0.05,balance,0.03416028268445671,-0.012751123162031497,0.08209852002873105,0.07031107723555416,1500
2025,night,pivot,0.05,volume,1.9170063405797102,1.0161605705083965,3.9659765355417536,2.186668617519168,1500
2025,night,pivot,0.1,delta,-0.06987538490516618,-0.21818246062054203,0.07724792567095114,0.2189995450641165,1500
2025,night,pivot,0.1,def_cancel,0.43450885800702616,0.401551570637256,0.46134152386780475,0.04432168512271961,1500
2025,night,pivot,0.1,att_cancel,0.47526269422133105,0.44339761576907066,0.507470960800895,0.047496919964287905,1500
2025,night,pivot,0.1,def_refill,0.30787902295022435,0.20280744434325862,0.42507963549001837,0.16476811797387678,1500
2025,night,pivot,0.1,att_refill,0.27515723534930114,0.18403618706151526,0.39216108640856073,0.15428087423798775,1500
2025,night,pivot,0.1,att_eff,-0.12669489573406353,-0.38827341540500254,0.03984046610815131,0.3173564725820266,1500
2025,night,pivot,0.1,def_eff,0.15804235952247486,-0.004738403479969041,0.39225177353324026,0.2942847865183168,1499
2025,night,pivot,0.1,att_large,0.0,0.0,0.11123961098210225,0.08246079390815586,1500
2025,night,pivot,0.1,def_large,0.0,0.0,0.11426068044899534,0.08470028202297654,1500
2025,night,pivot,0.1,balance,0.03164706091857478,-0.010119878895668347,0.0803627779691786,0.06707387462182872,1500
2025,night,pivot,0.1,volume,1.5737759498629067,0.7852231554677206,3.2963065661047026,1.861440630568556,1500
2025,night,pivot,0.15,delta,-0.06345293006299609,-0.22034906401083454,0.07242052871691751,0.2170271258174589,1500
2025,night,pivot,0.15,def_cancel,0.4367252545367736,0.4059771029246337,0.46467777760674195,0.0435142139971151,1500
2025,night,pivot,0.15,att_cancel,0.4753741830974183,0.44321107077714567,0.5072307770216613,0.0474571580759938,1500
2025,night,pivot,0.15,def_refill,0.31232373391970547,0.2021029670051558,0.4298873364549161,0.16885423977002248,1500
2025,night,pivot,0.15,att_refill,0.2711054740223397,0.1800119704982725,0.3761450670515579,0.1453914726117757,1500
2025,night,pivot,0.15,att_eff,-0.12164626375857614,-0.4011201868016652,0.06198199005692262,0.34329294059198506,1500
2025,night,pivot,0.15,def_eff,0.1499228919992176,-0.011343025156986484,0.3736758189675747,0.28541055902487855,1500
2025,night,pivot,0.15,att_large,0.0,0.0,0.07551745961694116,0.05598032588357388,1500
2025,night,pivot,0.15,def_large,0.0,0.0,0.10315185000623721,0.07646541883338563,1500
2025,night,pivot,0.15,balance,0.03166333204548392,-0.013102300162345443,0.0787984565426185,0.06812509763155221,1500
2025,night,pivot,0.15,volume,1.3638180909545228,0.6470239722905842,2.968147270349787,1.7206251282870297,1500
2025,night,pivot,0.2,delta,-0.06363280077707305,-0.22100021052666824,0.07928534750555777,0.22259863456799556,1500
2025,night,pivot,0.2,def_cancel,0.4391486821144419,0.4069116313952591,0.4663106639308474,0.04403189958160735,1500
2025,night,pivot,0.2,att_cancel,0.4757998148019541,0.4442759211610581,0.5075016944845684,0.04686862366457399,1500
2025,night,pivot,0.2,def_refill,0.3121458750179356,0.20977968443069941,0.4361758016615239,0.167825142498758,1500
2025,night,pivot,0.2,att_refill,0.2680431790453215,0.177215767714819,0.37778568438518345,0.1486804423056816,1500
2025,night,pivot,0.2,att_eff,-0.11969260877656546,-0.42611526940939115,0.07180006018820004,0.36909957716648717,1500
2025,night,pivot,0.2,def_eff,0.1502095246770567,-0.023651704229949302,0.39562847035624393,0.31080813534929075,1500
2025,night,pivot,0.2,att_large,0.0,0.0,0.0,0.0,1500
2025,night,pivot,0.2,def_large,0.0,0.0,0.08495188790676264,0.06297397176187002,1500
2025,night,pivot,0.2,balance,0.031699254434125364,-0.010336068374617664,0.07791907693374953,0.0654226429268845,1500
2025,night,pivot,0.2,volume,1.2190635451505019,0.61704379180602,2.744377811094453,1.5769711039943906,1500
2025,night,pivot,0.25,delta,-0.06401238549368454,-0.21505610025913194,0.07383566307389236,0.21415253026910622,1500
2025,night,pivot,0.25,def_cancel,0.43926508129624825,0.40911272917577624,0.4679242008671226,0.04359634669484535,1500
2025,night,pivot,0.25,att_cancel,0.47600687656399326,0.442936081387564,0.5065409871712108,0.04714967070692865,1500
2025,night,pivot,0.25,def_refill,0.31342124627097173,0.2161925667206987,0.43326157210731087,0.1609110492117214,1500
2025,night,pivot,0.25,att_refill,0.26093657555719724,0.1767180032541296,0.37758654564644634,0.14890181052062026,1500
2025,night,pivot,0.25,att_eff,-0.10539213709791105,-0.4055965447904931,0.08965518909767087,0.3671250807176902,1500
2025,night,pivot,0.25,def_eff,0.13935048211133133,-0.02751096999331224,0.38712052385163354,0.3073621155262756,1500
2025,night,pivot,0.25,att_large,0.0,0.0,0.0,0.0,1500
2025,night,pivot,0.25,def_large,0.0,0.0,0.04411764705882353,0.032703963720402913,1500
2025,night,pivot,0.25,balance,0.030995808483369282,-0.01276329244504926,0.07648864764416514,0.06616155677480683,1500
2025,night,pivot,0.25,volume,1.2346967963386728,0.593167701863354,2.555049088359046,1.4543227475876148,1500
2025,night,pivot,0.3,delta,-0.06323667813541306,-0.21550665175396158,0.07431042729118158,0.2148384574092981,1500
2025,night,pivot,0.3,def_cancel,0.44127170055099346,0.40729453634953433,0.46997906559881736,0.04646740492904598,1500
2025,night,pivot,0.3,att_cancel,0.47287305069490754,0.4416595026524511,0.5060723750468934,0.047748608150068435,1500
2025,night,pivot,0.3,def_refill,0.3144518005547948,0.21671028843059267,0.43957023816984836,0.16520381744941118,1500
2025,night,pivot,0.3,att_refill,0.267574925900091,0.1760977827899209,0.38001874507858446,0.15116453839041036,1500
2025,night,pivot,0.3,att_eff,-0.09712714185620451,-0.4023922011738485,0.09390029014441742,0.3678965836310348,1500
2025,night,pivot,0.3,def_eff,0.12424744003993143,-0.04813916941564489,0.36750618377542954,0.3081136791631389,1500
2025,night,pivot,0.3,att_large,0.0,0.0,0.0,0.0,1500
2025,night,pivot,0.3,def_large,0.0,0.0,0.06828257846154209,0.05061718195814833,1500
2025,night,pivot,0.3,balance,0.03178198992959439,-0.01197595365998212,0.07706164889272671,0.06600267053573672,1500
2025,night,pivot,0.3,volume,1.1699728260869564,0.556353519668737,2.45364176885916,1.4064405108898614,1500
2025,night,pivot,0.35,delta,-0.05474417722890275,-0.21507802113463662,0.09395979140485147,0.22908659194921283,1500
2025,night,pivot,0.35,def_cancel,0.4437167508062935,0.4074254247465879,0.47402650944292424,0.04937070770669856,1500
2025,night,pivot,0.35,att_cancel,0.471530829232828,0.43733244926506615,0.5059376458433464,0.05085633549168295,1500
2025,night,pivot,0.35,def_refill,0.31203292897619145,0.20971999564877183,0.42782297109236456,0.1616775207143015,1500
2025,night,pivot,0.35,att_refill,0.2678468085034492,0.17542177274110926,0.37518199550174813,0.14808022443338686,1500
2025,night,pivot,0.35,att_eff,-0.0712913540303606,-0.38729121087890966,0.11631184739697167,0.3733158326730032,1500
2025,night,pivot,0.35,def_eff,0.12216191228910295,-0.06847376819065747,0.3612653500597589,0.3185612440699899,1500
2025,night,pivot,0.35,att_large,0.0,0.0,0.0,0.0,1500
2025,night,pivot,0.35,def_large,0.0,0.0,0.09546863410712732,0.07076992891558734,1500
2025,night,pivot,0.35,balance,0.03074733819214907,-0.011556266434868,0.07651000835405392,0.06528263512892656,1500
2025,night,pivot,0.35,volume,1.1422101449275364,0.5500525946704067,2.4403079710144926,1.4012271136724137,1500
2025,night,pivot,0.4,delta,-0.05558113181295256,-0.22130833291962682,0.08860646897119819,0.22973669524894366,1500
2025,night,pivot,0.4,def_cancel,0.44368346015186216,0.40600045490776976,0.4740453413260426,0.050440983260394985,1500
2025,night,pivot,0.4,att_cancel,0.47449169075417336,0.44202895529666775,0.5062580627459699,0.047612385062492296,1500
2025,night,pivot,0.4,def_refill,0.3122592711278026,0.20595675083479356,0.4288048699222977,0.16519504750741598,1500
2025,night,pivot,0.4,att_refill,0.2642401353482196,0.17641079231512583,0.3817946666912241,0.15224898026397202,1500
2025,night,pivot,0.4,att_eff,-0.08770954599645397,-0.39565235275892596,0.098397974131521,0.3662344899113766,1500
2025,night,pivot,0.4,def_eff,0.12365251587775472,-0.05515637025079359,0.3965842587557567,0.33487074055341015,1500
2025,night,pivot,0.4,att_large,0.0,0.0,0.0,0.0,1500
2025,night,pivot,0.4,def_large,0.0,0.0,0.0636683535202699,0.047196703869733056,1500
2025,night,pivot,0.4,balance,0.031626775024563576,-0.012066240630658505,0.07652443012162981,0.06567136453097726,1500
2025,night,pivot,0.4,volume,1.1121376811594204,0.5635265700483092,2.2904407758526752,1.2801439627904863,1500
2025,night,pivot,0.45,delta,-0.0762393159428916,-0.23309112548833022,0.07639939774998276,0.22942218179267088,1500
2025,night,pivot,0.45,def_cancel,0.44271208282817215,0.40562826435845606,0.47032665826943315,0.04796026235061312,1500
2025,night,pivot,0.45,att_cancel,0.47631989262741153,0.44556914134922276,0.5078509314939375,0.04616885852091526,1500
2025,night,pivot,0.45,def_refill,0.32007903674384774,0.2127164783799672,0.43675659790225607,0.1660786653241578,1500
2025,night,pivot,0.45,att_refill,0.2609160890395676,0.17477249118996652,0.37359656796201657,0.1473862689192365,1500
2025,night,pivot,0.45,att_eff,-0.10984100475844157,-0.425585385660848,0.09161152771306033,0.38339281940245246,1500
2025,night,pivot,0.45,def_eff,0.15114486340390196,-0.04549644744090147,0.4152037272526787,0.3415123607810083,1500
2025,night,pivot,0.45,att_large,0.0,0.0,0.0,0.0,1500
2025,night,pivot,0.45,def_large,0.0,0.0,0.07717671230041623,0.057210313047009805,1500
2025,night,pivot,0.45,balance,0.02880958591099185,-0.013974585146508973,0.07410113621107355,0.06528963777433841,1500
2025,night,pivot,0.45,volume,1.1169044384057971,0.5511451863354038,2.3546195652173916,1.336897241573008,1500
2025,night,pivot,0.5,delta,-0.0758566902775517,-0.225441165236022,0.08981742110002584,0.23369798838847136,1500
2025,night,pivot,0.5,def_cancel,0.4424928170867602,0.4045497598015366,0.47209772534668387,0.05007262086371182,1500
2025,night,pivot,0.5,att_cancel,0.47587299771641284,0.4412967673410613,0.5095816995590043,0.050618926773864356,1500
2025,night,pivot,0.5,def_refill,0.31789896388129585,0.21772691070547853,0.4333446610877476,0.15983524861547005,1500
2025,night,pivot,0.5,att_refill,0.25925768853108194,0.16955598786495205,0.36796677987060106,0.14707990511908747,1500
2025,night,pivot,0.5,att_eff,-0.09364483288414603,-0.43597631481771365,0.10429299404831516,0.4004961518651067,1500
2025,night,pivot,0.5,def_eff,0.13161924065608738,-0.051717480068996104,0.41088348425607324,0.34292139683103734,1500
2025,night,pivot,0.5,att_large,0.0,0.0,0.0,0.0,1500
2025,night,pivot,0.5,def_large,0.0,0.0,0.06469574907063212,0.04795830175732552,1500
2025,night,pivot,0.5,balance,0.026831998501421758,-0.013370965434488341,0.07391355687726688,0.06470312995682374,1500
2025,night,pivot,0.5,volume,1.0721850613154962,0.5510561712607748,2.3595496894409935,1.3406178785620597,1500
2025,night,pivot,0.55,delta,-0.0628937650650603,-0.22515402297369635,0.09034679199693492,0.23387755001529376,1500
2025,night,pivot,0.55,def_cancel,0.4418007343506523,0.4071225092768539,0.47194670772210445,0.048053519974240594,1500
2025,night,pivot,0.55,att_cancel,0.47665364010498534,0.4419197815898646,0.5095196163388576,0.05011107097775608,1500
2025,night,pivot,0.55,def_refill,0.31255622736204897,0.20664884576616158,0.4355767816744473,0.1697019539720428,1500
2025,night,pivot,0.55,att_refill,0.26167613193431405,0.17156341507130604,0.3621379692253604,0.14127098158195284,1500
2025,night,pivot,0.55,att_eff,-0.09909128366653619,-0.44600055762950847,0.09498813285655455,0.401029422154235,1500
2025,night,pivot,0.55,def_eff,0.13818475570412758,-0.03803337907602412,0.4039180819052339,0.3276141297118295,1500
2025,night,pivot,0.55,att_large,0.0,0.0,0.0,0.0,1500
2025,night,pivot,0.55,def_large,0.0,0.0,0.043354062331222076,0.03213792611654713,1500
2025,night,pivot,0.55,balance,0.026183718631229976,-0.014345341948738384,0.07124315163871092,0.06344588108780526,1500
2025,night,pivot,0.55,volume,1.1124320652173914,0.530685618729097,2.279397233201581,1.296302160468854,1500
2025,night,pivot,0.6,delta,-0.06839389937510404,-0.22394632770364348,0.09012679771234408,0.23281921824758156,1500
2025,night,pivot,0.6,def_cancel,0.43921947124693167,0.4043073863904341,0.47001017069061235,0.0487048067458697,1500
2025,night,pivot,0.6,att_cancel,0.477391580055404,0.4452583357760249,0.509965341843581,0.047966646454822896,1499
2025,night,pivot,0.6,def_refill,0.3203705484318747,0.20901824295609717,0.4487290192313049,0.17769516402906432,1500
2025,night,pivot,0.6,att_refill,0.2535554717411645,0.1698721968717125,0.3579785190472399,0.13944130628282236,1500
2025,night,pivot,0.6,att_eff,-0.12141037006534279,-0.45870531731009145,0.08350087431797647,0.40193194338626237,1500
2025,night,pivot,0.6,def_eff,0.14692348330733201,-0.031868548833727875,0.41841038043470513,0.33378719738208523,1500
2025,night,pivot,0.6,att_large,0.0,0.0,0.0,0.0,1500
2025,night,pivot,0.6,def_large,0.0,0.0,0.07517645051523858,0.05572753929965796,1500
2025,night,pivot,0.6,balance,0.025415003892833344,-0.01704945160122755,0.06995467159569924,0.06449527294064254,1500
2025,night,pivot,0.6,volume,1.143087019625166,0.546632715110976,2.3280347608150813,1.3205352451475947,1500
2025,night,pivot,0.65,delta,-0.07235669277618689,-0.22513458415041784,0.08105826524376716,0.22697764966210898,1500
2025,night,pivot,0.65,def_cancel,0.43677765728338946,0.4053249942373373,0.4685508910472977,0.04686871520382534,1500
2025,night,pivot,0.65,att_cancel,0.4787454484975844,0.4457349663274506,0.5122476600433146,0.049305184370544104,1499
2025,night,pivot,0.65,def_refill,0.3194219558741436,0.21243947694087645,0.45441346701979635,0.17937286143730163,1500
2025,night,pivot,0.65,att_refill,0.24847708968633714,0.16378951056007313,0.35076584211366446,0.13860365571059402,1500
2025,night,pivot,0.65,att_eff,-0.1239882092390672,-0.4677279889667041,0.07957599582170119,0.40571088568451097,1500
2025,night,pivot,0.65,def_eff,0.15503643222238375,-0.027467585281017292,0.42905165520397875,0.3384130767123766,1500
2025,night,pivot,0.65,att_large,0.0,0.0,0.0,0.0,1500
2025,night,pivot,0.65,def_large,0.0,0.0,0.07394507302965891,0.054814731675062206,1500
2025,night,pivot,0.65,balance,0.023553843813160363,-0.018124958511005724,0.06814599795638324,0.06395178388983615,1500
2025,night,pivot,0.65,volume,1.1187290969899666,0.5776766304347826,2.3181159420289856,1.2901699863559697,1500
2025,night,pivot,0.7,delta,-0.08033501951714518,-0.23102638327778127,0.07523878670657837,0.22703126018114134,1500
2025,night,pivot,0.7,def_cancel,0.4373740625118451,0.4006823683926941,0.4670092068912706,0.04916741178545331,1500
2025,night,pivot,0.7,att_cancel,0.4799552763740688,0.4489061613201303,0.5153239163330701,0.04923480727423261,1499
2025,night,pivot,0.7,def_refill,0.3299099058471433,0.21616439065814982,0.45466823576275994,0.17680047820949601,1500
2025,night,pivot,0.7,att_refill,0.24480784289918045,0.15740698732891317,0.35171224617888364,0.14403651508522644,1500
2025,night,pivot,0.7,att_eff,-0.14541918198500886,-0.4877486195668113,0.06073304878893153,0.40658389055281163,1500
2025,night,pivot,0.7,def_eff,0.1540915012061793,-0.0201631433755425,0.45095666805411244,0.34923633167505924,1500
2025,night,pivot,0.7,att_large,0.0,0.0,0.0,0.0,1500
2025,night,pivot,0.7,def_large,0.0,0.0,0.10112032071681845,0.07495946680268233,1500
2025,night,pivot,0.7,balance,0.023119809725387023,-0.020815371990817833,0.06660302392815992,0.0648023691022815,1500
2025,night,pivot,0.7,volume,1.1728260869565217,0.5790954968944099,2.3760123614663256,1.3320362228109086,1500
2025,night,pivot,0.75,delta,-0.085300010127312,-0.25480340085036585,0.06088486525640041,0.23401650563881857,1500
2025,night,pivot,0.75,def_cancel,0.4341895786632247,0.40065148334284734,0.46423620592777365,0.04713470910669111,1500
2025,night,pivot,0.75,att_cancel,0.48265435866624967,0.45171882497558763,0.5137506640336243,0.045983572318781855,1498
2025,night,pivot,0.75,def_refill,0.3292130899568434,0.21410876107171953,0.45574175045221305,0.179120081082649,1500
2025,night,pivot,0.75,att_refill,0.23573827735804165,0.15762338549752603,0.3433493029349085,0.1376767364250426,1500
2025,night,pivot,0.75,att_eff,-0.17946928576339125,-0.5043597289822294,0.03591144392856258,0.4004975336625589,1500
2025,night,pivot,0.75,def_eff,0.18725404671889248,0.0023373866677630106,0.4584467676600812,0.33810925203285264,1500
2025,night,pivot,0.75,att_large,0.0,0.0,0.0,0.0,1500
2025,night,pivot,0.75,def_large,0.0,0.0,0.1124815864968833,0.0833814577441685,1500
2025,night,pivot,0.75,balance,0.021443223158329056,-0.021471365611963562,0.06467789268737327,0.06386157027378565,1500
2025,night,pivot,0.75,volume,1.1492939427722038,0.5877195330905975,2.381319013112491,1.3295770793342427,1500
2025,night,pivot,0.8,delta,-0.10321834653171004,-0.2374987383712071,0.056173229850117336,0.21769604760661562,1500
2025,night,pivot,0.8,def_cancel,0.431861473715929,0.39953620615299035,0.46279048533807976,0.04688975477026643,1500
2025,night,pivot,0.8,att_cancel,0.48444907061945897,0.4534967236205925,0.5153698649723039,0.045865931320764525,1498
2025,night,pivot,0.8,def_refill,0.330080668379128,0.22428799656349815,0.44807942485674795,0.1658943130416974,1500
2025,night,pivot,0.8,att_refill,0.24203942108828894,0.15744306963352026,0.34070773497579393,0.13585223524260465,1500
2025,night,pivot,0.8,att_eff,-0.18459550686762588,-0.5297770393057075,0.0065716955264085285,0.3975898701498266,1500
2025,night,pivot,0.8,def_eff,0.19015490553939182,0.019197889897195956,0.44848766520349914,0.3182281507088979,1500
2025,night,pivot,0.8,att_large,0.0,0.0,0.0,0.0,1500
2025,night,pivot,0.8,def_large,0.0,0.0,0.11756405492416691,0.0871490399734373,1500
2025,night,pivot,0.8,balance,0.022145725569385353,-0.022736363411442133,0.06160523861784677,0.06252157303876124,1500
2025,night,pivot,0.8,volume,1.1655667701863355,0.5808412098298676,2.519610730349111,1.4371901560557772,1500
2025,night,pivot,0.85,delta,-0.11136828937831163,-0.24500751089125017,0.03658286038419262,0.20874008248735568,1500
2025,night,pivot,0.85,def_cancel,0.4315038535656118,0.39802356401560746,0.4592102193198653,0.04535704618551358,1500
2025,night,pivot,0.85,att_cancel,0.48381008068577397,0.4528448285902927,0.5125152691549026,0.04423309159719049,1498
2025,night,pivot,0.85,def_refill,0.33849150103051034,0.22839156099827504,0.4594495942987322,0.17128097353629146,1500
2025,night,pivot,0.85,att_refill,0.24053843759726115,0.15941095368917393,0.3331531646137132,0.12879333648965105,1500
2025,night,pivot,0.85,att_eff,-0.1873735610749949,-0.522243514932127,0.0,0.3871338138859355,1500
2025,night,pivot,0.85,def_eff,0.192126238153832,0.020029790946381743,0.44005469272470216,0.3113601940536104,1500
2025,night,pivot,0.85,att_large,0.0,0.0,0.0,0.0,1500
2025,night,pivot,0.85,def_large,0.0,0.0,0.12979494864747282,0.09621567727759289,1500
2025,night,pivot,0.85,balance,0.021451487250012485,-0.025533079112216896,0.05990825325521018,0.0633367919699237,1500
2025,night,pivot,0.85,volume,1.1957509881422925,0.5774672187715665,2.6049771167048057,1.5029724966147064,1500
2025,night,pivot,0.9,delta,-0.10268047309894394,-0.23363327131801034,0.053105442374842576,0.2125564964365107,1500
2025,night,pivot,0.9,def_cancel,0.4346486078134006,0.4037876064262958,0.460303012068745,0.041894296250888974,1500
2025,night,pivot,0.9,att_cancel,0.4800688093727974,0.44916738913622106,0.5123440651198673,0.04683222830514917,1493
2025,night,pivot,0.9,def_refill,0.33265283147687874,0.22863850449230155,0.4547655309750088,0.16762566825997574,1500
2025,night,pivot,0.9,att_refill,0.23746501249413685,0.1563481558890464,0.3351427061310782,0.13253858431581306,1500
2025,night,pivot,0.9,att_eff,-0.1697822045711973,-0.512587252519343,0.01278420425109457,0.3894525254043274,1500
2025,night,pivot,0.9,def_eff,0.1702339615308281,0.0,0.4412746241451816,0.3271123974389782,1500
2025,night,pivot,0.9,att_large,0.0,0.0,0.0,0.0,1500
2025,night,pivot,0.9,def_large,0.0,0.0,0.12142623569370488,0.09001203535485906,1500
2025,night,pivot,0.9,balance,0.01919238914347831,-0.025796488136041264,0.05741964352451917,0.06168727328432946,1500
2025,night,pivot,0.9,volume,1.2239409141583055,0.5909649813102498,2.6332236842105265,1.5139056359527627,1500
2025,night,pivot,0.95,delta,-0.07408039997861471,-0.2201324991453165,0.0763828853502399,0.21980384321390392,1500
2025,night,pivot,0.95,def_cancel,0.44050667794379206,0.4088287090837438,0.46958825387898046,0.04504043350276994,1500
2025,night,pivot,0.95,att_cancel,0.47278557830404677,0.4433590968476223,0.5043198676664912,0.04518960031050323,1494
2025,night,pivot,0.95,def_refill,0.3260758553030683,0.21935853972184774,0.4629942068800764,0.18060464578074772,1500
2025,night,pivot,0.95,att_refill,0.2513134854765359,0.16176935963859723,0.3448070890752586,0.1356840099604606,1500
2025,night,pivot,0.95,att_eff,-0.09793102094314307,-0.4232510920601482,0.0699410761972942,0.3655983456319069,1500
2025,night,pivot,0.95,def_eff,0.12256488101969579,-0.03500303357766314,0.37820809144361356,0.306309210542088,1500
2025,night,pivot,0.95,att_large,0.0,0.0,0.0,0.0,1500
2025,night,pivot,0.95,def_large,0.0,0.0,0.12271401166237442,0.09096665060220491,1500
2025,night,pivot,0.95,balance,0.01827798911206508,-0.028897024437241077,0.05598213754077355,0.0629200607694697,1500
2025,night,pivot,0.95,volume,1.1433990036231885,0.5592132505175983,2.3731884057971016,1.3446813604740573,1500
2025,rth,pivot,-1.0,delta,0.08504450671033391,0.019475548493208806,0.15529603690340213,0.10068234871029898,714
2025,rth,pivot,-1.0,def_cancel,0.46319583532268804,0.44699013173060054,0.47680445546213535,0.022101055397727803,714
2025,rth,pivot,-1.0,att_cancel,0.4365131831319756,0.41646129290345446,0.45097816497021614,0.025587006721098357,714
2025,rth,pivot,-1.0,def_refill,0.35901319008461696,0.2894736842105263,0.42308094909063254,0.09904170858421514,714
2025,rth,pivot,-1.0,att_refill,0.44571726736472833,0.38483015252470004,0.5267521532103284,0.10520533779512853,714
2025,rth,pivot,-1.0,att_eff,0.26937275011967554,0.09712755372762227,0.46596594598592833,0.2734161543797673,718
2025,rth,pivot,-1.0,def_eff,-0.27559825281297856,-0.5276678444592239,-0.0858196602871274,0.32753757166204334,670
2025,rth,pivot,-1.0,att_large,0.06499477390840805,0.0,0.15157171823821006,0.1123585754175019,714
2025,rth,pivot,-1.0,def_large,0.0,0.0,0.057677994229565675,0.04275611136365135,714
2025,rth,pivot,-1.0,balance,-0.0012196584069811877,-0.049944352697724057,0.05091052247583682,0.07476269471724305,848
2025,rth,pivot,-1.0,volume,1.2163010941370769,0.7586930997109828,1.9184273284819708,0.8596992059088127,848
2025,rth,pivot,-0.95,delta,0.08773035666290302,0.011847240514613198,0.1574277838095026,0.10791737827641913,775
2025,rth,pivot,-0.95,def_cancel,0.46095720628705794,0.44672035555872835,0.47448286506590914,0.020580066350764113,775
2025,rth,pivot,-0.95,att_cancel,0.43700469860246405,0.41658988999570357,0.452207358919857,0.02640286799418344,775
2025,rth,pivot,-0.95,def_refill,0.36536080189084685,0.30235989210265346,0.4204746973551434,0.08755730559858411,775
2025,rth,pivot,-0.95,att_refill,0.4536927920092986,0.3833161877210818,0.5362340617190388,0.11335646701108745,775
2025,rth,pivot,-0.95,att_eff,0.25143310925226625,0.07761386246825458,0.4221029965149447,0.25536629655054865,785
2025,rth,pivot,-0.95,def_eff,-0.2706498834359949,-0.48475295923842004,-0.06588459587525641,0.31050286387187814,743
2025,rth,pivot,-0.95,att_large,0.05546074332520443,0.0,0.142053656711072,0.10530293306973462,775
2025,rth,pivot,-0.95,def_large,0.0,0.0,0.05688118306648408,0.042165443340610884,775
2025,rth,pivot,-0.95,balance,0.0007655136372908457,-0.04552686511919287,0.05330999194355904,0.07326675838602811,848
2025,rth,pivot,-0.95,volume,1.3440981749602652,0.8448570396366639,2.0669642857142856,0.9059356901983853,848
2025,rth,pivot,-0.9,delta,0.07180920722470066,-0.0008713247997301093,0.14565275855162763,0.10861681493799685,804
2025,rth,pivot,-0.9,def_cancel,0.45875367810824097,0.4425728827987351,0.47190102565133557,0.021740654449666785,804
2025,rth,pivot,-0.9,att_cancel,0.43780659051852755,0.4172221430983405,0.4534516357699452,0.026856554982657294,804
2025,rth,pivot,-0.9,def_refill,0.36816333889886593,0.3008405145728561,0.43051648440325857,0.09612747948880836,804
2025,rth,pivot,-0.9,att_refill,0.4501258788968763,0.38199499512588553,0.5302967910072314,0.10993461518261367,804
2025,rth,pivot,-0.9,att_eff,0.20063040243227373,0.030385305212617664,0.3904794829806999,0.2669341569815287,809
2025,rth,pivot,-0.9,def_eff,-0.2308114203723698,-0.4672405643801322,-0.0196819613072026,0.331770647200096,787
2025,rth,pivot,-0.9,att_large,0.06589985689975358,0.0,0.1523049354189129,0.11290210186724456,804
2025,rth,pivot,-0.9,def_large,0.0,0.0,0.06077954617421061,0.045055260321875915,804
2025,rth,pivot,-0.9,balance,0.002490625833085931,-0.04465991247303964,0.05828419041746763,0.07631141800630635,848
2025,rth,pivot,-0.9,volume,1.3830684007707128,0.890388453069089,2.1325545921644187,0.9208051438808966,848
2025,rth,pivot,-0.85,delta,0.05997248682734645,-0.01696300959641758,0.12935899458509006,0.10846701570163651,822
2025,rth,pivot,-0.85,def_cancel,0.45674854676227095,0.44149434552064803,0.4702950897105013,0.021349699177059516,822
2025,rth,pivot,-0.85,att_cancel,0.44035304297863653,0.42107743236189465,0.45606706735303576,0.025937461075716164,822
2025,rth,pivot,-0.85,def_refill,0.37577657437656553,0.30449086086919497,0.4395253578739261,0.10009970126369988,822
2025,rth,pivot,-0.85,att_refill,0.4449725330860512,0.37042792097883,0.5170733646580558,0.10870677811654987,822
2025,rth,pivot,-0.85,att_eff,0.16176626860377694,-0.02438600606752976,0.34508846177270047,0.27388767074887344,825
2025,rth,pivot,-0.85,def_eff,-0.16967256592413088,-0.4093849024043429,0.040408111579737935,0.3334269933165907,813
2025,rth,pivot,-0.85,att_large,0.051430911107415433,0.0,0.14846773382227565,0.11005762329301383,822
2025,rth,pivot,-0.85,def_large,0.0,0.0,0.058929601731542956,0.04368391529395327,822
2025,rth,pivot,-0.85,balance,0.004894998280483965,-0.04346468681897491,0.06107536586149191,0.07749447937766257,848
2025,rth,pivot,-0.85,volume,1.3745664739884393,0.9107479380049353,2.1381993187448387,0.909897242950262,848
2025,rth,pivot,-0.8,delta,0.04917573672461929,-0.028536170216859096,0.12563495406906575,0.11428548872196059,829
2025,rth,pivot,-0.8,def_cancel,0.45519152209141506,0.4388704129925334,0.4691294747615626,0.02243073518830927,829
2025,rth,pivot,-0.8,att_cancel,0.4435048278701793,0.42289537042350767,0.4583231781941058,0.026262274107189117,829
2025,rth,pivot,-0.8,def_refill,0.3781454239399384,0.3069539407153892,0.4476230816411314,0.10427660557875629,829
2025,rth,pivot,-0.8,att_refill,0.43940227284021277,0.37053684946267224,0.505215542867279,0.09983594766835194,829
2025,rth,pivot,-0.8,att_eff,0.13561798779958645,-0.08033388850996181,0.33316813284202945,0.3065248490377993,830
2025,rth,pivot,-0.8,def_eff,-0.1417912713842804,-0.38150260198049196,0.08647586875613786,0.3469076877217419,824
2025,rth,pivot,-0.8,att_large,0.05421584783535816,0.0,0.14581167923477054,0.10808871700131248,829
2025,rth,pivot,-0.8,def_large,0.0,0.0,0.06418468866933384,0.04757945787200433,829
2025,rth,pivot,-0.8,balance,0.006968608881789303,-0.04270516658561116,0.06430536584604564,0.07932582092784048,848
2025,rth,pivot,-0.8,volume,1.3925698458574183,0.869037025034002,2.0936175337186897,0.9077690946513622,848
2025,rth,pivot,-0.75,delta,0.03901037107481414,-0.03539389059267847,0.1214084503345068,0.11623598289635675,834
2025,rth,pivot,-0.75,def_cancel,0.45359627744282327,0.4351837753100706,0.46876732070875377,0.024895141140610224,834
2025,rth,pivot,-0.75,att_cancel,0.44406420996846946,0.4255054886133986,0.45844334889491195,0.024416501320617758,834
2025,rth,pivot,-0.75,def_refill,0.3893428686717817,0.31803687461161056,0.4578950607330594,0.10367545301812368,834
2025,rth,pivot,-0.75,att_refill,0.4360524688083731,0.37154725648964537,0.5017258189953312,0.09650004633483011,834
2025,rth,pivot,-0.75,att_eff,0.09115110269401701,-0.08359562263255516,0.29060295741859415,0.277389607154299,839
2025,rth,pivot,-0.75,def_eff,-0.09593492796175528,-0.33059092269577905,0.10283509620112986,0.32129430607628534,831
2025,rth,pivot,-0.75,att_large,0.04545298239398398,0.0,0.14951500598394943,0.11083395551071122,834
2025,rth,pivot,-0.75,def_large,0.0,0.0,0.07336104532961188,0.05438179787221044,834
2025,rth,pivot,-0.75,balance,0.011590090138484357,-0.03886086291862869,0.06844605427194736,0.07954552793964126,848
2025,rth,pivot,-0.75,volume,1.391275550808411,0.845319052476482,2.136622625928984,0.9572302249462582,848
2025,rth,pivot,-0.7,delta,0.04313033135487554,-0.03811981295045944,0.1133821881781301,0.11230689483216423,841
2025,rth,pivot,-0.7,def_cancel,0.4545976053580961,0.43744909747477617,0.469282504800032,0.023597781560604745,841
2025,rth,pivot,-0.7,att_cancel,0.4426293733156354,0.4244911282598095,0.4584410619656102,0.025166741071757363,841
2025,rth,pivot,-0.7,def_refill,0.3868321141430878,0.31922944756275845,0.46067704600899295,0.10485366823293885,841
2025,rth,pivot,-0.7,att_refill,0.4377594423681333,0.36509691013989687,0.5129753886828103,0.10962081433870532,841
2025,rth,pivot,-0.7,att_eff,0.12295979120437159,-0.0821215979788709,0.31975864490837796,0.29790974268884274,842
2025,rth,pivot,-0.7,def_eff,-0.12479347072498678,-0.36229380771823794,0.09157862935339471,0.33645102822211465,837
2025,rth,pivot,-0.7,att_large,0.04841032786824497,0.0,0.14200943034632796,0.10527014851469826,841
2025,rth,pivot,-0.7,def_large,0.0,0.0,0.0770345186377303,0.05710490632893276,841
2025,rth,pivot,-0.7,balance,0.012810035868384698,-0.036392564451931494,0.06777807668431166,0.07722063835155163,848
2025,rth,pivot,-0.7,volume,1.3572786207450225,0.8711527932359172,2.1600300705542335,0.9554316362626509,848
2025,rth,pivot,-0.65,delta,0.03784821362792778,-0.03729389137276391,0.11202440005511344,0.11068813300806327,841
2025,rth,pivot,-0.65,def_cancel,0.4559392049146719,0.43876801119511044,0.4695247381128778,0.022799649308945423,841
2025,rth,pivot,-0.65,att_cancel,0.44381773578012335,0.4240853397464629,0.45896465946203807,0.02585568548226477,841
2025,rth,pivot,-0.65,def_refill,0.39224073369564544,0.32463004117987987,0.4613149828290767,0.10132315911726969,841
2025,rth,pivot,-0.65,att_refill,0.4429810222602327,0.36171964118396266,0.5113870279667293,0.11094691384934517,841
2025,rth,pivot,-0.65,att_eff,0.11626891321280439,-0.08673714138582764,0.2921663037417774,0.28087727585441435,843
2025,rth,pivot,-0.65,def_eff,-0.11251091914530235,-0.3287166909591056,0.07589565952468841,0.29993502630377616,839
2025,rth,pivot,-0.65,att_large,0.04392039450510743,0.0,0.1361609826624118,0.10093475364152099,841
2025,rth,pivot,-0.65,def_large,0.0,0.0,0.0655766875847093,0.04861133253128933,841
2025,rth,pivot,-0.65,balance,0.014337537475598742,-0.03116620700246817,0.06887475104640706,0.07415934621858801,848
2025,rth,pivot,-0.65,volume,1.3141515276630884,0.8571686622625929,2.0489739884393066,0.8834731847121673,848
2025,rth,pivot,-0.6,delta,0.03464220125550211,-0.04130968558895262,0.11412555068354116,0.11522256209969887,843
2025,rth,pivot,-0.6,def_cancel,0.4553398807781157,0.4390536489151568,0.4691638445578718,0.022320382240707932,843
2025,rth,pivot,-0.6,att_cancel,0.4450075363944024,0.42681425336564194,0.4611180511375455,0.025429056910232443,843
2025,rth,pivot,-0.6,def_refill,0.39592536576775095,0.32070219763538227,0.4621824600327929,0.10487788168822137,843
2025,rth,pivot,-0.6,att_refill,0.43915827619460795,0.37247241622550525,0.5163449843645298,0.10665127363901004,843
2025,rth,pivot,-0.6,att_eff,0.08991876603545072,-0.10202242405935504,0.27096689640752447,0.27649319530532207,843
2025,rth,pivot,-0.6,def_eff,-0.0925598323186879,-0.32101580667633955,0.10185142236204303,0.31346718238575433,841
2025,rth,pivot,-0.6,att_large,0.030480335145623694,0.0,0.13254454881041666,0.0982539279543489,843
2025,rth,pivot,-0.6,def_large,0.0,0.0,0.06059997244277567,0.04492214413845491,843
2025,rth,pivot,-0.6,balance,0.015270972563979121,-0.03269515566312651,0.0716720606898339,0.07736635756335092,848
2025,rth,pivot,-0.6,volume,1.3088378740224413,0.8123554913294797,2.053391939627489,0.9199677155656112,848
2025,rth,pivot,-0.55,delta,0.026632406969610535,-0.0426969329114816,0.10834759539291425,0.11196777487353288,844
2025,rth,pivot,-0.55,def_cancel,0.4543888364407304,0.43695698085618345,0.46720776962472776,0.02242460249706769,844
2025,rth,pivot,-0.55,att_cancel,0.4464547045778062,0.4267431255451601,0.460616577115665,0.025110045641590008,844
2025,rth,pivot,-0.55,def_refill,0.3957894736567088,0.32807192868187907,0.4668588717654444,0.10288135143333234,844
2025,rth,pivot,-0.55,att_refill,0.4364668785871584,0.3646741121431919,0.5120784744445375,0.10926935678379954,844
2025,rth,pivot,-0.55,att_eff,0.07682705490386907,-0.13487564402069976,0.2758416701323945,0.3044605738718268,843
2025,rth,pivot,-0.55,def_eff,-0.08117902625834612,-0.3153119281412929,0.13846478296231826,0.33638006753418176,841
2025,rth,pivot,-0.55,att_large,0.035366097867364735,0.0,0.13905562313466205,0.10308052122658418,844
2025,rth,pivot,-0.55,def_large,0.0,0.0,0.06234860302217721,0.046218386228448635,844
2025,rth,pivot,-0.55,balance,0.017790056489240574,-0.03235534363076856,0.06981007886398446,0.07573419013695554,848
2025,rth,pivot,-0.55,volume,1.3345346587730749,0.8065089113680154,2.0524553256731988,0.9236074235027305,848
2025,rth,pivot,-0.5,delta,0.024975138222893968,-0.049022999973458284,0.10376767567697257,0.1132621761678509,844
2025,rth,pivot,-0.5,def_cancel,0.45432811573472054,0.4382130357625418,0.4676059822077139,0.021788692694716158,844
2025,rth,pivot,-0.5,att_cancel,0.44626355115935773,0.4278879777624196,0.4613016188141643,0.024769192773717356,844
2025,rth,pivot,-0.5,def_refill,0.3980505910053075,0.3270300709974779,0.46371623697678305,0.10132406670074512,844
2025,rth,pivot,-0.5,att_refill,0.43067864070202355,0.366064021266639,0.507537649569132,0.10487296390103265,844
2025,rth,pivot,-0.5,att_eff,0.07442412389201103,-0.1045241493108729,0.25664892507283144,0.26773393208577045,845
2025,rth,pivot,-0.5,def_eff,-0.07772038522058387,-0.28694003658372624,0.10780195158693431,0.29261822696120127,843
2025,rth,pivot,-0.5,att_large,0.03867698418257851,0.0,0.13928893930636727,0.103253476135187,844
2025,rth,pivot,-0.5,def_large,0.0,0.0,0.0554238799270433,0.04108515932323447,844
2025,rth,pivot,-0.5,balance,0.018976014975650927,-0.03184171998507351,0.06821694339282294,0.07417247099918195,848
2025,rth,pivot,-0.5,volume,1.3355430161788544,0.8086894439856868,2.099383042595651,0.9567780567901886,848
2025,rth,pivot,-0.45,delta,0.030486041012625916,-0.04609528611637946,0.11060148360934798,0.11615772403686245,845
2025,rth,pivot,-0.45,def_cancel,0.4550039341696222,0.440072113572078,0.46807839129245876,0.020760769251579526,845
2025,rth,pivot,-0.45,att_cancel,0.4452318849972589,0.4286636335864853,0.4608590019353018,0.023866099591413295,845
2025,rth,pivot,-0.45,def_refill,0.3937555348503634,0.33095727326145086,0.460722067966965,0.09619332446665246,845
2025,rth,pivot,-0.45,att_refill,0.4383568300300298,0.36690566281534576,0.5142807002347244,0.10924761854661129,845
2025,rth,pivot,-0.45,att_eff,0.09061722107098276,-0.0882876665476892,0.2911196030264922,0.2812507557999862,845
2025,rth,pivot,-0.45,def_eff,-0.09475225266573636,-0.3407438338228354,0.08459117610690083,0.3152965232985443,843
2025,rth,pivot,-0.45,att_large,0.027691289455971057,0.0,0.13383049242159906,0.09920718489369834,845
2025,rth,pivot,-0.45,def_large,0.0,0.0,0.05602171819315423,0.04152833075845384,845
2025,rth,pivot,-0.45,balance,0.01865010611474614,-0.03172244975663518,0.06811779160832249,0.07401055697921251,848
2025,rth,pivot,-0.45,volume,1.34279857645496,0.8201721353281197,2.059088993256262,0.9183964847502909,848
2025,rth,pivot,-0.4,delta,0.019153723658159285,-0.04217025898676312,0.10456301510742091,0.10877188591118163,845
2025,rth,pivot,-0.4,def_cancel,0.45447596655609984,0.4393326683434505,0.4680415752907369,0.021281621161813487,845
2025,rth,pivot,-0.4,att_cancel,0.4463505092567955,0.42679031333777206,0.4599907002705679,0.02461110966107918,845
2025,rth,pivot,-0.4,def_refill,0.39435609545368194,0.3244685314023741,0.4535500308207731,0.09568680460963605,845
2025,rth,pivot,-0.4,att_refill,0.4369386273081949,0.36829646602422456,0.5138965945855601,0.10793189663553417,845
2025,rth,pivot,-0.4,att_eff,0.08311680419241481,-0.09575698273843437,0.28409597776999906,0.2815811419632568,846
2025,rth,pivot,-0.4,def_eff,-0.08532483663168511,-0.30942744728086385,0.084769440368728,0.29221414948079455,843
2025,rth,pivot,-0.4,att_large,0.0328777445155216,0.0,0.14121041116831493,0.10467784371261299,845
2025,rth,pivot,-0.4,def_large,0.0,0.0,0.0644409598485531,0.04776942909455381,845
2025,rth,pivot,-0.4,balance,0.01870783224541691,-0.03241508989967321,0.07335903769004117,0.0784092865750292,848
2025,rth,pivot,-0.4,volume,1.3253432080924856,0.8485625190142988,2.105451188182402,0.931718805906674,848
2025,rth,pivot,-0.35,delta,0.019604891755501442,-0.041056428500656265,0.09682397789357564,0.10220934499201773,845
2025,rth,pivot,-0.35,def_cancel,0.4543665278609386,0.43805146875900586,0.4680286057701466,0.022221747228421605,845
2025,rth,pivot,-0.35,att_cancel,0.4461333231151844,0.4281631438121837,0.4607405623931389,0.024149309548521274,845
2025,rth,pivot,-0.35,def_refill,0.39939147077658094,0.3296369560872911,0.4550228699852561,0.09294730459448851,845
2025,rth,pivot,-0.35,att_refill,0.4377854241161598,0.3659284015357212,0.5109624651917617,0.10751227847000777,845
2025,rth,pivot,-0.35,att_eff,0.09417526750333467,-0.10095379502025556,0.27063536104651087,0.2754552676551271,846
2025,rth,pivot,-0.35,def_eff,-0.09358554369913222,-0.29097535140760805,0.09934119468330616,0.2893376916908185,844
2025,rth,pivot,-0.35,att_large,0.02904785397005204,0.0,0.13277425486038577,0.09842420671637196,845
2025,rth,pivot,-0.35,def_large,0.0,0.0,0.07492762205938377,0.05554308529235269,845
2025,rth,pivot,-0.35,balance,0.022027209407341146,-0.030065769305546334,0.07497339808940284,0.07786446804666358,848
2025,rth,pivot,-0.35,volume,1.3108824881765633,0.8437701021073803,2.073884071933205,0.9118709931992768,848
2025,rth,pivot,-0.3,delta,0.026765594937021294,-0.04294569654376479,0.09835737140543731,0.10474652924329289,846
2025,rth,pivot,-0.3,def_cancel,0.4552745840424455,0.4380606066026773,0.4679334167963214,0.022144410818120144,846
2025,rth,pivot,-0.3,att_cancel,0.44644238439544953,0.4273708039082713,0.4598060042200463,0.024043884589899922,846
2025,rth,pivot,-0.3,def_refill,0.39708319249891094,0.33132676034377834,0.4628906809312367,0.09752699821160739,846
2025,rth,pivot,-0.3,att_refill,0.44144238973242117,0.3690274861927423,0.5143629590806822,0.10773571007260187,846
2025,rth,pivot,-0.3,att_eff,0.09753303361364088,-0.08003586068906741,0.2788229332657866,0.2660183795069341,847
2025,rth,pivot,-0.3,def_eff,-0.10951283578796822,-0.3146035580923006,0.10684569723342724,0.3124160528730377,844
2025,rth,pivot,-0.3,att_large,0.02014203129548749,0.0,0.12251582544967021,0.09081973717544123,846
2025,rth,pivot,-0.3,def_large,0.0,0.0,0.07913183507378316,0.05865962570332332,846
2025,rth,pivot,-0.3,balance,0.021979498547841946,-0.029716953441669202,0.07669428840548043,0.07888157290374324,848
2025,rth,pivot,-0.3,volume,1.3467401252408477,0.8397650163357627,2.0600313102119463,0.9045710110275638,848
2025,rth,pivot,-0.25,delta,0.03100328528799366,-0.032384723306024786,0.10345101802213179,0.10069365554348152,847
2025,rth,pivot,-0.25,def_cancel,0.4547437742475065,0.44046562755924573,0.46929030603124444,0.021367441417345225,847
2025,rth,pivot,-0.25,att_cancel,0.4433729252646528,0.42554303441936414,0.457050697906006,0.02335631096118744,847
2025,rth,pivot,-0.25,def_refill,0.39296578227041756,0.3228871401740322,0.4616938292538341,0.1028959889398087,847
2025,rth,pivot,-0.25,att_refill,0.44324436488865865,0.3736598423331525,0.5138516655919942,0.10392277483976406,847
2025,rth,pivot,-0.25,att_eff,0.11350642714979309,-0.05557194063551217,0.31916346419337904,0.2777875499102233,847
2025,rth,pivot,-0.25,def_eff,-0.11494280282645059,-0.3459567327483451,0.06472809859940046,0.30443649469810646,845
2025,rth,pivot,-0.25,att_large,0.023725001877071383,0.0,0.12730487788426595,0.09436981310916676,847
2025,rth,pivot,-0.25,def_large,0.0,0.0,0.07810626724830523,0.05789938268962582,847
2025,rth,pivot,-0.25,balance,0.024437354451136088,-0.026610693853866507,0.0796907255652672,0.07880016265317547,848
2025,rth,pivot,-0.25,volume,1.3828146504266448,0.8583491785822939,2.069248554913295,0.8976274101786516,848
2025,rth,pivot,-0.2,delta,0.03666054409207114,-0.02858440358735444,0.11772083251911461,0.10845458569790145,847
2025,rth,pivot,-0.2,def_cancel,0.45573550332897506,0.438310340475176,0.46864269355992,0.022485065296326184,847
2025,rth,pivot,-0.2,att_cancel,0.4415487615412245,0.42422680444972527,0.4572175259687248,0.024455686819124915,847
2025,rth,pivot,-0.2,def_refill,0.39766556774432715,0.32349142472761216,0.4640831605698954,0.1042192259764887,847
2025,rth,pivot,-0.2,att_refill,0.45039132162125906,0.3769655094312839,0.5219207480954559,0.10745384630405633,847
2025,rth,pivot,-0.2,att_eff,0.12961781188384208,-0.035384469470618934,0.3075398679903757,0.25420632873313165,848
2025,rth,pivot,-0.2,def_eff,-0.13091077554002375,-0.36164689749998963,0.053893296190168895,0.3080357254930753,847
2025,rth,pivot,-0.2,att_large,0.04260270247657296,0.0,0.14209524814185434,0.10533376437498469,847
2025,rth,pivot,-0.2,def_large,0.0,0.0,0.07757987269519259,0.05750917175329325,847
2025,rth,pivot,-0.2,balance,0.024076517328189346,-0.03063624314336695,0.08144134871856414,0.08308198062411497,848
2025,rth,pivot,-0.2,volume,1.4016703502210133,0.8601878612716763,2.122749277456647,0.9359239556597263,848
2025,rth,pivot,-0.15,delta,0.04768435060673113,-0.0211857269586807,0.12046747970951817,0.1050060835197916,847
2025,rth,pivot,-0.15,def_cancel,0.4572738520741448,0.4397060236426956,0.46956865763890765,0.02213686730630988,847
2025,rth,pivot,-0.15,att_cancel,0.4409507609473689,0.42251939332452526,0.4550130407878326,0.024087210869760824,847
2025,rth,pivot,-0.15,def_refill,0.3835352122822817,0.3209337081950385,0.45077950556783597,0.09625337092127313,847
2025,rth,pivot,-0.15,att_refill,0.44923093918262424,0.3782940954355661,0.5226403707916215,0.10700242798818045,847
2025,rth,pivot,-0.15,att_eff,0.14849112912209012,-0.010052626340506701,0.3319177125322241,0.2534991392681473,848
2025,rth,pivot,-0.15,def_eff,-0.15675331287005628,-0.37691744678888794,0.026025498707831957,0.2986975133407857,847
2025,rth,pivot,-0.15,att_large,0.04708448870601364,0.0,0.14337769822213264,0.10628443159535407,847
2025,rth,pivot,-0.15,def_large,0.0,0.0,0.07054345681873928,0.05229314812360213,847
2025,rth,pivot,-0.15,balance,0.024458502589315735,-0.03028982083441729,0.08095216972691033,0.0824625578660694,848
2025,rth,pivot,-0.15,volume,1.3808835672997524,0.8662542148362236,2.1708574181117535,0.9670891054674055,848
2025,rth,pivot,-0.1,delta,0.048819019911235474,-0.013277667213836218,0.12837937523183246,0.10500892694267508,847
2025,rth,pivot,-0.1,def_cancel,0.45718094453934965,0.4426988952782076,0.4704991463755442,0.020608043808255434,847
2025,rth,pivot,-0.1,att_cancel,0.4387125081061121,0.420316925293569,0.45341489876935015,0.024535191605471563,847
2025,rth,pivot,-0.1,def_refill,0.38477000205033635,0.3193683696269787,0.44937109977883904,0.09636970359663481,847
2025,rth,pivot,-0.1,att_refill,0.44990452770065736,0.3860004806708522,0.5235195557578086,0.10194149376349625,847
2025,rth,pivot,-0.1,att_eff,0.16984034827040045,0.007590837698685438,0.355764163127992,0.2580973502070471,848
2025,rth,pivot,-0.1,def_eff,-0.17812835599996374,-0.40497096454730347,-0.001457847054700549,0.29912017605085467,847
2025,rth,pivot,-0.1,att_large,0.05680954311872937,0.0,0.1514538513523567,0.1122712018920361,847
2025,rth,pivot,-0.1,def_large,0.0,0.0,0.07776555587508228,0.05764681680880822,847
2025,rth,pivot,-0.1,balance,0.025823201456502163,-0.03187454132221347,0.0885658605176173,0.08928124673078634,848
2025,rth,pivot,-0.1,volume,1.3926932803468208,0.8685544149890373,2.1687486476461317,0.9638207803240136,848
2025,rth,pivot,-0.05,delta,0.08215626032313605,0.01678012201152016,0.15886042935534492,0.10532268891313919,847
2025,rth,pivot,-0.05,def_cancel,0.4610932955614341,0.4471505320788377,0.4728012197759474,0.019014594289925656,847
2025,rth,pivot,-0.05,att_cancel,0.4315216963967285,0.41175798941344316,0.4458714641100623,0.0252879723473826,847
2025,rth,pivot,-0.05,def_refill,0.374497307530603,0.3073652126229503,0.43409295546774734,0.09394198876560196,847
2025,rth,pivot,-0.05,att_refill,0.4716087173563879,0.3987851137319388,0.5407726074572362,0.10525388712030942,847
2025,rth,pivot,-0.05,att_eff,0.2627906774068688,0.11921468811002525,0.42388155841484776,0.22584645686050597,848
2025,rth,pivot,-0.05,def_eff,-0.2794851868662617,-0.5059992486558431,-0.1198521789567145,0.2862469011854178,847
2025,rth,pivot,-0.05,att_large,0.07194547818943743,0.0,0.17037061222796537,0.1262940046167275,847
2025,rth,pivot,-0.05,def_large,0.0,0.0,0.06521532078815631,0.04834345499492684,847
2025,rth,pivot,-0.05,balance,0.0371705492157943,-0.028601429169477516,0.1014059872854014,0.09637317750546992,848
2025,rth,pivot,-0.05,volume,1.471891859344894,0.9577717777101714,2.2320869460500967,0.9446368927649557,848
2025,rth,pivot,0.0,delta,0.04120940145244969,-0.02812853828415569,0.11607384029641062,0.10689575876987865,848
2025,rth,pivot,0.0,def_cancel,0.442905760420624,0.42449174175426,0.45695133973676477,0.024061970335437177,848
2025,rth,pivot,0.0,att_cancel,0.4410671320772789,0.4232362618910605,0.4544950233334632,0.023171802403560187,848
2025,rth,pivot,0.0,def_refill,0.3870360023486855,0.32329001686785264,0.44679700754669127,0.09155447789387594,848
2025,rth,pivot,0.0,att_refill,0.43536610677975385,0.36879111582909246,0.5027021348950053,0.09926687847732601,848
2025,rth,pivot,0.0,att_eff,0.01007824319979216,-0.1466613982449227,0.16133193325473602,0.22831232876179294,848
2025,rth,pivot,0.0,def_eff,-0.0367024164474876,-0.225070750530155,0.12733190954753368,0.2612325130301621,847
2025,rth,pivot,0.0,att_large,0.09903902438200349,0.00401724626803498,0.1932478114271592,0.14027469618912097,848
2025,rth,pivot,0.0,def_large,0.0,0.0,0.08807029513894127,0.06528561537356654,848
2025,rth,pivot,0.0,balance,0.03156650666198461,-0.021811846099663294,0.0915324458816496,0.08402097255842321,848
2025,rth,pivot,0.0,volume,1.795446412931962,1.2313730970948775,2.5490916597853013,0.9768113882063927,848
2025,rth,pivot,0.05,delta,-0.04773988729733314,-0.11664244364482826,0.01601724763726456,0.09833928189925338,848
2025,rth,pivot,0.05,def_cancel,0.4376956521808753,0.42127976677694945,0.45134651634626816,0.02228817610772328,848
2025,rth,pivot,0.05,att_cancel,0.4571809520793805,0.4408815793817992,0.47114795256048125,0.022436155062032635,848
2025,rth,pivot,0.05,def_refill,0.44131022356386485,0.3747431788448053,0.5093641590329152,0.09979316544707927,848
2025,rth,pivot,0.05,att_refill,0.39879132291835406,0.33234852703770607,0.4616181755386906,0.09582627761377653,848
2025,rth,pivot,0.05,att_eff,-0.21091982844942625,-0.39302057868723983,-0.04523218261183184,0.25781200598621795,848
2025,rth,pivot,0.05,def_eff,0.1985837480430336,0.05045951626663021,0.36484037720428414,0.2330473394645322,847
2025,rth,pivot,0.05,att_large,0.022745195649248196,0.0,0.10950553672169396,0.08117534226960264,848
2025,rth,pivot,0.05,def_large,0.010075945225384828,0.0,0.10097096220820934,0.07484874885708624,848
2025,rth,pivot,0.05,balance,0.032289640445867865,-0.014552625319205101,0.08373370137291483,0.07285865581328387,848
2025,rth,pivot,0.05,volume,1.59886464691378,1.0260689247773787,2.414054973506744,1.028899961993599,848
2025,rth,pivot,0.1,delta,-0.052583136499538496,-0.11963729786818228,0.006149425235256391,0.09324442038801976,848
2025,rth,pivot,0.1,def_cancel,0.4414059972704432,0.42657925096664795,0.4564405782498295,0.022135898653210917,848
2025,rth,pivot,0.1,att_cancel,0.4587917153113559,0.44353923859225197,0.4709985916985852,0.020355339589572453,848
2025,rth,pivot,0.1,def_refill,0.4432722523824957,0.3836395989247354,0.517128315762011,0.09895383012399969,848
2025,rth,pivot,0.1,att_refill,0.39724670913857296,0.3301763034037204,0.45604427351088356,0.09330464796676291,848
2025,rth,pivot,0.1,att_eff,-0.17760452630035775,-0.3928894144266943,0.008506393472337878,0.29755063595184,848
2025,rth,pivot,0.1,def_eff,0.17074703962637522,-0.007450168180181207,0.355032685238303,0.268704857982568,847
2025,rth,pivot,0.1,att_large,0.0,0.0,0.08824867503860748,0.06541784658162156,848
2025,rth,pivot,0.1,def_large,0.0,0.0,0.09431648232492856,0.06991585050031769,848
2025,rth,pivot,0.1,balance,0.032909259976388563,-0.013457367383408999,0.08783767844409723,0.07508898875278446,848
2025,rth,pivot,0.1,volume,1.4066171111969306,0.8734218132035291,2.1798365245664737,0.9684319580155262,848
2025,rth,pivot,0.15,delta,-0.05381890924198215,-0.11322628320802716,0.014882969902780124,0.09496608829563179,848
2025,rth,pivot,0.15,def_cancel,0.44603397219236646,0.42900824840116397,0.460064290875255,0.02302152889109789,848
2025,rth,pivot,0.15,att_cancel,0.4580117929750719,0.44322673654075057,0.47070940596576744,0.02037262373981977,848
2025,rth,pivot,0.15,def_refill,0.4456996788850568,0.37392132616842017,0.5073101071056911,0.09887974865624238,848
2025,rth,pivot,0.15,att_refill,0.39503425326529995,0.33367960296409377,0.45554084915273707,0.09033450421693351,848
2025,rth,pivot,0.15,att_eff,-0.1460401999517172,-0.39254093577454474,0.04815180369572929,0.3266810522388985,848
2025,rth,pivot,0.15,def_eff,0.12992955563115643,-0.04842201344258436,0.3365324477991836,0.28536283264771534,847
2025,rth,pivot,0.15,att_large,0.0,0.0,0.08234129854840386,0.061038768382804934,848
2025,rth,pivot,0.15,def_large,0.0,0.0,0.08778795726443958,0.06507632117452897,848
2025,rth,pivot,0.15,balance,0.029977161018338826,-0.01262055004986327,0.07943868559588584,0.0682425764608963,848
2025,rth,pivot,0.15,volume,1.286800251169832,0.85543607616457,2.0302163615928066,0.8708526949060317,848
2025,rth,pivot,0.2,delta,-0.04881862947991519,-0.10599746513436141,0.017914288699032783,0.0918545247097066,848
2025,rth,pivot,0.2,def_cancel,0.4476361249807861,0.43111095014143336,0.4610703973224439,0.022208633936998196,848
2025,rth,pivot,0.2,att_cancel,0.45814520931166847,0.44306297211790746,0.4718481209182632,0.021338138473206647,848
2025,rth,pivot,0.2,def_refill,0.4466306826927937,0.37112022616360796,0.511813020692873,0.10429413975482957,848
2025,rth,pivot,0.2,att_refill,0.39167685594922197,0.3246934436310178,0.4562061657950771,0.097489045340296,848
2025,rth,pivot,0.2,att_eff,-0.15019418723448746,-0.3924244929238728,0.07601863415616514,0.3472521327502135,848
2025,rth,pivot,0.2,def_eff,0.15019836214688354,-0.07297359482844769,0.33814845012930167,0.3047605967070047,847
2025,rth,pivot,0.2,att_large,0.0,0.0,0.0797936293609805,0.059150207087457746,848
2025,rth,pivot,0.2,def_large,0.0,0.0,0.09225881800632472,0.06839052483789824,848
2025,rth,pivot,0.2,balance,0.02741945930950255,-0.011057737311042105,0.0753159882576602,0.06402796558095056,848
2025,rth,pivot,0.2,volume,1.2728166446032283,0.8124975479297989,1.8975236951717103,0.8043188637819951,848
2025,rth,pivot,0.25,delta,-0.03693708457007656,-0.10303134179109105,0.025858558228641793,0.09554477392122525,848
2025,rth,pivot,0.25,def_cancel,0.4485840187109382,0.4329398497144127,0.46235992478976334,0.021808802872758087,848
2025,rth,pivot,0.25,att_cancel,0.4580138429432866,0.44145026371816004,0.47077792745852665,0.02174029928863351,848
2025,rth,pivot,0.25,def_refill,0.4379362836956594,0.3662440504073102,0.5127873893063531,0.1086310888799429,848
2025,rth,pivot,0.25,att_refill,0.3934420723595792,0.3232597389393749,0.4634356229736422,0.10391095925446059,848
2025,rth,pivot,0.25,att_eff,-0.10307253238175765,-0.3404635145327625,0.0796233244294503,0.3114061074590162,848
2025,rth,pivot,0.25,def_eff,0.10594822900413556,-0.0796774155545603,0.28241336303247055,0.26841421689179457,847
2025,rth,pivot,0.25,att_large,0.0,0.0,0.0819144693354035,0.060722364221944776,848
2025,rth,pivot,0.25,def_large,0.0,0.0,0.10183021107577817,0.07548570131636632,848
2025,rth,pivot,0.25,balance,0.027359108491002076,-0.012686493312557574,0.07223198036996148,0.0629492021367821,848
2025,rth,pivot,0.25,volume,1.2441534200385356,0.8134117808973301,1.9161187379576108,0.8174254685398672,848
2025,rth,pivot,0.3,delta,-0.03330361178319759,-0.09439323292929805,0.028459848863779322,0.09106974187774453,848
2025,rth,pivot,0.3,def_cancel,0.45000995670077426,0.4323455549788229,0.4639047065804706,0.023394478577944952,848
2025,rth,pivot,0.3,att_cancel,0.45763935275330414,0.4427431230933401,0.4706645166706357,0.020697845498365914,848
2025,rth,pivot,0.3,def_refill,0.4429406199656323,0.362668507837595,0.5060667247902382,0.10629964192190004,848
2025,rth,pivot,0.3,att_refill,0.39274674207174654,0.3279539362883451,0.45781689639852574,0.09626609348419615,848
2025,rth,pivot,0.3,att_eff,-0.0940478710769238,-0.33118756718320835,0.11067016590245436,0.3275446501746944,848
2025,rth,pivot,0.3,def_eff,0.09457533643956806,-0.10318853423898726,0.2950745360759562,0.2952283693958069,848
2025,rth,pivot,0.3,att_large,0.0,0.0,0.07596657530063641,0.0563132507788261,848
2025,rth,pivot,0.3,def_large,0.0,0.0,0.10413998518818694,0.07719791340858928,848
2025,rth,pivot,0.3,balance,0.02784883542056252,-0.011652067920149816,0.0729872357292497,0.06274225622638957,848
2025,rth,pivot,0.3,volume,1.208044315992293,0.7782527528574792,1.920811829066887,0.8469674397401096,848
2025,rth,pivot,0.35,delta,-0.026381603885063828,-0.0935626883671338,0.036381416490486554,0.0963262452613939,848
2025,rth,pivot,0.35,def_cancel,0.4518631254873809,0.43337341070788343,0.4653774149479871,0.023724243321055365,848
2025,rth,pivot,0.35,att_cancel,0.4570302464994458,0.4418533151429805,0.47035758741473455,0.02112992755504378,848
2025,rth,pivot,0.35,def_refill,0.43737595127348455,0.3650593479190865,0.5021927235053081,0.10165557864063868,848
2025,rth,pivot,0.35,att_refill,0.402942124076885,0.33036001728582204,0.46221800039443295,0.09774498377213559,848
2025,rth,pivot,0.35,att_eff,-0.05347298704488526,-0.31189861635592075,0.15334655266201452,0.3448815189161863,848
2025,rth,pivot,0.35,def_eff,0.053560197918943925,-0.15231155557051468,0.2842155117247232,0.3235930817607397,848
2025,rth,pivot,0.35,att_large,0.0,0.0,0.07456346216814233,0.055273137263263404,848
2025,rth,pivot,0.35,def_large,0.0,0.0,0.09244134791723388,0.0685258324071415,848
2025,rth,pivot,0.35,balance,0.02875808482010402,-0.013232280850695024,0.07252276456622826,0.06356934426754877,848
2025,rth,pivot,0.35,volume,1.2131807258252345,0.77384016738921,1.8971579961464355,0.8327040984115831,848
2025,rth,pivot,0.4,delta,-0.028025391517472808,-0.09768002941390688,0.0391176403805967,0.10140672334655566,848
2025,rth,pivot,0.4,def_cancel,0.45182853250794036,0.4331637154398756,0.4649268524572612,0.023545690895022675,848
2025,rth,pivot,0.4,att_cancel,0.45862207383333964,0.44231775253615974,0.4712766236550653,0.021466917063680913,848
2025,rth,pivot,0.4,def_refill,0.4314308025602681,0.36105992945094273,0.49921206236568383,0.10241077310210608,848
2025,rth,pivot,0.4,att_refill,0.40319536032967374,0.3281866950023593,0.4741429580063936,0.10819589548112254,848
2025,rth,pivot,0.4,att_eff,-0.08159587084091513,-0.3373851346031115,0.1331719664854529,0.3488192002139099,848
2025,rth,pivot,0.4,def_eff,0.09481996728969083,-0.13095476850507104,0.3057868663668503,0.3237521385262575,848
2025,rth,pivot,0.4,att_large,0.0,0.0,0.06707644846621404,0.04972309004167089,848
2025,rth,pivot,0.4,def_large,0.0,0.0,0.08675193112990438,0.06430832552253846,848
2025,rth,pivot,0.4,balance,0.02727786508732101,-0.013502486662851605,0.07104175435488456,0.06267178726296233,848
2025,rth,pivot,0.4,volume,1.1802213383586713,0.7621695033183473,1.8058025789239665,0.7736346001524234,848
2025,rth,pivot,0.45,delta,-0.03040417488606174,-0.09681686590683244,0.038610939111106406,0.10039125649958404,848
2025,rth,pivot,0.45,def_cancel,0.45020902174406885,0.43359510608834356,0.46539340173405463,0.0235717536291409,848
2025,rth,pivot,0.45,att_cancel,0.4584957957710065,0.4441544066673572,0.47170521091902223,0.02042313139485916,848
2025,rth,pivot,0.45,def_refill,0.43081029621538824,0.3613692248602589,0.504012010301689,0.10573964821455156,848
2025,rth,pivot,0.45,att_refill,0.3941822533064555,0.32875144184894617,0.4697932625117087,0.1045528692829967,848
2025,rth,pivot,0.45,att_eff,-0.09978640503692016,-0.3543192958101752,0.1256916495478749,0.3558272389607488,848
2025,rth,pivot,0.45,def_eff,0.10505327948484088,-0.11900316535854553,0.30773601403427675,0.3163374198612471,848
2025,rth,pivot,0.45,att_large,0.0,0.0,0.07271817581130893,0.0539052452270637,848
2025,rth,pivot,0.45,def_large,0.0,0.0,0.09885551355256635,0.07328058825245838,848
2025,rth,pivot,0.45,balance,0.026013486214087313,-0.01625403846076246,0.06997952067688848,0.06392406162909632,848
2025,rth,pivot,0.45,volume,1.1707782824112303,0.7580821635012387,1.798754472887421,0.7714398142225221,848
2025,rth,pivot,0.5,delta,-0.029412337289087886,-0.09849423692420077,0.039952627457113435,0.10262925454508096,848
2025,rth,pivot,0.5,def_cancel,0.45008848574914456,0.4333610141231831,0.4646966690856791,0.023228802789100046,848
2025,rth,pivot,0.5,att_cancel,0.4591578666424596,0.4434754826594335,0.4726727037505921,0.021643603477508253,848
2025,rth,pivot,0.5,def_refill,0.4318458803455243,0.3642385725419785,0.5131085433030647,0.1103557974507681,848
2025,rth,pivot,0.5,att_refill,0.3936155437542538,0.3266767092792065,0.4574418566785292,0.09693487575932003,848
2025,rth,pivot,0.5,att_eff,-0.11584085338916175,-0.342357277953332,0.1072819730752881,0.3333130103992736,848
2025,rth,pivot,0.5,def_eff,0.11005052932569903,-0.1128281399214297,0.3008842312334327,0.30668077921042436,848
2025,rth,pivot,0.5,att_large,0.0,0.0,0.06926539438975524,0.05134573342457764,848
2025,rth,pivot,0.5,def_large,0.0,0.0,0.09906086378568182,0.07343281229479749,848
2025,rth,pivot,0.5,balance,0.0262348446958002,-0.016234931126193695,0.06738489643049812,0.06198652895232899,848
2025,rth,pivot,0.5,volume,1.1697921298354825,0.7675668352601156,1.815051085082649,0.7764894364881639,848
2025,rth,pivot,0.55,delta,-0.02648577034632111,-0.09742431688757679,0.0386655544661669,0.10088203955058835,848
2025,rth,pivot,0.55,def_cancel,0.4508949698167588,0.43312896681590374,0.46564367058008427,0.02410281969175725,848
2025,rth,pivot,0.55,att_cancel,0.4602128094008088,0.44251922345770955,0.47295125211406586,0.02255895378529007,848
2025,rth,pivot,0.55,def_refill,0.44038709182983493,0.36388296937195974,0.5101855600600801,0.10845262467614555,848
2025,rth,pivot,0.55,att_refill,0.393934135371641,0.3304599070779937,0.47055532218290697,0.10385130845434637,848
2025,rth,pivot,0.55,att_eff,-0.09553193862761895,-0.3369578132385237,0.13620944954563624,0.3507540865709117,848
2025,rth,pivot,0.55,def_eff,0.09670553805320113,-0.14070626181946536,0.3122730090851047,0.3357889332131727,848
2025,rth,pivot,0.55,att_large,0.0,0.0,0.054297530418505914,0.040250207871390595,848
2025,rth,pivot,0.55,def_large,0.0,0.0,0.09003868364594578,0.06674476178350318,848
2025,rth,pivot,0.55,balance,0.02568221301039008,-0.015481406446004103,0.06463373638575173,0.05938854175815851,848
2025,rth,pivot,0.55,volume,1.1353608850310284,0.7781809110927608,1.7707790764149145,0.7358029394530421,848
2025,rth,pivot,0.6,delta,-0.03453937840176612,-0.1053305957609098,0.029380481568229234,0.09985995354272723,848
2025,rth,pivot,0.6,def_cancel,0.450154738143863,0.4322930174595954,0.46554188448877337,0.024647047464179356,848
2025,rth,pivot,0.6,att_cancel,0.45981800956933916,0.4425604497362612,0.4725602163079971,0.02223852229187244,848
2025,rth,pivot,0.6,def_refill,0.4370605304969005,0.3735088385170112,0.503600872749618,0.09643590380474924,848
2025,rth,pivot,0.6,att_refill,0.39449767175773387,0.3224535359332998,0.4703942939901494,0.10966698150989596,848
2025,rth,pivot,0.6,att_eff,-0.10262225951799436,-0.4157364711942353,0.11763765023295243,0.3953848194419479,848
2025,rth,pivot,0.6,def_eff,0.11672357928715091,-0.11220075678541469,0.3387665959752495,0.3342975187254738,848
2025,rth,pivot,0.6,att_large,0.0,0.0,0.05273959936940921,0.039095329406530176,848
2025,rth,pivot,0.6,def_large,0.0,0.0,0.09420125898827325,0.06983043661102539,848
2025,rth,pivot,0.6,balance,0.02498099378532086,-0.013724487322762328,0.06758265194205941,0.06027215660846682,848
2025,rth,pivot,0.6,volume,1.135124036608863,0.7433822439602786,1.8372760115606934,0.8108923406971199,848
2025,rth,pivot,0.65,delta,-0.03316090224062958,-0.1068963491320851,0.029368518308257038,0.10101176237238113,848
2025,rth,pivot,0.65,def_cancel,0.44962963409930146,0.43122082411965984,0.4649286712307872,0.024987284737677792,848
2025,rth,pivot,0.65,att_cancel,0.4593995058376642,0.4436604925079374,0.47153351712480146,0.02066199007921726,848
2025,rth,pivot,0.65,def_refill,0.43228665863164656,0.36345319364926243,0.49479400217071445,0.0973616075029296,848
2025,rth,pivot,0.65,att_refill,0.3889267248727448,0.3215808987653025,0.4631029785343138,0.1049088804811055,848
2025,rth,pivot,0.65,att_eff,-0.12308096325999228,-0.383125453483699,0.0916078620459607,0.3519149855668345,848
2025,rth,pivot,0.65,def_eff,0.12128822440201717,-0.0934174345530097,0.32799781446228116,0.31239084434046765,848
2025,rth,pivot,0.65,att_large,0.0,0.0,0.06209876026400036,0.04603318032913296,848
2025,rth,pivot,0.65,def_large,0.0,0.0,0.1027270931505305,0.07615055088994106,848
2025,rth,pivot,0.65,balance,0.025669704547568055,-0.015212100437619372,0.06560231308038594,0.05990690401631232,848
2025,rth,pivot,0.65,volume,1.1589122281860722,0.7534546604046243,1.8735764175612442,0.8303348829923053,848
2025,rth,pivot,0.7,delta,-0.03894060863508385,-0.11231535947403046,0.028242921964577457,0.10419442656679608,848
2025,rth,pivot,0.7,def_cancel,0.4500080998919579,0.4326056384904189,0.4631442871383904,0.02263799010227688,848
2025,rth,pivot,0.7,att_cancel,0.4587893627774549,0.4430241560117907,0.47295697453536334,0.022188894383671356,847
2025,rth,pivot,0.7,def_refill,0.43638910407296627,0.3676631507934706,0.5038976976367103,0.1009892860216751,848
2025,rth,pivot,0.7,att_refill,0.39063599915178115,0.3187016626376259,0.4583367701879076,0.10351008713883002,848
2025,rth,pivot,0.7,att_eff,-0.1390118576090836,-0.3601919233303482,0.07468847987226172,0.3223724263918532,848
2025,rth,pivot,0.7,def_eff,0.1352948550259553,-0.07437643816476489,0.32568434340683583,0.29656099449340306,848
2025,rth,pivot,0.7,att_large,0.0,0.0,0.056772697067941795,0.042085023771639585,848
2025,rth,pivot,0.7,def_large,0.011201366644735762,0.0,0.11077684293353969,0.08211774865347642,848
2025,rth,pivot,0.7,balance,0.025899212148347776,-0.017012311517849984,0.06459262040654976,0.060492907282727756,848
2025,rth,pivot,0.7,volume,1.176282514450867,0.74901345042241,1.8931476158716043,0.8481350373974754,848
2025,rth,pivot,0.75,delta,-0.04138434256074487,-0.1144028552959719,0.026982036713550386,0.10480718458823002,848
2025,rth,pivot,0.75,def_cancel,0.446680120550339,0.43005280535151635,0.46179238605313433,0.023528228837374335,848
2025,rth,pivot,0.75,att_cancel,0.4601948368117538,0.4440146448030823,0.4742585420941971,0.02241949391483678,846
2025,rth,pivot,0.75,def_refill,0.4453637817264884,0.37161803201229127,0.508758920405652,0.10166114780827332,848
2025,rth,pivot,0.75,att_refill,0.3847269644783388,0.3152827239271346,0.4508911924677538,0.1005251805341877,848
2025,rth,pivot,0.75,att_eff,-0.1798649340747913,-0.4201808067037352,0.059666301664660484,0.3557057882641925,848
2025,rth,pivot,0.75,def_eff,0.17800819629780784,-0.0462304457095061,0.3583398924399007,0.29990388298695836,848
2025,rth,pivot,0.75,att_large,0.0,0.0,0.05877785390869477,0.04357142617397685,848
2025,rth,pivot,0.75,def_large,0.01398080065359477,0.0,0.10409209618061158,0.07716241377361867,848
2025,rth,pivot,0.75,balance,0.02582169110616741,-0.016941745125305576,0.06577110741125376,0.06131419758084458,848
2025,rth,pivot,0.75,volume,1.1917736797162375,0.7618210907589521,1.916245183044316,0.8557628556600178,848
2025,rth,pivot,0.8,delta,-0.05819604271187505,-0.12014095879067137,0.011979580965951808,0.09793961434886819,848
2025,rth,pivot,0.8,def_cancel,0.44552783079231734,0.42899166392482574,0.45967484342956455,0.022745129358590667,848
2025,rth,pivot,0.8,att_cancel,0.4601477327219036,0.44556499132004473,0.47399042948108555,0.021071488629385335,847
2025,rth,pivot,0.8,def_refill,0.45136927593921194,0.3707875434119771,0.520828914373344,0.1112241445228813,848
2025,rth,pivot,0.8,att_refill,0.38017657383000814,0.31777902727653357,0.44532667270140436,0.09454977422154988,848
2025,rth,pivot,0.8,att_eff,-0.20007903470365818,-0.4444590802557742,0.02741180346725337,0.3497930939384934,848
2025,rth,pivot,0.8,def_eff,0.18693456652754337,-0.020717079765776223,0.38475698332170183,0.30057380510561754,848
2025,rth,pivot,0.8,att_large,0.0,0.0,0.051113186424015425,0.03788968600742433,848
2025,rth,pivot,0.8,def_large,0.03253494812524265,0.0,0.1163034563364658,0.08621457104259882,848
2025,rth,pivot,0.8,balance,0.023831657280708487,-0.01692865721828572,0.06384762056761101,0.05987863438539417,848
2025,rth,pivot,0.8,volume,1.2951544323235835,0.7817359964216901,2.0203908982187833,0.9182022993306843,848
2025,rth,pivot,0.85,delta,-0.06436770898343216,-0.13008061340637997,0.004987994890389589,0.1001249876180649,848
2025,rth,pivot,0.85,def_cancel,0.445070156308628,0.4284626187592117,0.458872434940161,0.02254248790285344,848
2025,rth,pivot,0.85,att_cancel,0.4613344181189299,0.44530694139876087,0.4742606980209396,0.02146312573919848,847
2025,rth,pivot,0.85,def_refill,0.4502235362341386,0.37742851580287023,0.5211197016890061,0.10651681681700215,848
2025,rth,pivot,0.85,att_refill,0.3752082073621168,0.313783081557382,0.4399630448468056,0.0935359253442725,848
2025,rth,pivot,0.85,att_eff,-0.21686557954903113,-0.44634255211362833,0.012901548447042398,0.3404329878136922,848
2025,rth,pivot,0.85,def_eff,0.195163577811299,-0.007516608597972819,0.3730525737319408,0.28211206992580695,848
2025,rth,pivot,0.85,att_large,0.0,0.0,0.055963727703461016,0.041485342997376586,848
2025,rth,pivot,0.85,def_large,0.032925909991387975,0.0,0.12434968469566543,0.09217915841042656,848
2025,rth,pivot,0.85,balance,0.023118170140682754,-0.013175828519650278,0.0630346997694792,0.05649409065168976,848
2025,rth,pivot,0.85,volume,1.315858882088481,0.842545761078998,2.0741314321516633,0.9129619503874465,848
2025,rth,pivot,0.9,delta,-0.056472737724857044,-0.1234587328353776,0.012367660877007714,0.10068672625084159,848
2025,rth,pivot,0.9,def_cancel,0.4466655767652273,0.4287516023921923,0.4604107174740762,0.023468580490647817,848
2025,rth,pivot,0.9,att_cancel,0.45960343595506636,0.4440110913638056,0.47245952183738193,0.02108853259716554,847
2025,rth,pivot,0.9,def_refill,0.45009695620996426,0.3711657815557691,0.5148386119304853,0.10650321006279924,848
2025,rth,pivot,0.9,att_refill,0.38555815870490023,0.3135976455375428,0.44261759508791454,0.0956411783175476,848
2025,rth,pivot,0.9,att_eff,-0.1886324480443644,-0.40515058124137887,0.023872045094376106,0.3180301158901075,848
2025,rth,pivot,0.9,def_eff,0.1710038852730012,-0.02069961681945306,0.3429264023692018,0.26955227515838015,848
2025,rth,pivot,0.9,att_large,0.0,0.0,0.06306368742641341,0.04674847103514708,848
2025,rth,pivot,0.9,def_large,0.03310887466864224,0.0,0.12002707701162604,0.0889748532332291,848
2025,rth,pivot,0.9,balance,0.02402795092937718,-0.018141136870110187,0.062270158579496686,0.05960807668614298,848
2025,rth,pivot,0.9,volume,1.3226396917148362,0.8860571028201087,1.9850343887174584,0.8146607011840991,848
2025,rth,pivot,0.95,delta,-0.03503879277493348,-0.10277550420832889,0.02998665798867112,0.09841524254781321,848
2025,rth,pivot,0.95,def_cancel,0.4488799669033501,0.43230513372442664,0.4627845527660399,0.02259408379659991,848
2025,rth,pivot,0.95,att_cancel,0.45704440548056885,0.44132877966261236,0.46942019677827823,0.02082388222065669,847
2025,rth,pivot,0.95,def_refill,0.43744951233941054,0.36468778853672706,0.5087311418284962,0.10677787493830182,848
2025,rth,pivot,0.95,att_refill,0.39425631902167024,0.32342050843997044,0.4572224312262013,0.09918600651314372,848
2025,rth,pivot,0.95,att_eff,-0.10037750696965517,-0.31341900642602016,0.09646644225935196,0.30384392044875624,848
2025,rth,pivot,0.95,def_eff,0.09795354988830458,-0.08621824132106133,0.2739044485465571,0.2669552927113554,848
2025,rth,pivot,0.95,att_large,0.0,0.0,0.07111424090280231,0.052716264568422766,848
2025,rth,pivot,0.95,def_large,0.027732795283013603,0.0,0.12242393640426434,0.09075162075927676,848
2025,rth,pivot,0.95,balance,0.02221590001350872,-0.021170580987543125,0.06059418944553681,0.0606113939459451,848
2025,rth,pivot,0.95,volume,1.2315616209699853,0.8152035163776494,1.8719673249839435,0.7833682791744211,848
2024,night,resolved,-1.0,delta,0.22765836626620703,0.02388350537181378,0.40680675662402527,0.28385711731075725,557
2024,night,resolved,-1.0,def_cancel,0.5028675207738746,0.45815536144623437,0.5435695957728531,0.06331670446747129,557
2024,night,resolved,-1.0,att_cancel,0.4040652392687223,0.3689245477242746,0.4368794060668238,0.05037424636215657,557
2024,night,resolved,-1.0,def_refill,0.2790188067827277,0.17940260741410863,0.4101854954441189,0.171077011141594,557
2024,night,resolved,-1.0,att_refill,0.524547910332224,0.37179508553383533,0.676137353281169,0.22560583228119618,555
2024,night,resolved,-1.0,att_eff,0.38171400943662215,0.14743335469607477,0.6600625318225998,0.3800068029106931,630
2024,night,resolved,-1.0,def_eff,-0.2684882680161064,-0.5299437662494448,-0.006123253218625876,0.3883028265610223,461
2024,night,resolved,-1.0,att_large,0.0,0.0,0.32396493737270127,0.24015191799310695,502
2024,night,resolved,-1.0,def_large,0.0,0.0,0.0,0.0,500
2024,night,resolved,-1.0,balance,0.008103200573490435,-0.03598540275245969,0.0463677241747896,0.06104753663991793,1140
2024,night,resolved,-1.0,volume,0.6030193236714977,0.27399220557788334,1.2090538537549407,0.6931517036153131,1140
2024,night,resolved,-0.95,delta,0.20704932621408592,0.03612203658751802,0.4007348128836468,0.27028374818097023,685
2024,night,resolved,-0.95,def_cancel,0.497874401723789,0.4577902025230134,0.5380257862004549,0.05947782333390775,685
2024,night,resolved,-0.95,att_cancel,0.40957426700220817,0.3737670654883614,0.4454019227532692,0.05310219219044311,685
2024,night,resolved,-0.95,def_refill,0.279728203756724,0.17718216318785582,0.41431960237775656,0.17578757538169068,685
2024,night,resolved,-0.95,att_refill,0.532608695652174,0.3850414123024943,0.68217992840095,0.22026576434281372,685
2024,night,resolved,-0.95,att_eff,0.3856531583130945,0.13775356221491794,0.6703689365425443,0.3948223679226288,761
2024,night,resolved,-0.95,def_eff,-0.27723219218717243,-0.5979098674800591,0.0,0.4432245125871454,580
2024,night,resolved,-0.95,att_large,0.0,0.0,0.3019744420066689,0.2238505871065003,619
2024,night,resolved,-0.95,def_large,0.0,0.0,0.0,0.0,619
2024,night,resolved,-0.95,balance,0.012164599810936379,-0.03236136255571584,0.052358981592696766,0.06280233072528733,1140
2024,night,resolved,-0.95,volume,0.6517172086225795,0.33043478260869563,1.3766642396505095,0.7755592713430793,1140
2024,night,resolved,-0.9,delta,0.17391335873140146,0.005304596883110184,0.36939608628603177,0.2698973235010538,764
2024,night,resolved,-0.9,def_cancel,0.49384382748712247,0.4572713166897372,0.5301468822949449,0.05402191668288191,764
2024,night,resolved,-0.9,att_cancel,0.4149314177515247,0.3786660070572969,0.44723445958955704,0.05082909750352863,764
2024,night,resolved,-0.9,def_refill,0.3006381863877301,0.18187094828885872,0.4398413437755805,0.19123083431187676,764
2024,night,resolved,-0.9,att_refill,0.5420548654244306,0.38724245207042834,0.6926216219426256,0.22637447729592083,763
2024,night,resolved,-0.9,att_eff,0.3627678361259951,0.1071876408972117,0.6979474016497753,0.43792421108418356,838
2024,night,resolved,-0.9,def_eff,-0.24287078570133,-0.5924185620901761,0.0,0.43915386366951525,672
2024,night,resolved,-0.9,att_large,0.0,0.0,0.1620135373232388,0.12009898986155583,692
2024,night,resolved,-0.9,def_large,0.0,0.0,0.0,0.0,691
2024,night,resolved,-0.9,balance,0.014357589593635634,-0.029315115861678,0.0543677518532815,0.06203325998143774,1140
2024,night,resolved,-0.9,volume,0.6715146981165288,0.30124589827727644,1.418158567774936,0.8279560189011562,1140
2024,night,resolved,-0.85,delta,0.16502388245532473,-0.012671961178812603,0.3459394455557633,0.26583499387292503,837
2024,night,resolved,-0.85,def_cancel,0.48877065666177155,0.44863178951904326,0.527625922467589,0.05855754851634228,837
2024,night,resolved,-0.85,att_cancel,0.4248985942904077,0.38384832705090066,0.4591283205563458,0.055804294666749535,837
2024,night,resolved,-0.85,def_refill,0.3175831070869047,0.19604244859999334,0.44329652325349556,0.1832869345096384,837
2024,night,resolved,-0.85,att_refill,0.5332663999272076,0.3701672240802676,0.6845823533896217,0.23307274226045524,836
2024,night,resolved,-0.85,att_eff,0.3263855075801513,0.03208612055671931,0.6850059123037004,0.48400281078352936,900
2024,night,resolved,-0.85,def_eff,-0.1713261945717902,-0.5353849702088168,0.06503125164883242,0.44508244763354277,731
2024,night,resolved,-0.85,att_large,0.0,0.0,0.08656337815618266,0.06416855311800049,757
2024,night,resolved,-0.85,def_large,0.0,0.0,0.0,0.0,756
2024,night,resolved,-0.85,balance,0.013347680218077777,-0.029923686329805167,0.05637874570571241,0.06397511640883438,1140
2024,night,resolved,-0.85,volume,0.629955242966752,0.2981884057971015,1.3215579710144927,0.7586134656911723,1140
2024,night,resolved,-0.8,delta,0.1623931623931624,-0.03838025825606832,0.3535220015432806,0.2905131651588947,889
2024,night,resolved,-0.8,def_cancel,0.48650415857565804,0.4486246862610333,0.5219862149266836,0.05438215616430713,889
2024,night,resolved,-0.8,att_cancel,0.4298077947473858,0.3885856400432449,0.4646558326312393,0.05639006122164148,889
2024,night,resolved,-0.8,def_refill,0.3174603174603175,0.19679685585703124,0.4590035455044583,0.19437115615079845,889
2024,night,resolved,-0.8,att_refill,0.5104188837654081,0.36535023930710714,0.6756756756756757,0.23004109441702633,888
2024,night,resolved,-0.8,att_eff,0.30661494672638245,0.004980466110500783,0.6612953511111608,0.4865195589330319,947
2024,night,resolved,-0.8,def_eff,-0.16392403484667142,-0.5747167100036701,0.09287799166751745,0.49488117247678837,797
2024,night,resolved,-0.8,att_large,0.0,0.0,0.013299013299013299,0.009858423498156634,806
2024,night,resolved,-0.8,def_large,0.0,0.0,0.0,0.0,805
2024,night,resolved,-0.8,balance,0.01390578736588236,-0.031034546071580058,0.057610491829280214,0.06571166634607878,1140
2024,night,resolved,-0.8,volume,0.6320160232383808,0.2931585677749361,1.3695652173913042,0.7979293177289609,1140
2024,night,resolved,-0.75,delta,0.13585816196165665,-0.056689843629764,0.33722796488819085,0.2920072709547478,941
2024,night,resolved,-0.75,def_cancel,0.48578179465946286,0.448957401570132,0.5222282323897223,0.05431492277212031,941
2024,night,resolved,-0.75,att_cancel,0.4298901309038194,0.39443519296478763,0.4657248376108165,0.052846289581933936,941
2024,night,resolved,-0.75,def_refill,0.3133444727824573,0.21682934816071806,0.46959788338598063,0.18737474812843777,941
2024,night,resolved,-0.75,att_refill,0.5245098039215687,0.36373232322633947,0.6894084146380106,0.2414203791042781,939
2024,night,resolved,-0.75,att_eff,0.31662534960246386,0.0,0.6501483959751183,0.4819484032432308,982
2024,night,resolved,-0.75,def_eff,-0.14573918419274784,-0.5672115276283387,0.11492645122787098,0.5056619561573089,843
2024,night,resolved,-0.75,att_large,0.0,0.0,0.0,0.0,855
2024,night,resolved,-0.75,def_large,0.0,0.0,0.0,0.0,854
2024,night,resolved,-0.75,balance,0.014269535372294478,-0.028636384876854076,0.05900115864814189,0.06496482099703185,1140
2024,night,resolved,-0.75,volume,0.6372282608695653,0.2881521739130435,1.3426932367149758,0.7817205802831225,1140
2024,night,resolved,-0.7,delta,0.11850305723429819,-0.08276958703111917,0.3154414056412654,0.29518976476826136,970
2024,night,resolved,-0.7,def_cancel,0.48222661160489333,0.44394948944118473,0.5167169421284572,0.05394177367477574,970
2024,night,resolved,-0.7,att_cancel,0.43613159061301954,0.3976097141921749,0.4704419843813032,0.05398982223063625,970
2024,night,resolved,-0.7,def_refill,0.3294083761029056,0.20281676185335598,0.4891304347826087,0.21224141803502794,970
2024,night,resolved,-0.7,att_refill,0.5095261433812839,0.3629435205694107,0.6666666666666666,0.22514688368958927,968
2024,night,resolved,-0.7,att_eff,0.24854213532201633,-0.012360388594102687,0.6396198611980793,0.4833063378741157,1009
2024,night,resolved,-0.7,def_eff,-0.11458648040372307,-0.5855695414441175,0.1555310656629634,0.5493703536746337,888
2024,night,resolved,-0.7,att_large,0.0,0.0,0.0,0.0,882
2024,night,resolved,-0.7,def_large,0.0,0.0,0.0,0.0,881
2024,night,resolved,-0.7,balance,0.014920319416421076,-0.027384402189349316,0.05644697113644086,0.062143345682572404,1140
2024,night,resolved,-0.7,volume,0.6216711956521739,0.2871534146078325,1.281055900621118,0.7367698191351264,1140
2024,night,resolved,-0.65,delta,0.10181201011047146,-0.08903072724092594,0.3041428746529954,0.29145559814226935,999
2024,night,resolved,-0.65,def_cancel,0.47901827060773744,0.4440987684861109,0.5151138199454094,0.05264273644128872,999
2024,night,resolved,-0.65,att_cancel,0.439688046667056,0.40198664156606584,0.47269881640652955,0.05241821707966176,999
2024,night,resolved,-0.65,def_refill,0.33385388469977034,0.20621537654369596,0.4826361340931365,0.2049079003331657,999
2024,night,resolved,-0.65,att_refill,0.5095396196426388,0.35344150327574936,0.6755577205200051,0.23878148053688342,999
2024,night,resolved,-0.65,att_eff,0.2224031333940379,-0.014252762541169835,0.5965514007895635,0.4527829231510254,1032
2024,night,resolved,-0.65,def_eff,-0.11530124540872844,-0.5720793139411949,0.17251851985742636,0.5519628123043894,930
2024,night,resolved,-0.65,att_large,0.0,0.0,0.0,0.0,909
2024,night,resolved,-0.65,def_large,0.0,0.0,0.0,0.0,909
2024,night,resolved,-0.65,balance,0.015672584266939803,-0.027033468607313114,0.05803858162906055,0.0630630468764816,1140
2024,night,resolved,-0.65,volume,0.5853260869565219,0.2893633540372671,1.2134361182756082,0.6850057555510312,1140
2024,night,resolved,-0.6,delta,0.12206047032474805,-0.07657722182871904,0.29636875707413696,0.2764610666440741,1019
2024,night,resolved,-0.6,def_cancel,0.4767579394563344,0.44289373746500543,0.5090520786106244,0.049042506408909545,1019
2024,night,resolved,-0.6,att_cancel,0.4408874056017106,0.40292932971088474,0.4718795381450006,0.051112089276587,1019
2024,night,resolved,-0.6,def_refill,0.349163253678921,0.21791686300491594,0.4747223038221627,0.19036726524629116,1019
2024,night,resolved,-0.6,att_refill,0.5,0.3528039669816759,0.6663201663201663,0.23240637460229094,1019
2024,night,resolved,-0.6,att_eff,0.2160491845179154,-0.033534508830806144,0.5721134710787958,0.44896069674544253,1048
2024,night,resolved,-0.6,def_eff,-0.07996665361804199,-0.5205264681056025,0.15763181581871885,0.502711848720772,957
2024,night,resolved,-0.6,att_large,0.0,0.0,0.0,0.0,928
2024,night,resolved,-0.6,def_large,0.0,0.0,0.0,0.0,928
2024,night,resolved,-0.6,balance,0.01694223298100688,-0.025682111277567074,0.057553265151682895,0.06170153923591547,1140
2024,night,resolved,-0.6,volume,0.5822981366459627,0.28895011019835704,1.2530422288855574,0.7146716965805785,1140
2024,night,resolved,-0.55,delta,0.10382074136955294,-0.0819706645066049,0.3093074938199921,0.2900505250753128,1036
2024,night,resolved,-0.55,def_cancel,0.47455076140264874,0.44175102556573925,0.5082749021154818,0.049313474091729065,1036
2024,night,resolved,-0.55,att_cancel,0.44507587892052786,0.4037543707795839,0.47552362240844925,0.05320181736757993,1036
2024,night,resolved,-0.55,def_refill,0.3504171121901595,0.21277513395601594,0.49361628923524997,0.2081846962781572,1035
2024,night,resolved,-0.55,att_refill,0.5017857142857143,0.345528541645372,0.6686929504220669,0.23955849427479237,1036
2024,night,resolved,-0.55,att_eff,0.20080386370268835,-0.03148907858033106,0.5737739672555007,0.4486753490258204,1061
2024,night,resolved,-0.55,def_eff,-0.04938342598709033,-0.49959205788168404,0.19745751441327836,0.5167157689362212,980
2024,night,resolved,-0.55,att_large,0.0,0.0,0.0,0.0,944
2024,night,resolved,-0.55,def_large,0.0,0.0,0.0,0.0,945
2024,night,resolved,-0.55,balance,0.017323171726779243,-0.02494564226701628,0.05722718607653184,0.060913883130873335,1140
2024,night,resolved,-0.55,volume,0.6132966897233202,0.27453644501278773,1.276446040372671,0.7427054079761921,1140
2024,night,resolved,-0.5,delta,0.09355138917781938,-0.10487548330035362,0.2997856486679596,0.2999711875228415,1046
2024,night,resolved,-0.5,def_cancel,0.4744765759979531,0.44115001584524227,0.5073957440778404,0.049107285569012685,1046
2024,night,resolved,-0.5,att_cancel,0.4439979481243588,0.40415644662732847,0.47885639038661054,0.05537430968071318,1046
2024,night,resolved,-0.5,def_refill,0.36017510957822585,0.22690494293408683,0.501322475675577,0.20342293012712392,1046
2024,night,resolved,-0.5,att_refill,0.48879032041226,0.33167382075335716,0.6640085470085471,0.24635635749087464,1046
2024,night,resolved,-0.5,att_eff,0.1938436678445412,-0.027369013890177738,0.5539539142078346,0.4309287828747312,1066
2024,night,resolved,-0.5,def_eff,-0.042443419574612354,-0.4555283985304417,0.21711947207636142,0.49862703529043967,997
2024,night,resolved,-0.5,att_large,0.0,0.0,0.0,0.0,953
2024,night,resolved,-0.5,def_large,0.0,0.0,0.0,0.0,953
2024,night,resolved,-0.5,balance,0.017593526631473497,-0.023732885798661604,0.05787181847015914,0.06049273852395904,1140
2024,night,resolved,-0.5,volume,0.6059228039041704,0.2792188186209925,1.267753623188406,0.7327908113917075,1140
2024,night,resolved,-0.45,delta,0.0829688158156629,-0.12023986868513171,0.27597800159708896,0.29371228338192784,1057
2024,night,resolved,-0.45,def_cancel,0.47290746798539013,0.4379221334096941,0.507774557968294,0.051780892927056975,1057
2024,night,resolved,-0.45,att_cancel,0.4461098263061657,0.4073373828743798,0.4780171310232969,0.052394179502533056,1057
2024,night,resolved,-0.45,def_refill,0.36644916022078655,0.22811760564513386,0.5084820139039766,0.20783128855362698,1057
2024,night,resolved,-0.45,att_refill,0.4810287881015665,0.3314506834177909,0.6508297851489899,0.23675248460429876,1057
2024,night,resolved,-0.45,att_eff,0.18585957820672003,-0.04233406086809344,0.5724303870330242,0.4557186418837047,1082
2024,night,resolved,-0.45,def_eff,-0.04484104545253174,-0.46568769754388956,0.21875840739522573,0.5073729465819979,1007
2024,night,resolved,-0.45,att_large,0.0,0.0,0.0,0.0,962
2024,night,resolved,-0.45,def_large,0.0,0.0,0.0,0.0,962
2024,night,resolved,-0.45,balance,0.017997238525788665,-0.02269260899889336,0.05759577329033996,0.05951696240862366,1140
2024,night,resolved,-0.45,volume,0.6143245341614907,0.2728260869565217,1.2267279821627648,0.7071177874027006,1140
2024,night,resolved,-0.4,delta,0.07038810444166486,-0.13237855668331264,0.28360410010220777,0.3083637188921574,1068
2024,night,resolved,-0.4,def_cancel,0.47298871336724446,0.43736446495740827,0.505992782118174,0.05087347454467437,1068
2024,night,resolved,-0.4,att_cancel,0.44363157733095404,0.40617334490396567,0.4767555443285128,0.05232186762383034,1068
2024,night,resolved,-0.4,def_refill,0.37909217584411314,0.23715709851626532,0.5248303518427357,0.2132492611760344,1068
2024,night,resolved,-0.4,att_refill,0.48883968144531526,0.324465168248554,0.6582031856449831,0.24739660296251237,1067
2024,night,resolved,-0.4,att_eff,0.19470524314451318,-0.04068628786499161,0.5830585712358667,0.46237572950397204,1089
2024,night,resolved,-0.4,def_eff,-0.037598793313842346,-0.4431837411994288,0.1882211955636463,0.46805406728174587,1019
2024,night,resolved,-0.4,att_large,0.0,0.0,0.0,0.0,973
2024,night,resolved,-0.4,def_large,0.0,0.0,0.0,0.0,972
2024,night,resolved,-0.4,balance,0.01790323895243379,-0.024354248902818468,0.05856317327966225,0.06146584298182411,1140
2024,night,resolved,-0.4,volume,0.6262939958592133,0.2691315327184892,1.229358805445762,0.7118067255205878,1140
2024,night,resolved,-0.35,delta,0.07675472675472676,-0.110070784840928,0.2696475620117329,0.2814813542273246,1073
2024,night,resolved,-0.35,def_cancel,0.47240353956733994,0.4385840204630538,0.5067621817045698,0.0505397785333699,1073
2024,night,resolved,-0.35,att_cancel,0.44424371830133114,0.40673451651478054,0.47553643060307077,0.051002160184055026,1073
2024,night,resolved,-0.35,def_refill,0.3694212626995646,0.2423699184322406,0.5247786813461416,0.2093467478976286,1073
2024,night,resolved,-0.35,att_refill,0.4816525822614459,0.33799924977283113,0.6589398359781999,0.23790999718707845,1072
2024,night,resolved,-0.35,att_eff,0.18832956632108544,-0.036016791815536124,0.5852735410292943,0.46055621411773934,1096
2024,night,resolved,-0.35,def_eff,-0.03608604241688715,-0.4448572625544863,0.18261411493756663,0.4651381597420704,1028
2024,night,resolved,-0.35,att_large,0.0,0.0,0.0,0.0,978
2024,night,resolved,-0.35,def_large,0.0,0.0,0.0,0.0,977
2024,night,resolved,-0.35,balance,0.018455085165363566,-0.024152569372643297,0.05870110496100877,0.0614185873488896,1140
2024,night,resolved,-0.35,volume,0.5894770006301198,0.2801819344338526,1.2550271739130436,0.7226428758185257,1140
2024,night,resolved,-0.3,delta,0.0780642055744706,-0.10202586878603707,0.2747012029774338,0.2792639523821133,1082
2024,night,resolved,-0.3,def_cancel,0.4754572167463654,0.44140383264885785,0.5089379292321098,0.05006233994310744,1082
2024,night,resolved,-0.3,att_cancel,0.44136961042268485,0.4047616471281667,0.4735458024707826,0.05098899580623862,1082
2024,night,resolved,-0.3,def_refill,0.3653089345870449,0.242,0.5282058968018052,0.21216152468629,1082
2024,night,resolved,-0.3,att_refill,0.49137921374954163,0.3448406988683791,0.6574235032209168,0.23171445837845642,1081
2024,night,resolved,-0.3,att_eff,0.20956645546886138,-0.013888122822749106,0.5688114121300278,0.43194924755580205,1101
2024,night,resolved,-0.3,def_eff,-0.03401903407578115,-0.4634035935652009,0.17785027088519673,0.47535497735389,1036
2024,night,resolved,-0.3,att_large,0.0,0.0,0.0,0.0,986
2024,night,resolved,-0.3,def_large,0.0,0.0,0.0,0.0,985
2024,night,resolved,-0.3,balance,0.020384437981995806,-0.023188259577674446,0.061233049693346836,0.06258065920757694,1140
2024,night,resolved,-0.3,volume,0.6146953405017921,0.26849967873206254,1.2452898550724636,0.7240846377616019,1140
2024,night,resolved,-0.25,delta,0.08512820512820513,-0.11020730330464362,0.2759802535578234,0.28627691390842624,1091
2024,night,resolved,-0.25,def_cancel,0.47664813868526024,0.443624773936216,0.5084726274892588,0.048071055265413484,1091
2024,night,resolved,-0.25,att_cancel,0.4410072225721409,0.40668306809434285,0.4736921278334297,0.04967313546262923,1091
2024,night,resolved,-0.25,def_refill,0.36666666666666664,0.22482095299625915,0.5286931360457311,0.22525736326869678,1091
2024,night,resolved,-0.25,att_refill,0.5062684444482162,0.34719963866305326,0.6610927681379266,0.23268578908441317,1090
2024,night,resolved,-0.25,att_eff,0.19863403869962293,-0.023007725389127806,0.5372108452900068,0.4152843370490249,1107
2024,night,resolved,-0.25,def_eff,-0.07339940095623818,-0.4594928821463412,0.1408991860952706,0.44506454280327046,1049
2024,night,resolved,-0.25,att_large,0.0,0.0,0.0,0.0,993
2024,night,resolved,-0.25,def_large,0.0,0.0,0.0,0.0,992
2024,night,resolved,-0.25,balance,0.019690531475642765,-0.021017603770890635,0.06109796575480195,0.06087143775069873,1140
2024,night,resolved,-0.25,volume,0.602921195652174,0.27958937198067635,1.2364748023715415,0.7093294517352596,1140
2024,night,resolved,-0.2,delta,0.08340582432281175,-0.11072070261763306,0.27645698427382054,0.28701088724347934,1094
2024,night,resolved,-0.2,def_cancel,0.47765104429865746,0.4466101251857493,0.5118701726815958,0.04837661044910791,1094
2024,night,resolved,-0.2,att_cancel,0.43937782382180024,0.4039424582677709,0.47136809556826703,0.049981940178277326,1094
2024,night,resolved,-0.2,def_refill,0.3585700490241759,0.22495316773444232,0.5303609831029187,0.22639571191139837,1094
2024,night,resolved,-0.2,att_refill,0.5042667389536459,0.33659232506481085,0.6666350050658562,0.24465728687994465,1093
2024,night,resolved,-0.2,att_eff,0.22470038951626373,-0.007993063374685713,0.5885722698532753,0.4422278230007124,1111
2024,night,resolved,-0.2,def_eff,-0.09068291277888363,-0.5041145228041686,0.1343243217143816,0.4732682316668274,1055
2024,night,resolved,-0.2,att_large,0.0,0.0,0.0,0.0,996
2024,night,resolved,-0.2,def_large,0.0,0.0,0.0,0.0,995
2024,night,resolved,-0.2,balance,0.021171001292364267,-0.020559897627353368,0.06399346629838071,0.06267854998201192,1140
2024,night,resolved,-0.2,volume,0.590126811594203,0.2724283238815375,1.2332357859531773,0.7122368139893549,1140
2024,night,resolved,-0.15,delta,0.10330522731001673,-0.07624577288610962,0.2904100934108579,0.27179827004964235,1098
2024,night,resolved,-0.15,def_cancel,0.48058130572606317,0.4494810129161077,0.516262281723961,0.04950427635867557,1098
2024,night,resolved,-0.15,att_cancel,0.43687195793212186,0.4008151243501113,0.46796642599574745,0.04977857794339226,1098
2024,night,resolved,-0.15,def_refill,0.36885412287963404,0.22738400585800655,0.5098605098605099,0.20939696367865335,1098
2024,night,resolved,-0.15,att_refill,0.49654124606083616,0.3426736771820111,0.6611807105289018,0.23610602916745052,1096
2024,night,resolved,-0.15,att_eff,0.283378978665966,0.0,0.6245335615448471,0.4629603866158985,1116
2024,night,resolved,-0.15,def_eff,-0.14334813931065574,-0.5610593051521688,0.0702002981366667,0.467946333053251,1059
2024,night,resolved,-0.15,att_large,0.0,0.0,0.0,0.0,1000
2024,night,resolved,-0.15,def_large,0.0,0.0,0.0,0.0,999
2024,night,resolved,-0.15,balance,0.023803305348612313,-0.019552263231510707,0.06680669041061135,0.06401701530179546,1140
2024,night,resolved,-0.15,volume,0.5621353284396764,0.25234683794466406,1.2113354037267081,0.7108884846419897,1140
2024,night,resolved,-0.1,delta,0.13591966658089455,-0.0355915097646694,0.3214743066612762,0.2646892634736439,1102
2024,night,resolved,-0.1,def_cancel,0.4880289648591464,0.4561808642897945,0.5217066143825712,0.04857357308582407,1102
2024,night,resolved,-0.1,att_cancel,0.4294915704217516,0.39460676448801846,0.4607489513900433,0.04903053143219039,1102
2024,night,resolved,-0.1,def_refill,0.35838387516905124,0.21708486730588608,0.49170918367346933,0.20357621672912027,1102
2024,night,resolved,-0.1,att_refill,0.5135135460372429,0.3507223878163299,0.6666666666666666,0.2342062852856462,1100
2024,night,resolved,-0.1,att_eff,0.3353395712435118,0.0319866614472168,0.6718916911777544,0.4743550998743792,1118
2024,night,resolved,-0.1,def_eff,-0.2514672378623903,-0.6373332246621947,0.0,0.47244864689562244,1070
2024,night,resolved,-0.1,att_large,0.0,0.0,0.0,0.0,1004
2024,night,resolved,-0.1,def_large,0.0,0.0,0.0,0.0,1003
2024,night,resolved,-0.1,balance,0.0264211032321917,-0.013028521583746042,0.07122008522037024,0.06245263662276967,1140
2024,night,resolved,-0.1,volume,0.5767263427109974,0.26286485253876557,1.2444723151244892,0.727655643132486,1140
2024,night,resolved,-0.05,delta,0.19411230820188433,0.0227477655231221,0.37257538253825384,0.2593236597591785,1113
2024,night,resolved,-0.05,def_cancel,0.5012190433722876,0.47216841615993427,0.5340523810676997,0.045873954712946946,1113
2024,night,resolved,-0.05,att_cancel,0.4184937545443423,0.38462513811934157,0.44613435421395276,0.04559615722358131,1113
2024,night,resolved,-0.05,def_refill,0.3260091607565012,0.20532378580323787,0.4673791514216718,0.1942589811849028,1113
2024,night,resolved,-0.05,att_refill,0.5388531653590318,0.3894328251016625,0.6875,0.22095416968001297,1110
2024,night,resolved,-0.05,att_eff,0.43823540728549853,0.19203315924261738,0.7874453076372608,0.44137297879513976,1123
2024,night,resolved,-0.05,def_eff,-0.40400223997235896,-0.8182453137464463,-0.09876991858494075,0.5333398036779137,1074
2024,night,resolved,-0.05,att_large,0.0,0.0,0.0,0.0,1015
2024,night,resolved,-0.05,def_large,0.0,0.0,0.0,0.0,1013
2024,night,resolved,-0.05,balance,0.0340001163039393,-0.008662901255719023,0.0758967885748777,0.06268323931104279,1140
2024,night,resolved,-0.05,volume,0.6719864274212101,0.2949635430731839,1.3538345410628019,0.7849303172643574,1140
2024,night,resolved,0.0,delta,0.17986438716304262,0.005984632162425445,0.36633663366336633,0.26712527909632383,1122
2024,night,resolved,0.0,def_cancel,0.48206410652013815,0.43844206352226095,0.5178097379036442,0.058834450986940845,1122
2024,night,resolved,0.0,att_cancel,0.4271467540466491,0.3940002250479722,0.45999902070927123,0.04892423696167458,1122
2024,night,resolved,0.0,def_refill,0.3009312584699966,0.18770312127446645,0.45340108717257355,0.19695920377917503,1122
2024,night,resolved,0.0,att_refill,0.5400393632112793,0.37549559457835185,0.6873509538950716,0.23117521076109693,1122
2024,night,resolved,0.0,att_eff,0.2861677148151398,0.006897366916699283,0.6951409817981327,0.5101880021359773,1132
2024,night,resolved,0.0,def_eff,-0.3116388910090396,-0.7799668380844579,0.006496768287705025,0.582997484338149,1099
2024,night,resolved,0.0,att_large,0.0,0.0,0.17347404586427162,0.12859454845387075,1024
2024,night,resolved,0.0,def_large,0.0,0.0,0.0,0.0,1024
2024,night,resolved,0.0,balance,0.029055423103022508,-0.01316838272951786,0.07291141201873233,0.06381007764881408,1140
2024,night,resolved,0.0,volume,0.982608695652174,0.4677795031055901,2.0240802675585283,1.1536699514106288,1140
2024,night,resolved,0.05,delta,0.04875838404431727,-0.15220768254698186,0.2398094289480535,0.29059830355451105,1128
2024,night,resolved,0.05,def_cancel,0.45279945538240296,0.41250234949350567,0.49158161451273263,0.05862065605576498,1128
2024,night,resolved,0.05,att_cancel,0.4566202921178707,0.4223946760087305,0.49131420441007245,0.05108934647986803,1128
2024,night,resolved,0.05,def_refill,0.38064143505827225,0.23680561417002113,0.5256500877811047,0.21411747487849042,1128
2024,night,resolved,0.05,att_refill,0.4727215263565723,0.3087398234920798,0.6360040590329921,0.24259765421861548,1128
2024,night,resolved,0.05,att_eff,0.000922846691470592,-0.24995257309193092,0.42962149609482947,0.5037613559575689,1132
2024,night,resolved,0.05,def_eff,0.01390881703229892,-0.3753311641581507,0.3300780653078537,0.5229126978991878,1107
2024,night,resolved,0.05,att_large,0.0,0.0,0.0,0.0,1029
2024,night,resolved,0.05,def_large,0.0,0.0,0.0,0.0,1029
2024,night,resolved,0.05,balance,0.02139150417394803,-0.01813467332035132,0.0660346290901295,0.06239384908115702,1140
2024,night,resolved,0.05,volume,0.7930253623188406,0.3864812723508376,1.747272392938869,1.0087406379451678,1140
2024,night,resolved,0.1,delta,-0.008693906014209166,-0.19816587224439827,0.18780669979519818,0.2861175478425474,1129
2024,night,resolved,0.1,def_cancel,0.4465954158367546,0.408960781437566,0.48103882241020873,0.0534307197721592,1129
2024,night,resolved,0.1,att_cancel,0.46931692853791646,0.4368950337341092,0.5028845720913117,0.048917374616161934,1129
2024,night,resolved,0.1,def_refill,0.4062249226974875,0.26159204539962116,0.574243509891349,0.23176535544234828,1129
2024,night,resolved,0.1,att_refill,0.4333767110082899,0.2904347633742614,0.6033681706140015,0.23197435673813205,1129
2024,night,resolved,0.1,att_eff,-0.019780230591191716,-0.40339588712690577,0.28654953105703285,0.5114495316411702,1132
2024,night,resolved,0.1,def_eff,0.13114971265524544,-0.14799195573166632,0.43507813773530757,0.4322239388191059,1115
2024,night,resolved,0.1,att_large,0.0,0.0,0.0,0.0,1030
2024,night,resolved,0.1,def_large,0.0,0.0,0.0,0.0,1030
2024,night,resolved,0.1,balance,0.018184383163781303,-0.022071393512234683,0.0626210073091651,0.06278161662075596,1140
2024,night,resolved,0.1,volume,0.6606554677206852,0.31954123112659694,1.4378196930946292,0.8289684669889047,1140
2024,night,resolved,0.15,delta,-0.04539884282091045,-0.22825818374958728,0.13612238124582418,0.27011161230201003,1131
2024,night,resolved,0.15,def_cancel,0.4457409985598263,0.40700768946311927,0.47632776693816103,0.051386269440357124,1131
2024,night,resolved,0.15,att_cancel,0.47340011230856466,0.44155592784046416,0.5078134050359365,0.04911599495587277,1131
2024,night,resolved,0.15,def_refill,0.4353867475515411,0.2866404488432905,0.6036135174745889,0.2349689167022227,1131
2024,night,resolved,0.15,att_refill,0.4187238879517271,0.2790962546689954,0.5863207896588762,0.22774242771673894,1131
2024,night,resolved,0.15,att_eff,-0.06385072580135545,-0.4691593256136122,0.1735333844207091,0.47642157897281046,1132
2024,night,resolved,0.15,def_eff,0.1932988213641259,-0.058493601217419304,0.5081138297495416,0.42002033429722824,1121
2024,night,resolved,0.15,att_large,0.0,0.0,0.0,0.0,1032
2024,night,resolved,0.15,def_large,0.0,0.0,0.0,0.0,1032
2024,night,resolved,0.15,balance,0.015636540078119664,-0.025922795578994767,0.05924635099553318,0.06313502340587691,1140
2024,night,resolved,0.15,volume,0.6175536420101637,0.29704086084048276,1.3245007869368484,0.7616456086703971,1140
2024,night,resolved,0.2,delta,-0.06544456717500803,-0.2487033510514322,0.12752514628560419,0.2788943642231552,1131
2024,night,resolved,0.2,def_cancel,0.4440294572785277,0.4074033570370349,0.47360701212858436,0.049076097176834296,1131
2024,night,resolved,0.2,att_cancel,0.4758633421246109,0.44107634614603924,0.5104991176715828,0.051462395497067166,1131
2024,night,resolved,0.2,def_refill,0.4354344265223638,0.2954793484869085,0.6090863745516752,0.23247370353207322,1131
2024,night,resolved,0.2,att_refill,0.39983304297328687,0.2656410696053328,0.5612924914284306,0.21916339645893093,1131
2024,night,resolved,0.2,att_eff,-0.08556494036706004,-0.525021655390778,0.16369111301308661,0.5105357808775869,1133
2024,night,resolved,0.2,def_eff,0.20022403412567463,-0.04597417391739282,0.5485281158678261,0.44069850984819786,1123
2024,night,resolved,0.2,att_large,0.0,0.0,0.0,0.0,1032
2024,night,resolved,0.2,def_large,0.0,0.0,0.0,0.0,1032
2024,night,resolved,0.2,balance,0.015210574743151127,-0.028727028001001555,0.058802682943965325,0.06488488580056848,1140
2024,night,resolved,0.2,volume,0.6072851365015167,0.2530470420527441,1.2828416149068325,0.763376258601993,1140
2024,night,resolved,0.25,delta,-0.07516442854703814,-0.24470671408820824,0.11623424832511976,0.26756186983938324,1131
2024,night,resolved,0.25,def_cancel,0.44404008178095594,0.4074232344155694,0.4734159812411119,0.04891975302115828,1131
2024,night,resolved,0.25,att_cancel,0.4776098818504405,0.4439793707698996,0.5116225914454964,0.05014323252453433,1131
2024,night,resolved,0.25,def_refill,0.45237044861770936,0.3040825473230417,0.6162218682936148,0.23138570865127733,1131
2024,night,resolved,0.25,att_refill,0.38490515336906506,0.2555642354690474,0.5509313121099341,0.21895261426307389,1131
2024,night,resolved,0.25,att_eff,-0.09644401402478854,-0.5593217430994244,0.16144588976569013,0.5342977263640581,1133
2024,night,resolved,0.25,def_eff,0.22241787780590366,-0.014824283339797082,0.5617961835982059,0.4274428961734641,1124
2024,night,resolved,0.25,att_large,0.0,0.0,0.0,0.0,1032
2024,night,resolved,0.25,def_large,0.0,0.0,0.0,0.0,1032
2024,night,resolved,0.25,balance,0.014090870075326946,-0.028230639201139645,0.054202675827278696,0.06110697926495059,1140
2024,night,resolved,0.25,volume,0.5786800768822907,0.25251610305958133,1.2694805194805194,0.7538653939369445,1140
2024,night,resolved,0.3,delta,-0.0718651220657165,-0.2402188447688837,0.12961245280612702,0.27415218500742083,1133
2024,night,resolved,0.3,def_cancel,0.44312232088134984,0.406866085836274,0.4759335832660656,0.051199034417933005,1133
2024,night,resolved,0.3,att_cancel,0.47820031267392754,0.44249630424995473,0.5116838503958238,0.05128802531198594,1133
2024,night,resolved,0.3,def_refill,0.45690526889204486,0.309682239242586,0.6058402227287676,0.21953890547530142,1133
2024,night,resolved,0.3,att_refill,0.3903991456700295,0.25974697404337654,0.5525927165642618,0.2170835748857563,1133
2024,night,resolved,0.3,att_eff,-0.11431598270535065,-0.5626595394091471,0.1674841919698745,0.541248132971847,1137
2024,night,resolved,0.3,def_eff,0.2199459851208753,-0.02640247778766129,0.6079434852002326,0.4702342201541096,1128
2024,night,resolved,0.3,att_large,0.0,0.0,0.0,0.0,1034
2024,night,resolved,0.3,def_large,0.0,0.0,0.0,0.0,1034
2024,night,resolved,0.3,balance,0.011610390386390635,-0.030309514565138314,0.05314441961266117,0.06186355387531466,1140
2024,night,resolved,0.3,volume,0.5501976284584981,0.2488134302121177,1.1884263833992095,0.6965255397976959,1140
2024,night,resolved,0.35,delta,-0.060347648262188164,-0.2351354738451513,0.10116959064327485,0.24929952890172433,1134
2024,night,resolved,0.35,def_cancel,0.4437366391512104,0.4091829111529643,0.4727921450368521,0.04715287908368257,1134
2024,night,resolved,0.35,att_cancel,0.4785347396406311,0.4442430860850759,0.5111758633642576,0.0496165880498011,1134
2024,night,resolved,0.35,def_refill,0.4648256445924148,0.32075471698113206,0.6327846962041144,0.23130465472422707,1134
2024,night,resolved,0.35,att_refill,0.3932031942598202,0.25323206738500026,0.5296153846153846,0.2048801462048809,1134
2024,night,resolved,0.35,att_eff,-0.0664148844660643,-0.5709356583911241,0.1837195913181797,0.5594182725791726,1137
2024,night,resolved,0.35,def_eff,0.22012537787807596,-0.01760614134169181,0.6291392454948835,0.4794257871286696,1129
2024,night,resolved,0.35,att_large,0.0,0.0,0.0,0.0,1035
2024,night,resolved,0.35,def_large,0.0,0.0,0.0,0.0,1035
2024,night,resolved,0.35,balance,0.01066556802301276,-0.0314312753689585,0.0535611884719754,0.06300405028979533,1140
2024,night,resolved,0.35,volume,0.5439958592132506,0.2593685300207039,1.1602595773791426,0.6678213842538464,1140
2024,night,resolved,0.4,delta,-0.05458543747292185,-0.25342308656119744,0.12737243676302568,0.28227985420624396,1135
2024,night,resolved,0.4,def_cancel,0.44396206843537,0.40953014215970496,0.4747095604319569,0.048316840824501064,1135
2024,night,resolved,0.4,att_cancel,0.47840807690676623,0.44442322793172007,0.5132460706781223,0.051017674385768916,1135
2024,night,resolved,0.4,def_refill,0.461860537738254,0.30810490752929204,0.6209984854206995,0.23194483164670676,1135
2024,night,resolved,0.4,att_refill,0.38706503993546093,0.26508220671415644,0.5381133509533327,0.20239521441006392,1135
2024,night,resolved,0.4,att_eff,-0.1099707840934964,-0.6126891059367129,0.16573171415795093,0.5770354485505291,1137
2024,night,resolved,0.4,def_eff,0.24293945876343345,-0.018114761731754737,0.6323532227280566,0.4821853109412983,1132
2024,night,resolved,0.4,att_large,0.0,0.0,0.0,0.0,1036
2024,night,resolved,0.4,def_large,0.0,0.0,0.0,0.0,1036
2024,night,resolved,0.4,balance,0.012144864315834962,-0.03128754040605142,0.051561431627606014,0.06141510158165859,1140
2024,night,resolved,0.4,volume,0.5589855072463769,0.25336438923395443,1.1088681849551416,0.6341762755531409,1140
2024,night,resolved,0.45,delta,-0.08152915215216966,-0.24708232440343972,0.10787262483198913,0.2631244990625863,1135
2024,night,resolved,0.45,def_cancel,0.4424885668278807,0.4092419913142966,0.47232867994943645,0.04676552159758327,1135
2024,night,resolved,0.45,att_cancel,0.480225961946773,0.444788514303829,0.5112564145034736,0.04927197939187888,1135
2024,night,resolved,0.45,def_refill,0.4564006481742039,0.32146438298836433,0.6269171460635673,0.22642903118992067,1135
2024,night,resolved,0.45,att_refill,0.3832699100135985,0.2544073739781079,0.5339172163623206,0.20719780754945344,1135
2024,night,resolved,0.45,att_eff,-0.1355676016013361,-0.6178682964420095,0.15964554936334352,0.5763631177207954,1137
2024,night,resolved,0.45,def_eff,0.25407089782939285,-0.01781324847511361,0.6378213351340701,0.4860152584204475,1133
2024,night,resolved,0.45,att_large,0.0,0.0,0.0,0.0,1036
2024,night,resolved,0.45,def_large,0.0,0.0,0.0,0.0,1036
2024,night,resolved,0.45,balance,0.011317443614953916,-0.03201209241587466,0.04929627623100001,0.06027306793689746,1140
2024,night,resolved,0.45,volume,0.5276268115942029,0.25892306506321305,1.2008281573498965,0.6982246792340129,1140
2024,night,resolved,0.5,delta,-0.08748473786456903,-0.24871193550692391,0.10471415961205653,0.2619911750326023,1137
2024,night,resolved,0.5,def_cancel,0.44159675446777674,0.40749270700139734,0.47246006250863026,0.04815964085043212,1137
2024,night,resolved,0.5,att_cancel,0.4812984613592345,0.4477240147812065,0.5135219048829677,0.048775307710719924,1137
2024,night,resolved,0.5,def_refill,0.45363742920678735,0.3101851653692306,0.6222288676236045,0.2313148274680311,1137
2024,night,resolved,0.5,att_refill,0.3755067156567968,0.24994032118055556,0.5235831068132565,0.2028486179634551,1137
2024,night,resolved,0.5,att_eff,-0.16200664081908375,-0.6668899464130701,0.14496828235842352,0.6018222600233459,1137
2024,night,resolved,0.5,def_eff,0.2508928138258711,-0.01691734089283136,0.6647373015480822,0.5053036637812555,1135
2024,night,resolved,0.5,att_large,0.0,0.0,0.0,0.0,1038
2024,night,resolved,0.5,def_large,0.0,0.0,0.0,0.0,1038
2024,night,resolved,0.5,balance,0.007302086288921972,-0.03295866938012684,0.04907003209670268,0.06080704334827986,1140
2024,night,resolved,0.5,volume,0.5621750945179586,0.2697245127436282,1.22153868717815,0.7055701811968286,1140
2024,night,resolved,0.55,delta,-0.0711776658830645,-0.26067792357304265,0.1070106833628428,0.2725638301970982,1137
2024,night,resolved,0.55,def_cancel,0.44178489668358006,0.4075080252155201,0.47323808315659466,0.04872502441888403,1137
2024,night,resolved,0.55,att_cancel,0.4788686474108757,0.4476453688354649,0.5135724185402946,0.04887105241277217,1137
2024,night,resolved,0.55,def_refill,0.47053140096618357,0.31186281189159165,0.6275872688890411,0.2340433335785393,1137
2024,night,resolved,0.55,att_refill,0.37530323757409945,0.23808672815877763,0.517264713467173,0.20695180526938126,1137
2024,night,resolved,0.55,att_eff,-0.13228024803023247,-0.6717978695314711,0.1680668498497738,0.6225831870876538,1137
2024,night,resolved,0.55,def_eff,0.2347484794051382,-0.013325873065552541,0.6568227633813603,0.49677437838911254,1135
2024,night,resolved,0.55,att_large,0.0,0.0,0.0,0.0,1038
2024,night,resolved,0.55,def_large,0.0,0.0,0.0,0.0,1038
2024,night,resolved,0.55,balance,0.006121726431224276,-0.03600776688601512,0.047635143425109286,0.06200363996376902,1140
2024,night,resolved,0.55,volume,0.5376435159043855,0.2501827485380117,1.1935041407867495,0.6992745680124076,1140
2024,night,resolved,0.6,delta,-0.07700210643722076,-0.27242170039337515,0.10447580861819555,0.27939029578322516,1137
2024,night,resolved,0.6,def_cancel,0.4417563374776756,0.40528260519128895,0.47090809135947226,0.048647506425636255,1137
2024,night,resolved,0.6,att_cancel,0.4816888192669232,0.44655110080775723,0.5165578758492331,0.05189531137248024,1137
2024,night,resolved,0.6,def_refill,0.48097516518569156,0.31882104434742065,0.6405222724478044,0.23847385329902426,1137
2024,night,resolved,0.6,att_refill,0.37364535802035803,0.24551442686604785,0.5208050923203121,0.20407017453985493,1137
2024,night,resolved,0.6,att_eff,-0.14606907186196375,-0.7031538682013917,0.12292671374843962,0.6123651459969098,1137
2024,night,resolved,0.6,def_eff,0.23965889132063795,-1.5419764230904951e-18,0.6784559164207833,0.5029324806677415,1136
2024,night,resolved,0.6,att_large,0.0,0.0,0.0,0.0,1038
2024,night,resolved,0.6,def_large,0.0,0.0,0.0,0.0,1038
2024,night,resolved,0.6,balance,0.006825174552042449,-0.03666017380414982,0.04801646365995614,0.06276993140408152,1140
2024,night,resolved,0.6,volume,0.5726902173913044,0.26851306489612337,1.2541722408026756,0.7306591370693494,1140
2024,night,resolved,0.65,delta,-0.10402940860774249,-0.28876669285153184,0.08591300731765601,0.2777462566117034,1138
2024,night,resolved,0.65,def_cancel,0.43600313858364714,0.39845782305288613,0.47027710984089954,0.0532389079229158,1138
2024,night,resolved,0.65,att_cancel,0.48675333366371243,0.4505610890194365,0.5196299151868952,0.051200019397671374,1138
2024,night,resolved,0.65,def_refill,0.4957779062147596,0.3304990098743911,0.653879142300195,0.23971840802505842,1138
2024,night,resolved,0.65,att_refill,0.36682570515325574,0.23557753025952824,0.5191731865159857,0.21022657987876756,1138
2024,night,resolved,0.65,att_eff,-0.23322306176082336,-0.7041507965520973,0.07527603841061206,0.5777811971554554,1137
2024,night,resolved,0.65,def_eff,0.2950007055566691,0.0,0.6869790170371246,0.5092505685968307,1136
2024,night,resolved,0.65,att_large,0.0,0.0,0.0,0.0,1039
2024,night,resolved,0.65,def_large,0.0,0.0,0.0,0.0,1039
2024,night,resolved,0.65,balance,0.004320584113551763,-0.03758428466365567,0.04524318572062985,0.061399162627342865,1140
2024,night,resolved,0.65,volume,0.5857110507246377,0.26059782608695653,1.2166666666666666,0.7087241220012676,1140
2024,night,resolved,0.7,delta,-0.11699716632261688,-0.30312114792454936,0.07822386679000924,0.282687186593446,1138
2024,night,resolved,0.7,def_cancel,0.4351923142040697,0.3976677064047753,0.4668399044406693,0.05127664791393182,1138
2024,night,resolved,0.7,att_cancel,0.48905102829890545,0.4557263979774807,0.5256897990659092,0.05186315870157781,1138
2024,night,resolved,0.7,def_refill,0.5028469586380038,0.3328748191648955,0.6511627906976745,0.23594364086936917,1138
2024,night,resolved,0.7,att_refill,0.3550186984010514,0.2258780658638107,0.5043162393162394,0.2064033902538389,1138
2024,night,resolved,0.7,att_eff,-0.24233045613348472,-0.8188324612807976,0.04000144882854901,0.6366448555295379,1138
2024,night,resolved,0.7,def_eff,0.33730488046701457,0.0,0.725039760084495,0.537464610885467,1136
2024,night,resolved,0.7,att_large,0.0,0.0,0.0,0.0,1039
2024,night,resolved,0.7,def_large,0.0,0.0,0.0,0.0,1039
2024,night,resolved,0.7,balance,0.0031385298989699945,-0.03875661168132391,0.04349405760824243,0.06097158583362961,1140
2024,night,resolved,0.7,volume,0.5576397515527951,0.2640075051759834,1.1345224823485693,0.6453039119144448,1140
2024,night,resolved,0.75,delta,-0.13090773741922296,-0.31973945405656184,0.05287660740138127,0.2762165021926932,1138
2024,night,resolved,0.75,def_cancel,0.43143007068823713,0.39617146533082037,0.4631884783845578,0.049679031174008466,1138
2024,night,resolved,0.75,att_cancel,0.49197283386399554,0.45809829869131086,0.5272662935242105,0.05127353212223844,1138
2024,night,resolved,0.75,def_refill,0.5071071633138966,0.3448670377241806,0.6722848765522256,0.24271151877542252,1138
2024,night,resolved,0.75,att_refill,0.3538986948045905,0.2216858374555496,0.49929078014184397,0.20578572474892096,1138
2024,night,resolved,0.75,att_eff,-0.27933274747018133,-0.8687995442480702,0.0178694106345724,0.6572786915364288,1138
2024,night,resolved,0.75,def_eff,0.3743344463517747,0.03542955267666809,0.765515316358419,0.541205162106561,1137
2024,night,resolved,0.75,att_large,0.0,0.0,0.0,0.0,1039
2024,night,resolved,0.75,def_large,0.0,0.0,0.0,0.0,1039
2024,night,resolved,0.75,balance,0.0007324091097349247,-0.0398132942566046,0.039794357594289495,0.059012343847957074,1140
2024,night,resolved,0.75,volume,0.5865036231884059,0.2711609620721554,1.2389483311211111,0.7174109481460014,1140
2024,night,resolved,0.8,delta,-0.14991230077022802,-0.3257712887149612,0.03268949453698967,0.26572333821493765,1139
2024,night,resolved,0.8,def_cancel,0.4260468602655087,0.3918930527049099,0.4585272679005816,0.0493952670093934,1139
2024,night,resolved,0.8,att_cancel,0.498708683138168,0.4619608359269377,0.531630235519171,0.05164521837823075,1139
2024,night,resolved,0.8,def_refill,0.510413129598189,0.35747238719385666,0.6810085298884869,0.23983405685295053,1139
2024,night,resolved,0.8,att_refill,0.3344277528833749,0.2133944977168055,0.4710540796492992,0.19100043138064768,1139
2024,night,resolved,0.8,att_eff,-0.37282559021722506,-0.9111223976933458,0.0,0.6754057803508865,1138
2024,night,resolved,0.8,def_eff,0.40030461993416927,0.06774224048193717,0.8212611582070201,0.5585759212194833,1138
2024,night,resolved,0.8,att_large,0.0,0.0,0.0,0.0,1040
2024,night,resolved,0.8,def_large,0.0,0.0,0.0,0.0,1040
2024,night,resolved,0.8,balance,-0.0023846884956395904,-0.04282435286867651,0.035837045843855206,0.05831089600632448,1140
2024,night,resolved,0.8,volume,0.6177536231884058,0.2954563618925831,1.3061906546726636,0.7492470665530618,1140
2024,night,resolved,0.85,delta,-0.16496931541572507,-0.3375128319288567,0.014788305617991892,0.26115725540907975,1139
2024,night,resolved,0.85,def_cancel,0.4258524273528626,0.39347032693226835,0.45777081560151933,0.04766529923591622,1139
2024,night,resolved,0.85,att_cancel,0.49744603505669,0.46404617288882405,0.5303785031521034,0.049171482774855,1139
2024,night,resolved,0.85,def_refill,0.5157603121121995,0.36234109203801335,0.6835497306137805,0.23810870168700313,1139
2024,night,resolved,0.85,att_refill,0.3145969987714643,0.2012856984629521,0.4762463692186607,0.20382555282113315,1139
2024,night,resolved,0.85,att_eff,-0.40458726392269045,-1.0067305922725232,0.0,0.7462791640270743,1138
2024,night,resolved,0.85,def_eff,0.40943987542590277,0.09966744267882396,0.7864656640881386,0.509116546634036,1138
2024,night,resolved,0.85,att_large,0.0,0.0,0.0,0.0,1040
2024,night,resolved,0.85,def_large,0.0,0.0,0.0,0.0,1040
2024,night,resolved,0.85,balance,-0.006930664614324066,-0.04558781421214149,0.033099209961206015,0.05832989190018347,1140
2024,night,resolved,0.85,volume,0.6230072463768116,0.29869271445358403,1.3666666666666667,0.7916782447836047,1140
2024,night,resolved,0.9,delta,-0.15792304388890208,-0.3288360399856588,0.015969762602619265,0.2556010397244463,1139
2024,night,resolved,0.9,def_cancel,0.42649544170266485,0.39844948065670527,0.45506736539458803,0.04197026296358989,1139
2024,night,resolved,0.9,att_cancel,0.4980822939601452,0.46118066696749616,0.5316185578058261,0.05221489313441806,1139
2024,night,resolved,0.9,def_refill,0.5262993869037621,0.36711184811207886,0.6945174731889503,0.24270246484571642,1139
2024,night,resolved,0.9,att_refill,0.3164792211898518,0.19201731173238526,0.46866661758124634,0.20507732086646482,1139
2024,night,resolved,0.9,att_eff,-0.4312792738158875,-1.0298993594927468,-0.009821962372641298,0.7561730149148299,1138
2024,night,resolved,0.9,def_eff,0.3846626563049932,0.06506905786934132,0.7895973457493736,0.5370854617346421,1139
2024,night,resolved,0.9,att_large,0.0,0.0,0.0,0.0,1040
2024,night,resolved,0.9,def_large,0.0,0.0,0.0,0.0,1040
2024,night,resolved,0.9,balance,-0.008919394394828988,-0.04570682801857692,0.03191987396253455,0.057543885827362105,1140
2024,night,resolved,0.9,volume,0.5920031055900622,0.2920162725654717,1.3977743271221532,0.8196872161280071,1140
2024,night,resolved,0.95,delta,-0.1394191956042913,-0.33042012474463783,0.03154410446449289,0.26832040712315103,1139
2024,night,resolved,0.95,def_cancel,0.4330465027094606,0.4026071906518255,0.4626462543723329,0.04450634819904183,1139
2024,night,resolved,0.95,att_cancel,0.48906940288762357,0.4514881776452225,0.5216412507281769,0.05200376062487356,1139
2024,night,resolved,0.95,def_refill,0.5293163298340431,0.36627007620609153,0.687385280716642,0.23803943996334354,1138
2024,night,resolved,0.95,att_refill,0.3088729142789798,0.1976278039431004,0.4787351535599001,0.20838202343721254,1139
2024,night,resolved,0.95,att_eff,-0.3194562001165442,-0.9309179302592145,0.011306227437150124,0.6984611991818863,1138
2024,night,resolved,0.95,def_eff,0.3201313609473489,0.0,0.7200776998374112,0.5337862860173544,1139
2024,night,resolved,0.95,att_large,0.0,0.0,0.0,0.0,1040
2024,night,resolved,0.95,def_large,0.0,0.0,0.0,0.0,1040
2024,night,resolved,0.95,balance,-0.009327926806705463,-0.04662443987999369,0.0296271082531962,0.056524498245507704,1140
2024,night,resolved,0.95,volume,0.5557323742991085,0.2658141517476556,1.2684200310559006,0.7432215561958821,1140
2024,rth,resolved,-1.0,delta,0.11046931407942238,0.02430489895370289,0.18247050744580748,0.11724655929733477,241
2024,rth,resolved,-1.0,def_cancel,0.46354171853668086,0.44367441653537887,0.4777472329933876,0.025257832808012415,241
2024,rth,resolved,-1.0,att_cancel,0.4292764499496199,0.4101260738355823,0.4453256605324547,0.02609309614297435,241
2024,rth,resolved,-1.0,def_refill,0.4074422186645014,0.3435538203303835,0.47137492418090804,0.09475248617533323,241
2024,rth,resolved,-1.0,att_refill,0.5374312019014829,0.44360005640374967,0.6063102509365269,0.12061541477596534,241
2024,rth,resolved,-1.0,att_eff,0.36772475672547617,0.1312052990338099,0.5771251897030851,0.3305558863374909,256
2024,rth,resolved,-1.0,def_eff,-0.2891053947193125,-0.5912659252020762,-0.049842142061627875,0.40135195192027306,206
2024,rth,resolved,-1.0,att_large,0.0,0.0,0.1226833609210384,0.09094392951893136,220
2024,rth,resolved,-1.0,def_large,0.0,0.0,0.030221162637352948,0.022402640946888767,220
2024,rth,resolved,-1.0,balance,-0.005805927151362066,-0.04263344613852892,0.029719829855600087,0.05363474869839067,399
2024,rth,resolved,-1.0,volume,0.7471098265895955,0.47387348922753547,1.1594247201654841,0.5081921652616372,399
2024,rth,resolved,-0.95,delta,0.105830518696877,0.019891426119976654,0.18038673508385666,0.11897354259739067,303
2024,rth,resolved,-0.95,def_cancel,0.4630180892568215,0.44627977842300615,0.47721687445357575,0.022933355100496367,303
2024,rth,resolved,-0.95,att_cancel,0.43079410858014655,0.41450503341584455,0.44661983324215554,0.023806374963907334,303
2024,rth,resolved,-0.95,def_refill,0.40454225563482016,0.34728945472786393,0.4757113113780651,0.09519781812468582,303
2024,rth,resolved,-0.95,att_refill,0.5305131052127041,0.45645682297644685,0.6099505775394152,0.11378336142547689,303
2024,rth,resolved,-0.95,att_eff,0.3235843967075851,0.11109082774109541,0.5636793782454165,0.335499296148496,315
2024,rth,resolved,-0.95,def_eff,-0.3209510457384711,-0.624733137994424,-0.058662594570082674,0.4196223450143375,280
2024,rth,resolved,-0.95,att_large,0.0,0.0,0.13174002535424864,0.09765754288676697,278
2024,rth,resolved,-0.95,def_large,0.0,0.0,0.08440797341986034,0.06257077347654584,278
2024,rth,resolved,-0.95,balance,-0.004300271318080757,-0.04291259328363986,0.028552743256727957,0.05297652819893835,399
2024,rth,resolved,-0.95,volume,0.8094370444835386,0.518611136199422,1.2557083542766188,0.546402682043882,399
2024,rth,resolved,-0.9,delta,0.0859423173619247,0.017312835980998753,0.16517651713255685,0.10960984518277102,340
2024,rth,resolved,-0.9,def_cancel,0.4614414305342228,0.4440446099102171,0.4757752381477613,0.023521592466674714,340
2024,rth,resolved,-0.9,att_cancel,0.43484863176120236,0.4168478229377011,0.45158134432114994,0.025747606659339378,340
2024,rth,resolved,-0.9,def_refill,0.42379506224004926,0.35219697203919076,0.4852127164859419,0.09860322049425584,340
2024,rth,resolved,-0.9,att_refill,0.5285333568419482,0.45851084759601446,0.6001341261760066,0.10498389813194375,340
2024,rth,resolved,-0.9,att_eff,0.27356165160116597,0.03175154907048061,0.5022539346924547,0.34877864019419874,344
2024,rth,resolved,-0.9,def_eff,-0.28563265568223034,-0.5774315611620251,-0.03411274865614063,0.4027567179435763,323
2024,rth,resolved,-0.9,att_large,0.0,0.0,0.1266014623976951,0.09384837835262795,315
2024,rth,resolved,-0.9,def_large,0.0,0.0,0.03060935755699399,0.022690405898438838,315
2024,rth,resolved,-0.9,balance,-0.003275221653058507,-0.040412633575572426,0.0337736514302215,0.05499353966330165,399
2024,rth,resolved,-0.9,volume,0.8465165804685124,0.5184531735617419,1.304335260115607,0.5825664096025687,399
2024,rth,resolved,-0.85,delta,0.08289947350177818,0.0005653623511162272,0.16322876872244926,0.12058073118705191,352
2024,rth,resolved,-0.85,def_cancel,0.458837406959019,0.4422773142350305,0.47357572343400883,0.023201192882860124,352
2024,rth,resolved,-0.85,att_cancel,0.4384209978490285,0.42214558406628655,0.4532856121138017,0.023083786543747327,352
2024,rth,resolved,-0.85,def_refill,0.42814480203459854,0.3582806138871145,0.49233091409899843,0.09937012617634093,352
2024,rth,resolved,-0.85,att_refill,0.524027336118759,0.4607264720158214,0.5956887075607868,0.10004613457743917,352
2024,rth,resolved,-0.85,att_eff,0.23788698401950203,-0.009670704312321912,0.46577113928665376,0.35244021022904054,358
2024,rth,resolved,-0.85,def_eff,-0.24891635359472103,-0.5041567027732914,0.0,0.373726243716302,344
2024,rth,resolved,-0.85,att_large,0.0,0.0,0.12325382959462863,0.0913668121531717,327
2024,rth,resolved,-0.85,def_large,0.0,0.0,0.022058776032278463,0.016351946651058907,327
2024,rth,resolved,-0.85,balance,-0.0038448350803713884,-0.040217593050893646,0.03155814334300014,0.053206624458038386,399
2024,rth,resolved,-0.85,volume,0.8558803912850155,0.5183474401321222,1.3994129335260115,0.6531249024417267,399
2024,rth,resolved,-0.8,delta,0.06502103855617877,-0.02328148549037573,0.1563961584176337,0.13319321268199366,362
2024,rth,resolved,-0.8,def_cancel,0.45876987843992983,0.4422343881029105,0.4723717562953998,0.02234052497590015,362
2024,rth,resolved,-0.8,att_cancel,0.4396449363284516,0.42069622196956113,0.45620272032177533,0.026320606636185472,362
2024,rth,resolved,-0.8,def_refill,0.4309301383616015,0.3662808080557081,0.5004130397607818,0.0994308611601732,362
2024,rth,resolved,-0.8,att_refill,0.5165278437590954,0.4489884398448567,0.5921733794698155,0.10614154160486199,362
2024,rth,resolved,-0.8,att_eff,0.21816543168014704,-0.01368582548154329,0.4642133762790061,0.35426182487809443,370
2024,rth,resolved,-0.8,def_eff,-0.2163986718984705,-0.5414229754975187,0.03956539309126702,0.4306807773082178,355
2024,rth,resolved,-0.8,att_large,0.0,0.0,0.12502618649465522,0.09268064232368808,335
2024,rth,resolved,-0.8,def_large,0.0,0.0,0.0040610089529833845,0.003665539074964582,335
2024,rth,resolved,-0.8,balance,-0.003172932780423078,-0.03673565601995009,0.032563153803802425,0.05137050394644367,399
2024,rth,resolved,-0.8,volume,0.7939977291494633,0.5088172076790246,1.4052730611753372,0.6645336200862214,399
2024,rth,resolved,-0.75,delta,0.07436398843664077,-0.02887594356206244,0.1556871480415742,0.13681474544376326,370
2024,rth,resolved,-0.75,def_cancel,0.458698432007809,0.44368096464302315,0.4732227291335279,0.021899010000374183,370
2024,rth,resolved,-0.75,att_cancel,0.44242168734704806,0.4232772237469858,0.45640191357237697,0.024554996164115037,370
2024,rth,resolved,-0.75,def_refill,0.43703731838050575,0.36369658651063524,0.5084934533396377,0.10733644687101739,370
2024,rth,resolved,-0.75,att_refill,0.5187253018485087,0.45342499023622457,0.5872337580980108,0.09919108069813658,370
2024,rth,resolved,-0.75,att_eff,0.2139352144642158,-0.04392463092744959,0.45923414076874486,0.37298648754350966,378
2024,rth,resolved,-0.75,def_eff,-0.20282366390242823,-0.5067454088989757,0.044231180263329374,0.4084333500091216,363
2024,rth,resolved,-0.75,att_large,0.0,0.0,0.12256405569412954,0.09085548976584844,342
2024,rth,resolved,-0.75,def_large,0.0,0.0,0.02116070393898212,0.015686214928822922,342
2024,rth,resolved,-0.75,balance,-0.0021676723543167975,-0.037191234001915055,0.03254019171332869,0.05169119771330151,399
2024,rth,resolved,-0.75,volume,0.761227212094264,0.5065631021194604,1.443075626204239,0.6942272231910886,399
2024,rth,resolved,-0.7,delta,0.06767822091953256,-0.015437128402681525,0.1515850214732802,0.12381182348106874,378
2024,rth,resolved,-0.7,def_cancel,0.45763649562376163,0.4440273544452897,0.47315152461761767,0.021589451573260185,378
2024,rth,resolved,-0.7,att_cancel,0.4423417328808211,0.42442187283484145,0.455993002690483,0.023403357935983346,378
2024,rth,resolved,-0.7,def_refill,0.4327995561680975,0.36437505136811227,0.5060419862624216,0.10501626011438793,378
2024,rth,resolved,-0.7,att_refill,0.510056177339278,0.44766585468867837,0.5918745970116668,0.1069004761475081,378
2024,rth,resolved,-0.7,att_eff,0.1962768289901363,-0.04192973176567933,0.46361480783401293,0.3747550330612989,384
2024,rth,resolved,-0.7,def_eff,-0.1883796966602073,-0.5360697270275012,0.07046590993462304,0.4496187079037244,369
2024,rth,resolved,-0.7,att_large,0.0,0.0,0.13110014280974466,0.09718320445496269,350
2024,rth,resolved,-0.7,def_large,0.0,0.0,0.0,0.003665539074964582,350
2024,rth,resolved,-0.7,balance,-0.000449928985052373,-0.03497210545087781,0.03712967525672812,0.05344831779659446,399
2024,rth,resolved,-0.7,volume,0.785216134707213,0.48766056518946693,1.4248404383429674,0.6947219222783546,399
2024,rth,resolved,-0.65,delta,0.07213077710437601,-0.024887844344725546,0.1523042748023116,0.1313507184188563,386
2024,rth,resolved,-0.65,def_cancel,0.46063432193848786,0.4420435769293361,0.4730748540063147,0.02300317055372766,386
2024,rth,resolved,-0.65,att_cancel,0.44197626400655854,0.42539600637262154,0.456139446607047,0.022789800025519266,386
2024,rth,resolved,-0.65,def_refill,0.4367813365896678,0.3662884075069031,0.5084745910393836,0.10540117385654599,386
2024,rth,resolved,-0.65,att_refill,0.5131502085997746,0.4530113003277579,0.5947372447434409,0.10506000327330099,386
2024,rth,resolved,-0.65,att_eff,0.19163779423008329,-0.0422839478944809,0.4286710876505052,0.34911418498516394,386
2024,rth,resolved,-0.65,def_eff,-0.19873491585090478,-0.5210007719631877,0.06057351261379206,0.43111511087989607,374
2024,rth,resolved,-0.65,att_large,0.0,0.0,0.1267681951406065,0.0939719756416653,357
2024,rth,resolved,-0.65,def_large,0.0,0.0,0.0,0.003665539074964582,357
2024,rth,resolved,-0.65,balance,0.00041573323520279447,-0.03276986263934721,0.038980491642390286,0.05318780895606931,399
2024,rth,resolved,-0.65,volume,0.7884152215799615,0.4876047687861272,1.4054973506743738,0.6804244491388041,399
2024,rth,resolved,-0.6,delta,0.061607472579091084,-0.033643598781394404,0.15092360919771544,0.13681779687109702,387
2024,rth,resolved,-0.6,def_cancel,0.45652835184926044,0.4417416323292637,0.4721131677106127,0.022514110734876913,387
2024,rth,resolved,-0.6,att_cancel,0.44420023786464397,0.42682122894884067,0.46117332512737713,0.02546486002856669,387
2024,rth,resolved,-0.6,def_refill,0.44697658927242356,0.3731728049659758,0.5239148194738356,0.11174352446839121,387
2024,rth,resolved,-0.6,att_refill,0.5134911741010995,0.4443820564393207,0.5844539591774045,0.10383387897559955,387
2024,rth,resolved,-0.6,att_eff,0.14931924261053509,-0.10600587544465215,0.39334701700824726,0.3701652279117119,386
2024,rth,resolved,-0.6,def_eff,-0.14686373453219972,-0.48546935647855993,0.12887108709710587,0.4554043317832957,382
2024,rth,resolved,-0.6,att_large,0.0,0.0,0.13085544453260534,0.09700181210719447,358
2024,rth,resolved,-0.6,def_large,0.0,0.0,0.0,0.003665539074964582,358
2024,rth,resolved,-0.6,balance,0.0008847494010377481,-0.03362275966121796,0.04211920466119343,0.056146748941743055,399
2024,rth,resolved,-0.6,volume,0.8101517341040463,0.48734194364161854,1.416420345069189,0.6887163835638032,399
2024,rth,resolved,-0.55,delta,0.05817361265998791,-0.030635753606056866,0.14401099592040317,0.12946386176905858,387
2024,rth,resolved,-0.55,def_cancel,0.45688919346109763,0.44023391482440777,0.47102996031207345,0.022828795765504582,387
2024,rth,resolved,-0.55,att_cancel,0.44513025121616284,0.4288396844497274,0.45919228264330025,0.02250007278989832,387
2024,rth,resolved,-0.55,def_refill,0.44928095469226564,0.373849249984163,0.528728531101726,0.11481043818944625,387
2024,rth,resolved,-0.55,att_refill,0.5079113919623166,0.4423289132013815,0.5848003400633461,0.10561262183985518,387
2024,rth,resolved,-0.55,att_eff,0.14385702912839451,-0.10798366833581098,0.41366879266097983,0.38669567160622004,388
2024,rth,resolved,-0.55,def_eff,-0.16965776170294683,-0.47774142822577303,0.10610008234279247,0.4327957824822576,383
2024,rth,resolved,-0.55,att_large,0.0,0.0,0.12801965035100363,0.09489966667976547,358
2024,rth,resolved,-0.55,def_large,0.0,0.0,0.0,0.003665539074964582,358
2024,rth,resolved,-0.55,balance,0.0026899373145946293,-0.03239841503082485,0.042599094435025735,0.05559489211701304,399
2024,rth,resolved,-0.55,volume,0.8120112206732404,0.5126264450867052,1.3659746593724194,0.6325783649264004,399
2024,rth,resolved,-0.5,delta,0.04743654875650371,-0.04276419646040874,0.1414232125632429,0.136536255762529,387
2024,rth,resolved,-0.5,def_cancel,0.4567009959519322,0.4383929595205667,0.46994702397437527,0.02339070752691515,387
2024,rth,resolved,-0.5,att_cancel,0.4445957238766145,0.4271115530353002,0.4608762916729223,0.025029457848496767,387
2024,rth,resolved,-0.5,def_refill,0.45161604612852424,0.37253226030110087,0.526977730091821,0.11448885825850272,387
2024,rth,resolved,-0.5,att_refill,0.5029213871798791,0.436993990480564,0.5861610582303759,0.11057603243129127,387
2024,rth,resolved,-0.5,att_eff,0.12050332007516922,-0.1527792806710062,0.3652371415022041,0.38400031295271336,389
2024,rth,resolved,-0.5,def_eff,-0.14825799321429387,-0.4604888244626234,0.17152237211593632,0.4685034815259895,384
2024,rth,resolved,-0.5,att_large,0.0,0.0,0.12326467892081097,0.09137485464848849,358
2024,rth,resolved,-0.5,def_large,0.0,0.0,0.0,0.003665539074964582,358
2024,rth,resolved,-0.5,balance,0.004686675543603017,-0.031987671412604494,0.04289583563334942,0.0555103832809147,399
2024,rth,resolved,-0.5,volume,0.8043019119608714,0.5208039115869679,1.3278786784025223,0.5982763282546734,399
2024,rth,resolved,-0.45,delta,0.037832188460009096,-0.04910788489690506,0.13161169268296385,0.13396558753140766,387
2024,rth,resolved,-0.45,def_cancel,0.4528888500209291,0.4370824288895563,0.4686690275766472,0.023414824823640403,387
2024,rth,resolved,-0.45,att_cancel,0.4451537364009315,0.4268746244163952,0.46134065783216505,0.02554932054541873,387
2024,rth,resolved,-0.45,def_refill,0.4453032419322456,0.37579231511005184,0.5256399920969107,0.11108056114667077,387
2024,rth,resolved,-0.45,att_refill,0.5064751338062139,0.4396991820143933,0.5842930107711034,0.10718593681001491,387
2024,rth,resolved,-0.45,att_eff,0.09576161288399612,-0.1359555695827539,0.350177317728232,0.36036537235803257,391
2024,rth,resolved,-0.45,def_eff,-0.08568913910496309,-0.4103859716682781,0.13205701634576533,0.40210747814235986,386
2024,rth,resolved,-0.45,att_large,0.0,0.0,0.1376901877260143,0.10206833782506619,358
2024,rth,resolved,-0.45,def_large,0.0,0.0,0.0,0.003665539074964582,358
2024,rth,resolved,-0.45,balance,0.004062908702370845,-0.03224472854456687,0.04292048804539681,0.05571921170493972,399
2024,rth,resolved,-0.45,volume,0.8074421965317918,0.5043801874907367,1.310061416184971,0.5972433125976534,399
2024,rth,resolved,-0.4,delta,0.04321285479806612,-0.039289234922987935,0.12898265457332928,0.12473824276969402,390
2024,rth,resolved,-0.4,def_cancel,0.45475178444720343,0.43924870108653347,0.46969185052903134,0.022567197511117774,390
2024,rth,resolved,-0.4,att_cancel,0.4445263580360338,0.4254096200360627,0.46015645020386314,0.025757472326019604,390
2024,rth,resolved,-0.4,def_refill,0.4463229431111666,0.37752750832906534,0.5243610975469772,0.10884624849363372,390
2024,rth,resolved,-0.4,att_refill,0.500174489800008,0.4384693238070274,0.5843090172825879,0.10810948367350666,390
2024,rth,resolved,-0.4,att_eff,0.12419275703652277,-0.1353868910278579,0.35112241531967087,0.36064440796703395,391
2024,rth,resolved,-0.4,def_eff,-0.10041712108039688,-0.41832760692047594,0.15276503736340005,0.4233451773787072,386
2024,rth,resolved,-0.4,att_large,0.0,0.0,0.12045981164680651,0.08929563502357785,361
2024,rth,resolved,-0.4,def_large,0.0,0.0,0.0,0.003665539074964582,361
2024,rth,resolved,-0.4,balance,0.004709943386940891,-0.03135084096771644,0.045218138406568076,0.05675980680080394,399
2024,rth,resolved,-0.4,volume,0.7686657032755299,0.48621938697900824,1.3711574200645733,0.6559955767869274,399
2024,rth,resolved,-0.35,delta,0.049682155497981786,-0.041385085970110355,0.12541640005771076,0.12364824761143153,390
2024,rth,resolved,-0.35,def_cancel,0.45708589325084864,0.4373714188507289,0.4710296496752958,0.024950504688337233,390
2024,rth,resolved,-0.35,att_cancel,0.44504989570428716,0.42846384332384385,0.45926163707646467,0.02283009173656102,390
2024,rth,resolved,-0.35,def_refill,0.44600922383374564,0.3772402646648578,0.5236552404030222,0.10853593457239764,390
2024,rth,resolved,-0.35,att_refill,0.5009722145038915,0.43584356655920187,0.5873117958346736,0.11228186010042385,390
2024,rth,resolved,-0.35,att_eff,0.14101961418029207,-0.13633377370060729,0.35841573664926984,0.36675278750917506,391
2024,rth,resolved,-0.35,def_eff,-0.13481105977633104,-0.37938082963308384,0.14332810840585264,0.3874788273083295,387
2024,rth,resolved,-0.35,att_large,0.0,0.0,0.1364270842078961,0.10113201201474878,361
2024,rth,resolved,-0.35,def_large,0.0,0.0,0.011138618164671588,0.008256944525331052,361
2024,rth,resolved,-0.35,balance,0.00662076589703805,-0.027480903498098244,0.04097980761912831,0.050749229886750596,399
2024,rth,resolved,-0.35,volume,0.7717726396917148,0.5066074009083402,1.3928468208092486,0.6569602816166853,399
2024,rth,resolved,-0.3,delta,0.04708094077337649,-0.03883465248095328,0.13191922777240672,0.1265781173116086,391
2024,rth,resolved,-0.3,def_cancel,0.4556394945433887,0.4374351245751791,0.4694248692681538,0.023713672863583928,391
2024,rth,resolved,-0.3,att_cancel,0.446017564751882,0.426305179363295,0.46012671958553897,0.025071564286318744,391
2024,rth,resolved,-0.3,def_refill,0.4459758474228114,0.3763392189533987,0.5229020758166152,0.1086455573485667,391
2024,rth,resolved,-0.3,att_refill,0.5002510319911742,0.4284092354584138,0.5749917953649701,0.10866016301449691,391
2024,rth,resolved,-0.3,att_eff,0.11276065518886294,-0.12984612555631295,0.37618843383702394,0.37511827975784795,391
2024,rth,resolved,-0.3,def_eff,-0.10554252366618969,-0.40442510631756445,0.13963451167266028,0.4033058695257411,388
2024,rth,resolved,-0.3,att_large,0.0,0.0,0.1276273268800536,0.09460884127505827,362
2024,rth,resolved,-0.3,def_large,0.0,0.0,0.030098813485392357,0.0223119447630781,362
2024,rth,resolved,-0.3,balance,0.0077859821623028815,-0.025029941283479937,0.04587648284159325,0.05256221210161096,399
2024,rth,resolved,-0.3,volume,0.7884010540632438,0.5193143021329818,1.3851013676248503,0.6417991590006438,399
2024,rth,resolved,-0.25,delta,0.05027527292984838,-0.0375742500296184,0.13526634956068606,0.12812498116405074,391
2024,rth,resolved,-0.25,def_cancel,0.4563994043788182,0.4402832100982581,0.4718114612529062,0.023371572390398873,391
2024,rth,resolved,-0.25,att_cancel,0.44440967721649044,0.4246529927526354,0.4601812009673883,0.026336699936807182,391
2024,rth,resolved,-0.25,def_refill,0.4510649139906703,0.3822549125221205,0.5235471885471945,0.10473852929953595,391
2024,rth,resolved,-0.25,att_refill,0.5057302571348211,0.4321881739099993,0.5898849158484125,0.11689899328273774,391
2024,rth,resolved,-0.25,att_eff,0.14376704284343692,-0.11948256025153842,0.3917907212568535,0.3790016912590007,391
2024,rth,resolved,-0.25,def_eff,-0.12594586856083842,-0.44676833962565415,0.1436421757593393,0.4376653190400248,389
2024,rth,resolved,-0.25,att_large,0.0,0.0,0.11924712321479751,0.08839668140459415,362
2024,rth,resolved,-0.25,def_large,0.0,0.0,0.03200745075456814,0.023726798187226197,362
2024,rth,resolved,-0.25,balance,0.00973347011456511,-0.023603444375212643,0.04643254982557713,0.05191697123853949,399
2024,rth,resolved,-0.25,volume,0.7774566473988439,0.513169212771814,1.3617592667448157,0.6290511890088968,399
2024,rth,resolved,-0.2,delta,0.050048997433734844,-0.030360994267449846,0.13219162088156206,0.12049860277910444,391
2024,rth,resolved,-0.2,def_cancel,0.45829948423003675,0.44294972883481165,0.4714265612289686,0.021109586652451398,391
2024,rth,resolved,-0.2,att_cancel,0.4434348340468676,0.42144097779572465,0.45758525194413235,0.026793383356862644,391
2024,rth,resolved,-0.2,def_refill,0.4480932820426578,0.37740037535214405,0.5123305249757976,0.1000223496098247,391
2024,rth,resolved,-0.2,att_refill,0.514930173354526,0.44411693755284004,0.5913484297481884,0.10914120992983567,391
2024,rth,resolved,-0.2,att_eff,0.192499253876044,-0.043244195828085016,0.41228516052483477,0.33767928565820593,393
2024,rth,resolved,-0.2,def_eff,-0.15824825311212637,-0.45907446792400874,0.06053055425805274,0.3851779260059759,390
2024,rth,resolved,-0.2,att_large,0.0,0.0,0.11776489992451886,0.08729792433248247,362
2024,rth,resolved,-0.2,def_large,0.0,0.0,0.0,0.003665539074964582,362
2024,rth,resolved,-0.2,balance,0.011255540837792637,-0.023179472962405658,0.0464119453369887,0.0515874116378016,399
2024,rth,resolved,-0.2,volume,0.7891487125591172,0.501204238921002,1.2810485215651402,0.5780906468822373,399
2024,rth,resolved,-0.15,delta,0.04270658008843856,-0.03776419442771801,0.12738424109491775,0.12242285805977446,392
2024,rth,resolved,-0.15,def_cancel,0.45866759161072024,0.442095430740696,0.4716094577056051,0.02187844845434327,392
2024,rth,resolved,-0.15,att_cancel,0.4442935062789157,0.42482758170228296,0.4586194983263503,0.025049604613837904,392
2024,rth,resolved,-0.15,def_refill,0.4404559619265865,0.3757344778669307,0.5159832479844036,0.10396498896773383,392
2024,rth,resolved,-0.15,att_refill,0.5084806506469827,0.43788452192910365,0.5987008373945861,0.1192115014569922,392
2024,rth,resolved,-0.15,att_eff,0.1738535037392221,-0.04743670002568749,0.44688275509467235,0.36643399193503323,393
2024,rth,resolved,-0.15,def_eff,-0.16144086256537898,-0.4965964836363612,0.09877913665266183,0.4413459008814107,390
2024,rth,resolved,-0.15,att_large,0.0,0.0,0.1163368466002075,0.08623932290601001,363
2024,rth,resolved,-0.15,def_large,0.0,0.0,0.025041839976538867,0.01856326165792355,363
2024,rth,resolved,-0.15,balance,0.014097574426110693,-0.02339767662168694,0.04943777558680406,0.05399218102927428,399
2024,rth,resolved,-0.15,volume,0.7656069364161849,0.5095884118431722,1.2576950867052021,0.5545638805500593,399
2024,rth,resolved,-0.1,delta,0.0731654801934293,-0.015866152929742316,0.1578993871676369,0.1288106301685539,392
2024,rth,resolved,-0.1,def_cancel,0.46032434021135743,0.4460628065591443,0.4736307158764411,0.020435811206298594,392
2024,rth,resolved,-0.1,att_cancel,0.4392710052642547,0.4179593598298302,0.4540548777668121,0.026757240872484732,392
2024,rth,resolved,-0.1,def_refill,0.43071950238776735,0.36373263345581486,0.5131327696232661,0.11074880368232119,392
2024,rth,resolved,-0.1,att_refill,0.531160234352617,0.45765437384878493,0.6179914205887977,0.11885622441809697,392
2024,rth,resolved,-0.1,att_eff,0.24564033028923501,0.028390555556545807,0.49993575131321893,0.34955166475661464,393
2024,rth,resolved,-0.1,def_eff,-0.2451802771087329,-0.5637688255923736,0.00944917673657916,0.42492068371308583,390
2024,rth,resolved,-0.1,att_large,0.0,0.0,0.12661699806302665,0.09385989478356312,363
2024,rth,resolved,-0.1,def_large,0.0,0.0,0.007567158531971346,0.005609457770178908,363
2024,rth,resolved,-0.1,balance,0.016228881384053047,-0.02034428829380665,0.052170038150316844,0.05375413376139621,399
2024,rth,resolved,-0.1,volume,0.8190803055326177,0.5333818998920156,1.3188806953417205,0.582282279799633,399
2024,rth,resolved,-0.05,delta,0.11361041830683455,0.024283783079628023,0.1946125462058616,0.1262629823026194,392
2024,rth,resolved,-0.05,def_cancel,0.46592377708950683,0.4497066622571668,0.47883907527042563,0.02159556190753062,392
2024,rth,resolved,-0.05,att_cancel,0.43117877222538475,0.41096479153818444,0.44594106870209316,0.025927559054046496,392
2024,rth,resolved,-0.05,def_refill,0.4033458039299394,0.33802418695746933,0.479867098208951,0.10514670960080184,392
2024,rth,resolved,-0.05,att_refill,0.556006274007426,0.48422191561026806,0.630888501179141,0.10872245038463522,392
2024,rth,resolved,-0.05,att_eff,0.3504949111883266,0.1733886620584144,0.5983194037988605,0.31499684339543815,393
2024,rth,resolved,-0.05,def_eff,-0.42248137416449394,-0.7267302815436735,-0.17292445782017155,0.4105306328565619,391
2024,rth,resolved,-0.05,att_large,0.007201889020070839,0.0,0.1426872035599909,0.10577257491474493,363
2024,rth,resolved,-0.05,def_large,0.0,0.0,0.0,0.003665539074964582,363
2024,rth,resolved,-0.05,balance,0.0265613011591193,-0.011064922261414523,0.0640547719857478,0.055685466454531,399
2024,rth,resolved,-0.05,volume,0.9036127167630058,0.5747832369942196,1.4424579224753484,0.6431984325286352,399
2024,rth,resolved,0.0,delta,0.10017715515317654,0.01841918870843028,0.17882780535316345,0.11890927846162577,393
2024,rth,resolved,0.0,def_cancel,0.4497845772449592,0.43272055349392313,0.4664782585013712,0.025024243889879963,393
2024,rth,resolved,0.0,att_cancel,0.43843336169652125,0.4181988476095611,0.4523230627834888,0.025295934154134708,393
2024,rth,resolved,0.0,def_refill,0.4048068279895297,0.3481694687932609,0.4706444193628176,0.09078943704192491,393
2024,rth,resolved,0.0,att_refill,0.5089431001941371,0.449394595127077,0.5857093564976404,0.10104874823614783,393
2024,rth,resolved,0.0,att_eff,0.12852012027911525,-0.08853141386715037,0.3560781571273399,0.32958455966974814,393
2024,rth,resolved,0.0,def_eff,-0.1741326494469849,-0.4572311534296146,0.03568814710561407,0.3653960715605847,392
2024,rth,resolved,0.0,att_large,0.058888683209720086,0.0,0.18519743453427723,0.1372849774160691,364
2024,rth,resolved,0.0,def_large,0.0,0.0,0.05137546118166786,0.038084107621695965,364
2024,rth,resolved,0.0,balance,0.017439548614269936,-0.0173080905440888,0.05463241228596883,0.053328764143852944,399
2024,rth,resolved,0.0,volume,1.1966907514450866,0.7570533993944398,1.9395773121387283,0.8765929671936904,399
2024,rth,resolved,0.05,delta,-0.01727080770115313,-0.09339447007775241,0.06337598846219329,0.1162123488064831,394
2024,rth,resolved,0.05,def_cancel,0.4396169320188613,0.42075461896880806,0.4551420920863064,0.025491084594142583,394
2024,rth,resolved,0.05,att_cancel,0.4579770171412218,0.4419698514404642,0.469673152115852,0.02053617544506137,394
2024,rth,resolved,0.05,def_refill,0.48834449202172203,0.4076336276466891,0.5540487977430402,0.10853607864814757,394
2024,rth,resolved,0.05,att_refill,0.450526758822172,0.3899824722898214,0.515419172078293,0.09298495165935627,394
2024,rth,resolved,0.05,att_eff,-0.2036049800612004,-0.41068781820350836,0.02193817055453789,0.32070125185918924,393
2024,rth,resolved,0.05,def_eff,0.20226655910056637,-0.019535071343111807,0.3936256547106954,0.3062718502993382,393
2024,rth,resolved,0.05,att_large,0.0,0.0,0.12720102709646236,0.09429282957484238,365
2024,rth,resolved,0.05,def_large,0.0,0.0,0.05443046294424362,0.04034874940270098,365
2024,rth,resolved,0.05,balance,0.013233546132780657,-0.02310832334196504,0.05238158210798424,0.05595990025941385,399
2024,rth,resolved,0.05,volume,0.944054500412882,0.6213024391311964,1.5793652689725899,0.710202245990655,399
2024,rth,resolved,0.1,delta,-0.04408951837230402,-0.12048178803090451,0.034600722347675056,0.11496108997670836,394
2024,rth,resolved,0.1,def_cancel,0.44164124986027586,0.42642976685589873,0.4548114003971749,0.02103901670961909,394
2024,rth,resolved,0.1,att_cancel,0.45904887563527985,0.44503775703792003,0.472669120360301,0.0204828490158495,394
2024,rth,resolved,0.1,def_refill,0.504233151165185,0.43179630416702486,0.5652316550105825,0.09891427045482404,394
2024,rth,resolved,0.1,att_refill,0.4549300590842018,0.38689605329224497,0.5167172451068242,0.09623513107085188,394
2024,rth,resolved,0.1,att_eff,-0.20292038918600078,-0.46873239401872757,0.013824993278133985,0.3577148905091635,394
2024,rth,resolved,0.1,def_eff,0.1992011722514645,-0.0256252791040737,0.44601958946938347,0.3496255512034523,394
2024,rth,resolved,0.1,att_large,0.0,0.0,0.06039773354103301,0.0447722264944648,365
2024,rth,resolved,0.1,def_large,0.0,0.0,0.09330571636884895,0.06916657996208224,365
2024,rth,resolved,0.1,balance,0.010476480041623685,-0.0212308123949274,0.04555241669403531,0.04950572949515398,399
2024,rth,resolved,0.1,volume,0.7730869804569226,0.5453877649325626,1.3699773973617906,0.6112599202588792,399
2024,rth,resolved,0.15,delta,-0.03832865998922937,-0.11782064390600373,0.028121732833452415,0.10818560173421508,394
2024,rth,resolved,0.15,def_cancel,0.4439626718694309,0.42755722375523025,0.4574578652389416,0.022165041870801597,394
2024,rth,resolved,0.15,att_cancel,0.4611126844180963,0.446808642893416,0.47345682675595235,0.01975402806711369,394
2024,rth,resolved,0.15,def_refill,0.5008199248904905,0.4425016461411558,0.5679450953078365,0.09298995490487826,394
2024,rth,resolved,0.15,att_refill,0.4508836897642478,0.38561332479557064,0.514280539828099,0.09537969980172596,394
2024,rth,resolved,0.15,att_eff,-0.18990822155672782,-0.504530350517113,0.07290335843876018,0.42804574422229297,394
2024,rth,resolved,0.15,def_eff,0.1919127940306904,-0.025977534270005976,0.4498116741287011,0.35269770822735885,394
2024,rth,resolved,0.15,att_large,0.0,0.0,0.03633079940219916,0.026931652633209163,365
2024,rth,resolved,0.15,def_large,0.0,0.0,0.07921061564607575,0.05871802494149425,365
2024,rth,resolved,0.15,balance,0.008712363483125228,-0.02389652961881123,0.046979650016226,0.05253979216830039,399
2024,rth,resolved,0.15,volume,0.7498322667217175,0.5026487097683768,1.203398690663864,0.5194588442516584,399
2024,rth,resolved,0.2,delta,-0.041240260314342615,-0.10560268844083084,0.03415221180166714,0.1035988882449948,394
2024,rth,resolved,0.2,def_cancel,0.44592723075504725,0.4273069277061086,0.4603009655349804,0.024458145165953876,394
2024,rth,resolved,0.2,att_cancel,0.4596607114230068,0.4454091161631952,0.47267744974433384,0.020213738755477148,394
2024,rth,resolved,0.2,def_refill,0.5095673852370152,0.44814531493883164,0.5777934697750366,0.0961068605160897,394
2024,rth,resolved,0.2,att_refill,0.45659802819060474,0.38440584247968196,0.5257857758443449,0.10480350879515417,394
2024,rth,resolved,0.2,att_eff,-0.1494052935189606,-0.44456389121455125,0.08465139137971209,0.3923019144508994,395
2024,rth,resolved,0.2,def_eff,0.16730646504387464,-0.07701738338659736,0.41393869129796657,0.3639407521753624,394
2024,rth,resolved,0.2,att_large,0.0,0.0,0.037008043113319254,0.02743368651839826,365
2024,rth,resolved,0.2,def_large,0.0,0.0,0.06665632342637966,0.0494116556162933,365
2024,rth,resolved,0.2,balance,0.008683176650885874,-0.024380064817220427,0.04772047627347439,0.053447398881167396,399
2024,rth,resolved,0.2,volume,0.7170726672171759,0.4791410765895954,1.137451531253366,0.48799885445794705,399
2024,rth,resolved,0.25,delta,-0.039227392248548994,-0.11667787682121225,0.029074861562099534,0.10804502474671,395
2024,rth,resolved,0.25,def_cancel,0.4474706366111099,0.4298427003835895,0.46138747344520253,0.023383819912240932,395
2024,rth,resolved,0.25,att_cancel,0.460608151437024,0.44498236483562964,0.47268776049449357,0.020537728435036273,395
2024,rth,resolved,0.25,def_refill,0.5103004526806947,0.4362754520787938,0.574975063624671,0.10281661345135447,395
2024,rth,resolved,0.25,att_refill,0.4464381949941714,0.38884191435837295,0.518687883970901,0.09625349860083625,395
2024,rth,resolved,0.25,att_eff,-0.14383027830480866,-0.4589424856231745,0.10484046888468004,0.417926578582546,395
2024,rth,resolved,0.25,def_eff,0.15959894410826064,-0.08248513597931785,0.40420346913457145,0.36077732032163773,394
2024,rth,resolved,0.25,att_large,0.0,0.0,0.019877151387769357,0.014734730457946151,365
2024,rth,resolved,0.25,def_large,0.0,0.0,0.06340726633430877,0.0470031625902956,365
2024,rth,resolved,0.25,balance,0.007912958007652992,-0.027230172499918763,0.04323306441510896,0.0522336819236677,399
2024,rth,resolved,0.25,volume,0.7124277456647399,0.4696637847039762,1.1123272925221668,0.47639993166656086,399
2024,rth,resolved,0.3,delta,-0.032808099379817726,-0.10996251002465357,0.034732313785918484,0.10726080341777024,395
2024,rth,resolved,0.3,def_cancel,0.44896084530368957,0.43158699892069524,0.4622858694199421,0.022756760933466905,395
2024,rth,resolved,0.3,att_cancel,0.45883709097833913,0.4441475758978939,0.4733256575283505,0.021629415589663897,395
2024,rth,resolved,0.3,def_refill,0.50451603072976,0.43950172343164223,0.5686017526163901,0.09570054053724825,395
2024,rth,resolved,0.3,att_refill,0.4621747732264837,0.3944109942615499,0.5254433108376271,0.09713292555676588,395
2024,rth,resolved,0.3,att_eff,-0.13109810895787652,-0.4027094791682056,0.11798754719579158,0.3859874176160098,395
2024,rth,resolved,0.3,def_eff,0.1147591705799493,-0.11891776994390149,0.3773176858735968,0.3678543037935495,395
2024,rth,resolved,0.3,att_large,0.0,0.0,0.014138738444471288,0.010480903220512445,365
2024,rth,resolved,0.3,def_large,0.0,0.0,0.06550809674747993,0.04856048684023716,365
2024,rth,resolved,0.3,balance,0.005946574234192954,-0.026489911813321877,0.03877931559906146,0.048383415428008406,399
2024,rth,resolved,0.3,volume,0.6713391136801541,0.4675655956024028,1.127746591077516,0.48938546736479854,399
2024,rth,resolved,0.35,delta,-0.046849933162266474,-0.11701189966613162,0.03505421336949179,0.11272506525991359,395
2024,rth,resolved,0.35,def_cancel,0.44678096366431613,0.43202407795722586,0.46119229111328136,0.021622100189811342,395
2024,rth,resolved,0.35,att_cancel,0.4601894159166206,0.44597094609728105,0.47440357195785915,0.02107681679805641,395
2024,rth,resolved,0.35,def_refill,0.5055467442438472,0.44191419827687156,0.5788317416327939,0.10149558440023898,395
2024,rth,resolved,0.35,att_refill,0.448639625035311,0.38811554386925873,0.531822200618639,0.10652828521080825,395
2024,rth,resolved,0.35,att_eff,-0.16831465089806125,-0.47623872322766353,0.11181468485810354,0.43591801933711427,395
2024,rth,resolved,0.35,def_eff,0.1532582049871259,-0.11103167936081378,0.43911348271965944,0.4078170215570595,395
2024,rth,resolved,0.35,att_large,0.0,0.0,0.034016005713573085,0.02521571958011348,365
2024,rth,resolved,0.35,def_large,0.0,0.0,0.055742658936115394,0.04132146696524492,365
2024,rth,resolved,0.35,balance,0.006211800299469242,-0.024379599097408663,0.04048101546188135,0.04808051486974797,399
2024,rth,resolved,0.35,volume,0.6768260641093011,0.44615618405358287,1.0983562138728322,0.48346925857616707,399
2024,rth,resolved,0.4,delta,-0.026735092919022867,-0.1236911351502316,0.045780912190435744,0.1256279075913027,395
2024,rth,resolved,0.4,def_cancel,0.449895221301511,0.43151583418142025,0.4645781728592971,0.024508775891680382,395
2024,rth,resolved,0.4,att_cancel,0.458231907468648,0.4456370375213463,0.47560570129048374,0.022215466100176003,395
2024,rth,resolved,0.4,def_refill,0.5042668450800548,0.44197056010567615,0.5768549952601556,0.09998846193808707,395
2024,rth,resolved,0.4,att_refill,0.4574767005772619,0.39733614823248237,0.5245715267711915,0.09431829395011793,395
2024,rth,resolved,0.4,att_eff,-0.1119074658053412,-0.47198818443099083,0.16044918526734797,0.46881939933160766,395
2024,rth,resolved,0.4,def_eff,0.12345559787835589,-0.14476620517561428,0.4384483432191254,0.43233102179002203,396
2024,rth,resolved,0.4,att_large,0.0,0.0,0.03740041002984134,0.02772454412886682,365
2024,rth,resolved,0.4,def_large,0.0,0.0,0.025350365581961562,0.01879196855593889,365
2024,rth,resolved,0.4,balance,0.00765772605967947,-0.024916771574229876,0.04162223488222623,0.04932468973792151,399
2024,rth,resolved,0.4,volume,0.6628251445086705,0.46232538535645473,1.0576209796946792,0.4412865784568009,399
2024,rth,resolved,0.45,delta,-0.0423929780954696,-0.13381344044231067,0.037270220538889995,0.12682258041601235,395
2024,rth,resolved,0.45,def_cancel,0.44895606687780004,0.43110875050195363,0.465016431618706,0.025135419656599226,395
2024,rth,resolved,0.45,att_cancel,0.4586040983868901,0.44409265129094433,0.47445189642352953,0.022505000098284062,395
2024,rth,resolved,0.45,def_refill,0.5093102937973734,0.4347064946024903,0.5751206019951793,0.1040875518107406,395
2024,rth,resolved,0.45,att_refill,0.456625791699884,0.38013053943019215,0.5170576801795416,0.10150269885051848,395
2024,rth,resolved,0.45,att_eff,-0.13710312912448006,-0.5003585778650178,0.15567426161650025,0.4863104814540534,395
2024,rth,resolved,0.45,def_eff,0.1380267792261122,-0.12256402841378679,0.41534110299919136,0.3987436111289682,396
2024,rth,resolved,0.45,att_large,0.0,0.0,0.02378658297881113,0.0176327523934849,365
2024,rth,resolved,0.45,def_large,0.0,0.0,0.0625747039177419,0.046385992526124464,365
2024,rth,resolved,0.45,balance,0.008869765134919957,-0.026625568525171023,0.038866686511246584,0.048548743540709864,399
2024,rth,resolved,0.45,volume,0.6743587427745665,0.4398868330247963,1.1106227767896841,0.49720974333942763,399
2024,rth,resolved,0.5,delta,-0.05371924852634651,-0.12704195338932442,0.02483558098965921,0.11258527381688928,395
2024,rth,resolved,0.5,def_cancel,0.4493670507137159,0.4300616013605201,0.4635475700532928,0.02482280851947569,395
2024,rth,resolved,0.5,att_cancel,0.45876091220603055,0.4431569760395077,0.47360605154290686,0.022571590439880763,395
2024,rth,resolved,0.5,def_refill,0.5047833810954098,0.4343220255246185,0.576609711563441,0.10547641663367122,395
2024,rth,resolved,0.5,att_refill,0.4442282615689385,0.3725145740241739,0.5210500016861298,0.11010780404889246,395
2024,rth,resolved,0.5,att_eff,-0.14231933416234901,-0.46537177495580884,0.12171780653719103,0.4352035444722015,395
2024,rth,resolved,0.5,def_eff,0.12397467985758526,-0.1043416772054144,0.38245245603618516,0.36085554725100044,396
2024,rth,resolved,0.5,att_large,0.0,0.0,0.03404284720289514,0.025235616903554588,365
2024,rth,resolved,0.5,def_large,0.0,0.0,0.08440509686452068,0.0625686411152859,365
2024,rth,resolved,0.5,balance,0.007546005217138725,-0.02783842830809898,0.039064562617550334,0.04959450772842796,399
2024,rth,resolved,0.5,volume,0.690599330696684,0.459047318385781,1.1727855405258485,0.5290868955819625,399
2024,rth,resolved,0.55,delta,-0.03811942198950404,-0.11464700498975308,0.025391165943143043,0.10380887393098304,396
2024,rth,resolved,0.55,def_cancel,0.4481735145369668,0.4278889462776377,0.4630291699504026,0.026049090936074815,396
2024,rth,resolved,0.55,att_cancel,0.458494586456703,0.44300113861360274,0.4721874939438657,0.021635548799305397,396
2024,rth,resolved,0.55,def_refill,0.5018102189813084,0.43036349625200404,0.5700130961907328,0.10352083019920591,396
2024,rth,resolved,0.55,att_refill,0.4391537069094541,0.372165794788604,0.5051443591404232,0.09857565926747161,396
2024,rth,resolved,0.55,att_eff,-0.1636611797365218,-0.4678824247203719,0.13106564774874563,0.4439941234018662,395
2024,rth,resolved,0.55,def_eff,0.16369821758933806,-0.10777303455443164,0.38946481093033547,0.36859736507395635,396
2024,rth,resolved,0.55,att_large,0.0,0.0,0.06971784101520694,0.05168112751312597,366
2024,rth,resolved,0.55,def_large,0.0,0.0,0.08182810634679782,0.06065834421556548,366
2024,rth,resolved,0.55,balance,0.002220493310767297,-0.027817987620580773,0.03893955658155134,0.04948668954939371,399
2024,rth,resolved,0.55,volume,0.7324060693641619,0.4532270061203672,1.1501165922228063,0.5165971727964708,399
2024,rth,resolved,0.6,delta,-0.039619545990614596,-0.114169644385709,0.03107863141115339,0.10767107175453106,396
2024,rth,resolved,0.6,def_cancel,0.45021982637248664,0.4315950078309026,0.4658789177721978,0.02541431426337673,396
2024,rth,resolved,0.6,att_cancel,0.4583952994068418,0.44156782656107285,0.47230020036417175,0.0227815965923639,396
2024,rth,resolved,0.6,def_refill,0.4898292295333241,0.41883857084818327,0.5659370704475719,0.1090426238690798,396
2024,rth,resolved,0.6,att_refill,0.44329924342835525,0.3790886738371853,0.5239029465657709,0.10734934968760974,396
2024,rth,resolved,0.6,att_eff,-0.10405418750271497,-0.46721618525336417,0.2007935031492857,0.49518879792635273,395
2024,rth,resolved,0.6,def_eff,0.11603246188074459,-0.18053643224509752,0.4059839272422582,0.43478158598024885,396
2024,rth,resolved,0.6,att_large,0.0,0.0,0.05944965107372896,0.0440694225898658,366
2024,rth,resolved,0.6,def_large,0.0,0.0,0.1067386924479888,0.07912430870866478,366
2024,rth,resolved,0.6,balance,0.002918052934546506,-0.02865308625928082,0.03756573299846561,0.04908733821923383,399
2024,rth,resolved,0.6,volume,0.7003736077823206,0.46847804271034044,1.1130930876685934,0.4778465863293202,399
2024,rth,resolved,0.65,delta,-0.036849847140322675,-0.1312611302228569,0.03964619858007237,0.12669186716303135,396
2024,rth,resolved,0.65,def_cancel,0.4478697242980546,0.4299224887174526,0.46255360631764797,0.024189116086134457,396
2024,rth,resolved,0.65,att_cancel,0.4595656119534287,0.44457403302138904,0.4730146891208007,0.021082769532551265,396
2024,rth,resolved,0.65,def_refill,0.5010353822463294,0.42903877762801174,0.5623599390237842,0.09882962297685137,396
2024,rth,resolved,0.65,att_refill,0.4479744545991723,0.3777535170695115,0.5243128066320435,0.10864291294479764,396
2024,rth,resolved,0.65,att_eff,-0.14425890339898528,-0.5022623052775498,0.14183311922824465,0.47746139696500695,396
2024,rth,resolved,0.65,def_eff,0.12540303459048116,-0.1137777094687248,0.4454781071964108,0.41457065727586034,396
2024,rth,resolved,0.65,att_large,0.0,0.0,0.05184519441641922,0.03843231609816103,366
2024,rth,resolved,0.65,def_large,0.0,0.0,0.0889264133023923,0.06592024707367851,366
2024,rth,resolved,0.65,balance,0.0021510123324458715,-0.028306081147158907,0.034647525655947906,0.046666869387032475,399
2024,rth,resolved,0.65,volume,0.672821665596232,0.4545866449903661,1.0880872435679474,0.46960756010198756,399
2024,rth,resolved,0.7,delta,-0.06150450445108902,-0.1349575637411609,0.016963077920719095,0.112617228807917,396
2024,rth,resolved,0.7,def_cancel,0.44392775309938504,0.42751119456483444,0.4605403557418298,0.024484181747216706,396
2024,rth,resolved,0.7,att_cancel,0.46173590863382735,0.4463111145108439,0.47364974016799355,0.020265845557560915,396
2024,rth,resolved,0.7,def_refill,0.5030515725847587,0.43517716640355586,0.5804745138573943,0.10770744807549183,396
2024,rth,resolved,0.7,att_refill,0.436332860920116,0.36499543551795577,0.5063071364925127,0.10475292881731425,396
2024,rth,resolved,0.7,att_eff,-0.20992990628546832,-0.5319595418180709,0.06648822482752868,0.44362325177583367,397
2024,rth,resolved,0.7,def_eff,0.20721794538906047,-0.046446998033781425,0.45842638067395913,0.3742575083081842,396
2024,rth,resolved,0.7,att_large,0.0,0.0,0.051886306583928954,0.03846279213041435,366
2024,rth,resolved,0.7,def_large,0.0,0.0,0.11979692584178914,0.08880424450836852,366
2024,rth,resolved,0.7,balance,-0.002821605418514535,-0.0287315234681492,0.033144043370205586,0.045867729309380864,399
2024,rth,resolved,0.7,volume,0.7046001926782274,0.44178852083192865,1.122618760895495,0.5046925426712872,399
2024,rth,resolved,0.75,delta,-0.07349054957215663,-0.1534257366732552,0.01160456388972046,0.12233528581391821,396
2024,rth,resolved,0.75,def_cancel,0.44272163409308113,0.42572234108249135,0.46086962891240124,0.026054327524025124,396
2024,rth,resolved,0.75,att_cancel,0.46356145567712254,0.447587554429945,0.47502530250924646,0.020339324002447322,396
2024,rth,resolved,0.75,def_refill,0.5115972249811978,0.4422721978632272,0.5920562708922641,0.11103341217867821,396
2024,rth,resolved,0.75,att_refill,0.43285952254694915,0.3590836207950612,0.4990483503130376,0.10375443255594993,396
2024,rth,resolved,0.75,att_eff,-0.28423063313849634,-0.5756582543954828,0.02542485484028533,0.44557680447425363,397
2024,rth,resolved,0.75,def_eff,0.24267708160439624,-0.031958890932360026,0.48667409635708564,0.3844573664117462,396
2024,rth,resolved,0.75,att_large,0.0,0.0,0.03962792025308457,0.029375774835496346,366
2024,rth,resolved,0.75,def_large,0.0,0.0,0.11471949589652237,0.08504039725464965,366
2024,rth,resolved,0.75,balance,-4.083318512916812e-05,-0.030315332947948203,0.036132987557680116,0.049257465163549535,399
2024,rth,resolved,0.75,volume,0.7710260115606936,0.45946253890618055,1.2884726329703815,0.6145367635761312,399
2024,rth,resolved,0.8,delta,-0.07705530111728495,-0.15868545910841036,0.0064761241131656155,0.12243260431547516,396
2024,rth,resolved,0.8,def_cancel,0.4415672909111269,0.42618025620446687,0.4578359747141051,0.02346606264613656,396
2024,rth,resolved,0.8,att_cancel,0.46203165433761795,0.44624211770670086,0.47629000647141617,0.02227419478481491,396
2024,rth,resolved,0.8,def_refill,0.5146175635805601,0.44815609477412494,0.5865546792745758,0.10259346515971156,396
2024,rth,resolved,0.8,att_refill,0.4258291321022001,0.3594136033097825,0.49260820669764,0.09873580681086545,396
2024,rth,resolved,0.8,att_eff,-0.2818939295049021,-0.5925613069424807,-0.01314082440249254,0.42951851930317875,397
2024,rth,resolved,0.8,def_eff,0.2556005061349481,-0.009221410744465235,0.47194876816986686,0.3566865670232262,396
2024,rth,resolved,0.8,att_large,0.0,0.0,0.0,0.00861817207303541,366
2024,rth,resolved,0.8,def_large,0.0,0.0,0.12143288091093501,0.09001696138690513,366
2024,rth,resolved,0.8,balance,0.0015180530479842506,-0.030365727376478278,0.035373706918465656,0.04873197501478423,399
2024,rth,resolved,0.8,volume,0.7507503334815474,0.49931563023411035,1.3151133548532392,0.6047425682869747,399
2024,rth,resolved,0.85,delta,-0.07855669933116295,-0.16172054739426922,-0.011762484083097366,0.1111623894078368,396
2024,rth,resolved,0.85,def_cancel,0.43910280103376487,0.4216435507901253,0.4567015533646417,0.025988141270953603,396
2024,rth,resolved,0.85,att_cancel,0.46158289718736306,0.44791396177315995,0.47405096393580826,0.019375094264379767,396
2024,rth,resolved,0.85,def_refill,0.5233877976614516,0.4540785689883614,0.5958725940484597,0.10511047076360142,396
2024,rth,resolved,0.85,att_refill,0.42789248194766777,0.36724999793336904,0.49151314746707897,0.09211501077369157,396
2024,rth,resolved,0.85,att_eff,-0.304246572709111,-0.55984833321774,-0.06024484689491529,0.3703509906025387,397
2024,rth,resolved,0.85,def_eff,0.26525112602327,0.04910571249308951,0.48558758918689326,0.3235595824268375,396
2024,rth,resolved,0.85,att_large,0.0,0.0,0.006184953910199227,0.00861817207303541,366
2024,rth,resolved,0.85,def_large,0.0,0.0,0.12745096833715233,0.09447810847824488,366
2024,rth,resolved,0.85,balance,0.0016917198415758797,-0.030149963480123596,0.03542736587224402,0.04861180826713686,399
2024,rth,resolved,0.85,volume,0.8351906402845709,0.490799251295595,1.3232026734104045,0.6170522031985245,399
2024,rth,resolved,0.9,delta,-0.08855496139796946,-0.1586130202678948,-0.020929662995441137,0.10206327447920954,396
2024,rth,resolved,0.9,def_cancel,0.4394977551471326,0.4230390221906247,0.4569569011447414,0.025142979209871526,396
2024,rth,resolved,0.9,att_cancel,0.4596601111647483,0.44413148953880593,0.47223900583429534,0.020835816379161907,396
2024,rth,resolved,0.9,def_refill,0.5322246875136506,0.45718379855490254,0.6059122014377787,0.1102508546203678,396
2024,rth,resolved,0.9,att_refill,0.4240467113254702,0.36163852590186324,0.490955892329474,0.095861650428177,396
2024,rth,resolved,0.9,att_eff,-0.2828234055276209,-0.5905927520641299,-0.012686215718784102,0.4283962463642296,397
2024,rth,resolved,0.9,def_eff,0.2340673767159825,0.011385397333301416,0.45374926219843703,0.3279198405227099,396
2024,rth,resolved,0.9,att_large,0.0,0.0,0.0,0.00861817207303541,366
2024,rth,resolved,0.9,def_large,0.0,0.0,0.14369610663988489,0.10652046452178272,366
2024,rth,resolved,0.9,balance,0.0003529194808574589,-0.029330043784987388,0.03529998247505624,0.0479095821052955,399
2024,rth,resolved,0.9,volume,0.8344125166740775,0.5316130780346822,1.3770926040615346,0.6267453862319143,399
2024,rth,resolved,0.95,delta,-0.0648611915987867,-0.14846841761791527,0.003824116421070226,0.11289290885024869,397
2024,rth,resolved,0.95,def_cancel,0.44417771866709665,0.42589999079101293,0.4584774575892096,0.024149345291472703,397
2024,rth,resolved,0.95,att_cancel,0.4565217276155683,0.4386226422400262,0.4699058474187663,0.023189922297064576,397
2024,rth,resolved,0.95,def_refill,0.5223364423916474,0.45148260426454734,0.5849333428876708,0.098925677259543,397
2024,rth,resolved,0.95,att_refill,0.43965697741804705,0.378213928452199,0.5044840208415885,0.09360273713075576,397
2024,rth,resolved,0.95,att_eff,-0.16397706261462439,-0.4638023892500637,0.06965331749699713,0.39544529781101617,397
2024,rth,resolved,0.95,def_eff,0.14806826962357658,-0.054369050352922506,0.38203679571964155,0.32350322169945445,396
2024,rth,resolved,0.95,att_large,0.0,0.0,0.002783651978766524,0.00861817207303541,367
2024,rth,resolved,0.95,def_large,0.0,0.0,0.13630395568676046,0.10104073809248366,367
2024,rth,resolved,0.95,balance,0.00047162821466916637,-0.03017057668131208,0.035582095354655285,0.04874178801776677,399
2024,rth,resolved,0.95,volume,0.8104746890874058,0.5308712084597985,1.2990909580671333,0.5694734985969865,399
2025,night,resolved,-1.0,delta,0.17391649890886635,0.00931327705755594,0.34408602150537637,0.24816363561736135,486
2025,night,resolved,-1.0,def_cancel,0.492756444476231,0.4611345568806301,0.5272126654829542,0.04898303083938036,486
2025,night,resolved,-1.0,att_cancel,0.4036122227775326,0.36843197474209166,0.4395578060351702,0.052724856407026344,486
2025,night,resolved,-1.0,def_refill,0.23725799376338538,0.159150710196215,0.34804575214665046,0.1400259762419833,486
2025,night,resolved,-1.0,att_refill,0.38803464330808085,0.26053364074094726,0.5402549443509388,0.2073545616085927,486
2025,night,resolved,-1.0,att_eff,0.3735806784025108,0.1472599353999591,0.6525369747865426,0.3745567378699656,540
2025,night,resolved,-1.0,def_eff,-0.23681553222260437,-0.49790945155760447,0.0,0.36909521983514043,424
2025,night,resolved,-1.0,att_large,0.0,0.0,0.30032213910952466,0.22262575174909166,486
2025,night,resolved,-1.0,def_large,0.0,0.0,0.0,0.0,486
2025,night,resolved,-1.0,balance,0.007516670864592874,-0.04204426937772064,0.054749460182274404,0.0717522087175649,1029
2025,night,resolved,-1.0,volume,0.5706521739130435,0.2932065217391304,1.1592391304347827,0.6419811776839528,1029
2025,night,resolved,-0.95,delta,0.16172500152576522,0.007770365401014193,0.3346879184645142,0.2423406620189029,618
2025,night,resolved,-0.95,def_cancel,0.4946186800526704,0.4575740403852323,0.5294245104967762,0.05326202380396137,618
2025,night,resolved,-0.95,att_cancel,0.4089381247957381,0.3709757136147533,0.445988648425829,0.055606326768773716,618
2025,night,resolved,-0.95,def_refill,0.2356688378999592,0.14747474747474748,0.35372118994579,0.15288839323279652,618
2025,night,resolved,-0.95,att_refill,0.38911422172815113,0.2750417143871414,0.5317229257037739,0.19027517517911968,618
2025,night,resolved,-0.95,att_eff,0.37675143172209463,0.12067887043612083,0.7140994017188549,0.43989661325628915,673
2025,night,resolved,-0.95,def_eff,-0.2939515080307098,-0.6912696391530587,0.0,0.5124311631972266,539
2025,night,resolved,-0.95,att_large,0.0,0.0,0.27224715052520904,0.20181404783188217,618
2025,night,resolved,-0.95,def_large,0.0,0.0,0.0,0.0,618
2025,night,resolved,-0.95,balance,0.010293686587385548,-0.04026836400827242,0.0569425785052863,0.07206148444296422,1029
2025,night,resolved,-0.95,volume,0.6725543478260869,0.3294836956521739,1.3277260179434092,0.7399868956940218,1029
2025,night,resolved,-0.9,delta,0.1562648931853211,-0.02714548326078304,0.32223596081344547,0.2589929162892724,715
2025,night,resolved,-0.9,def_cancel,0.4861299796308248,0.45094833224327424,0.5277070609484162,0.05690046605273684,715
2025,night,resolved,-0.9,att_cancel,0.4159513443278392,0.37652207453278047,0.45170781057712245,0.055734422568081525,715
2025,night,resolved,-0.9,def_refill,0.25462163791436543,0.15911782472843342,0.3536700362081459,0.14421957856168457,715
2025,night,resolved,-0.9,att_refill,0.40400339461066015,0.2792805094846075,0.5558811972368634,0.2050412807652008,715
2025,night,resolved,-0.9,att_eff,0.3338910269247946,0.08478561698131853,0.68945537860822,0.44823555346693955,771
2025,night,resolved,-0.9,def_eff,-0.24204232138606188,-0.6794573312227954,0.0228131510186904,0.520585976457736,643
2025,night,resolved,-0.9,att_large,0.0,0.0,0.23947083107365533,0.177517295087958,715
2025,night,resolved,-0.9,def_large,0.0,0.0,0.0,0.0,715
2025,night,resolved,-0.9,balance,0.011956584091673429,-0.0385860426697771,0.06029017488380449,0.07329593591814795,1029
2025,night,resolved,-0.9,volume,0.7294685990338164,0.35726902173913044,1.384387351778656,0.7613923869825987,1029
2025,night,resolved,-0.85,delta,0.14193980382400984,-0.03803354902975649,0.3055401072393805,0.25468766217133953,776
2025,night,resolved,-0.85,def_cancel,0.4865403856489229,0.4488387112762263,0.5237820425419437,0.05555473036747027,776
2025,night,resolved,-0.85,att_cancel,0.4208388909725963,0.3798185438836351,0.4509920988740401,0.05276023349918829,776
2025,night,resolved,-0.85,def_refill,0.2546497305788846,0.1488432627862899,0.36519561137807577,0.1603797988078472,776
2025,night,resolved,-0.85,att_refill,0.4066003802845908,0.28041997034626176,0.5396175767904874,0.19214055333152383,776
2025,night,resolved,-0.85,att_eff,0.3391043188003748,0.0804221765624416,0.645405067172506,0.4188160790289581,828
2025,night,resolved,-0.85,def_eff,-0.2366305293007748,-0.6098439458117473,0.033041225087894685,0.47656424825770344,699
2025,night,resolved,-0.85,att_large,0.0,0.0,0.246695965715396,0.18287321402179096,776
2025,night,resolved,-0.85,def_large,0.0,0.0,0.0,0.0,776
2025,night,resolved,-0.85,balance,0.013794966318331386,-0.038060788488764166,0.061672632366246954,0.07393137202002308,1029
2025,night,resolved,-0.85,volume,0.7104743083003953,0.33695652173913043,1.4096215780998391,0.7951557126469302,1029
2025,night,resolved,-0.8,delta,0.11582748466139174,-0.05617004117244079,0.2906300165280926,0.25707936078616267,818
2025,night,resolved,-0.8,def_cancel,0.4800015109257217,0.443926567685139,0.5170269897391875,0.0541886004848395,818
2025,night,resolved,-0.8,att_cancel,0.42323598010805497,0.3864174280019582,0.4558863055408361,0.05149657341651436,818
2025,night,resolved,-0.8,def_refill,0.24755113229266823,0.15384615384615385,0.3743056982495116,0.16342442135163657,818
2025,night,resolved,-0.8,att_refill,0.3952898974271675,0.28514058194873504,0.5344913151364764,0.1848411661880959,818
2025,night,resolved,-0.8,att_eff,0.30225190366052607,0.0070759945147343,0.6488982200867347,0.4757762976812457,870
2025,night,resolved,-0.8,def_eff,-0.16267872644434173,-0.5770685426371465,0.09566679331485001,0.4986918724625623,746
2025,night,resolved,-0.8,att_large,0.0,0.0,0.1699556541019956,0.12598640037212425,818
2025,night,resolved,-0.8,def_large,0.0,0.0,0.0,0.0,818
2025,night,resolved,-0.8,balance,0.012971324677623896,-0.0369533318019964,0.06315691544517472,0.07421070959760648,1029
2025,night,resolved,-0.8,volume,0.6793478260869565,0.337675983436853,1.4046648550724636,0.7909480145556788,1029
2025,night,resolved,-0.75,delta,0.11329689467202508,-0.07113488500684333,0.28881992305528703,0.2668308436338995,852
2025,night,resolved,-0.75,def_cancel,0.4757818042639498,0.44184131832194423,0.5119146082025683,0.051944618147238,852
2025,night,resolved,-0.75,att_cancel,0.42573227628537513,0.388522392178339,0.4585395953351476,0.0519030416284719,852
2025,night,resolved,-0.75,def_refill,0.261147184025402,0.16269708421847187,0.38347586634234104,0.1636610690317785,852
2025,night,resolved,-0.75,att_refill,0.3992122570612707,0.2772449689484144,0.5352682627749904,0.1912700473139926,852
2025,night,resolved,-0.75,att_eff,0.2833157773984162,0.0,0.5818083074770093,0.4312885896790284,901
2025,night,resolved,-0.75,def_eff,-0.14627697210914886,-0.5623956026586004,0.10136639563400571,0.4920400283859201,786
2025,night,resolved,-0.75,att_large,0.0,0.0,0.153033492853166,0.11344217409426686,852
2025,night,resolved,-0.75,def_large,0.0,0.0,0.0,0.0,852
2025,night,resolved,-0.75,balance,0.014283968244898748,-0.03535822679840382,0.06521467292096526,0.07455366917670059,1029
2025,night,resolved,-0.75,volume,0.6599378881987578,0.3211477467952954,1.393864966555184,0.795194380844988,1029
2025,night,resolved,-0.7,delta,0.07993122581021742,-0.09322572238742372,0.26666218443405365,0.2667812504236304,879
2025,night,resolved,-0.7,def_cancel,0.47272934830282776,0.4348692729386005,0.5077456109846211,0.054022489285411875,879
2025,night,resolved,-0.7,att_cancel,0.430176417235273,0.39230213367849637,0.4647383335014699,0.05369621929056602,879
2025,night,resolved,-0.7,def_refill,0.27626920470565386,0.1722662123419871,0.4024624520071625,0.1706421346665496,879
2025,night,resolved,-0.7,att_refill,0.39215686274509803,0.26148608760472164,0.5274110497840395,0.19712747381713705,879
2025,night,resolved,-0.7,att_eff,0.23099264971620323,-0.031223563792490458,0.5445171278409024,0.42679072767486503,917
2025,night,resolved,-0.7,def_eff,-0.09999804756108002,-0.47154550055233796,0.16308320468667017,0.4704438141134234,817
2025,night,resolved,-0.7,att_large,0.0,0.0,0.11109514626463779,0.08235370368023558,879
2025,night,resolved,-0.7,def_large,0.0,0.0,0.0,0.0,879
2025,night,resolved,-0.7,balance,0.013612137148811472,-0.03625282606329013,0.06421133503343188,0.07447306234004597,1029
2025,night,resolved,-0.7,volume,0.6621561668145519,0.3144625603864734,1.3364769820971867,0.7576089115720632,1029
2025,night,resolved,-0.65,delta,0.098644371058542,-0.07604829052814024,0.2533917973989646,0.24421059149525937,911
2025,night,resolved,-0.65,def_cancel,0.4746737973872486,0.4371495526763039,0.5072495060125974,0.05196438349614051,911
2025,night,resolved,-0.65,att_cancel,0.4340571768842509,0.3934941271862079,0.46396060541093304,0.05223608467362871,911
2025,night,resolved,-0.65,def_refill,0.2768664084453558,0.17399388752233305,0.40523462012068884,0.17141640667038976,911
2025,night,resolved,-0.65,att_refill,0.3903188096719094,0.27506606765327696,0.5160726822715964,0.17865575583270532,911
2025,night,resolved,-0.65,att_eff,0.22935923050012044,-0.021720345680807773,0.5599842019217538,0.4312116735378514,938
2025,night,resolved,-0.65,def_eff,-0.1142755466943122,-0.5258230365744312,0.14779937435954715,0.49934945213786386,853
2025,night,resolved,-0.65,att_large,0.0,0.0,0.07454234370340436,0.055257482359825326,911
2025,night,resolved,-0.65,def_large,0.0,0.0,0.0,0.0,911
2025,night,resolved,-0.65,balance,0.013990316685340601,-0.034691173540527066,0.06411827209332532,0.07324643857216634,1029
2025,night,resolved,-0.65,volume,0.6463768115942029,0.30837538819875776,1.3459527338603425,0.769145549044911,1029
2025,night,resolved,-0.6,delta,0.09458006302194058,-0.08844062627667798,0.2541370331540664,0.25394933983005513,929
2025,night,resolved,-0.6,def_cancel,0.46949280386164793,0.4345534420307252,0.5054529888374842,0.052557114015388456,929
2025,night,resolved,-0.6,att_cancel,0.43550109583211144,0.3968714821171848,0.46596704185148136,0.051219836719270974,929
2025,night,resolved,-0.6,def_refill,0.27855086090380204,0.1768151254104228,0.4079052058736252,0.17130472977257408,929
2025,night,resolved,-0.6,att_refill,0.3884712627797734,0.26342194874821345,0.5392315291545425,0.2044548409238911,929
2025,night,resolved,-0.6,att_eff,0.2247682670209939,-0.03616723964351812,0.5687308961941949,0.44840484495012084,959
2025,night,resolved,-0.6,def_eff,-0.10834226993481162,-0.5255817924338734,0.16608534330714042,0.5127258233810332,883
2025,night,resolved,-0.6,att_large,0.0,0.0,0.08076368770151489,0.05986930148370266,929
2025,night,resolved,-0.6,def_large,0.0,0.0,0.0,0.0,929
2025,night,resolved,-0.6,balance,0.014556525412943147,-0.03360358325060899,0.061634828291005916,0.0705992672658376,1029
2025,night,resolved,-0.6,volume,0.6793478260869565,0.32110507246376807,1.3890545076726342,0.7916600705773655,1029
2025,night,resolved,-0.55,delta,0.07420212174723391,-0.07844357152484352,0.232855307437474,0.2307626975258099,936
2025,night,resolved,-0.55,def_cancel,0.47160097413468083,0.4374776026064835,0.5055487085944779,0.05046041956115224,936
2025,night,resolved,-0.55,att_cancel,0.4342473025140354,0.3979627530804837,0.46593634659454775,0.050388134554532296,936
2025,night,resolved,-0.55,def_refill,0.2788933436705086,0.17935098037357003,0.41549225933685097,0.1750491319223728,936
2025,night,resolved,-0.55,att_refill,0.3856068391598748,0.2730974808267872,0.5242178047472641,0.1861529458268917,936
2025,night,resolved,-0.55,att_eff,0.23222404977632238,-0.04435490778717133,0.5515142282271234,0.4417117390765713,970
2025,night,resolved,-0.55,def_eff,-0.1124791205317201,-0.5231830611498652,0.14425592917614516,0.49476574523796174,901
2025,night,resolved,-0.55,att_large,0.0,0.0,0.0,0.0,936
2025,night,resolved,-0.55,def_large,0.0,0.0,0.0,0.0,936
2025,night,resolved,-0.55,balance,0.01472023843703945,-0.03547883910035447,0.0626459959436724,0.07273894369460851,1029
2025,night,resolved,-0.55,volume,0.641304347826087,0.32608695652173914,1.2872913431677018,0.7125310501452651,1029
2025,night,resolved,-0.5,delta,0.07499797115202976,-0.08880641849842129,0.23129718599862734,0.23728955114681144,954
2025,night,resolved,-0.5,def_cancel,0.47251796472639035,0.43575666150967624,0.5043877250135288,0.05087551038091369,954
2025,night,resolved,-0.5,att_cancel,0.4346579508051691,0.39931646920406233,0.4658403259620018,0.04931345942026648,954
2025,night,resolved,-0.5,def_refill,0.2887948023917204,0.18496534709035492,0.4104865020048046,0.1671765418194586,954
2025,night,resolved,-0.5,att_refill,0.39021956974855526,0.2683767397477075,0.5376083887880622,0.1995786872056002,954
2025,night,resolved,-0.5,att_eff,0.2164552456557354,-0.05482233084346903,0.544483307051363,0.4442591830206316,982
2025,night,resolved,-0.5,def_eff,-0.13489121116311723,-0.4939877427778429,0.16495733362910558,0.4884692931111553,913
2025,night,resolved,-0.5,att_large,0.0,0.0,0.03637969481640444,0.026967898307193806,954
2025,night,resolved,-0.5,def_large,0.0,0.0,0.0,0.0,954
2025,night,resolved,-0.5,balance,0.015587471877192543,-0.0345265749717435,0.06447424646361236,0.0733883035102712,1029
2025,night,resolved,-0.5,volume,0.6501358695652174,0.30493012422360244,1.239470108695652,0.6927649996086358,1029
2025,night,resolved,-0.45,delta,0.07930449446028728,-0.09231411809335036,0.2391667472302462,0.2457233990538151,968
2025,night,resolved,-0.45,def_cancel,0.4684332578465955,0.4340702664280447,0.5002037721783221,0.04902409618256296,968
2025,night,resolved,-0.45,att_cancel,0.438296967251942,0.40240875508441915,0.4701007747703376,0.050179406735299095,968
2025,night,resolved,-0.45,def_refill,0.287543805121615,0.18660623743835186,0.4161949336362789,0.17019176886428988,968
2025,night,resolved,-0.45,att_refill,0.3890694552802888,0.2637384096027941,0.5383043265411076,0.203532925825288,968
2025,night,resolved,-0.45,att_eff,0.18740368756803752,-0.08152174325599117,0.4955173063292385,0.4277531872388656,990
2025,night,resolved,-0.45,def_eff,-0.09100671591570901,-0.4663677693170135,0.15852852026010722,0.4632292732224765,921
2025,night,resolved,-0.45,att_large,0.0,0.0,0.06245511401041355,0.0462973417423377,968
2025,night,resolved,-0.45,def_large,0.0,0.0,0.0,0.0,968
2025,night,resolved,-0.45,balance,0.01582821775380794,-0.03376441321758147,0.06399441976696293,0.07246763008491061,1029
2025,night,resolved,-0.45,volume,0.6551383399209486,0.31009615384615385,1.2225241545893721,0.676373610632482,1029
2025,night,resolved,-0.4,delta,0.06306306306306306,-0.09566663117027095,0.22378217083533206,0.23680415270986138,977
2025,night,resolved,-0.4,def_cancel,0.46534450832080165,0.43327630452358146,0.4986106040683232,0.04843165273887453,977
2025,night,resolved,-0.4,att_cancel,0.43822373649350166,0.4011347390972262,0.471912249930101,0.052466649987305276,977
2025,night,resolved,-0.4,def_refill,0.2896033088560099,0.1963197570592607,0.4187960167381747,0.16491939190430985,977
2025,night,resolved,-0.4,att_refill,0.38024260246734354,0.262109645596552,0.5191089495977649,0.19051097405575457,977
2025,night,resolved,-0.4,att_eff,0.19240276560881958,-0.09884633057385497,0.5227392927156955,0.4607751099255378,997
2025,night,resolved,-0.4,def_eff,-0.07820490359831812,-0.45780969109310793,0.19064231303250956,0.4806908851931931,938
2025,night,resolved,-0.4,att_large,0.0,0.0,0.0,0.0,977
2025,night,resolved,-0.4,def_large,0.0,0.0,0.0,0.0,977
2025,night,resolved,-0.4,balance,0.01623944078017524,-0.0334376134013211,0.06670266856186348,0.07423297402756455,1029
2025,night,resolved,-0.4,volume,0.6268115942028986,0.29605978260869564,1.2886257763975155,0.7357790910221051,1029
2025,night,resolved,-0.35,delta,0.06312748120388473,-0.08764721869968235,0.23308130427528656,0.23775279686802736,988
2025,night,resolved,-0.35,def_cancel,0.46929669062356105,0.436496428654348,0.5008957682427294,0.0477385764183702,988
2025,night,resolved,-0.35,att_cancel,0.4397419848911598,0.3996508056152409,0.46942955108131623,0.05172627536402915,988
2025,night,resolved,-0.35,def_refill,0.2864678777920586,0.18617584944577698,0.4232299594782963,0.17572580432358734,988
2025,night,resolved,-0.35,att_refill,0.3803636275196347,0.2519594595521157,0.5293336082969062,0.20561463954395148,988
2025,night,resolved,-0.35,att_eff,0.17549616108075008,-0.07828521052078848,0.5354750884736104,0.4549742764969599,1005
2025,night,resolved,-0.35,def_eff,-0.1032381230617245,-0.48980724791607094,0.1795627719809239,0.4961971978480318,962
2025,night,resolved,-0.35,att_large,0.0,0.0,0.0,0.0,988
2025,night,resolved,-0.35,def_large,0.0,0.0,0.0,0.0,988
2025,night,resolved,-0.35,balance,0.017696280869882553,-0.031866734658265505,0.06705158050091148,0.07332714244564639,1029
2025,night,resolved,-0.35,volume,0.6105072463768116,0.31027933613838243,1.2262228260869565,0.678979607078261,1029
2025,night,resolved,-0.3,delta,0.06866777985771692,-0.09218185772407271,0.23522605786144074,0.2427041627765111,994
2025,night,resolved,-0.3,def_cancel,0.4688772625784895,0.4355623059866406,0.4998044191632318,0.04762202607604984,994
2025,night,resolved,-0.3,att_cancel,0.43716156699513753,0.40214926607213447,0.4689444123440585,0.0495145635818562,994
2025,night,resolved,-0.3,def_refill,0.29246454033796637,0.1884684684684685,0.4240596035827452,0.17464131587418585,994
2025,night,resolved,-0.3,att_refill,0.3872590466743361,0.25887720275180437,0.5316441672472574,0.20219938064896442,994
2025,night,resolved,-0.3,att_eff,0.1787937419614348,-0.06251162426430909,0.5011377253463313,0.4178275386290885,1009
2025,night,resolved,-0.3,def_eff,-0.10123532367778404,-0.47725787966291794,0.1545058343454237,0.4683200252100383,966
2025,night,resolved,-0.3,att_large,0.0,0.0,0.0,0.0,994
2025,night,resolved,-0.3,def_large,0.0,0.0,0.0,0.0,994
2025,night,resolved,-0.3,balance,0.017323034317787003,-0.032747494223109366,0.06892628728710701,0.07536974166806255,1029
2025,night,resolved,-0.3,volume,0.6032608695652174,0.3097826086956522,1.2590928093645486,0.703714010873904,1029
2025,night,resolved,-0.25,delta,0.07591855090617061,-0.0901139423717321,0.24212720294355708,0.2462869868905035,999
2025,night,resolved,-0.25,def_cancel,0.4698643994656473,0.4376542760482399,0.5018937887863354,0.04762009839740213,999
2025,night,resolved,-0.25,att_cancel,0.4349054669038864,0.3980884752465841,0.4688063455039877,0.05242243903439853,999
2025,night,resolved,-0.25,def_refill,0.2938921205711264,0.19161284194528874,0.431120271417318,0.17754442510899132,999
2025,night,resolved,-0.25,att_refill,0.38369230769230767,0.26268160723037304,0.5387584178045426,0.2046529359334096,999
2025,night,resolved,-0.25,att_eff,0.2132664386319179,-0.04321078458287113,0.5094540570300764,0.4096848344054466,1010
2025,night,resolved,-0.25,def_eff,-0.12386003538418616,-0.48670682133903315,0.1671706230959291,0.48471270899552427,970
2025,night,resolved,-0.25,att_large,0.0,0.0,0.0,0.0,999
2025,night,resolved,-0.25,def_large,0.0,0.0,0.0,0.0,999
2025,night,resolved,-0.25,balance,0.02022715390778911,-0.0313344570298001,0.06761822570751223,0.07335261878229232,1029
2025,night,resolved,-0.25,volume,0.6281464530892449,0.31167484620170044,1.2377717391304348,0.6865062215928349,1029
2025,night,resolved,-0.2,delta,0.08247202043811219,-0.08163406719402015,0.24571689630203364,0.24266194477098132,1004
2025,night,resolved,-0.2,def_cancel,0.4718525229454971,0.43865641865305377,0.5039291173210332,0.048385988634528844,1004
2025,night,resolved,-0.2,att_cancel,0.432045036081657,0.3961667006462466,0.46555690677680556,0.05143825510048848,1004
2025,night,resolved,-0.2,def_refill,0.2873922522045417,0.18400788739559648,0.42374141982793145,0.17771203293723867,1004
2025,night,resolved,-0.2,att_refill,0.3834898225107636,0.2707633629109538,0.5321176577689882,0.19373928455006256,1004
2025,night,resolved,-0.2,att_eff,0.22053629291148275,-0.007338983151261467,0.5495374303573184,0.4128068298803409,1012
2025,night,resolved,-0.2,def_eff,-0.15526477184185244,-0.5112650125775827,0.1268885525054041,0.47305675691844834,978
2025,night,resolved,-0.2,att_large,0.0,0.0,0.0,0.0,1004
2025,night,resolved,-0.2,def_large,0.0,0.0,0.0,0.0,1004
2025,night,resolved,-0.2,balance,0.018318407845205758,-0.030808562829805878,0.06737830408247368,0.07278492728856899,1029
2025,night,resolved,-0.2,volume,0.6195652173913043,0.3125,1.261778166644232,0.7036902643767473,1029
2025,night,resolved,-0.15,delta,0.09175968209891289,-0.06338201796803421,0.2501072167997634,0.23238638603987963,1010
2025,night,resolved,-0.15,def_cancel,0.4754111689733387,0.4430941604135093,0.5079673003328637,0.048089799791960305,1010
2025,night,resolved,-0.15,att_cancel,0.4283772528602606,0.392295759688854,0.46145550170426475,0.051267414392446815,1010
2025,night,resolved,-0.15,def_refill,0.27896699193610935,0.17339495310707473,0.410927343668047,0.17608034882206988,1010
2025,night,resolved,-0.15,att_refill,0.39689383677724155,0.27199803903545056,0.538309440034665,0.19741393698978088,1010
2025,night,resolved,-0.15,att_eff,0.25236906632923617,0.0,0.5706459942945573,0.4230140802776555,1012
2025,night,resolved,-0.15,def_eff,-0.19595263957418943,-0.5729096888383134,0.06789424790285144,0.4750214505123535,985
2025,night,resolved,-0.15,att_large,0.0,0.0,0.0,0.0,1010
2025,night,resolved,-0.15,def_large,0.0,0.0,0.0,0.0,1010
2025,night,resolved,-0.15,balance,0.02299936071206144,-0.028022782417979793,0.07119631984031846,0.0735501128675302,1029
2025,night,resolved,-0.15,volume,0.624505928853755,0.31266983695652173,1.2588315217391304,0.7013800480226899,1029
2025,night,resolved,-0.1,delta,0.10711310090813747,-0.05033531480129287,0.2594530157914895,0.22964294336010554,1016
2025,night,resolved,-0.1,def_cancel,0.48092743272843963,0.4487412220994039,0.5121463146081795,0.0470015511555045,1016
2025,night,resolved,-0.1,att_cancel,0.4238852640026697,0.38766653821414454,0.4555946835023337,0.05035444424624843,1016
2025,night,resolved,-0.1,def_refill,0.2679279510057888,0.18286107988955533,0.3981928700663238,0.15962326921925019,1016
2025,night,resolved,-0.1,att_refill,0.40824886742254957,0.2737668006966275,0.5531889037503976,0.20713276727484814,1016
2025,night,resolved,-0.1,att_eff,0.3169292737819672,0.03954595713878487,0.628039350588544,0.436244176019095,1016
2025,night,resolved,-0.1,def_eff,-0.26953063798758875,-0.6374822246741659,0.01667731464482663,0.48492182306819315,989
2025,night,resolved,-0.1,att_large,0.0,0.0,0.02325695260477869,0.017240142775966413,1016
2025,night,resolved,-0.1,def_large,0.0,0.0,0.0,0.0,1016
2025,night,resolved,-0.1,balance,0.024194292974759612,-0.025200255265960828,0.07398472148231383,0.07352481597351716,1029
2025,night,resolved,-0.1,volume,0.631578947368421,0.32061141304347823,1.2816596145400494,0.7124152716801861,1029
2025,night,resolved,-0.05,delta,0.16275011805033882,0.0070351796729381496,0.31108684532463593,0.22539041189896056,1020
2025,night,resolved,-0.05,def_cancel,0.49426747408682475,0.4632609374673491,0.5243147050674686,0.04525853787999962,1020
2025,night,resolved,-0.05,att_cancel,0.40808720952186084,0.3733185393800855,0.4398833618219588,0.049343826865732604,1020
2025,night,resolved,-0.05,def_refill,0.2586747067615866,0.16715135791027552,0.3756238229755179,0.15453852117512407,1020
2025,night,resolved,-0.05,att_refill,0.4193043859336901,0.283937502630468,0.5732989777107425,0.21450072281710483,1020
2025,night,resolved,-0.05,att_eff,0.41889909764451094,0.19280149862601748,0.7254993338622053,0.3948834953566997,1023
2025,night,resolved,-0.05,def_eff,-0.44139129027133023,-0.8434320100553951,-0.13886391860854821,0.5222891708279073,995
2025,night,resolved,-0.05,att_large,0.0,0.0,0.1435026267445964,0.10637703984032351,1020
2025,night,resolved,-0.05,def_large,0.0,0.0,0.0,0.0,1020
2025,night,resolved,-0.05,balance,0.03320752912772314,-0.021507718633336278,0.08272357005563127,0.07726559576646964,1029
2025,night,resolved,-0.05,volume,0.7043478260869566,0.35623706004140787,1.3985507246376814,0.7726565341706995,1029
2025,night,resolved,0.0,delta,0.13885671839104727,-0.01520348141447972,0.3258563943324395,0.2528242221993471,1024
2025,night,resolved,0.0,def_cancel,0.4741365224348496,0.43012163906047973,0.5086620662981982,0.058221221080591905,1024
2025,night,resolved,0.0,att_cancel,0.4222748005887348,0.3866128193228088,0.45588860001057846,0.05135343268181593,1024
2025,night,resolved,0.0,def_refill,0.240122007666991,0.14898965757743565,0.3584037121531891,0.15523651191679277,1024
2025,night,resolved,0.0,att_refill,0.3908630385434586,0.2727011608680727,0.5288330855191321,0.18986799455230496,1024
2025,night,resolved,0.0,att_eff,0.21555653752416298,-0.026878761016774555,0.591136490425782,0.45812842953488253,1028
2025,night,resolved,0.0,def_eff,-0.2756018690575206,-0.6876948131458893,0.04918593172500558,0.546242212654481,1015
2025,night,resolved,0.0,att_large,0.0,0.0,0.344582460307852,0.2554354783601572,1024
2025,night,resolved,0.0,def_large,0.0,0.0,0.0,0.0,1024
2025,night,resolved,0.0,balance,0.025811071374130978,-0.02459756112313606,0.07890486010527933,0.07672529372010037,1029
2025,night,resolved,0.0,volume,1.0917874396135265,0.5815217391304348,2.095244565217391,1.1221073581074548,1029
2025,night,resolved,0.05,delta,0.0323829304564155,-0.1436677915481908,0.18831261701685045,0.2460937053855013,1025
2025,night,resolved,0.05,def_cancel,0.4457810541441407,0.4087957079126333,0.480179831007088,0.052916325496259964,1025
2025,night,resolved,0.05,att_cancel,0.45540717177382534,0.4194643014091444,0.4870972876400547,0.05013564583462587,1025
2025,night,resolved,0.05,def_refill,0.29254629429052126,0.18696970005146857,0.42592625732663325,0.17713606914393232,1025
2025,night,resolved,0.05,att_refill,0.3486027495899479,0.2318626535698832,0.4855092373890288,0.18802563663391078,1025
2025,night,resolved,0.05,att_eff,-0.011362181071226007,-0.3191395544084132,0.280788288796852,0.4447204174983434,1029
2025,night,resolved,0.05,def_eff,0.07367324001694259,-0.30508678976315073,0.35761731493842275,0.49125582261050665,1020
2025,night,resolved,0.05,att_large,0.0,0.0,0.08470841618819339,0.06279348864951326,1025
2025,night,resolved,0.05,def_large,0.0,0.0,0.0,0.0,1025
2025,night,resolved,0.05,balance,0.018911270860412742,-0.02881355582068162,0.07027992127994101,0.07345698821395302,1029
2025,night,resolved,0.05,volume,0.8668478260869565,0.4695071678557006,1.725,0.9306840860965897,1029
2025,night,resolved,0.1,delta,-0.03159367874300291,-0.1875,0.12762746526434007,0.23360078966963685,1026
2025,night,resolved,0.1,def_cancel,0.43823830742200465,0.403603007498893,0.47137371877478534,0.050237740011780836,1026
2025,night,resolved,0.1,att_cancel,0.46574155080437585,0.42880149728128725,0.5015295702627435,0.05391258189878149,1026
2025,night,resolved,0.1,def_refill,0.3182003285463872,0.21333169974679408,0.4601447658351476,0.1829600193390315,1026
2025,night,resolved,0.1,att_refill,0.325643587395846,0.21846846846846846,0.46270712117379204,0.18105163284308642,1026
2025,night,resolved,0.1,att_eff,-0.10075369534503122,-0.45235723436242614,0.1707775158490359,0.4619234619803277,1029
2025,night,resolved,0.1,def_eff,0.16336300700722062,-0.12021473110964977,0.4711405987600544,0.43836570042231593,1022
2025,night,resolved,0.1,att_large,0.0,0.0,0.0,0.0,1026
2025,night,resolved,0.1,def_large,0.0,0.0,0.0,0.0,1026
2025,night,resolved,0.1,balance,0.016780994228773924,-0.029839032701147156,0.06560439681435641,0.07075124500778619,1029
2025,night,resolved,0.1,volume,0.7141943734015346,0.35585474308300397,1.3941610925306578,0.7696859521480014,1029
2025,night,resolved,0.15,delta,-0.059037886786915135,-0.2207601066007005,0.0949084258107903,0.23400187725091978,1026
2025,night,resolved,0.15,def_cancel,0.43445027242974543,0.4013171331984628,0.46791852929851024,0.04937093854710708,1026
2025,night,resolved,0.15,att_cancel,0.4720802333242943,0.4370127882102241,0.5045608481420588,0.050072690831604684,1026
2025,night,resolved,0.15,def_refill,0.34373210868531434,0.22813534773067473,0.47113288951443066,0.18013160992124236,1026
2025,night,resolved,0.15,att_refill,0.31685051824186405,0.21447688639178,0.444621167520137,0.1706036183308799,1026
2025,night,resolved,0.15,att_eff,-0.1619848147821322,-0.5369350728385782,0.12606039338602382,0.491471805948556,1029
2025,night,resolved,0.15,def_eff,0.25513650670750876,-0.03297432970615785,0.561946696153871,0.44100891464790876,1024
2025,night,resolved,0.15,att_large,0.0,0.0,0.0,0.0,1026
2025,night,resolved,0.15,def_large,0.0,0.0,0.0,0.0,1026
2025,night,resolved,0.15,balance,0.014006157745598343,-0.03251508219417075,0.06206374049810176,0.07011032075038734,1029
2025,night,resolved,0.15,volume,0.6368760064412238,0.32804951690821255,1.229710144927536,0.6683918665821524,1029
2025,night,resolved,0.2,delta,-0.0671154049389452,-0.23695951525031994,0.08568357082154204,0.23917204304808154,1027
2025,night,resolved,0.2,def_cancel,0.43487081135765676,0.40035688099202166,0.4670107959743537,0.049409870261180155,1027
2025,night,resolved,0.2,att_cancel,0.47274637958759064,0.44080882746138333,0.5065269954510102,0.0487162105186263,1027
2025,night,resolved,0.2,def_refill,0.3548288972634136,0.23131675956282002,0.48618069611858694,0.1889280478545344,1027
2025,night,resolved,0.2,att_refill,0.3122340425531915,0.20782924800816313,0.4312296179382282,0.1656044254485286,1027
2025,night,resolved,0.2,att_eff,-0.1717408318519718,-0.5945643552800428,0.13425501428248096,0.5402663970070599,1029
2025,night,resolved,0.2,def_eff,0.2160094486375162,-0.028108741283040653,0.5891025918669445,0.4575324930689289,1026
2025,night,resolved,0.2,att_large,0.0,0.0,0.0,0.0,1027
2025,night,resolved,0.2,def_large,0.0,0.0,0.0,0.0,1027
2025,night,resolved,0.2,balance,0.013681588747087255,-0.033506289458029276,0.06142059143269221,0.07036833275813305,1029
2025,night,resolved,0.2,volume,0.5909090909090909,0.3070652173913044,1.1945378151260504,0.6578744238211608,1029
2025,night,resolved,0.25,delta,-0.07647104425475706,-0.23256973458419242,0.0792171109196083,0.23112442216738377,1027
2025,night,resolved,0.25,def_cancel,0.43565625247515183,0.40200994669617224,0.4674158056347986,0.048484698990827566,1027
2025,night,resolved,0.25,att_cancel,0.4742001445438437,0.4399902898638386,0.5077677960642392,0.05024277702031177,1027
2025,night,resolved,0.25,def_refill,0.35423552857911444,0.22574978423040906,0.5005244755244755,0.20368768813496405,1027
2025,night,resolved,0.25,att_refill,0.3123349543423845,0.20878270318960773,0.43390366101464717,0.16687987978134874,1027
2025,night,resolved,0.25,att_eff,-0.19644285770057038,-0.6230937152112904,0.11049407144348947,0.5438011761710748,1029
2025,night,resolved,0.25,def_eff,0.27135471537077344,-0.032964031471542275,0.6196859763892105,0.48380282272850467,1027
2025,night,resolved,0.25,att_large,0.0,0.0,0.0,0.0,1027
2025,night,resolved,0.25,def_large,0.0,0.0,0.0,0.0,1027
2025,night,resolved,0.25,balance,0.013257363577130416,-0.031789302544109097,0.05746102215009415,0.06616035929889047,1029
2025,night,resolved,0.25,volume,0.5683229813664596,0.2817675983436853,1.133197463768116,0.6311563123976506,1029
2025,night,resolved,0.3,delta,-0.07576479705511964,-0.22728679308097807,0.07748835259708574,0.22592672029508065,1027
2025,night,resolved,0.3,def_cancel,0.4361895453302775,0.39940097250578993,0.46734585082051866,0.05036684826888713,1027
2025,night,resolved,0.3,att_cancel,0.47460615251270416,0.44158128042261263,0.5094688271114085,0.050324348916824226,1027
2025,night,resolved,0.3,def_refill,0.36155251299281566,0.24441703691561886,0.491893833940615,0.18345203634173174,1027
2025,night,resolved,0.3,att_refill,0.31038011009123195,0.20680353942815521,0.4374885039916178,0.1710044214703207,1027
2025,night,resolved,0.3,att_eff,-0.1800263656125589,-0.6528237434620198,0.108437961295862,0.5643155706137004,1029
2025,night,resolved,0.3,def_eff,0.27577968169832157,-0.02235455653843078,0.6291151967679919,0.48292791201365654,1027
2025,night,resolved,0.3,att_large,0.0,0.0,0.0,0.0,1027
2025,night,resolved,0.3,def_large,0.0,0.0,0.0,0.0,1027
2025,night,resolved,0.3,balance,0.011354404255251317,-0.03755866607812633,0.05877184677078225,0.07140883087391296,1029
2025,night,resolved,0.3,volume,0.568840579710145,0.28582366947797005,1.124223602484472,0.6214973558239452,1029
2025,night,resolved,0.35,delta,-0.07152574877462715,-0.23893268197863982,0.08368435643955287,0.23915273418694788,1027
2025,night,resolved,0.35,def_cancel,0.43645718499530994,0.3987783913584262,0.4679843104483686,0.05130164498883795,1027
2025,night,resolved,0.35,att_cancel,0.4747068302178919,0.4410977087987847,0.5086197031984444,0.050053368717316325,1027
2025,night,resolved,0.35,def_refill,0.36968198471067915,0.25258900456164485,0.5048184142729011,0.18697509986008617,1027
2025,night,resolved,0.35,att_refill,0.3053093383472111,0.19888461120346898,0.43392820370330476,0.17423542809476336,1027
2025,night,resolved,0.35,att_eff,-0.158709035365652,-0.6469772799475877,0.1281459070139765,0.5745909465986392,1029
2025,night,resolved,0.35,def_eff,0.2203377162231115,-0.03523588124982191,0.5803594958032006,0.4563346012253688,1027
2025,night,resolved,0.35,att_large,0.0,0.0,0.0,0.0,1027
2025,night,resolved,0.35,def_large,0.0,0.0,0.0,0.0,1027
2025,night,resolved,0.35,balance,0.010703607195552868,-0.035877221802113335,0.06176059325527242,0.07237792072452613,1029
2025,night,resolved,0.35,volume,0.5492327365728901,0.29278162055335966,1.1382850241545894,0.6267630864353074,1029
2025,night,resolved,0.4,delta,-0.07353946323239989,-0.2248565308901986,0.07457236127157958,0.22196359685824923,1027
2025,night,resolved,0.4,def_cancel,0.4357003901058012,0.3963211399270112,0.46825461529620394,0.0533235547584824,1027
2025,night,resolved,0.4,att_cancel,0.4757197221922297,0.44275096047071605,0.5096915261679291,0.04962236152499116,1027
2025,night,resolved,0.4,def_refill,0.3694529149106029,0.24501311266309866,0.51125116713352,0.1973595659528698,1027
2025,night,resolved,0.4,att_refill,0.30506325624781266,0.19725113238569364,0.4273106444900586,0.17054077991428093,1027
2025,night,resolved,0.4,att_eff,-0.17952738189267603,-0.6670966511975015,0.1059244556486151,0.5730326959570916,1029
2025,night,resolved,0.4,def_eff,0.25208559076798454,-0.018185319919518703,0.6223683878443864,0.47483595831275394,1027
2025,night,resolved,0.4,att_large,0.0,0.0,0.0,0.0,1027
2025,night,resolved,0.4,def_large,0.0,0.0,0.0,0.0,1027
2025,night,resolved,0.4,balance,0.009803999953717077,-0.03937146809275856,0.056602603080697866,0.07114460427980461,1029
2025,night,resolved,0.4,volume,0.5489130434782609,0.27546683389074694,1.1211277173913043,0.6268798246853651,1029
2025,night,resolved,0.45,delta,-0.07611108415000281,-0.22754365497784967,0.07282339565066545,0.22265904420201268,1028
2025,night,resolved,0.45,def_cancel,0.4361801616549307,0.39733618367498613,0.470536976211711,0.0542630041043179,1028
2025,night,resolved,0.45,att_cancel,0.4757591293804735,0.4428063430642013,0.5089354276662961,0.04902081883031488,1028
2025,night,resolved,0.45,def_refill,0.3681978477009533,0.24742835696891283,0.5009497888985932,0.18793286280925156,1028
2025,night,resolved,0.45,att_refill,0.30698177891057427,0.19669121761513067,0.4275923424943116,0.17116465891710966,1028
2025,night,resolved,0.45,att_eff,-0.1575375183294793,-0.6759730009580975,0.14589820002273204,0.6092447746336764,1029
2025,night,resolved,0.45,def_eff,0.2497839924798686,-0.01040847798133148,0.6195706329506292,0.46699711707335856,1028
2025,night,resolved,0.45,att_large,0.0,0.0,0.0,0.0,1028
2025,night,resolved,0.45,def_large,0.0,0.0,0.0,0.0,1028
2025,night,resolved,0.45,balance,0.008289518339244082,-0.04245093779087648,0.05451226051613542,0.07187783417865967,1029
2025,night,resolved,0.45,volume,0.5266304347826087,0.28211277173913046,1.1046195652173914,0.6097159328971541,1029
2025,night,resolved,0.5,delta,-0.08343102937244763,-0.23394344199701006,0.06818687375650007,0.22396613473203122,1028
2025,night,resolved,0.5,def_cancel,0.43489550985164765,0.3983744446781837,0.4678613930465051,0.05150996913885943,1028
2025,night,resolved,0.5,att_cancel,0.4753317680890391,0.4423649803483647,0.509433662269716,0.04971733278083862,1028
2025,night,resolved,0.5,def_refill,0.37363016747590116,0.25603511793527267,0.5142852034611985,0.1914381656974988,1028
2025,night,resolved,0.5,att_refill,0.30146926726296375,0.19761304169444743,0.42458484468260727,0.1682518925041956,1028
2025,night,resolved,0.5,att_eff,-0.18196998116186797,-0.6390071084131123,0.14319271344267243,0.5798367841777499,1029
2025,night,resolved,0.5,def_eff,0.25171068354239956,-0.023350695960789005,0.6270923252896288,0.48216680596769296,1028
2025,night,resolved,0.5,att_large,0.0,0.0,0.0,0.0,1028
2025,night,resolved,0.5,def_large,0.0,0.0,0.0,0.0,1028
2025,night,resolved,0.5,balance,0.0061898140166135,-0.03959332817197474,0.05638481519183283,0.07114762295315609,1029
2025,night,resolved,0.5,volume,0.5369565217391304,0.29581243032329985,1.0587099542334095,0.565528186738406,1029
2025,night,resolved,0.55,delta,-0.08346721772996898,-0.25378746544013286,0.07035344783287019,0.24028236714084733,1028
2025,night,resolved,0.55,def_cancel,0.4337187871522039,0.39587959026132313,0.4672196847031598,0.05288368750321471,1028
2025,night,resolved,0.55,att_cancel,0.47839418069471473,0.44363471690251,0.5110123443672171,0.04994635097457902,1028
2025,night,resolved,0.55,def_refill,0.3752324797843666,0.2515751848933999,0.5066239849043582,0.18906508525645538,1028
2025,night,resolved,0.55,att_refill,0.2983002011956688,0.19373363088392365,0.4167800565090362,0.16534205012980918,1028
2025,night,resolved,0.55,att_eff,-0.20602144542506662,-0.6747620723297599,0.1496735242192969,0.611145735025246,1029
2025,night,resolved,0.55,def_eff,0.2545290227597382,-0.0252898977752944,0.6223595979194169,0.48009599384337387,1028
2025,night,resolved,0.55,att_large,0.0,0.0,0.0,0.0,1028
2025,night,resolved,0.55,def_large,0.0,0.0,0.0,0.0,1028
2025,night,resolved,0.55,balance,0.00792093853811683,-0.03908231588882114,0.053035402841207384,0.06828592937733768,1029
2025,night,resolved,0.55,volume,0.5706521739130435,0.29347826086956524,1.1494663852284384,0.6345353034535753,1029
2025,night,resolved,0.6,delta,-0.08696757778830302,-0.25430004333513606,0.05862241375859102,0.23196623950609865,1028
2025,night,resolved,0.6,def_cancel,0.43251016098299533,0.3941911760813104,0.46563137597881343,0.05295789466086216,1028
2025,night,resolved,0.6,att_cancel,0.47995987028833254,0.44630583679926994,0.5133766099658312,0.04971888299967479,1028
2025,night,resolved,0.6,def_refill,0.3760428153438419,0.2622695140797453,0.5015905029465036,0.1774062185817334,1028
2025,night,resolved,0.6,att_refill,0.29372183656071127,0.196498294143364,0.40546391959020106,0.1549040959576257,1028
2025,night,resolved,0.6,att_eff,-0.21696420830838106,-0.6829742509402064,0.11187867025294584,0.5892163982158282,1029
2025,night,resolved,0.6,def_eff,0.26606906343303005,0.0,0.6372367919940465,0.47237716233806265,1028
2025,night,resolved,0.6,att_large,0.0,0.0,0.0,0.0,1028
2025,night,resolved,0.6,def_large,0.0,0.0,0.0,0.0,1028
2025,night,resolved,0.6,balance,0.004258450380190264,-0.04079926490872387,0.05129274879774434,0.06826687450442417,1029
2025,night,resolved,0.6,volume,0.5679347826086957,0.2942193675889328,1.1815217391304347,0.6577482368728702,1029
2025,night,resolved,0.65,delta,-0.09196106260774425,-0.2626845959139934,0.0740426342672901,0.24961247604246367,1028
2025,night,resolved,0.65,def_cancel,0.432139241782562,0.3948861688915045,0.46310824889015156,0.05057233506200671,1028
2025,night,resolved,0.65,att_cancel,0.4785967452240597,0.4443049954870026,0.5167362704484236,0.053692568540712415,1027
2025,night,resolved,0.65,def_refill,0.3857441770726163,0.2579304661497427,0.5055493823440933,0.18355738783865871,1028
2025,night,resolved,0.65,att_refill,0.28567463261420745,0.1896938558275802,0.39698604837390805,0.153663597143312,1028
2025,night,resolved,0.65,att_eff,-0.22981008972855343,-0.7613001999637905,0.083198984865146,0.6260186692579218,1029
2025,night,resolved,0.65,def_eff,0.27654849311459195,0.0,0.6327430995042256,0.4690460337318203,1028
2025,night,resolved,0.65,att_large,0.0,0.0,0.0,0.0,1028
2025,night,resolved,0.65,def_large,0.0,0.0,0.0,0.0,1028
2025,night,resolved,0.65,balance,0.004411914734566678,-0.04390617950699678,0.04861661936146511,0.06858621117009776,1029
2025,night,resolved,0.65,volume,0.5962276214833759,0.3012646321070234,1.2017846650998825,0.667546355072542,1029
2025,night,resolved,0.7,delta,-0.09676602281269406,-0.265254478115559,0.06606106424904512,0.24560084682327957,1028
2025,night,resolved,0.7,def_cancel,0.4286717774363695,0.3923270460700473,0.461353156405936,0.05116835458553646,1028
2025,night,resolved,0.7,att_cancel,0.48259043546306885,0.4485087630678053,0.5164958104924128,0.05039810780178464,1027
2025,night,resolved,0.7,def_refill,0.3844434727028011,0.26076356041788706,0.5154870547717774,0.18882393947656806,1028
2025,night,resolved,0.7,att_refill,0.2792483660130719,0.18008196472464813,0.3934522215229149,0.15816920444645427,1028
2025,night,resolved,0.7,att_eff,-0.26312095002045743,-0.803007092997942,0.07358437094983833,0.6498083498500966,1029
2025,night,resolved,0.7,def_eff,0.28877239397794785,0.0,0.6767103293612211,0.5016384947080957,1028
2025,night,resolved,0.7,att_large,0.0,0.0,0.0,0.0,1028
2025,night,resolved,0.7,def_large,0.0,0.0,0.0,0.0,1028
2025,night,resolved,0.7,balance,0.0020356440389054107,-0.04428728171736655,0.05101747588884977,0.07064844892973782,1029
2025,night,resolved,0.7,volume,0.5821256038647342,0.299221119817998,1.2723429951690821,0.7213653634922789,1029
2025,night,resolved,0.75,delta,-0.11291987411993117,-0.26416638686962035,0.048324793064781615,0.2316465381277998,1028
2025,night,resolved,0.75,def_cancel,0.4265462621550779,0.3892186567001856,0.459775221930529,0.05230286525599957,1028
2025,night,resolved,0.75,att_cancel,0.4841700225227097,0.4492142469490401,0.5202858969256858,0.052684692347402313,1027
2025,night,resolved,0.75,def_refill,0.3901177046524936,0.2720121076108746,0.5229419036234575,0.18601170942370862,1028
2025,night,resolved,0.75,att_refill,0.2803882358982833,0.17806820377119098,0.39600633363578464,0.16155532236070694,1028
2025,night,resolved,0.75,att_eff,-0.3023059957939864,-0.843586912383298,0.03784187233651044,0.6533942066121634,1029
2025,night,resolved,0.75,def_eff,0.32534041242559775,0.038072461733943935,0.7136726722965889,0.5008155749167124,1028
2025,night,resolved,0.75,att_large,0.0,0.0,0.0,0.0,1028
2025,night,resolved,0.75,def_large,0.0,0.0,0.020971163305459912,0.015545710382105197,1028
2025,night,resolved,0.75,balance,0.0011850980709467267,-0.04769868141096701,0.0486490524409083,0.07142159662852136,1029
2025,night,resolved,0.75,volume,0.6086956521739131,0.30797101449275366,1.2313858695652173,0.6845180541678753,1029
2025,night,resolved,0.8,delta,-0.12136996992747083,-0.2743704181688099,0.04221438993094315,0.2346811031132343,1028
2025,night,resolved,0.8,def_cancel,0.42352247208634297,0.38809335882641083,0.4546815874337356,0.049361177618476484,1028
2025,night,resolved,0.8,att_cancel,0.486265561889828,0.4542336803465315,0.5196316099055254,0.04847882102223416,1027
2025,night,resolved,0.8,def_refill,0.39529955899934477,0.28584424029933747,0.535467949034043,0.18504352018881065,1028
2025,night,resolved,0.8,att_refill,0.2682214276631354,0.16706855323638126,0.3892776186760054,0.16472132352826105,1028
2025,night,resolved,0.8,att_eff,-0.32615103894352776,-0.8210652510864741,0.0,0.6086473321619527,1029
2025,night,resolved,0.8,def_eff,0.34243776911542145,0.07824666526794799,0.7055211029499813,0.4649921702609587,1028
2025,night,resolved,0.8,att_large,0.0,0.0,0.0,0.0,1028
2025,night,resolved,0.8,def_large,0.0,0.0,0.05188458762611952,0.038461517884447384,1028
2025,night,resolved,0.8,balance,-0.00015227189490419436,-0.05339190720826425,0.04479932388722555,0.07278816241326153,1029
2025,night,resolved,0.8,volume,0.6260869565217392,0.3430858710320953,1.2701951581027668,0.6872566990887113,1029
2025,night,resolved,0.85,delta,-0.11463762772354036,-0.2815551296937572,0.04039294666240954,0.23865683940412658,1029
2025,night,resolved,0.85,def_cancel,0.4217391449576219,0.38850864377480954,0.4542518820163094,0.04873479484173451,1029
2025,night,resolved,0.85,att_cancel,0.4884623493169705,0.45291859202336204,0.5215961529054696,0.05090997841520202,1028
2025,night,resolved,0.85,def_refill,0.40374805483402665,0.28179338924469216,0.5421332240035982,0.1929872755811016,1029
2025,night,resolved,0.85,att_refill,0.2568599740090968,0.16388790983497226,0.36844029133392486,0.15163260303851195,1029
2025,night,resolved,0.85,att_eff,-0.34786820831945026,-0.8785839141475495,0.0,0.6512853329485171,1029
2025,night,resolved,0.85,def_eff,0.3431435954826585,0.06581737514215219,0.7452133104252134,0.5036293071038259,1028
2025,night,resolved,0.85,att_large,0.0,0.0,0.0,0.0,1029
2025,night,resolved,0.85,def_large,0.0,0.0,0.07401078007029627,0.054863439636987595,1029
2025,night,resolved,0.85,balance,-0.003136706532273095,-0.054483216196119705,0.04286572994908269,0.07216378513358221,1029
2025,night,resolved,0.85,volume,0.6311285846438484,0.3360054347826087,1.3093405450384856,0.7215234323616583,1029
2025,night,resolved,0.9,delta,-0.11400527009222662,-0.2694302964093181,0.03859529529640701,0.22833624292492594,1029
2025,night,resolved,0.9,def_cancel,0.42217090310980276,0.39177649579088897,0.4536470745299597,0.04586403168203911,1029
2025,night,resolved,0.9,att_cancel,0.48734647826547906,0.45423920452625544,0.5173491645370962,0.04678277243205396,1028
2025,night,resolved,0.9,def_refill,0.4089912280701754,0.28558544404136216,0.5388987884172577,0.18777860961889958,1029
2025,night,resolved,0.9,att_refill,0.25858879492600423,0.16716821570991425,0.3598742753258374,0.14285104493396822,1029
2025,night,resolved,0.9,att_eff,-0.33529631365458884,-0.8444311423699574,-0.018600440446985306,0.6121799124706984,1029
2025,night,resolved,0.9,def_eff,0.329644843423667,0.05695109196982165,0.6844495964588478,0.46515826870943383,1028
2025,night,resolved,0.9,att_large,0.0,0.0,0.0,0.0,1029
2025,night,resolved,0.9,def_large,0.0,0.0,0.10134267718077224,0.0751242973912322,1029
2025,night,resolved,0.9,balance,-0.005474784660652291,-0.0575462580898031,0.04231305621431737,0.07402469555531539,1029
2025,night,resolved,0.9,volume,0.6460597826086957,0.3464673913043478,1.3164715719063547,0.7190542480370696,1029
2025,night,resolved,0.95,delta,-0.09470890273686751,-0.2373640261720834,0.05952731125659425,0.2200825333051725,1029
2025,night,resolved,0.95,def_cancel,0.4299298089548754,0.39590453281300436,0.45946918623560873,0.04711983204047766,1029
2025,night,resolved,0.95,att_cancel,0.4790397343417132,0.44624302816925543,0.5124103976545874,0.04904919902544994,1028
2025,night,resolved,0.95,def_refill,0.4049769003178352,0.2781662046365693,0.53873431533006,0.19315649421311393,1029
2025,night,resolved,0.95,att_refill,0.2653968838179364,0.17520594697409644,0.3771833203834082,0.14972377569259582,1029
2025,night,resolved,0.95,att_eff,-0.2501128741384747,-0.7743218258527438,0.06356309870904756,0.6211155852941374,1029
2025,night,resolved,0.95,def_eff,0.262377070741866,0.0,0.6509193244530616,0.48251988469463425,1028
2025,night,resolved,0.95,att_large,0.0,0.0,0.0,0.0,1029
2025,night,resolved,0.95,def_large,0.0,0.0,0.002790003912363067,0.002068201565873289,1029
2025,night,resolved,0.95,balance,-0.005502696141782799,-0.0591985693470341,0.04305181853582326,0.07579717411627677,1029
2025,night,resolved,0.95,volume,0.5751811594202899,0.30819458691706775,1.2159422116058907,0.6729040953957176,1029
2025,rth,resolved,-1.0,delta,0.08513447484790004,0.01603706182900555,0.14942623376961187,0.09888003850304397,249
2025,rth,resolved,-1.0,def_cancel,0.4649786756778337,0.44805219528473794,0.47782324862403613,0.022068979495402662,249
2025,rth,resolved,-1.0,att_cancel,0.4369602153702333,0.41630690936362774,0.4534038300449784,0.027499570556968625,249
2025,rth,resolved,-1.0,def_refill,0.3770546516478932,0.32086057083793823,0.4274813222521086,0.07903688021806551,249
2025,rth,resolved,-1.0,att_refill,0.4716109807250504,0.39387117464633586,0.5518423071772045,0.11710239624230441,249
2025,rth,resolved,-1.0,att_eff,0.3484630132983332,0.14300522960632958,0.5831503364340668,0.3262750977225628,255
2025,rth,resolved,-1.0,def_eff,-0.35213550853507164,-0.5841070823784336,-0.1028564870623641,0.3567461788851516,224
2025,rth,resolved,-1.0,att_large,0.0276029177875865,0.0,0.12334717380483032,0.09143600726822114,249
2025,rth,resolved,-1.0,def_large,0.0,0.0,0.06057536739478094,0.04490390466625718,249
2025,rth,resolved,-1.0,balance,-0.017460108174071596,-0.06259426733026699,0.028116569007248408,0.06724302174760222,400
2025,rth,resolved,-1.0,volume,0.7471728839172423,0.467489681325324,1.206699009083402,0.5479683675004284,400
2025,rth,resolved,-0.95,delta,0.09751477274101825,0.021594335495095953,0.1621479408897597,0.10419096026290864,301
2025,rth,resolved,-0.95,def_cancel,0.46370138305907965,0.44827862575070976,0.47609800872747576,0.020622226076179397,301
2025,rth,resolved,-0.95,att_cancel,0.437288238052623,0.420346077911267,0.45399581229415414,0.024944206362407084,301
2025,rth,resolved,-0.95,def_refill,0.37830905006984256,0.31452723887586387,0.445406665379089,0.09701958969846193,301
2025,rth,resolved,-0.95,att_refill,0.4826004691728849,0.40458613461324927,0.5433174132003998,0.10284008790745039,301
2025,rth,resolved,-0.95,att_eff,0.34824246391727814,0.12099179387544232,0.5341528140612315,0.3062720683363893,312
2025,rth,resolved,-0.95,def_eff,-0.3809492119549063,-0.6442779498159217,-0.11592665729270595,0.3916614473856307,286
2025,rth,resolved,-0.95,att_large,0.007185443925204979,0.0,0.12057183050010856,0.08937867346190405,301
2025,rth,resolved,-0.95,def_large,0.0,0.0,0.01651351165497818,0.012241298484046094,301
2025,rth,resolved,-0.95,balance,-0.021334573472843246,-0.06503616394811854,0.024099422213114875,0.06607530478964671,400
2025,rth,resolved,-0.95,volume,0.802847074333232,0.49869254060005513,1.3819298476090383,0.6547348458183715,400
2025,rth,resolved,-0.9,delta,0.08066608391357703,0.014683019179125937,0.16036738819497265,0.10799434322894494,335
2025,rth,resolved,-0.9,def_cancel,0.46148682172174643,0.4439593082410672,0.4743160548612111,0.022503147976385376,335
2025,rth,resolved,-0.9,att_cancel,0.4376757430217486,0.4204903572237883,0.4548046788372882,0.025436858127131135,335
2025,rth,resolved,-0.9,def_refill,0.3960783934598352,0.3161237533202753,0.45874194927025413,0.10572142027426154,335
2025,rth,resolved,-0.9,att_refill,0.47816540950132574,0.4161429357236808,0.5507258630328872,0.0997649572344006,335
2025,rth,resolved,-0.9,att_eff,0.3159431569856197,0.0934153999321617,0.49197598331078973,0.2954489128084715,340
2025,rth,resolved,-0.9,def_eff,-0.33510805377513364,-0.5834375801011213,-0.08945238123658532,0.3661862111671876,318
2025,rth,resolved,-0.9,att_large,0.03187707605012888,0.0,0.1305349146176486,0.09676420653643336,335
2025,rth,resolved,-0.9,def_large,0.0,0.0,0.05087360766477849,0.03771208870628502,335
2025,rth,resolved,-0.9,balance,-0.018781820162719058,-0.0624971373824721,0.02675110771434188,0.06615881771446551,400
2025,rth,resolved,-0.9,volume,0.8631954479768785,0.5419411733026963,1.3964022324098067,0.6334033054908157,400
2025,rth,resolved,-0.85,delta,0.07105835604423151,0.0026240207458173275,0.1372895746814823,0.09982620751346552,359
2025,rth,resolved,-0.85,def_cancel,0.4574514221660547,0.44442333982033505,0.4703510155517332,0.019219922706744365,359
2025,rth,resolved,-0.85,att_cancel,0.4420766603748862,0.4202170334289464,0.4561380821829458,0.026627908638991424,359
2025,rth,resolved,-0.85,def_refill,0.3979899226983901,0.32489496409864294,0.46378466627516396,0.10295752570535287,359
2025,rth,resolved,-0.85,att_refill,0.4725535182468667,0.40142966429848914,0.557824793761818,0.11593412117370563,359
2025,rth,resolved,-0.85,att_eff,0.23796738395586026,0.0,0.48023238907304605,0.35599139293776577,367
2025,rth,resolved,-0.85,def_eff,-0.240045776161224,-0.5565569951455095,0.0,0.41257004829170457,347
2025,rth,resolved,-0.85,att_large,0.021394033391113947,0.0,0.13451063609660788,0.09971136849266707,359
2025,rth,resolved,-0.85,def_large,0.0,0.0,0.05796664528339836,0.042970085458412424,359
2025,rth,resolved,-0.85,balance,-0.01697776416991565,-0.060726822088187665,0.025973343860937356,0.06426995251973686,400
2025,rth,resolved,-0.85,volume,0.8707015239096163,0.5319685733341802,1.3803433801266172,0.6288916284599236,400
2025,rth,resolved,-0.8,delta,0.06094993349259374,-0.005933125816941217,0.13309656409645762,0.10306129719303102,372
2025,rth,resolved,-0.8,def_cancel,0.4580554253053222,0.4419532988942178,0.4728100535734225,0.022873798872649873,372
2025,rth,resolved,-0.8,att_cancel,0.4412829461754638,0.42265941038096067,0.45675546878553475,0.02527506182696374,372
2025,rth,resolved,-0.8,def_refill,0.39075918903742146,0.336158972670305,0.4666268551301777,0.09671451627863063,372
2025,rth,resolved,-0.8,att_refill,0.475503548396635,0.39768874890282635,0.5645229896455206,0.12367252834892088,372
2025,rth,resolved,-0.8,att_eff,0.24554251749432465,0.006130469689775031,0.4873265810940086,0.3567057905146283,377
2025,rth,resolved,-0.8,def_eff,-0.24459041652544866,-0.5169215358314436,0.031611404930989136,0.40662189826718514,360
2025,rth,resolved,-0.8,att_large,0.00275485984616034,0.0,0.13994410323803794,0.10373914250410522,372
2025,rth,resolved,-0.8,def_large,0.0,0.0,0.05440972691367513,0.040333377993828856,372
2025,rth,resolved,-0.8,balance,-0.013824241376915725,-0.05792074885344187,0.031476651195004764,0.06626938476534219,400
2025,rth,resolved,-0.8,volume,0.8341401734104046,0.5455933457197909,1.4056438664097621,0.6375467165974583,400
2025,rth,resolved,-0.75,delta,0.062490260509830586,-0.005450195847888946,0.12528154945372466,0.09691011512350897,378
2025,rth,resolved,-0.75,def_cancel,0.4574942929575535,0.44086241324894154,0.4720072545438595,0.023087354555165276,378
2025,rth,resolved,-0.75,att_cancel,0.4428572906667158,0.42395905450803434,0.45827816644980307,0.025440409148827822,378
2025,rth,resolved,-0.75,def_refill,0.403590028715984,0.33087337289341456,0.4680898071088735,0.10171714915897623,378
2025,rth,resolved,-0.75,att_refill,0.4774408654557568,0.39556327147471837,0.5569879259126717,0.11966245695919443,378
2025,rth,resolved,-0.75,att_eff,0.19069480002227726,-0.0483679526776408,0.4738299448353729,0.3870999981564223,383
2025,rth,resolved,-0.75,def_eff,-0.1635538411281425,-0.5649266283798269,0.061691436530672175,0.46450560779132627,373
2025,rth,resolved,-0.75,att_large,0.0019865614957639915,0.0,0.10990946544446696,0.08147477052962711,378
2025,rth,resolved,-0.75,def_large,0.0,0.0,0.06371172169901025,0.047228852260200335,378
2025,rth,resolved,-0.75,balance,-0.017867656147836003,-0.057237194732024835,0.03364025274599677,0.06736652889401157,400
2025,rth,resolved,-0.75,volume,0.8219226760162988,0.5216547167794506,1.3963872832369941,0.6484303680189352,400
2025,rth,resolved,-0.7,delta,0.04938994022906385,-0.02295194185277674,0.12824861892123876,0.11208344015864752,385
2025,rth,resolved,-0.7,def_cancel,0.45657308402181396,0.4384929698426882,0.4700243214235312,0.02337387070485024,385
2025,rth,resolved,-0.7,att_cancel,0.4428592454101221,0.4247213793906865,0.4586206662662477,0.02512919709085338,385
2025,rth,resolved,-0.7,def_refill,0.4121295550411423,0.3368889316156675,0.48410120903750564,0.10912696621337148,385
2025,rth,resolved,-0.7,att_refill,0.4695757634132129,0.3971400084831481,0.5552057842137638,0.11717255428511167,385
2025,rth,resolved,-0.7,att_eff,0.1822589693526384,-0.07098440531856154,0.46219022940449433,0.3952369419740963,391
2025,rth,resolved,-0.7,def_eff,-0.1648386531447937,-0.5272157126550815,0.09143867862603713,0.4586022174063148,380
2025,rth,resolved,-0.7,att_large,0.0,0.0,0.10809860911163677,0.08013240112056098,385
2025,rth,resolved,-0.7,def_large,0.0,0.0,0.0441128727232682,0.03270042455394233,385
2025,rth,resolved,-0.7,balance,-0.012161825589168488,-0.05640487755979348,0.03346346560150387,0.06661849011215519,400
2025,rth,resolved,-0.7,volume,0.8485802492305382,0.5173209698137444,1.3344671946550561,0.6057421978067544,400
2025,rth,resolved,-0.65,delta,0.048857163101250226,-0.034132344947281276,0.12648949464131498,0.11906733846448946,392
2025,rth,resolved,-0.65,def_cancel,0.4554500136343005,0.4382516407112724,0.4705658955041029,0.023954228904989217,392
2025,rth,resolved,-0.65,att_cancel,0.4461517005058002,0.42493206125294736,0.46111429393873093,0.026821521635124964,392
2025,rth,resolved,-0.65,def_refill,0.4163524578309404,0.33997322037122646,0.4842832201977937,0.10697553730657319,392
2025,rth,resolved,-0.65,att_refill,0.4762449224617949,0.3947085788543912,0.5545454343945053,0.11848543776138927,392
2025,rth,resolved,-0.65,att_eff,0.16339833103741824,-0.08821432397644054,0.3992325617547653,0.3613394260424061,393
2025,rth,resolved,-0.65,def_eff,-0.16119483744758512,-0.4780382489201038,0.12730550085385178,0.44873517403554897,384
2025,rth,resolved,-0.65,att_large,0.0,0.0,0.10294155459905441,0.07630952898373196,392
2025,rth,resolved,-0.65,def_large,0.0,0.0,0.07375217173851839,0.05467173590698176,392
2025,rth,resolved,-0.65,balance,-0.012912638829308844,-0.058447183335091794,0.03076650011367915,0.06613319751576795,400
2025,rth,resolved,-0.65,volume,0.8390276630883567,0.5107418111753371,1.3290507586705202,0.6066041123018407,400
2025,rth,resolved,-0.6,delta,0.0453780793600296,-0.029579246269180733,0.11937753060413339,0.11042014594018838,394
2025,rth,resolved,-0.6,def_cancel,0.4556497624275254,0.4399970349633674,0.4686857422659228,0.021266647370315347,394
2025,rth,resolved,-0.6,att_cancel,0.4445910075060335,0.42434247470456293,0.4617391240074317,0.027721756340154773,394
2025,rth,resolved,-0.6,def_refill,0.41149821957594823,0.34004525387553625,0.48905954846790695,0.11046278324119399,394
2025,rth,resolved,-0.6,att_refill,0.46455754865632737,0.3916335582337089,0.5444400955514891,0.1132739342607711,394
2025,rth,resolved,-0.6,att_eff,0.1332780611825843,-0.14885551882418743,0.4068511940346021,0.4119397426677462,395
2025,rth,resolved,-0.6,def_eff,-0.13922663195453255,-0.46540574021566244,0.12654770142648253,0.438809074605,391
2025,rth,resolved,-0.6,att_large,0.0038365861750034665,0.0,0.11726150399468195,0.08692476204201775,394
2025,rth,resolved,-0.6,def_large,0.0,0.0,0.08141777472818627,0.0603541695538816,394
2025,rth,resolved,-0.6,balance,-0.009815616231948989,-0.05722070595747712,0.03187479201130728,0.06604558781970675,400
2025,rth,resolved,-0.6,volume,0.8218543559042114,0.520624176047054,1.316221098265896,0.5897679186203424,400
2025,rth,resolved,-0.55,delta,0.043763068445712455,-0.028737117468662254,0.11463403988006406,0.10627958291232491,395
2025,rth,resolved,-0.55,def_cancel,0.4555740817023253,0.4401374874928449,0.46948772370136965,0.02175703203004057,395
2025,rth,resolved,-0.55,att_cancel,0.4464987063604297,0.42662188331176887,0.4603333898630908,0.024989997443529973,395
2025,rth,resolved,-0.55,def_refill,0.4156021659163358,0.3427561029471944,0.4863256446869826,0.10642664324669251,395
2025,rth,resolved,-0.55,att_refill,0.47203685789562216,0.3993635146276685,0.5506428560620795,0.11214183946212826,395
2025,rth,resolved,-0.55,att_eff,0.14567457707858816,-0.10855175083780548,0.38136716119553,0.3631719140350893,395
2025,rth,resolved,-0.55,def_eff,-0.13760259651506968,-0.405087905573493,0.11639673017887106,0.38657126445690443,394
2025,rth,resolved,-0.55,att_large,0.0,0.0,0.10913226055247235,0.08089863643622858,395
2025,rth,resolved,-0.55,def_large,0.0,0.0,0.07217624560389599,0.053503517867973305,395
2025,rth,resolved,-0.55,balance,-0.009055713766625804,-0.05583986878984753,0.03315106559812756,0.06596807589916612,400
2025,rth,resolved,-0.55,volume,0.7847172045600515,0.4909074127568511,1.3386100893326325,0.6283933851562501,400
2025,rth,resolved,-0.5,delta,0.04060455154074781,-0.034922345011097505,0.10854070030889995,0.10634769853224423,395
2025,rth,resolved,-0.5,def_cancel,0.45614393928606217,0.44047131901748915,0.46930633263050386,0.021375102752420102,395
2025,rth,resolved,-0.5,att_cancel,0.4462132875309381,0.4276569219443415,0.4627639858631008,0.02602450994718998,395
2025,rth,resolved,-0.5,def_refill,0.4132972930806412,0.33549498188117566,0.4913348504899044,0.11552251194123701,395
2025,rth,resolved,-0.5,att_refill,0.4671430267629798,0.3894943219603328,0.5511871482021401,0.11986124999392685,395
2025,rth,resolved,-0.5,att_eff,0.13550774595464665,-0.1149375435282695,0.3945146796792393,0.3776517592346248,396
2025,rth,resolved,-0.5,def_eff,-0.13018319450090218,-0.42519400078278735,0.11677462607587243,0.4017558390353297,394
2025,rth,resolved,-0.5,att_large,0.0,0.0,0.10354819398329819,0.07675922459844195,395
2025,rth,resolved,-0.5,def_large,0.0,0.0,0.06017113741877594,0.044604253090271266,395
2025,rth,resolved,-0.5,balance,-0.009205210176675043,-0.04850701436069305,0.03550157079213119,0.06227471101024778,400
2025,rth,resolved,-0.5,volume,0.7985956721505855,0.5124539598900324,1.3187964492155244,0.5977334983880593,400
2025,rth,resolved,-0.45,delta,0.035284384433239085,-0.02679790666338548,0.11470674519409003,0.10489596134727615,396
2025,rth,resolved,-0.45,def_cancel,0.4579592768118705,0.4381144173922096,0.47023732447286243,0.023812384789216347,396
2025,rth,resolved,-0.45,att_cancel,0.44472701068889625,0.42327619776859543,0.46401890391549594,0.030202154297183478,396
2025,rth,resolved,-0.45,def_refill,0.4150773434744063,0.34698516036868055,0.4975598510067516,0.111619488983003,396
2025,rth,resolved,-0.45,att_refill,0.4700180073694592,0.39499626007664246,0.5488929612835014,0.11408206168039951,396
2025,rth,resolved,-0.45,att_eff,0.12762441262498816,-0.10840844936034383,0.3851124141571305,0.3658420040900477,397
2025,rth,resolved,-0.45,def_eff,-0.12030437125132416,-0.43049218647337784,0.12074291401259066,0.4086249818279974,395
2025,rth,resolved,-0.45,att_large,0.0,0.0,0.09764980768602383,0.07238681073834234,396
2025,rth,resolved,-0.45,def_large,0.0,0.0,0.05543685844888448,0.04109478016966974,396
2025,rth,resolved,-0.45,balance,-0.0036361652819816336,-0.051133569238279025,0.03446080563760476,0.06345024082719332,400
2025,rth,resolved,-0.45,volume,0.8181448699421966,0.5349428920280672,1.3233682562620424,0.5844517155181432,400
2025,rth,resolved,-0.4,delta,0.027192037040784774,-0.04520917296676599,0.10493814750572954,0.1113026838194926,396
2025,rth,resolved,-0.4,def_cancel,0.4547283198259814,0.43740824971674264,0.4683174948343485,0.022912709501561043,396
2025,rth,resolved,-0.4,att_cancel,0.44644203165949853,0.42486725753892074,0.4637809734536125,0.028846342412669965,396
2025,rth,resolved,-0.4,def_refill,0.42113380824631863,0.3549241081236543,0.4990997557350779,0.10687594337392409,396
2025,rth,resolved,-0.4,att_refill,0.4627640373774792,0.38047535270000327,0.5474021192211125,0.12374111676879854,396
2025,rth,resolved,-0.4,att_eff,0.10323416288087418,-0.123400938664184,0.3465768848172002,0.3483897876066599,397
2025,rth,resolved,-0.4,def_eff,-0.09540913631872773,-0.3682784036814354,0.14500373862717741,0.38049083936887534,396
2025,rth,resolved,-0.4,att_large,0.0,0.0,0.10104905462540252,0.07490663797287066,396
2025,rth,resolved,-0.4,def_large,0.0,0.0,0.07901848461079183,0.058575600156257845,396
2025,rth,resolved,-0.4,balance,-0.0019892354763012127,-0.05265760267660613,0.036376117449975924,0.06599979253267758,400
2025,rth,resolved,-0.4,volume,0.8154378136314553,0.5449941293352601,1.3131193228736582,0.569403405143364,400
2025,rth,resolved,-0.35,delta,0.027343276879541304,-0.033633547850316546,0.10450975899072254,0.10240423042330549,396
2025,rth,resolved,-0.35,def_cancel,0.4525088802188426,0.43608459813239303,0.46785408085324115,0.023550394900554574,396
2025,rth,resolved,-0.35,att_cancel,0.4495166931500228,0.42721826595523266,0.4637719031418494,0.027096840019730728,396
2025,rth,resolved,-0.35,def_refill,0.42468357417421004,0.34506074467318004,0.5007922276918577,0.11544216680406055,396
2025,rth,resolved,-0.35,att_refill,0.4691283673725374,0.384002546771639,0.5487452988739511,0.12212212906027584,396
2025,rth,resolved,-0.35,att_eff,0.09845777914915446,-0.16026849827444284,0.31369881785558296,0.35134715799112365,397
2025,rth,resolved,-0.35,def_eff,-0.07249877302514264,-0.3513932837342753,0.15943536497580219,0.37867208948115455,396
2025,rth,resolved,-0.35,att_large,0.0,0.0,0.1150138594399271,0.08525860595991631,396
2025,rth,resolved,-0.35,def_large,0.0,0.0,0.07253596959395217,0.05377017760856351,396
2025,rth,resolved,-0.35,balance,-3.643241494991653e-06,-0.045878032264747355,0.036851244480179096,0.06132637267970826,400
2025,rth,resolved,-0.35,volume,0.8296512816021486,0.5381112946141848,1.2742774566473989,0.5457124996539763,400
2025,rth,resolved,-0.3,delta,0.04932970781555142,-0.022519137027770045,0.11109149252916495,0.09904420278497775,396
2025,rth,resolved,-0.3,def_cancel,0.4558346908603886,0.43889463468943046,0.46863009770083613,0.022042596746779594,396
2025,rth,resolved,-0.3,att_cancel,0.44620986739828306,0.42756777016682757,0.4627876172344386,0.02610811495004526,396
2025,rth,resolved,-0.3,def_refill,0.41017435622453824,0.34446610596701416,0.500374827140372,0.11557355164815256,396
2025,rth,resolved,-0.3,att_refill,0.47385144288444264,0.39832482199894825,0.5432737226548398,0.10744914800288473,396
2025,rth,resolved,-0.3,att_eff,0.15062307261908417,-0.0818986042206846,0.3829717507145997,0.34460367304320555,397
2025,rth,resolved,-0.3,def_eff,-0.15475651940856347,-0.4211647081502847,0.1202320130044946,0.4013318911451291,396
2025,rth,resolved,-0.3,att_large,0.009056042333676172,0.0,0.11610761643599143,0.08606939691326274,396
2025,rth,resolved,-0.3,def_large,0.0,0.0,0.0537968800096189,0.03987908080772343,396
2025,rth,resolved,-0.3,balance,-0.0051944349667264415,-0.04678269093007944,0.03470462245244838,0.0604057178521333,400
2025,rth,resolved,-0.3,volume,0.8186189476024431,0.5561777456647399,1.290218038082285,0.544136614097513,400
2025,rth,resolved,-0.25,delta,0.03485655413458568,-0.024704558380822438,0.0999986262012167,0.0924412042861669,396
2025,rth,resolved,-0.25,def_cancel,0.45546360085877025,0.4374235005182475,0.4688634697579223,0.023306129903391246,396
2025,rth,resolved,-0.25,att_cancel,0.44751439409528915,0.4283167689329603,0.4601002937495352,0.023560804163509953,396
2025,rth,resolved,-0.25,def_refill,0.4151320373803148,0.3422007440733209,0.4923352996477731,0.1112932213302092,396
2025,rth,resolved,-0.25,att_refill,0.475999752922429,0.38647614442174927,0.5505028706754997,0.12159134637045996,396
2025,rth,resolved,-0.25,att_eff,0.13584545812750515,-0.07914051164405748,0.3348301978945449,0.3068722828306912,397
2025,rth,resolved,-0.25,def_eff,-0.1243345701569323,-0.3955170788067118,0.09699314317072874,0.3650928257801635,396
2025,rth,resolved,-0.25,att_large,0.0,0.0,0.09659698392265707,0.0716063631746902,396
2025,rth,resolved,-0.25,def_large,0.0,0.0,0.06563864960657484,0.04865726434883235,396
2025,rth,resolved,-0.25,balance,-0.0025561061736029686,-0.04616657224725918,0.039449639252252984,0.06346642809452348,400
2025,rth,resolved,-0.25,volume,0.8760938503532434,0.5413446912077883,1.3298991019818331,0.5845473764077427,400
2025,rth,resolved,-0.2,delta,0.039451343930710946,-0.028265792037584697,0.11022512262054061,0.1026619085679209,397
2025,rth,resolved,-0.2,def_cancel,0.4557068289448637,0.4403757370705588,0.4713752015890648,0.02297958822720978,397
2025,rth,resolved,-0.2,att_cancel,0.44449143243896677,0.42268917177267357,0.4596131182604798,0.0273713465439631,397
2025,rth,resolved,-0.2,def_refill,0.4123644591973512,0.3508556209458941,0.4910863756033999,0.10395163429021927,397
2025,rth,resolved,-0.2,att_refill,0.4707552336585177,0.3939757776445531,0.5438216738502415,0.11107924107167412,397
2025,rth,resolved,-0.2,att_eff,0.18066435744445297,-0.03776358940225144,0.39186470262807355,0.31847908971855077,397
2025,rth,resolved,-0.2,def_eff,-0.18040809723830628,-0.39784837316303656,0.06685219447730548,0.3444778114457688,396
2025,rth,resolved,-0.2,att_large,0.0,0.0,0.09503620178001443,0.07044937122313893,397
2025,rth,resolved,-0.2,def_large,0.0,0.0,0.07052653251227789,0.052280602307099994,397
2025,rth,resolved,-0.2,balance,0.001980991128321867,-0.039915856046534276,0.040506972501252625,0.05961662605469748,400
2025,rth,resolved,-0.2,volume,0.8259014588494357,0.5189967145892002,1.3727908841994636,0.6329089470795133,400
2025,rth,resolved,-0.15,delta,0.04734826330530741,-0.023207434284757588,0.11071303202091462,0.09927388162021661,397
2025,rth,resolved,-0.15,def_cancel,0.4565877765706738,0.44098099993137396,0.4718970906789255,0.022917784097517813,397
2025,rth,resolved,-0.15,att_cancel,0.4437836164805158,0.4255439198295566,0.45776562754803707,0.023885624698651214,397
2025,rth,resolved,-0.15,def_refill,0.4177036715506739,0.3422392027328224,0.4936419977466461,0.11223335434679296,397
2025,rth,resolved,-0.15,att_refill,0.4730685799629752,0.4014860727756744,0.5546252240362491,0.11352049759864696,397
2025,rth,resolved,-0.15,att_eff,0.17773383985992366,-0.056267540297332566,0.4130127499125175,0.34787271327638997,397
2025,rth,resolved,-0.15,def_eff,-0.19311895452257322,-0.4710536326387747,0.04715518736059393,0.38414293550731554,396
2025,rth,resolved,-0.15,att_large,0.0,0.0,0.10088815941404095,0.07478736798668714,397
2025,rth,resolved,-0.15,def_large,0.0,0.0,0.04840297293106714,0.035880632269137985,397
2025,rth,resolved,-0.15,balance,0.003949194831936133,-0.04002473470764803,0.04776229412233254,0.06507563293549339,400
2025,rth,resolved,-0.15,volume,0.8612797045600514,0.5293586735413185,1.3662587412587412,0.6203855209172889,400
2025,rth,resolved,-0.1,delta,0.06299309509436435,-0.007390829576534376,0.13501056227809563,0.10556070560017049,397
2025,rth,resolved,-0.1,def_cancel,0.4573186354952684,0.4419246000587259,0.4699713392210797,0.020790762907601026,397
2025,rth,resolved,-0.1,att_cancel,0.4406558784770151,0.4223747981327851,0.45418184601094397,0.02357824157016965,397
2025,rth,resolved,-0.1,def_refill,0.41258496971678166,0.33075177856278526,0.4841982388484011,0.1137483026579806,397
2025,rth,resolved,-0.1,att_refill,0.48588563618371666,0.3987195476116244,0.5696944727981703,0.1267419756757197,397
2025,rth,resolved,-0.1,att_eff,0.2319587486542567,0.00919723522725104,0.4503989060870705,0.32705831790942885,397
2025,rth,resolved,-0.1,def_eff,-0.24062824046178152,-0.5159466062872836,0.0012824386953054212,0.3834166382376494,396
2025,rth,resolved,-0.1,att_large,0.00834363411619283,0.0,0.112889932295145,0.08368416033739437,397
2025,rth,resolved,-0.1,def_large,0.0,0.0,0.03244285096401494,0.024049555940707887,397
2025,rth,resolved,-0.1,balance,0.005578251464392267,-0.038871818532611874,0.04425351261412103,0.061619963785569234,400
2025,rth,resolved,-0.1,volume,0.9040858437083148,0.5371502647301696,1.3969928433801266,0.6373925712749867,400
2025,rth,resolved,-0.05,delta,0.09130368496314956,0.022139426399053704,0.1610559814739089,0.1029774314861788,397
2025,rth,resolved,-0.05,def_cancel,0.46162317029667105,0.4475738280326246,0.47449582138075386,0.0199570002580647,397
2025,rth,resolved,-0.05,att_cancel,0.43335320061605037,0.4177441720599068,0.44801832794033497,0.022441924299798476,397
2025,rth,resolved,-0.05,def_refill,0.38895510488741153,0.3202659477862435,0.4668150218859508,0.10863534032595056,397
2025,rth,resolved,-0.05,att_refill,0.5039975329582278,0.41350200454864483,0.5966681150839475,0.1357791775650872,397
2025,rth,resolved,-0.05,att_eff,0.34101482464594923,0.16056388042786757,0.5434004827194396,0.28379288531621355,397
2025,rth,resolved,-0.05,def_eff,-0.3857013988687764,-0.6394902217683515,-0.15135796640531746,0.36184748359009195,396
2025,rth,resolved,-0.05,att_large,0.047164248687563776,0.0,0.1311521151171546,0.09722173099863203,397
2025,rth,resolved,-0.05,def_large,0.0,0.0,0.04447601052688092,0.032969614919852425,397
2025,rth,resolved,-0.05,balance,0.010673491114566773,-0.0364131814576278,0.055277550256550484,0.0679694082388275,400
2025,rth,resolved,-0.05,volume,0.958395695706028,0.5959426411738551,1.533992380451918,0.6953667452024188,400
2025,rth,resolved,0.0,delta,0.06866586725618347,0.0034458045948722715,0.15514905887466918,0.11245608174929349,397
2025,rth,resolved,0.0,def_cancel,0.44697783600974206,0.43118318105934045,0.46499693327881825,0.025065791118960564,397
2025,rth,resolved,0.0,att_cancel,0.43772176364325593,0.41894034799389007,0.45131640233557496,0.024000040282939134,397
2025,rth,resolved,0.0,def_refill,0.385802734457834,0.32360341546859056,0.46116149948299023,0.10197041068524809,397
2025,rth,resolved,0.0,att_refill,0.47486490465139,0.3974287378444074,0.5521988459662382,0.11472950935643503,397
2025,rth,resolved,0.0,att_eff,0.15921767832721131,-0.0381026619730515,0.36102753758324346,0.29587116349614156,397
2025,rth,resolved,0.0,def_eff,-0.17614637740583258,-0.4319139231569999,0.011260502644835654,0.32852070111329545,396
2025,rth,resolved,0.0,att_large,0.08899864621534533,0.0,0.18866200511970896,0.13985322840601108,397
2025,rth,resolved,0.0,def_large,0.0,0.0,0.08725088088395062,0.06467819190804346,397
2025,rth,resolved,0.0,balance,0.012548697772906056,-0.03620323065162933,0.05309099654122844,0.06619290377528374,400
2025,rth,resolved,0.0,volume,1.1927473718478054,0.770046218798769,1.7950431451724425,0.75981981198938,400
2025,rth,resolved,0.05,delta,-0.026915523308298384,-0.09820848574031227,0.05269012996721633,0.1118596113473155,397
2025,rth,resolved,0.05,def_cancel,0.4385572592811374,0.42104053569713507,0.45200025010970574,0.022950121877368918,397
2025,rth,resolved,0.05,att_cancel,0.4569071466190404,0.4402162050243689,0.4718377470371657,0.023440727956113246,397
2025,rth,resolved,0.05,def_refill,0.4543149102535858,0.38516166234354066,0.5294851876887825,0.10698556363620597,397
2025,rth,resolved,0.05,att_refill,0.42731904645741003,0.3661733051425627,0.49491374916164066,0.09543398370576574,397
2025,rth,resolved,0.05,att_eff,-0.21087285436545591,-0.4550346049370963,0.0,0.3373125314581885,397
2025,rth,resolved,0.05,def_eff,0.21744461917773467,0.0,0.41319230603654733,0.3062952602198275,396
2025,rth,resolved,0.05,att_large,0.003163478853360588,0.0,0.1064201020105393,0.07888814085288309,397
2025,rth,resolved,0.05,def_large,0.0,0.0,0.08710956226200464,0.06457343384878031,397
2025,rth,resolved,0.05,balance,0.012434789989041226,-0.031450522939583524,0.04578845904555971,0.05725647293190751,400
2025,rth,resolved,0.05,volume,1.0562723644371044,0.6357342582389687,1.669311978163134,0.7661806671046445,400
2025,rth,resolved,0.1,delta,-0.03927622697575317,-0.10245161946748499,0.01784711468363358,0.0891762299118744,397
2025,rth,resolved,0.1,def_cancel,0.4403961644666832,0.42292512131764476,0.4545425526622347,0.023437680759518117,397
2025,rth,resolved,0.1,att_cancel,0.46123481154853724,0.44551153415771,0.4728697308272393,0.020280353350281187,397
2025,rth,resolved,0.1,def_refill,0.4779371106195142,0.40775953901069606,0.5411100757495181,0.09885139862032767,397
2025,rth,resolved,0.1,att_refill,0.4198793014646378,0.34377016636438323,0.4894310114427744,0.1079769051730105,397
2025,rth,resolved,0.1,att_eff,-0.2731020458928147,-0.5068343454447802,-0.033439872762188204,0.3509225149611505,397
2025,rth,resolved,0.1,def_eff,0.26292678478397374,0.022290441167191855,0.4851318038263724,0.3430996016747076,397
2025,rth,resolved,0.1,att_large,0.0,0.0,0.061120945504468914,0.045308336178257164,397
2025,rth,resolved,0.1,def_large,0.0,0.0,0.08614268859057529,0.06385670021540052,397
2025,rth,resolved,0.1,balance,0.01199993153330773,-0.029569813334514472,0.05132387253782808,0.05996566780751857,400
2025,rth,resolved,0.1,volume,0.8684446173608023,0.5318918196447098,1.4907762279746446,0.7108112737805299,400
2025,rth,resolved,0.15,delta,-0.0493784329788098,-0.10285597539291727,0.017496234497340994,0.08921587093421667,397
2025,rth,resolved,0.15,def_cancel,0.4451716748999675,0.4271454743302122,0.4574554640077187,0.022468487529656394,397
2025,rth,resolved,0.15,att_cancel,0.46163477516100815,0.4458664797668995,0.47479247325268265,0.021442545208141674,397
2025,rth,resolved,0.15,def_refill,0.47586911667233367,0.4064390957184929,0.5442950302304945,0.1021912042342488,397
2025,rth,resolved,0.15,att_refill,0.4198236963488944,0.3394059177405618,0.4884338763115743,0.11047291220979431,397
2025,rth,resolved,0.15,att_eff,-0.23888113186284837,-0.5621302815065066,0.042543439149243446,0.4482384882548184,397
2025,rth,resolved,0.15,def_eff,0.2308209704428438,-0.008576346104014164,0.5092633307676516,0.3838692934556455,397
2025,rth,resolved,0.15,att_large,0.0,0.0,0.06097525199921414,0.04520033506242709,397
2025,rth,resolved,0.15,def_large,0.0,0.0,0.09200040645665583,0.06819896698047134,397
2025,rth,resolved,0.15,balance,0.010442570928428171,-0.030186688711586127,0.0467878205613422,0.057060421996240424,400
2025,rth,resolved,0.15,volume,0.8364170661215282,0.5206748423142471,1.3469395127993393,0.6125016089585561,400
2025,rth,resolved,0.2,delta,-0.03827918696185658,-0.10832633126383312,0.02996357531864644,0.10251290332281657,397
2025,rth,resolved,0.2,def_cancel,0.4452090916624659,0.42676935696487855,0.4602160769095167,0.02479371382108092,397
2025,rth,resolved,0.2,att_cancel,0.4619564253429369,0.4453037864101042,0.4739865218747438,0.0212622205075164,397
2025,rth,resolved,0.2,def_refill,0.47395188855973536,0.40175970431761615,0.5515810403690682,0.11106103487876355,397
2025,rth,resolved,0.2,att_refill,0.41418684460519223,0.3451525878083716,0.48862566956132186,0.10635513843806543,397
2025,rth,resolved,0.2,att_eff,-0.1849864927491514,-0.4972567853038225,0.07366157078095005,0.42321597930672544,397
2025,rth,resolved,0.2,def_eff,0.18492753819965754,-0.05428521433860641,0.4419203448224093,0.36783214170571954,397
2025,rth,resolved,0.2,att_large,0.0,0.0,0.056305551903586035,0.041738733805475194,397
2025,rth,resolved,0.2,def_large,0.0,0.0,0.08959659708380412,0.06641704750467319,397
2025,rth,resolved,0.2,balance,0.007731204886515677,-0.030737890262579896,0.04413591708057478,0.0555031929897366,400
2025,rth,resolved,0.2,volume,0.8294273843930635,0.5096261994931519,1.3761967124277457,0.6423799206335017,400
2025,rth,resolved,0.25,delta,-0.041548242784171054,-0.1099705876353924,0.01969077842958364,0.09611665386580877,397
2025,rth,resolved,0.25,def_cancel,0.4468430542769799,0.42575117325192496,0.4613141430183037,0.026362468322000548,397
2025,rth,resolved,0.25,att_cancel,0.46026922033728185,0.44633967572179856,0.47206166924352,0.019067452573551847,397
2025,rth,resolved,0.25,def_refill,0.4802475349444204,0.4080971795457058,0.5493501073287669,0.10470936084733957,397
2025,rth,resolved,0.25,att_refill,0.409408149907357,0.35199035150271824,0.4888595000087316,0.10145970978948357,397
2025,rth,resolved,0.25,att_eff,-0.19653446692805837,-0.5012588227171384,0.059927400414720985,0.41600164798507,397
2025,rth,resolved,0.25,def_eff,0.19947810920530354,-0.0488009050332914,0.46534201618418963,0.3811289260322321,397
2025,rth,resolved,0.25,att_large,0.0,0.0,0.07227286360783038,0.05357513981306922,397
2025,rth,resolved,0.25,def_large,0.0,0.0,0.09449680094290501,0.0700495188605671,397
2025,rth,resolved,0.25,balance,0.006240499681216653,-0.028901727528825694,0.0472460086110776,0.056447543469164786,400
2025,rth,resolved,0.25,volume,0.7833265401907021,0.49859947013487477,1.3494055438780872,0.6306939019593865,400
2025,rth,resolved,0.3,delta,-0.03333713627912554,-0.10775712860397677,0.029345564601579485,0.10163283410345163,397
2025,rth,resolved,0.3,def_cancel,0.44733625622696255,0.4274834432809218,0.46096619903188896,0.024820426798344813,397
2025,rth,resolved,0.3,att_cancel,0.45865692779497486,0.44232594138256087,0.4740859136289514,0.023543344882424422,397
2025,rth,resolved,0.3,def_refill,0.47402034167911616,0.39352167003659816,0.5466956188971422,0.11354629270611126,397
2025,rth,resolved,0.3,att_refill,0.415017515906316,0.3460640057411466,0.49366709044393087,0.10941666768182674,397
2025,rth,resolved,0.3,att_eff,-0.16464743945541424,-0.46953765194930713,0.11822606789519967,0.43570327638584644,397
2025,rth,resolved,0.3,def_eff,0.1779772671348965,-0.10260505402769553,0.43015111599137595,0.39492673833882247,397
2025,rth,resolved,0.3,att_large,0.0,0.0,0.0963139065299261,0.07139652077829955,397
2025,rth,resolved,0.3,def_large,0.0,0.0,0.10347414112259154,0.07670432996485659,397
2025,rth,resolved,0.3,balance,0.007042977896887395,-0.03206990652787153,0.04654194485955344,0.058274167077409164,400
2025,rth,resolved,0.3,volume,0.8028770362585391,0.5002572692240322,1.3213588838057557,0.6086742880516853,400
2025,rth,resolved,0.35,delta,-0.0257435428735216,-0.0979084491510317,0.03471696068557973,0.0983138694118691,397
2025,rth,resolved,0.35,def_cancel,0.44881582744223475,0.42625769222131893,0.46345011090088917,0.02757036225320255,397
2025,rth,resolved,0.35,att_cancel,0.4591596103123163,0.44093703414754587,0.4730051776603299,0.02377178911251596,397
2025,rth,resolved,0.35,def_refill,0.4658009231288999,0.3982343898714552,0.5529432230503026,0.11468408686348958,397
2025,rth,resolved,0.35,att_refill,0.4211672515845391,0.346923401480089,0.4997968464359225,0.11332353221336805,397
2025,rth,resolved,0.35,att_eff,-0.1445501237224156,-0.4630016013088897,0.15695666663857588,0.4595687679373355,398
2025,rth,resolved,0.35,def_eff,0.1546962577272584,-0.1360227237069931,0.41488064139420827,0.408379069756265,397
2025,rth,resolved,0.35,att_large,0.0,0.0,0.07207923469345358,0.053431604665273226,397
2025,rth,resolved,0.35,def_large,0.0,0.0,0.08933745244479752,0.06622494621556525,397
2025,rth,resolved,0.35,balance,0.007863446706939461,-0.034906550676692,0.04224958077037999,0.057195056669438096,400
2025,rth,resolved,0.35,volume,0.7713005780346821,0.4805570909139341,1.2664300826949138,0.5825596677397922,400
2025,rth,resolved,0.4,delta,-0.02216215069169495,-0.09682095294600285,0.04274185595540946,0.10345649288466444,398
2025,rth,resolved,0.4,def_cancel,0.44740970223066756,0.43084761325148213,0.463599889321893,0.024278929629659652,398
2025,rth,resolved,0.4,att_cancel,0.4599810523682289,0.4416245345525519,0.472765502536695,0.02308448330922396,398
2025,rth,resolved,0.4,def_refill,0.46857620017962387,0.39407478024398146,0.5412993205966868,0.10913605659948508,398
2025,rth,resolved,0.4,att_refill,0.42009250325180775,0.3457077076516785,0.5032148562310687,0.11675844965114168,398
2025,rth,resolved,0.4,att_eff,-0.1572795738145796,-0.4276873085926957,0.15335139719184088,0.4307180917602198,398
2025,rth,resolved,0.4,def_eff,0.14723701619856083,-0.13307131243307233,0.42149181483809856,0.4110920142855232,398
2025,rth,resolved,0.4,att_large,0.0,0.0,0.043961045609330875,0.032587876656286784,398
2025,rth,resolved,0.4,def_large,0.0,0.0,0.078801065060002,0.05841442925129874,398
2025,rth,resolved,0.4,balance,0.007384505142967013,-0.035990512184544916,0.04732824597470606,0.061763349265567806,400
2025,rth,resolved,0.4,volume,0.7816489041425819,0.47525289017341044,1.2590552511072743,0.5810247301214707,400
2025,rth,resolved,0.45,delta,-0.03266818896738867,-0.10118948042502687,0.03424135914223601,0.10039350598018004,398
2025,rth,resolved,0.45,def_cancel,0.4489619207426981,0.4303970239049473,0.46293063320555256,0.024116834173910515,398
2025,rth,resolved,0.45,att_cancel,0.4604938077228718,0.4437797909925448,0.4736824569315266,0.0221665425789339,398
2025,rth,resolved,0.45,def_refill,0.4635603370941944,0.38769840944712053,0.544828944495822,0.11647926986560522,398
2025,rth,resolved,0.45,att_refill,0.41596022983783465,0.3507671695706601,0.49373718207375333,0.10598221831215213,398
2025,rth,resolved,0.45,att_eff,-0.15611794782179161,-0.4610857305333327,0.11255310534467858,0.42523264334915584,398
2025,rth,resolved,0.45,def_eff,0.16354489527808952,-0.07976751346422145,0.410348391898389,0.36331794318948146,398
2025,rth,resolved,0.45,att_large,0.0,0.0,0.027812789206960804,0.020617338181586956,398
2025,rth,resolved,0.45,def_large,0.0,0.0,0.08005672842636953,0.059345239752683125,398
2025,rth,resolved,0.45,balance,0.0038933616051874606,-0.035588619307783086,0.0471211643945792,0.06131192268522038,400
2025,rth,resolved,0.45,volume,0.7834276653821451,0.5004947913108041,1.2399962152491053,0.5481848954323952,400
2025,rth,resolved,0.5,delta,-0.03368990942174199,-0.09132304923934452,0.027958831195151815,0.08842244657857401,398
2025,rth,resolved,0.5,def_cancel,0.44917458561719187,0.4310088667551273,0.4642168889136324,0.024616769576356636,398
2025,rth,resolved,0.5,att_cancel,0.4612624714038134,0.44106799162515753,0.47450643945074233,0.024787581783235587,397
2025,rth,resolved,0.5,def_refill,0.4652616322378412,0.379251570000476,0.5424649038790207,0.12098838686326516,398
2025,rth,resolved,0.5,att_refill,0.41299748635569655,0.3519747842210515,0.49412539951768764,0.10537480748453383,398
2025,rth,resolved,0.5,att_eff,-0.13964985896792886,-0.49395701550741783,0.11994604873963977,0.45508010692887885,398
2025,rth,resolved,0.5,def_eff,0.14401735864002263,-0.09128122505329178,0.45869486644356733,0.4076916912504515,398
2025,rth,resolved,0.5,att_large,0.0,0.0,0.04972761012028968,0.03686257236492934,398
2025,rth,resolved,0.5,def_large,0.0,0.0,0.09191187643454375,0.06813334057416141,398
2025,rth,resolved,0.5,balance,0.002066402380035464,-0.03799164293739,0.04597744477853796,0.06224543196139952,400
2025,rth,resolved,0.5,volume,0.7759922928709055,0.4878720464455938,1.2690711303789337,0.5790949473190066,400
2025,rth,resolved,0.55,delta,-0.02752759882428124,-0.0995844435782642,0.04047193077703708,0.10382236794314402,398
2025,rth,resolved,0.55,def_cancel,0.44929745816601385,0.4297364840177884,0.4639092440268753,0.025331919947432814,398
2025,rth,resolved,0.55,att_cancel,0.461037848684547,0.4417545622691252,0.4746290812882869,0.024369547086109503,397
2025,rth,resolved,0.55,def_refill,0.4607517192741193,0.385932853039432,0.5386249996916443,0.1131891376220996,398
2025,rth,resolved,0.55,att_refill,0.41297887372524444,0.34068299521281015,0.5021202314284839,0.11967178370324225,398
2025,rth,resolved,0.55,att_eff,-0.12381575845348719,-0.5023298400624837,0.13042296939438752,0.46905323162110546,398
2025,rth,resolved,0.55,def_eff,0.15130377560205058,-0.10111529178362559,0.4448169745827753,0.40469404474899995,398
2025,rth,resolved,0.55,att_large,0.0,0.0,0.036907536609217785,0.02735918206761882,398
2025,rth,resolved,0.55,def_large,0.0,0.0,0.08459748610897712,0.06271125730835961,398
2025,rth,resolved,0.55,balance,0.004282986982507826,-0.0366715961730058,0.04509026755111992,0.06060923923211692,400
2025,rth,resolved,0.55,volume,0.7697692968646725,0.4738602293867517,1.2087622276567362,0.5447753878947253,400
2025,rth,resolved,0.6,delta,-0.03282154701468675,-0.1039544794621698,0.027026538293792465,0.09709489826238864,398
2025,rth,resolved,0.6,def_cancel,0.4485238192805268,0.4324316673025369,0.4635882536817782,0.023096061066894952,398
2025,rth,resolved,0.6,att_cancel,0.46002077029095567,0.44352282159643225,0.4753401548711978,0.023585866030219085,397
2025,rth,resolved,0.6,def_refill,0.4593784116937758,0.3915187376892983,0.5528488639085116,0.11959238415063998,398
2025,rth,resolved,0.6,att_refill,0.40783258212096785,0.33982701052819586,0.49800580296240937,0.11725633241972833,398
2025,rth,resolved,0.6,att_eff,-0.17203009263474667,-0.4787841406700597,0.09879205187131929,0.428151365857212,398
2025,rth,resolved,0.6,def_eff,0.1879751132613824,-0.10269526597512377,0.4614740887660231,0.41821301315133197,398
2025,rth,resolved,0.6,att_large,0.0,0.0,0.009941520467836258,0.0077883178436698765,398
2025,rth,resolved,0.6,def_large,0.0,0.0,0.09297236030295832,0.068919466495892,398
2025,rth,resolved,0.6,balance,0.004283764259879716,-0.03791416893200824,0.04278501972400452,0.059821488996303004,400
2025,rth,resolved,0.6,volume,0.7611427518984473,0.48131696524620265,1.1528366864349522,0.49779074958395075,400
2025,rth,resolved,0.65,delta,-0.049265418731224295,-0.1135237171008349,0.019969766492661824,0.09895736367197681,398
2025,rth,resolved,0.65,def_cancel,0.44795274942230023,0.42890055330396454,0.46240896216398775,0.024839443187563537,398
2025,rth,resolved,0.65,att_cancel,0.45970784226346856,0.44482665519662073,0.4741860682458134,0.021763834728830728,397
2025,rth,resolved,0.65,def_refill,0.4785732938234536,0.39749453177915617,0.5539493828764768,0.11597839221447043,398
2025,rth,resolved,0.65,att_refill,0.4134354702385986,0.3319227655586587,0.49388527787082975,0.12006116553904453,398
2025,rth,resolved,0.65,att_eff,-0.22844305431240414,-0.535571178854509,0.0992442751519982,0.4705822490782114,398
2025,rth,resolved,0.65,def_eff,0.20321603784553446,-0.07766005982475004,0.4591906091013273,0.39796194879620267,398
2025,rth,resolved,0.65,att_large,0.0,0.0,0.0,0.0077883178436698765,398
2025,rth,resolved,0.65,def_large,0.0,0.0,0.08398494854254086,0.062257189431090335,398
2025,rth,resolved,0.65,balance,0.00511341006906928,-0.03686983040876809,0.0435207653763027,0.059592732235041364,400
2025,rth,resolved,0.65,volume,0.7611928133370929,0.5036518755810664,1.1828275529865127,0.5034660321760165,400
2025,rth,resolved,0.7,delta,-0.05115464031531171,-0.12188838161785565,0.008668944968132216,0.09678082030095468,398
2025,rth,resolved,0.7,def_cancel,0.4470857516707506,0.4286475782025931,0.4596103111816135,0.022952359510022544,398
2025,rth,resolved,0.7,att_cancel,0.46249388326350377,0.4461103318968112,0.47647798885274395,0.022511235697503885,397
2025,rth,resolved,0.7,def_refill,0.4723368369826752,0.3912140521565826,0.5636646718695565,0.12783589304149287,398
2025,rth,resolved,0.7,att_refill,0.4152848293489007,0.3360244582554489,0.4855546777291332,0.11084523311614847,398
2025,rth,resolved,0.7,att_eff,-0.2667922999667623,-0.5521300385027675,0.05781589507536388,0.45214672615132057,398
2025,rth,resolved,0.7,def_eff,0.2465989872357413,-0.029668484783925742,0.4677298439438169,0.3687163296721591,398
2025,rth,resolved,0.7,att_large,0.0,0.0,0.02626130610052806,0.01946723951114015,398
2025,rth,resolved,0.7,def_large,0.0,0.0,0.0908612531026725,0.06735452416803002,398
2025,rth,resolved,0.7,balance,0.0025913655633822727,-0.03978227963335018,0.04276952746864651,0.06119481623572772,400
2025,rth,resolved,0.7,volume,0.7763745378223874,0.5301716587843756,1.187213993256262,0.4870588098383146,400
2025,rth,resolved,0.75,delta,-0.05981183210624885,-0.12413030404228653,0.020653649325235512,0.10732687425316682,398
2025,rth,resolved,0.75,def_cancel,0.44458032418243265,0.42390527028134284,0.4596900713602992,0.026526909621168552,398
2025,rth,resolved,0.75,att_cancel,0.46203070316012707,0.4477824740390727,0.47330616968381684,0.018920456371196562,397
2025,rth,resolved,0.75,def_refill,0.47121126154228704,0.39052242509181834,0.5617439552107019,0.1269247814076231,398
2025,rth,resolved,0.75,att_refill,0.41107468515665563,0.3395947315042991,0.4797919680490541,0.10392678765363604,398
2025,rth,resolved,0.75,att_eff,-0.2527842394401093,-0.5629364142784579,-0.003344988127977048,0.4148194411790073,398
2025,rth,resolved,0.75,def_eff,0.2177619336829736,0.01660619675001013,0.48193612738124436,0.34494435183931377,398
2025,rth,resolved,0.75,att_large,0.0,0.0,0.04439387935165346,0.03290873191375349,398
2025,rth,resolved,0.75,def_large,0.0,0.0,0.10383234614415747,0.07696986370953111,398
2025,rth,resolved,0.75,balance,0.0052154840365097495,-0.037946774144673553,0.04677515172300419,0.06280350323771515,400
2025,rth,resolved,0.75,volume,0.8352279723876165,0.5041689604550876,1.3220525547586366,0.6062888023006293,400
2025,rth,resolved,0.8,delta,-0.05853231199598654,-0.1273709118311822,0.001495164266691032,0.09552711348989862,398
2025,rth,resolved,0.8,def_cancel,0.4422806385042416,0.4245572578792104,0.45862784076870766,0.025256177086358245,398
2025,rth,resolved,0.8,att_cancel,0.4619254123040941,0.4456369017552308,0.47445900770503485,0.021365534432768018,397
2025,rth,resolved,0.8,def_refill,0.4762277746172575,0.4032915790766548,0.5689319595545526,0.12278753185907913,398
2025,rth,resolved,0.8,att_refill,0.40087042562418224,0.32457274243345413,0.4660542270509751,0.1048787877075767,398
2025,rth,resolved,0.8,att_eff,-0.2686656237784623,-0.5750919931586357,-1.0675221390626506e-18,0.4263098540834957,398
2025,rth,resolved,0.8,def_eff,0.25858637901017834,0.036513163182579834,0.498373464934254,0.3423723511873048,398
2025,rth,resolved,0.8,att_large,0.0,0.0,0.04680691373096467,0.03469748979315394,398
2025,rth,resolved,0.8,def_large,0.0,0.0,0.11235432374177765,0.08328711915624733,398
2025,rth,resolved,0.8,balance,0.006393913783586723,-0.03746654627765633,0.04952792064921073,0.06448811484571317,400
2025,rth,resolved,0.8,volume,0.8421532516261752,0.5456758209063973,1.4485176282051282,0.669267462786309,400
2025,rth,resolved,0.85,delta,-0.0670866267503936,-0.1284698151163718,-0.005848489931318223,0.09089794305786031,399
2025,rth,resolved,0.85,def_cancel,0.4424928640102956,0.4230838090259211,0.45681424742448745,0.02500403142962667,399
2025,rth,resolved,0.85,att_cancel,0.460113726926023,0.44550406456812974,0.4739064854533768,0.021054426156595318,398
2025,rth,resolved,0.85,def_refill,0.4823886264118408,0.4013485351001724,0.5636699504708862,0.12032721673144094,399
2025,rth,resolved,0.85,att_refill,0.393062106777186,0.3244028021935184,0.4686767111634788,0.1069487835210974,399
2025,rth,resolved,0.85,att_eff,-0.3018809515118367,-0.5719549619038585,-0.045543517295403776,0.39022345782687534,398
2025,rth,resolved,0.85,def_eff,0.27096572048610923,0.04891199219498864,0.48848738167198535,0.32585277203632074,399
2025,rth,resolved,0.85,att_large,0.0,0.0,0.04337840870648957,0.032155973837279146,399
2025,rth,resolved,0.85,def_large,0.011080958842152872,0.0,0.11091376651196046,0.08221924871160893,399
2025,rth,resolved,0.85,balance,0.004555013378994507,-0.040566281259150926,0.05281269887964397,0.06922088965070045,400
2025,rth,resolved,0.85,volume,0.8294233200867052,0.5723234781646708,1.4046242774566473,0.616976129942162,400
2025,rth,resolved,0.9,delta,-0.06042196453240278,-0.1344811107153849,0.0024953077224649546,0.10153922790055586,399
2025,rth,resolved,0.9,def_cancel,0.44068793982054916,0.42375982441906396,0.4590355428956431,0.026149531858101645,399
2025,rth,resolved,0.9,att_cancel,0.45850631723387847,0.4446863088078535,0.47161200812977455,0.019959747458799904,398
2025,rth,resolved,0.9,def_refill,0.47733358280985416,0.39287247033583306,0.562862124622775,0.12601160436393025,399
2025,rth,resolved,0.9,att_refill,0.40816497910183996,0.3286010538227247,0.48206690295104127,0.11376267541016795,399
2025,rth,resolved,0.9,att_eff,-0.2818882818197634,-0.5740459900787331,0.0,0.4255344626232269,399
2025,rth,resolved,0.9,def_eff,0.22887561008745655,0.03230609213179995,0.4531738536757415,0.31198499743805896,399
2025,rth,resolved,0.9,att_large,0.0,0.0,0.05316408466281596,0.039409996043599675,399
2025,rth,resolved,0.9,def_large,0.006173780487804878,0.0,0.11359442461300874,0.08420639333803465,399
2025,rth,resolved,0.9,balance,0.0059323354952237955,-0.0381907309309149,0.054978884735970596,0.06906568989391068,400
2025,rth,resolved,0.9,volume,0.9233044547576701,0.5704991570327553,1.3978695918724822,0.6133213008448679,400
2025,rth,resolved,0.95,delta,-0.040649155040375334,-0.1144194483512161,0.0217109374684153,0.10091207251269935,399
2025,rth,resolved,0.95,def_cancel,0.4460291152757294,0.4271390919619714,0.4599855207142805,0.024348724056567152,399
2025,rth,resolved,0.95,att_cancel,0.4556061690336811,0.4408090227822384,0.46731602783455584,0.01964937364886394,397
2025,rth,resolved,0.95,def_refill,0.4718638423755552,0.39773371716438655,0.565115096973161,0.12407811698204184,399
2025,rth,resolved,0.95,att_refill,0.4125227624394309,0.3444597923506321,0.4852941057255872,0.10439904623792072,399
2025,rth,resolved,0.95,att_eff,-0.18224517999611609,-0.41583199027710704,0.0604189206846341,0.35303996364843676,399
2025,rth,resolved,0.95,def_eff,0.16842023619920296,-0.05207038327274471,0.365914229692511,0.30984774867698717,399
2025,rth,resolved,0.95,att_large,0.0,0.0,0.07078969182312067,0.0524756796316684,399
2025,rth,resolved,0.95,def_large,0.024823059094744405,0.0,0.1291515082096455,0.09573870141560081,399
2025,rth,resolved,0.95,balance,0.009064777785445509,-0.040362983066184174,0.05305232579885205,0.06924781976652056,400
2025,rth,resolved,0.95,volume,0.8546862097440133,0.5570145146208773,1.3520987626445087,0.5893878784459833,400
2024,night,invalidated,-1.0,delta,0.2089341050111989,0.012206613422435923,0.3871729175645014,0.27795871322614196,866
2024,night,invalidated,-1.0,def_cancel,0.4984387175892192,0.4610627661878521,0.541410651825505,0.059561071636510664,866
2024,night,invalidated,-1.0,att_cancel,0.40750037808598266,0.3686789877204074,0.44077492351489184,0.0534439850218565,866
2024,night,invalidated,-1.0,def_refill,0.29210328363299737,0.17896135986259373,0.4197171621424724,0.17846983119338672,866
2024,night,invalidated,-1.0,att_refill,0.500655478288457,0.3485467251273752,0.661168927613957,0.23174366381510877,864
2024,night,invalidated,-1.0,att_eff,0.3325215420637619,0.1245772415361642,0.6023329197858416,0.35415543235706254,967
2024,night,invalidated,-1.0,def_eff,-0.18238946321292723,-0.46997979505940907,0.00876960562879869,0.3548920687088271,729
2024,night,invalidated,-1.0,att_large,0.0,0.0,0.21139215518857213,0.1567028578121365,786
2024,night,invalidated,-1.0,def_large,0.0,0.0,0.0,0.0,784
2024,night,invalidated,-1.0,balance,0.01084251566872204,-0.0303967260418838,0.05685566908866232,0.0646793144036665,1564
2024,night,invalidated,-1.0,volume,0.7144598155467721,0.3397745571658615,1.56438127090301,0.9077885201906216,1564
2024,night,invalidated,-0.95,delta,0.2041787458464082,0.019779784141899327,0.39792039597775025,0.2803117952823209,1055
2024,night,invalidated,-0.95,def_cancel,0.4981409307371882,0.4549337639925038,0.5400312454661833,0.06308189879442515,1055
2024,night,invalidated,-0.95,att_cancel,0.4135932067590335,0.37245725220851317,0.4455179841939978,0.054159178640092384,1055
2024,night,invalidated,-0.95,def_refill,0.27833758590226576,0.16509715212031228,0.41963961972265906,0.18868974618409695,1055
2024,night,invalidated,-0.95,att_refill,0.5159900127358612,0.35915915915915914,0.6638957166357663,0.22589811525322992,1054
2024,night,invalidated,-0.95,att_eff,0.3467471098456421,0.09716079732058476,0.6260964215349875,0.39209460653402717,1151
2024,night,invalidated,-0.95,def_eff,-0.23543866677815625,-0.5893510974438632,0.0,0.43687998327936484,912
2024,night,invalidated,-0.95,att_large,0.0,0.0,0.21037689944818866,0.15595025904239337,956
2024,night,invalidated,-0.95,def_large,0.0,0.0,0.0,0.0,955
2024,night,invalidated,-0.95,balance,0.016366165098586374,-0.026457855423383837,0.06040929109400664,0.06439373351919235,1564
2024,night,invalidated,-0.95,volume,0.8271739130434782,0.4036296583850932,1.7269848286724718,0.9809897481744838,1564
2024,night,invalidated,-0.9,delta,0.1785943624606369,0.004285434487312338,0.37542538810688586,0.2751222784429752,1165
2024,night,invalidated,-0.9,def_cancel,0.4931045774216714,0.4501917613069626,0.53480983800127,0.06272652090015376,1165
2024,night,invalidated,-0.9,att_cancel,0.4196177549070552,0.3800494042750924,0.45363677321741036,0.05454956926784135,1165
2024,night,invalidated,-0.9,def_refill,0.2975423526604629,0.17605913616510294,0.4418244216154166,0.19700910707955052,1165
2024,night,invalidated,-0.9,att_refill,0.5195646328745359,0.3608156817710437,0.6717228871749851,0.2304723538946934,1164
2024,night,invalidated,-0.9,att_eff,0.31736343433433967,0.052906526117763156,0.6328027579241492,0.42987118740280655,1250
2024,night,invalidated,-0.9,def_eff,-0.21202334663319475,-0.6188989889198719,0.015789337057538932,0.4704880103613127,1057
2024,night,invalidated,-0.9,att_large,0.0,0.0,0.14425403635451114,0.10693405215308462,1054
2024,night,invalidated,-0.9,def_large,0.0,0.0,0.0,0.0,1053
2024,night,invalidated,-0.9,balance,0.01896190301695567,-0.02440350699105546,0.06069231583801815,0.06308066925802343,1564
2024,night,invalidated,-0.9,volume,0.8555686830497794,0.39758454106280194,1.7424301242236027,0.9969203729879917,1564
2024,night,invalidated,-0.85,delta,0.16093951335591594,-0.0383198063809187,0.35667650023402997,0.29280675064117767,1257
2024,night,invalidated,-0.85,def_cancel,0.4889002762575953,0.45062133729518083,0.5275735998595553,0.057043930737119705,1257
2024,night,invalidated,-0.85,att_cancel,0.4223776328291133,0.3839138380623136,0.45613973091643745,0.05354032087036608,1257
2024,night,invalidated,-0.85,def_refill,0.3068329593464142,0.1877980184514522,0.460110453558965,0.2018624426297352,1257
2024,night,invalidated,-0.85,att_refill,0.5157709254538652,0.3526095380947554,0.6821155621142599,0.24425946925092998,1257
2024,night,invalidated,-0.85,att_eff,0.28878233911040674,0.017802936128255148,0.6023059099446413,0.43328611847026405,1330
2024,night,invalidated,-0.85,def_eff,-0.20546046492020142,-0.5645050762931939,0.039242273064586754,0.4475517786195557,1137
2024,night,invalidated,-0.85,att_large,0.0,0.0,0.11413903891363775,0.08461011038816735,1139
2024,night,invalidated,-0.85,def_large,0.0,0.0,0.0,0.0,1139
2024,night,invalidated,-0.85,balance,0.019098280152744326,-0.023011413112686025,0.06454900774565843,0.0649076507474755,1564
2024,night,invalidated,-0.85,volume,0.8308423913043478,0.3806221889055472,1.8096156927678666,1.0592983720254405,1564
2024,night,invalidated,-0.8,delta,0.14257137216059437,-0.07247074262743451,0.3518357010061136,0.3145340575489608,1312
2024,night,invalidated,-0.8,def_cancel,0.48359171878708385,0.4461674434681727,0.5236209817003998,0.057415521298908166,1312
2024,night,invalidated,-0.8,att_cancel,0.4299597715898099,0.38850366070569625,0.46526974140479543,0.056905916011192874,1312
2024,night,invalidated,-0.8,def_refill,0.3222514405254842,0.19346789809069875,0.4682758322864431,0.20371233076037387,1312
2024,night,invalidated,-0.8,att_refill,0.5065597258509352,0.3503952047553955,0.674285561230489,0.24009663193112937,1311
2024,night,invalidated,-0.8,att_eff,0.24964452636713444,0.0,0.5822030112318649,0.4315811795640214,1371
2024,night,invalidated,-0.8,def_eff,-0.14325279653444833,-0.5750934502871956,0.09672263478403556,0.4980104411202603,1208
2024,night,invalidated,-0.8,att_large,0.0,0.0,0.058013286018814864,0.043004659761908724,1191
2024,night,invalidated,-0.8,def_large,0.0,0.0,0.0,0.0,1190
2024,night,invalidated,-0.8,balance,0.021204874449754614,-0.02236304841395836,0.06529323465499495,0.0649787124306548,1564
2024,night,invalidated,-0.8,volume,0.8138888888888887,0.3861858753163101,1.7953486730660644,1.0445980709783205,1564
2024,night,invalidated,-0.75,delta,0.11785818644410884,-0.07351695256813069,0.3125216789724534,0.286166517079751,1349
2024,night,invalidated,-0.75,def_cancel,0.48118520889598004,0.44148682992577143,0.521818336802946,0.059548930227705375,1349
2024,night,invalidated,-0.75,att_cancel,0.43284912189767155,0.3909422508773091,0.46843085915964444,0.05744151837089351,1349
2024,night,invalidated,-0.75,def_refill,0.3266385622127938,0.20295476913123972,0.4789924278257114,0.20462391304260316,1349
2024,night,invalidated,-0.75,att_refill,0.49026689706947574,0.328620251343544,0.6592844495573652,0.245118012019141,1349
2024,night,invalidated,-0.75,att_eff,0.24260031098381862,0.0,0.5515768471067831,0.4088783151273411,1405
2024,night,invalidated,-0.75,def_eff,-0.13888388680642685,-0.5664887480170844,0.10560849897972086,0.4982188636003004,1261
2024,night,invalidated,-0.75,att_large,0.0,0.0,0.0,0.0,1224
2024,night,invalidated,-0.75,def_large,0.0,0.0,0.0,0.0,1224
2024,night,invalidated,-0.75,balance,0.020484676253546174,-0.02073530686382543,0.06490726532668077,0.06348596900704685,1564
2024,night,invalidated,-0.75,volume,0.8050985768377072,0.37988607859531776,1.713057686842853,0.9882665739418349,1564
2024,night,invalidated,-0.7,delta,0.0945029824832217,-0.08970828049073265,0.2998465952014609,0.2887730731595208,1382
2024,night,invalidated,-0.7,def_cancel,0.4777441956847076,0.4390713267297589,0.5138639561345633,0.05544301660845393,1382
2024,night,invalidated,-0.7,att_cancel,0.4380161194219505,0.39835650885588736,0.47463207803908064,0.05654230480592534,1382
2024,night,invalidated,-0.7,def_refill,0.33930143740370466,0.20413058284551563,0.4940527419176873,0.2149163521661762,1382
2024,night,invalidated,-0.7,att_refill,0.4931509619412845,0.3360890652557319,0.6515136476426798,0.2338210395752023,1382
2024,night,invalidated,-0.7,att_eff,0.21464524910454866,-0.039935829142393714,0.5507311126767523,0.43785540535147965,1431
2024,night,invalidated,-0.7,def_eff,-0.07694776104202453,-0.495018546246127,0.14236096970901446,0.47248296216096475,1304
2024,night,invalidated,-0.7,att_large,0.0,0.0,0.0,0.0,1256
2024,night,invalidated,-0.7,def_large,0.0,0.0,0.0,0.0,1256
2024,night,invalidated,-0.7,balance,0.020363513246785352,-0.01902542408898364,0.06665051434939437,0.0635107030677376,1564
2024,night,invalidated,-0.7,volume,0.7632228395727692,0.36506211180124226,1.6402626811594203,0.9452932315479452,1564
2024,night,invalidated,-0.65,delta,0.08711470621562797,-0.09685577197343223,0.27816039106676876,0.2779956731209793,1409
2024,night,invalidated,-0.65,def_cancel,0.47563809748591973,0.4392977457053945,0.5136140338632031,0.05508990967962095,1409
2024,night,invalidated,-0.65,att_cancel,0.43803205967868,0.40024341829621146,0.47267036714539584,0.05368936163764595,1409
2024,night,invalidated,-0.65,def_refill,0.33636363636363636,0.21204229797979798,0.5048938749496645,0.2170878999035334,1409
2024,night,invalidated,-0.65,att_refill,0.49051485635827136,0.3339087301587301,0.6544989581753623,0.23765028021989043,1409
2024,night,invalidated,-0.65,att_eff,0.18178791337495961,-0.05430925166119133,0.5169131199023731,0.4234413428936727,1445
2024,night,invalidated,-0.65,def_eff,-0.06922330411865846,-0.46713289239360056,0.1637392175589925,0.4676590881783492,1331
2024,night,invalidated,-0.65,att_large,0.0,0.0,0.0,0.0,1281
2024,night,invalidated,-0.65,def_large,0.0,0.0,0.0,0.0,1281
2024,night,invalidated,-0.65,balance,0.02141224297534498,-0.020410933976956154,0.06599347743225387,0.06405071268288363,1564
2024,night,invalidated,-0.65,volume,0.7734601449275362,0.3745204603580563,1.6278985507246375,0.9291164494933886,1564
2024,night,invalidated,-0.6,delta,0.08030237814370318,-0.11483157754482168,0.28741633316809334,0.2981822911140956,1433
2024,night,invalidated,-0.6,def_cancel,0.47601695730986954,0.43926804252974233,0.5109928425565736,0.053168865846427944,1433
2024,night,invalidated,-0.6,att_cancel,0.4387821114001697,0.403584876967328,0.4726191520601101,0.051174407036903,1433
2024,night,invalidated,-0.6,def_refill,0.34616205245834747,0.21613662979317333,0.5159446649838003,0.222244651735083,1433
2024,night,invalidated,-0.6,att_refill,0.4952830397695801,0.33409242232536474,0.6503379895795904,0.23442962731966324,1433
2024,night,invalidated,-0.6,att_eff,0.17971924709342868,-0.04024903182475414,0.5130035508290273,0.41012052087011225,1463
2024,night,invalidated,-0.6,def_eff,-0.06619384462576001,-0.46137072412887037,0.17656587083689163,0.47289591917402674,1363
2024,night,invalidated,-0.6,att_large,0.0,0.0,0.0,0.0,1303
2024,night,invalidated,-0.6,def_large,0.0,0.0,0.0,0.0,1303
2024,night,invalidated,-0.6,balance,0.020212398534894094,-0.020340178233761306,0.06488558711346687,0.06317699432707796,1564
2024,night,invalidated,-0.6,volume,0.7730978260869563,0.36440217391304347,1.6226555839727195,0.9327304744697377,1564
2024,night,invalidated,-0.55,delta,0.08425744036725687,-0.11366518193239328,0.2663043478260869,0.28166755356447754,1454
2024,night,invalidated,-0.55,def_cancel,0.4759308257417925,0.43892574588016914,0.5092935179755875,0.05216291482240059,1454
2024,night,invalidated,-0.55,att_cancel,0.43950531596380515,0.40378971583751605,0.4739535166785517,0.05201171300299157,1454
2024,night,invalidated,-0.55,def_refill,0.34758608983257444,0.2180128760800033,0.5151256155523253,0.2202466563916397,1454
2024,night,invalidated,-0.55,att_refill,0.48649502765471003,0.3333173875413408,0.6564398056202999,0.23952736699700453,1453
2024,night,invalidated,-0.55,att_eff,0.16519749777391754,-0.04918309180662543,0.5039108007984392,0.41000288554860237,1475
2024,night,invalidated,-0.55,def_eff,-0.05327885406758621,-0.4403289785749649,0.16189087032250873,0.44641945804112204,1387
2024,night,invalidated,-0.55,att_large,0.0,0.0,0.0,0.0,1321
2024,night,invalidated,-0.55,def_large,0.0,0.0,0.0,0.0,1320
2024,night,invalidated,-0.55,balance,0.020111202912510003,-0.019244123760566004,0.06376155415433618,0.061531266059971966,1564
2024,night,invalidated,-0.55,volume,0.7692028985507245,0.3496099172635905,1.5767663043478262,0.9096785671491739,1564
2024,night,invalidated,-0.5,delta,0.0772474135636764,-0.10918559058490528,0.26421987150784676,0.276801676866384,1465
2024,night,invalidated,-0.5,def_cancel,0.47283603355938775,0.43801715712529754,0.5084091927892989,0.0521809011593783,1465
2024,night,invalidated,-0.5,att_cancel,0.44167974273425914,0.40472102770818164,0.4759246336111973,0.052782509935519396,1465
2024,night,invalidated,-0.5,def_refill,0.35886815244058334,0.21387244534992123,0.5194677185995377,0.22653467253492693,1465
2024,night,invalidated,-0.5,att_refill,0.4766504329004329,0.3299207937212731,0.6465170607282502,0.2346895974847866,1465
2024,night,invalidated,-0.5,att_eff,0.16237189763031337,-0.04915047344979112,0.4856889726023331,0.3964710497050587,1496
2024,night,invalidated,-0.5,def_eff,-0.0445787549586606,-0.4268695682231276,0.1807571366589205,0.45042750547223726,1403
2024,night,invalidated,-0.5,att_large,0.0,0.0,0.0,0.0,1331
2024,night,invalidated,-0.5,def_large,0.0,0.0,0.0,0.0,1331
2024,night,invalidated,-0.5,balance,0.021615153899149274,-0.018467469455363948,0.06510308154835279,0.061950000744045025,1564
2024,night,invalidated,-0.5,volume,0.7470885093167702,0.34571256038647347,1.5151515151515151,0.8668932207302014,1564
2024,night,invalidated,-0.45,delta,0.07388926509093828,-0.10728519421577104,0.2604862119013062,0.27262520838923443,1478
2024,night,invalidated,-0.45,def_cancel,0.4744813335378446,0.43957964466277805,0.5079731936323856,0.05069944326879728,1478
2024,night,invalidated,-0.45,att_cancel,0.4434848574063581,0.4044732523180497,0.4760473091679975,0.05305712146030228,1478
2024,night,invalidated,-0.45,def_refill,0.3552972788937489,0.21818181818181817,0.5075571895424836,0.2145110239886327,1478
2024,night,invalidated,-0.45,att_refill,0.48894444444444446,0.3316222295280373,0.64,0.22859730946772625,1478
2024,night,invalidated,-0.45,att_eff,0.1577799783560591,-0.06256326854506601,0.48514516854496886,0.40601070206822454,1507
2024,night,invalidated,-0.45,def_eff,-0.050749737998262115,-0.4324779793703138,0.18864051138119334,0.4604288293191306,1416
2024,night,invalidated,-0.45,att_large,0.0,0.0,0.0,0.0,1343
2024,night,invalidated,-0.45,def_large,0.0,0.0,0.0,0.0,1343
2024,night,invalidated,-0.45,balance,0.022419479474585016,-0.017423182421367304,0.06587822247821075,0.06175048547040626,1564
2024,night,invalidated,-0.45,volume,0.7349184782608695,0.3500684098510185,1.5611275801493194,0.8977458638237961,1564
2024,night,invalidated,-0.4,delta,0.06905801077823719,-0.1184194971305537,0.2691645151923824,0.28731209215932996,1491
2024,night,invalidated,-0.4,def_cancel,0.47532836266176537,0.4363116564646433,0.5067100720108992,0.05218563050130165,1491
2024,night,invalidated,-0.4,att_cancel,0.4457065628224001,0.4076791631616418,0.47971170609302255,0.05339699253623479,1491
2024,night,invalidated,-0.4,def_refill,0.3484191954511589,0.22965189211620227,0.5124774278463151,0.2096556973536789,1491
2024,night,invalidated,-0.4,att_refill,0.4802484043470761,0.31993967524305994,0.657898994111936,0.2505258108738888,1491
2024,night,invalidated,-0.4,att_eff,0.1566392719459025,-0.0711813806459831,0.4910553136966492,0.416780351625376,1521
2024,night,invalidated,-0.4,def_eff,-0.05891292203401405,-0.4212184027389389,0.19839947294161184,0.45931643860678334,1426
2024,night,invalidated,-0.4,att_large,0.0,0.0,0.0,0.0,1356
2024,night,invalidated,-0.4,def_large,0.0,0.0,0.0,0.0,1356
2024,night,invalidated,-0.4,balance,0.022801004568322073,-0.01833966234110663,0.06717640996622776,0.06339219592834276,1564
2024,night,invalidated,-0.4,volume,0.7391304347826088,0.33695652173913043,1.572834321475626,0.9161436617764979,1564
2024,night,invalidated,-0.35,delta,0.06658478729424797,-0.1259441027155354,0.25982837772943135,0.2859692219755128,1505
2024,night,invalidated,-0.35,def_cancel,0.4719321451606735,0.4371808976622816,0.5050943990459671,0.050343588868558574,1505
2024,night,invalidated,-0.35,att_cancel,0.4463694420000098,0.4111680297810575,0.4778684685201495,0.04944435784958639,1505
2024,night,invalidated,-0.35,def_refill,0.35480498447144615,0.22985730882131233,0.5083236125941586,0.20642424297468218,1505
2024,night,invalidated,-0.35,att_refill,0.4714747833258736,0.32072654167785386,0.6356148237727186,0.23342348561517032,1505
2024,night,invalidated,-0.35,att_eff,0.154119708372902,-0.05485046793508276,0.5037030056944135,0.4140500175163056,1528
2024,night,invalidated,-0.35,def_eff,-0.04818881279026881,-0.3972201733911251,0.1817136382707713,0.4291577551237186,1444
2024,night,invalidated,-0.35,att_large,0.0,0.0,0.0,0.0,1368
2024,night,invalidated,-0.35,def_large,0.0,0.0,0.0,0.0,1368
2024,night,invalidated,-0.35,balance,0.023862688293216226,-0.018465527228479262,0.0654794119032048,0.062227530861144596,1564
2024,night,invalidated,-0.35,volume,0.7341751918158568,0.3492063492063492,1.5581592320722755,0.8961844943409386,1564
2024,night,invalidated,-0.3,delta,0.06336070490957574,-0.10879144478912156,0.24960730059414268,0.2656773501729164,1511
2024,night,invalidated,-0.3,def_cancel,0.47388645300227045,0.44149561797059766,0.5072695196636049,0.04875752534692901,1511
2024,night,invalidated,-0.3,att_cancel,0.4445576064266056,0.4123527137992433,0.4741088405290777,0.04577918956992912,1511
2024,night,invalidated,-0.3,def_refill,0.3580578873585559,0.22647798742138364,0.5101523296336874,0.21028490897872776,1511
2024,night,invalidated,-0.3,att_refill,0.46812654560344663,0.31708590500517025,0.6345000923264663,0.23529591350726173,1511
2024,night,invalidated,-0.3,att_eff,0.13583770838666911,-0.06219395774339243,0.49350535236082493,0.4119342550809617,1538
2024,night,invalidated,-0.3,def_eff,-0.0502674844549518,-0.4231126784993232,0.17431490091405197,0.4428669973412715,1458
2024,night,invalidated,-0.3,att_large,0.0,0.0,0.0,0.0,1373
2024,night,invalidated,-0.3,def_large,0.0,0.0,0.0,0.0,1373
2024,night,invalidated,-0.3,balance,0.025517341766062546,-0.016942117592919796,0.06832930615456348,0.0632108404354954,1564
2024,night,invalidated,-0.3,volume,0.731218030690537,0.3351919819311123,1.5114871541501977,0.8719756650993961,1564
2024,night,invalidated,-0.25,delta,0.07425791751721246,-0.10958565434895226,0.27403384866386793,0.2843732416699927,1521
2024,night,invalidated,-0.25,def_cancel,0.47445386918885485,0.4417300187487632,0.5087249022030182,0.0496626267266531,1521
2024,night,invalidated,-0.25,att_cancel,0.4415921033866735,0.4078901912402655,0.47459058371648855,0.049444323555391446,1521
2024,night,invalidated,-0.25,def_refill,0.3559322033898305,0.22920033003204737,0.5003864134593059,0.20102748956801966,1521
2024,night,invalidated,-0.25,att_refill,0.4732554845217189,0.32150179436138443,0.6439133027954409,0.23900037689700257,1521
2024,night,invalidated,-0.25,att_eff,0.1823012791474416,-0.04408164452874497,0.49970851841649455,0.4031061252373903,1542
2024,night,invalidated,-0.25,def_eff,-0.07153457632861328,-0.43507588632310007,0.17216529233507785,0.45014171879775977,1467
2024,night,invalidated,-0.25,att_large,0.0,0.0,0.0,0.0,1383
2024,night,invalidated,-0.25,def_large,0.0,0.0,0.0,0.0,1383
2024,night,invalidated,-0.25,balance,0.026291205026348886,-0.01670212985911862,0.06891362177294,0.06346608719945042,1564
2024,night,invalidated,-0.25,volume,0.7476061076604554,0.3327445652173913,1.5333165875045671,0.8899718475071726,1564
2024,night,invalidated,-0.2,delta,0.0799536810628317,-0.09298904559223664,0.2841979442518528,0.2796048849844992,1529
2024,night,invalidated,-0.2,def_cancel,0.47823100566345567,0.44463554665826,0.5100545333695984,0.048494430475417634,1529
2024,night,invalidated,-0.2,att_cancel,0.43986892898497004,0.405561988119083,0.4701249050075275,0.04785983460966976,1529
2024,night,invalidated,-0.2,def_refill,0.3459835036758114,0.22556689342403624,0.4936488378291034,0.19872642283548345,1529
2024,night,invalidated,-0.2,att_refill,0.4835479646404017,0.3316798450850899,0.6543587902684704,0.2391986250432769,1529
2024,night,invalidated,-0.2,att_eff,0.20782830400637037,0.0,0.521982499620095,0.3869403258859118,1544
2024,night,invalidated,-0.2,def_eff,-0.0924127687580884,-0.4651711954774077,0.11317436338238979,0.4287216892956245,1478
2024,night,invalidated,-0.2,att_large,0.0,0.0,0.0,0.0,1390
2024,night,invalidated,-0.2,def_large,0.0,0.0,0.0,0.0,1390
2024,night,invalidated,-0.2,balance,0.026688871114539568,-0.013860756824528815,0.06910452115359335,0.0615013179971254,1564
2024,night,invalidated,-0.2,volume,0.7208333333333333,0.35537650755042055,1.5326086956521738,0.872670265457193,1564
2024,night,invalidated,-0.15,delta,0.11070288209876236,-0.0868764503548893,0.3036616983859925,0.2895019634847159,1536
2024,night,invalidated,-0.15,def_cancel,0.48231286450202376,0.45123925258089853,0.5129947828782668,0.045778747440599184,1536
2024,night,invalidated,-0.15,att_cancel,0.43592655130220065,0.3991484677363731,0.46703883853074635,0.05032644239760806,1536
2024,night,invalidated,-0.15,def_refill,0.3418320497286173,0.21792303711442612,0.4979427899368397,0.20757579897880918,1536
2024,night,invalidated,-0.15,att_refill,0.48799388145122036,0.3338050419349211,0.6592727272137467,0.2412658897545038,1536
2024,night,invalidated,-0.15,att_eff,0.23982387156687315,0.0,0.5585664463533953,0.41405963406478524,1551
2024,night,invalidated,-0.15,def_eff,-0.15001275771638822,-0.5201094920392685,0.06270755406099755,0.4320363573760312,1481
2024,night,invalidated,-0.15,att_large,0.0,0.0,0.0,0.0,1396
2024,night,invalidated,-0.15,def_large,0.0,0.0,0.0,0.0,1396
2024,night,invalidated,-0.15,balance,0.02932140972470666,-0.014336990350871348,0.07204220087777534,0.0640320172191599,1564
2024,night,invalidated,-0.15,volume,0.7259963768115942,0.341533180778032,1.530467720685112,0.8813451000052485,1564
2024,night,invalidated,-0.1,delta,0.13417587364087502,-0.04699492428468041,0.3124851150880446,0.2664789024260378,1540
2024,night,invalidated,-0.1,def_cancel,0.48693152803575107,0.45806296335320035,0.5177705599847107,0.04426063501223893,1540
2024,night,invalidated,-0.1,att_cancel,0.4297376535207349,0.39473481982550795,0.4617269180597742,0.049660562071361214,1540
2024,night,invalidated,-0.1,def_refill,0.3322386555582126,0.21531908076401926,0.4729847177251329,0.19100491991187077,1540
2024,night,invalidated,-0.1,att_refill,0.5093736982564074,0.34596454649010155,0.6647604904141939,0.23632019564424936,1539
2024,night,invalidated,-0.1,att_eff,0.2796490491155796,0.03199031464934533,0.608378201432447,0.4272704868666432,1554
2024,night,invalidated,-0.1,def_eff,-0.19832299536267814,-0.581808951771382,0.0,0.43128906728790367,1491
2024,night,invalidated,-0.1,att_large,0.0,0.0,0.0,0.0,1400
2024,night,invalidated,-0.1,def_large,0.0,0.0,0.0,0.0,1399
2024,night,invalidated,-0.1,balance,0.034072126441694474,-0.008794669206089165,0.07512488436029979,0.06220871279939878,1564
2024,night,invalidated,-0.1,volume,0.7411877310332687,0.3104752770673487,1.5837014647756336,0.9438296424820496,1564
2024,night,invalidated,-0.05,delta,0.1956521739130435,0.029588940326881613,0.3755176238530985,0.25643341996013114,1549
2024,night,invalidated,-0.05,def_cancel,0.5009246590388071,0.47261897196712593,0.5327029496156376,0.044539642437740286,1549
2024,night,invalidated,-0.05,att_cancel,0.41506986448106525,0.37788670934483637,0.4433773714636122,0.04854756272703918,1549
2024,night,invalidated,-0.05,def_refill,0.30038265306122447,0.19938417660053284,0.4379154474143566,0.17682080860920962,1549
2024,night,invalidated,-0.05,att_refill,0.5257079054937199,0.3712846131216401,0.6795520240224593,0.22851550103841306,1548
2024,night,invalidated,-0.05,att_eff,0.39917704129269715,0.1704391683642796,0.7154370812410402,0.40400141799611605,1556
2024,night,invalidated,-0.05,def_eff,-0.37407511612125754,-0.7432312376681323,-0.10890187147842781,0.47022191711616346,1500
2024,night,invalidated,-0.05,att_large,0.0,0.0,0.07600939735917323,0.05634499433593271,1409
2024,night,invalidated,-0.05,def_large,0.0,0.0,0.0,0.0,1408
2024,night,invalidated,-0.05,balance,0.039766505421772624,-0.001262545324080306,0.08184950000207591,0.06161011514170217,1564
2024,night,invalidated,-0.05,volume,0.7786704473850031,0.35190936277892804,1.7494565217391302,1.03598751590823,1564
2024,night,invalidated,0.0,delta,0.2127162407989352,0.022293777978917233,0.4072044185828612,0.2853303488539244,1555
2024,night,invalidated,0.0,def_cancel,0.4904772175468572,0.44838010739374523,0.5275506305277607,0.05868830476947036,1555
2024,night,invalidated,0.0,att_cancel,0.4226337357177193,0.38781214300870653,0.45092477985876644,0.046784756745781995,1555
2024,night,invalidated,0.0,def_refill,0.2682747085320615,0.15935546593566888,0.39148020677681916,0.17207171300307655,1555
2024,night,invalidated,0.0,att_refill,0.52,0.36688636229335087,0.6776366368975693,0.2303560226865963,1553
2024,night,invalidated,0.0,att_eff,0.3202975959051634,0.042863814937700154,0.6603076078954662,0.4577048131636516,1560
2024,night,invalidated,0.0,def_eff,-0.34183647961069324,-0.7853679942425265,-0.03150912688011108,0.5588279224332212,1532
2024,night,invalidated,0.0,att_large,0.0,0.0,0.2243060715517621,0.16627581286268503,1415
2024,night,invalidated,0.0,def_large,0.0,0.0,0.0,0.0,1413
2024,night,invalidated,0.0,balance,0.0363458640498938,-0.005549831638209915,0.07987423671718799,0.06332399433313411,1564
2024,night,invalidated,0.0,volume,1.1217391304347823,0.554858303770316,2.375548967940272,1.349659499014052,1564
2024,night,invalidated,0.05,delta,0.07171802448290418,-0.1315762078711341,0.28119237567833333,0.30598115904334133,1557
2024,night,invalidated,0.05,def_cancel,0.4586713118771041,0.41415907523218737,0.49893778657294824,0.06284559773221711,1557
2024,night,invalidated,0.05,att_cancel,0.4523800766860991,0.4182856314485269,0.48423326270490125,0.0488863093079128,1557
2024,night,invalidated,0.05,def_refill,0.3258393983404445,0.20278275408586563,0.4973565526446501,0.21836456527708267,1557
2024,night,invalidated,0.05,att_refill,0.4696628006872852,0.3106877555533494,0.647464360434,0.24964907700567135,1557
2024,night,invalidated,0.05,att_eff,0.04605278948822873,-0.15555821426635885,0.40415066663786714,0.4149065091951268,1560
2024,night,invalidated,0.05,def_eff,0.0,-0.4803987589760921,0.22739554112700763,0.5246807265404743,1541
2024,night,invalidated,0.05,att_large,0.0,0.0,0.0,0.0,1417
2024,night,invalidated,0.05,def_large,0.0,0.0,0.0,0.0,1417
2024,night,invalidated,0.05,balance,0.029390496327642786,-0.010091238629954445,0.07201934079088691,0.06086773863665037,1564
2024,night,invalidated,0.05,volume,1.0170807453416149,0.4889130434782608,2.220712560386474,1.2837653942981566,1564
2024,night,invalidated,0.1,delta,0.01826702228646093,-0.18545980673976178,0.21736508542351127,0.29861000160361234,1557
2024,night,invalidated,0.1,def_cancel,0.45188813723237264,0.40974556371662346,0.48715413091598475,0.05738218472895574,1557
2024,night,invalidated,0.1,att_cancel,0.4623916582405619,0.43071453698675655,0.4939522456113689,0.04687747118206995,1557
2024,night,invalidated,0.1,def_refill,0.3668930230715127,0.24124869383490072,0.5367046115399544,0.2190184712417003,1557
2024,night,invalidated,0.1,att_refill,0.44653292806484296,0.2870755084644367,0.615061255227414,0.24313250316010176,1557
2024,night,invalidated,0.1,att_eff,0.0,-0.2729072831340136,0.28512035156274657,0.41366021845571543,1560
2024,night,invalidated,0.1,def_eff,0.04913581756551858,-0.24039821492545393,0.32595335309324386,0.4198306656921407,1545
2024,night,invalidated,0.1,att_large,0.0,0.0,0.0,0.0,1417
2024,night,invalidated,0.1,def_large,0.0,0.0,0.0,0.0,1417
2024,night,invalidated,0.1,balance,0.026369868720455592,-0.013691356152138269,0.0695171637633379,0.06168163077500087,1564
2024,night,invalidated,0.1,volume,0.8369565217391304,0.39531772575250834,1.8492527173913045,1.077787243616602,1564
2024,night,invalidated,0.15,delta,-0.0026072816008517992,-0.19774906960146438,0.1841340309708789,0.2830860641751989,1558
2024,night,invalidated,0.15,def_cancel,0.4508955629653719,0.41332526476332176,0.4814455300205787,0.05049686082821123,1558
2024,night,invalidated,0.15,att_cancel,0.4671563468826477,0.43482479349136727,0.5002136150138543,0.04847206932726986,1558
2024,night,invalidated,0.15,def_refill,0.39156107283876884,0.25,0.5704958431906362,0.23758031370692081,1558
2024,night,invalidated,0.15,att_refill,0.43490856904972075,0.2877542772020329,0.6052451017658458,0.23535272391683684,1558
2024,night,invalidated,0.15,att_eff,0.0,-0.3127099043021118,0.20393938711799547,0.38298687280956806,1561
2024,night,invalidated,0.15,def_eff,0.1085606666807851,-0.11432453512459545,0.36489711127121216,0.3552421396558989,1548
2024,night,invalidated,0.15,att_large,0.0,0.0,0.0,0.0,1418
2024,night,invalidated,0.15,def_large,0.0,0.0,0.0,0.0,1418
2024,night,invalidated,0.15,balance,0.024915278031782867,-0.01482011411877758,0.06831171640080796,0.06162478170465941,1564
2024,night,invalidated,0.15,volume,0.7490548204158789,0.33686457992808105,1.66431583539334,0.9840261345183537,1564
2024,night,invalidated,0.2,delta,-0.01674890313095896,-0.20859226673042136,0.17439266566819872,0.28390284091817647,1561
2024,night,invalidated,0.2,def_cancel,0.45199212469028677,0.4154244427658527,0.48111729760910205,0.048697446140288606,1561
2024,night,invalidated,0.2,att_cancel,0.46801824656311797,0.4367025590182607,0.5011634800581655,0.047784226122983504,1561
2024,night,invalidated,0.2,def_refill,0.4067796610169491,0.26164030210098943,0.5783375444570484,0.23476444948558858,1561
2024,night,invalidated,0.2,att_refill,0.4372993460585825,0.28347183030827366,0.5959024228670855,0.23160162532158032,1561
2024,night,invalidated,0.2,att_eff,0.0,-0.33936744832281396,0.2020284514577142,0.40133128226873843,1561
2024,night,invalidated,0.2,def_eff,0.09559788169821393,-0.11782459882570746,0.3965882384909093,0.3813290120953423,1553
2024,night,invalidated,0.2,att_large,0.0,0.0,0.0,0.0,1420
2024,night,invalidated,0.2,def_large,0.0,0.0,0.0,0.0,1420
2024,night,invalidated,0.2,balance,0.02485895700039685,-0.016212692239895733,0.06642036582973757,0.06125504675287865,1564
2024,night,invalidated,0.2,volume,0.7195910973084886,0.31927536231884057,1.5615942028985508,0.9209183399404821,1564
2024,night,invalidated,0.25,delta,-0.02975513857849018,-0.22685103570407533,0.16601390884202422,0.29122679358495146,1561
2024,night,invalidated,0.25,def_cancel,0.4511398885829797,0.4179094346832286,0.4817021034632863,0.04728885750930888,1561
2024,night,invalidated,0.25,att_cancel,0.4694294690898533,0.43944612409017825,0.5009163939483596,0.04556728677404105,1561
2024,night,invalidated,0.25,def_refill,0.41322477633255966,0.27452891245909306,0.5770191955761562,0.22423297488292304,1561
2024,night,invalidated,0.25,att_refill,0.4309183657641008,0.27915083919907135,0.5932052900802901,0.2328053750046099,1561
2024,night,invalidated,0.25,att_eff,0.0,-0.3325669796877617,0.20595746597549786,0.3992027024931502,1562
2024,night,invalidated,0.25,def_eff,0.1031990355964935,-0.11399318257720227,0.40194580531876967,0.3824603320207353,1555
2024,night,invalidated,0.25,att_large,0.0,0.0,0.0,0.0,1420
2024,night,invalidated,0.25,def_large,0.0,0.0,0.0,0.0,1420
2024,night,invalidated,0.25,balance,0.022467321118261805,-0.016638400428633036,0.06419183885667568,0.059918635496893045,1564
2024,night,invalidated,0.25,volume,0.6663640433787682,0.30534686700767266,1.5121376811594203,0.8945817747603763,1564
2024,night,invalidated,0.3,delta,-0.03022628935542663,-0.21659912189585892,0.15074118905612766,0.2723056419214134,1561
2024,night,invalidated,0.3,def_cancel,0.4508991448765204,0.4174370130443094,0.48104696221065957,0.04715340931530775,1561
2024,night,invalidated,0.3,att_cancel,0.4698749360873209,0.4385678931339497,0.5021280224974001,0.04711647840137164,1561
2024,night,invalidated,0.3,def_refill,0.4286061604393666,0.28256764533278483,0.5834816962349424,0.2230645299497091,1561
2024,night,invalidated,0.3,att_refill,0.42067755747952307,0.276996601461282,0.5874957259601854,0.23016984766412407,1561
2024,night,invalidated,0.3,att_eff,-0.008895431292848397,-0.3555758700651226,0.20593039663642665,0.4162388930330239,1562
2024,night,invalidated,0.3,def_eff,0.11970856079094025,-0.11130340111667061,0.4466269757290074,0.413588122198427,1558
2024,night,invalidated,0.3,att_large,0.0,0.0,0.0,0.0,1420
2024,night,invalidated,0.3,def_large,0.0,0.0,0.0,0.0,1420
2024,night,invalidated,0.3,balance,0.021174691269100147,-0.01725789400494689,0.0633785973693704,0.05977501213811512,1564
2024,night,invalidated,0.3,volume,0.6385869565217388,0.2980343161752457,1.4005247376311845,0.8172649528954328,1564
2024,night,invalidated,0.35,delta,-0.028481317761351314,-0.20819627560685844,0.14951269732326697,0.2651660288585066,1562
2024,night,invalidated,0.35,def_cancel,0.4513448314852606,0.419829347829219,0.4795174982838894,0.044246219758836476,1562
2024,night,invalidated,0.35,att_cancel,0.470463550367762,0.4393067623502607,0.5000629745142912,0.04503796305710188,1562
2024,night,invalidated,0.35,def_refill,0.44475610659664067,0.2892788966005487,0.6010435531689887,0.23110797373494443,1562
2024,night,invalidated,0.35,att_refill,0.4135001381538763,0.2763975155279503,0.5749559082892416,0.2213183044931737,1562
2024,night,invalidated,0.35,att_eff,0.0,-0.3680704212583717,0.2015912745412064,0.42228442979953906,1563
2024,night,invalidated,0.35,def_eff,0.10220373880118852,-0.09598866067206839,0.4210644265410772,0.3832862025301302,1558
2024,night,invalidated,0.35,att_large,0.0,0.0,0.0,0.0,1421
2024,night,invalidated,0.35,def_large,0.0,0.0,0.0,0.0,1421
2024,night,invalidated,0.35,balance,0.020816312195651505,-0.016810322726392227,0.06371780941891053,0.05969468654210731,1564
2024,night,invalidated,0.35,volume,0.6544826740764955,0.29815821256038644,1.3705314009661835,0.794939353896069,1564
2024,night,invalidated,0.4,delta,-0.018915458080955978,-0.18640350877192982,0.15576583950401504,0.25364666291767596,1562
2024,night,invalidated,0.4,def_cancel,0.455288329608296,0.42252292159511606,0.48143023317296374,0.04366739182939042,1562
2024,night,invalidated,0.4,att_cancel,0.468110613370028,0.437141442025203,0.4990022608747622,0.04585679677506241,1562
2024,night,invalidated,0.4,def_refill,0.44240668843763054,0.29310344827586204,0.6053750608957359,0.2314837751073935,1562
2024,night,invalidated,0.4,att_refill,0.4178628389154705,0.27644550357456416,0.5743481324876675,0.22083219341223376,1562
2024,night,invalidated,0.4,att_eff,0.0,-0.3118075361898645,0.22775015320940475,0.39996863558137086,1563
2024,night,invalidated,0.4,def_eff,0.08128313933876126,-0.10456998337544071,0.39938357725138257,0.37357565650617,1558
2024,night,invalidated,0.4,att_large,0.0,0.0,0.0,0.0,1421
2024,night,invalidated,0.4,def_large,0.0,0.0,0.0,0.0,1421
2024,night,invalidated,0.4,balance,0.02162957198327355,-0.01745075111502458,0.06312162339726561,0.05972748295944417,1564
2024,night,invalidated,0.4,volume,0.6146245059288538,0.2840737951807229,1.3705357142857144,0.8053831868828699,1564
2024,night,invalidated,0.45,delta,-0.009410908462329615,-0.19375594898153436,0.15761095277260379,0.2604647159037347,1562
2024,night,invalidated,0.45,def_cancel,0.4556788606892387,0.4268128369946356,0.48398111395651355,0.04237826312963523,1562
2024,night,invalidated,0.45,att_cancel,0.46729305760430695,0.43738609297539605,0.4954292093576882,0.043026772707407075,1562
2024,night,invalidated,0.45,def_refill,0.44206973716424486,0.29310344827586204,0.6073871533533822,0.232975318812098,1562
2024,night,invalidated,0.45,att_refill,0.4101601836994412,0.2771517033493016,0.5675675675675675,0.2152823307770689,1561
2024,night,invalidated,0.45,att_eff,0.0,-0.2776517268885729,0.2755964140742983,0.4101172282897489,1563
2024,night,invalidated,0.45,def_eff,0.06117675030290728,-0.14561721444826706,0.3718511298165247,0.3835940283653015,1559
2024,night,invalidated,0.45,att_large,0.0,0.0,0.0,0.0,1421
2024,night,invalidated,0.45,def_large,0.0,0.0,0.0,0.0,1421
2024,night,invalidated,0.45,balance,0.02214716369288339,-0.017601016788366893,0.06355410854801595,0.0601594702271185,1564
2024,night,invalidated,0.45,volume,0.6045895770281243,0.29056677018633537,1.328804347826087,0.7696349723052274,1564
2024,night,invalidated,0.5,delta,-0.018109358675129358,-0.19877728110341544,0.15403857726628448,0.26153881272772417,1562
2024,night,invalidated,0.5,def_cancel,0.45843502880921216,0.42869607017571043,0.484981501461965,0.04172381859618575,1562
2024,night,invalidated,0.5,att_cancel,0.4652121206668953,0.43447401074703307,0.49355684370843883,0.04379750404848463,1562
2024,night,invalidated,0.5,def_refill,0.4399826035739786,0.29910708895386035,0.5896611657617947,0.21538478636614855,1562
2024,night,invalidated,0.5,att_refill,0.4121742599075738,0.2733141821215847,0.5751899252131469,0.22377742260308542,1561
2024,night,invalidated,0.5,att_eff,0.0,-0.23882359965464614,0.2851928914148289,0.3884481030907895,1563
2024,night,invalidated,0.5,def_eff,0.04681674607477232,-0.1654768813528408,0.3559654456891755,0.386539901439597,1559
2024,night,invalidated,0.5,att_large,0.0,0.0,0.0,0.0,1421
2024,night,invalidated,0.5,def_large,0.0,0.0,0.0,0.0,1421
2024,night,invalidated,0.5,balance,0.021992088941380092,-0.01704115948610946,0.06368791359675002,0.05984364201842808,1564
2024,night,invalidated,0.5,volume,0.6025135869565217,0.27316039759725397,1.3326783404636355,0.7854098909313428,1564
2024,night,invalidated,0.55,delta,-0.019050329889388404,-0.17391304347826086,0.15556216014241214,0.244236622402278,1562
2024,night,invalidated,0.55,def_cancel,0.4611959752435712,0.4313736980539015,0.48781184868983374,0.041837027899134335,1562
2024,night,invalidated,0.55,att_cancel,0.4636355807896032,0.4336373457129856,0.49170141601203254,0.04304230563309631,1562
2024,night,invalidated,0.55,def_refill,0.43210521276734526,0.29129065040650404,0.5931587837837838,0.2237717815991696,1562
2024,night,invalidated,0.55,att_refill,0.4336477987421384,0.2857142857142857,0.5882352941176471,0.22425575122562,1562
2024,night,invalidated,0.55,att_eff,0.0,-0.2377000400383917,0.31166244799760123,0.40723683323646626,1564
2024,night,invalidated,0.55,def_eff,0.020948250518613758,-0.1899310034227354,0.3420284310315479,0.3943361263560291,1560
2024,night,invalidated,0.55,att_large,0.0,0.0,0.0,0.0,1421
2024,night,invalidated,0.55,def_large,0.0,0.0,0.0,0.0,1421
2024,night,invalidated,0.55,balance,0.020871580488677335,-0.016716306182160863,0.06288161525355379,0.05900513079000345,1564
2024,night,invalidated,0.55,volume,0.5728619206880077,0.2623188405797101,1.2621469713861018,0.7411624394413578,1564
2024,night,invalidated,0.6,delta,-0.003707616859790772,-0.17169236159139498,0.159909946168939,0.2458134230988391,1563
2024,night,invalidated,0.6,def_cancel,0.4637443941150286,0.437412790494809,0.49000074933321486,0.0389829198209087,1563
2024,night,invalidated,0.6,att_cancel,0.4615479233883932,0.43182344635196535,0.4888705728532677,0.04228845552357475,1563
2024,night,invalidated,0.6,def_refill,0.4196186955678847,0.2802224190166103,0.5737465719291266,0.21758647361935973,1563
2024,night,invalidated,0.6,att_refill,0.45277944602928344,0.3014625717511847,0.5956756751127493,0.21809718559048527,1563
2024,night,invalidated,0.6,att_eff,0.0,-0.20433458065487436,0.3150021935353161,0.3849790764938402,1564
2024,night,invalidated,0.6,def_eff,0.0,-0.20225657927816992,0.3318705799264348,0.3959430386987433,1561
2024,night,invalidated,0.6,att_large,0.0,0.0,0.0,0.0,1422
2024,night,invalidated,0.6,def_large,0.0,0.0,0.0,0.0,1422
2024,night,invalidated,0.6,balance,0.021889391504952664,-0.01886974914991011,0.06495177476897954,0.06213604441726438,1564
2024,night,invalidated,0.6,volume,0.5818236714975845,0.25668777328603254,1.2306763285024154,0.7220078244747093,1564
2024,night,invalidated,0.65,delta,0.007735027000490918,-0.16235613767407459,0.17578043010941696,0.2506572036942117,1564
2024,night,invalidated,0.65,def_cancel,0.46337343985677043,0.43526728097385864,0.4907592157687957,0.04113560770566129,1564
2024,night,invalidated,0.65,att_cancel,0.4624998354935181,0.42954342661879563,0.48824070156502886,0.04351169380743753,1564
2024,night,invalidated,0.65,def_refill,0.4190391649156369,0.28929341533795716,0.5816948510019022,0.21675421472494075,1564
2024,night,invalidated,0.65,att_refill,0.44351246066932337,0.3046563164754942,0.5867542419266557,0.20911632724326282,1564
2024,night,invalidated,0.65,att_eff,0.023857300443449452,-0.1874636792220673,0.3233228847437009,0.37864089248759697,1564
2024,night,invalidated,0.65,def_eff,0.0,-0.2413602007092401,0.29996749439123904,0.40128072283208244,1561
2024,night,invalidated,0.65,att_large,0.0,0.0,0.0,0.0,1423
2024,night,invalidated,0.65,def_large,0.0,0.0,0.0,0.0,1423
2024,night,invalidated,0.65,balance,0.02378899651525905,-0.01646178528931451,0.06485671796927467,0.060280580621637644,1564
2024,night,invalidated,0.65,volume,0.5663819875776397,0.26250163206684946,1.1982501194457715,0.6936608505403425,1564
2024,night,invalidated,0.7,delta,0.018792320618137886,-0.15216763536131442,0.17554357561801992,0.2429289925717823,1564
2024,night,invalidated,0.7,def_cancel,0.4657345869527381,0.43451630131694907,0.4928894083953342,0.043271391459143896,1564
2024,night,invalidated,0.7,att_cancel,0.45772419580383406,0.4246084243131959,0.48608184946648836,0.045569625762262755,1564
2024,night,invalidated,0.7,def_refill,0.4203309185066951,0.28985360323187376,0.5863503128688257,0.21978999973087615,1564
2024,night,invalidated,0.7,att_refill,0.4473518026040483,0.3036213497150997,0.6020363575369725,0.221212014693753,1564
2024,night,invalidated,0.7,att_eff,0.04493498209488883,-0.16901354079927106,0.3798922047955021,0.406898254703316,1564
2024,night,invalidated,0.7,def_eff,0.0,-0.2648679663870229,0.26925604111647006,0.39594070237471685,1562
2024,night,invalidated,0.7,att_large,0.0,0.0,0.0,0.0,1423
2024,night,invalidated,0.7,def_large,0.0,0.0,0.0,0.0,1423
2024,night,invalidated,0.7,balance,0.025179561908608723,-0.017826276737222427,0.06661288069323497,0.0625938898669069,1564
2024,night,invalidated,0.7,volume,0.5788631658196876,0.2550057208237987,1.2542270531400965,0.740712625883097,1564
2024,night,invalidated,0.75,delta,0.02482236815668631,-0.13705907706271522,0.18501148473141027,0.23874763661536363,1564
2024,night,invalidated,0.75,def_cancel,0.468605996647613,0.43976915804295824,0.49442106327579793,0.04051290232234225,1564
2024,night,invalidated,0.75,att_cancel,0.4554109855591279,0.42416220695202084,0.48147804656274973,0.04248764982263076,1564
2024,night,invalidated,0.75,def_refill,0.4139825121237303,0.2835385261012069,0.5610010646964917,0.20568016204246464,1564
2024,night,invalidated,0.75,att_refill,0.45885061520746423,0.3066169968084067,0.6105523727725763,0.22530420753459574,1564
2024,night,invalidated,0.75,att_eff,0.09505799388418817,-0.10529132094473151,0.40602616076064896,0.3790344564161457,1564
2024,night,invalidated,0.75,def_eff,0.0,-0.2780444441787314,0.2420569767148091,0.38554590132953337,1562
2024,night,invalidated,0.75,att_large,0.0,0.0,0.0,0.0,1423
2024,night,invalidated,0.75,def_large,0.0,0.0,0.0,0.0,1423
2024,night,invalidated,0.75,balance,0.02680272831505304,-0.015915405272838138,0.06666529460949899,0.06121623416036852,1564
2024,night,invalidated,0.75,volume,0.5719586120401338,0.27880017791615697,1.2229813664596274,0.6999119262738847,1564
2024,night,invalidated,0.8,delta,0.03544558474436725,-0.13364362078055908,0.20778826427587224,0.2530999889224843,1564
2024,night,invalidated,0.8,def_cancel,0.4694262058291433,0.4413293435671711,0.49774438942063937,0.041819900558538396,1564
2024,night,invalidated,0.8,att_cancel,0.45430300513625804,0.42273757575521687,0.4790685274631208,0.04175756242246399,1564
2024,night,invalidated,0.8,def_refill,0.40084870081061874,0.2770396818370586,0.5585145907836125,0.20865449143554776,1564
2024,night,invalidated,0.8,att_refill,0.4545864056236112,0.31286067193675887,0.6159709907116737,0.2246926010192104,1564
2024,night,invalidated,0.8,att_eff,0.12085719253570977,-0.08824880324948592,0.41715842030750094,0.37465324207337797,1564
2024,night,invalidated,0.8,def_eff,0.0,-0.3161244331367447,0.19399852871883974,0.37814897098264233,1562
2024,night,invalidated,0.8,att_large,0.0,0.0,0.0,0.0,1423
2024,night,invalidated,0.8,def_large,0.0,0.0,0.0,0.0,1423
2024,night,invalidated,0.8,balance,0.02763608204228703,-0.014106926414238358,0.06861687159010177,0.06132231134495191,1564
2024,night,invalidated,0.8,volume,0.556020066889632,0.2735137533274179,1.226147342995169,0.7061776053875101,1564
2024,night,invalidated,0.85,delta,0.044782013758266084,-0.11932796234220122,0.21278763212902702,0.24619391732485416,1564
2024,night,invalidated,0.85,def_cancel,0.47275336605782387,0.4442328985312218,0.5017376496034606,0.04262768797052542,1564
2024,night,invalidated,0.85,att_cancel,0.4493666462254278,0.4188028380205424,0.4772254389409173,0.04330808074156774,1564
2024,night,invalidated,0.85,def_refill,0.38751919263003004,0.2700846377294994,0.5465905976839829,0.20497106001073645,1564
2024,night,invalidated,0.85,att_refill,0.4599387779535628,0.3149312434121213,0.6206224867974803,0.2266058142219118,1564
2024,night,invalidated,0.85,att_eff,0.1647130046074469,-0.02000412195025978,0.46529585536440166,0.35974794463651705,1564
2024,night,invalidated,0.85,def_eff,-0.02423423729387021,-0.3842095045047109,0.17164069878578408,0.41204611066752783,1563
2024,night,invalidated,0.85,att_large,0.0,0.0,0.0,0.0,1423
2024,night,invalidated,0.85,def_large,0.0,0.0,0.0,0.0,1423
2024,night,invalidated,0.85,balance,0.02802035060158868,-0.011452175204195692,0.07119986066548653,0.06126911480332263,1564
2024,night,invalidated,0.85,volume,0.5729531338226991,0.2670623298407722,1.1909075224292613,0.6848370589981387,1564
2024,night,invalidated,0.9,delta,0.05624776637874926,-0.11896655982223361,0.22982977294546145,0.25855917921993704,1564
2024,night,invalidated,0.9,def_cancel,0.47525894816627073,0.4472907162530846,0.5039503782299046,0.04200123200653821,1564
2024,night,invalidated,0.9,att_cancel,0.44653629124694805,0.4135445796150536,0.47268019906664305,0.04383663413757558,1564
2024,night,invalidated,0.9,def_refill,0.3924694537881306,0.27150781690432224,0.5309441938266446,0.19231755146206253,1564
2024,night,invalidated,0.9,att_refill,0.4792662226912189,0.31995798667183856,0.638957398660825,0.23647102445440063,1564
2024,night,invalidated,0.9,att_eff,0.1787910732761002,0.0,0.504505969682551,0.3739851517290964,1564
2024,night,invalidated,0.9,def_eff,-0.050201813891299345,-0.44709843867930404,0.11259547242744633,0.4148954122362864,1563
2024,night,invalidated,0.9,att_large,0.0,0.0,0.0,0.0,1423
2024,night,invalidated,0.9,def_large,0.0,0.0,0.0,0.0,1423
2024,night,invalidated,0.9,balance,0.03056043694743693,-0.009803002080936606,0.07317610819545184,0.061511571739353926,1564
2024,night,invalidated,0.9,volume,0.5718297101449273,0.2622282608695652,1.2158816425120773,0.7069335668217288,1564
2024,night,invalidated,0.95,delta,0.07686398422337078,-0.09106773960109374,0.2507538433742082,0.2533888680320993,1564
2024,night,invalidated,0.95,def_cancel,0.47998469393812127,0.4524433078908546,0.5078630033393832,0.041082057411807704,1564
2024,night,invalidated,0.95,att_cancel,0.44266043997386445,0.411562333436127,0.46861994844114124,0.04229623054485857,1564
2024,night,invalidated,0.95,def_refill,0.3751532597021335,0.2512757016259293,0.524514790004567,0.20254936128883447,1564
2024,night,invalidated,0.95,att_refill,0.48247421778147487,0.3280947207368813,0.65633699370989,0.2433226634344023,1564
2024,night,invalidated,0.95,att_eff,0.23705874894457563,0.0,0.5530070168335651,0.40993848542147154,1564
2024,night,invalidated,0.95,def_eff,-0.12298996055600603,-0.47952246664303677,0.05843175871510578,0.39878000397193664,1563
2024,night,invalidated,0.95,att_large,0.0,0.0,0.0,0.0,1423
2024,night,invalidated,0.95,def_large,0.0,0.0,0.0,0.0,1423
2024,night,invalidated,0.95,balance,0.03165468094725191,-0.007038951607658574,0.07863699975638963,0.06351071264940564,1564
2024,night,invalidated,0.95,volume,0.5492081447963798,0.2508062589584329,1.2111660079051383,0.7119049287966682,1564
2024,rth,invalidated,-1.0,delta,0.09523680606630147,0.018354900206029444,0.18651868656605977,0.1246581070126244,578
2024,rth,invalidated,-1.0,def_cancel,0.4657801913852424,0.44905309428496537,0.4793785836196406,0.022479977268106164,578
2024,rth,invalidated,-1.0,att_cancel,0.4315494758841866,0.4144667386941145,0.44965183129564046,0.026082351817291304,578
2024,rth,invalidated,-1.0,def_refill,0.3961130475652072,0.33402522845979704,0.4646852397917984,0.09685693946034199,578
2024,rth,invalidated,-1.0,att_refill,0.5199642570829398,0.4504393839206587,0.5881020748302204,0.1020479547142785,578
2024,rth,invalidated,-1.0,att_eff,0.317252025508033,0.1389313536698535,0.5368246908042861,0.2949542899439826,590
2024,rth,invalidated,-1.0,def_eff,-0.3060145392114155,-0.5564153536097826,-0.09823106983649146,0.33964735639235816,526
2024,rth,invalidated,-1.0,att_large,0.011648894220597325,0.0,0.12840559124774084,0.09518576074702806,534
2024,rth,invalidated,-1.0,def_large,0.0,0.0,0.03157416168319624,0.023405605398959407,534
2024,rth,invalidated,-1.0,balance,0.0021648775771778766,-0.03514015148514247,0.03567930944775352,0.05249774717041956,827
2024,rth,invalidated,-1.0,volume,0.8132947976878613,0.5145437497801593,1.2846449860652354,0.5708682255634367,827
2024,rth,invalidated,-0.95,delta,0.09904832270571745,0.023731159443153276,0.17833159798605697,0.11460373502068473,694
2024,rth,invalidated,-0.95,def_cancel,0.46539611339386444,0.44905553039608226,0.4780249222048877,0.021474715944259024,694
2024,rth,invalidated,-0.95,att_cancel,0.43456963651075453,0.4123308401018853,0.45075084486565975,0.02848035935046289,694
2024,rth,invalidated,-0.95,def_refill,0.39593235169491114,0.3374169522436577,0.45981217917800354,0.0907303387207901,694
2024,rth,invalidated,-0.95,att_refill,0.5230619024504757,0.4483665894247653,0.5960874423444146,0.1095039680649735,694
2024,rth,invalidated,-0.95,att_eff,0.2946877308714,0.09845172795055855,0.5230833858132171,0.3147751355542317,710
2024,rth,invalidated,-0.95,def_eff,-0.32158778092138307,-0.5902133901178044,-0.09797066768846999,0.3648945310817898,664
2024,rth,invalidated,-0.95,att_large,0.02687606678299985,0.0,0.14708616546725264,0.10903348070218877,640
2024,rth,invalidated,-0.95,def_large,0.0,0.0,0.025425230863224537,0.018847465428631978,640
2024,rth,invalidated,-0.95,balance,0.0022394725516448268,-0.03309233661338106,0.037172703116279716,0.052086760362980565,827
2024,rth,invalidated,-0.95,volume,0.9098766118274788,0.5567454582989264,1.4952808887283238,0.6957267831203835,827
2024,rth,invalidated,-0.9,delta,0.08552025172046956,0.010498205790487918,0.16974051675209095,0.11804470790333807,748
2024,rth,invalidated,-0.9,def_cancel,0.462458285482338,0.44612017164487705,0.4756966477542115,0.021924741370892845,748
2024,rth,invalidated,-0.9,att_cancel,0.4368111266862225,0.4172824404007595,0.4529446765392498,0.026436053475530238,748
2024,rth,invalidated,-0.9,def_refill,0.4047817603125495,0.34347073630701735,0.46821862679454807,0.09247434431988934,748
2024,rth,invalidated,-0.9,att_refill,0.5151775544540643,0.44215056608768544,0.5946986554471255,0.11308234941396597,748
2024,rth,invalidated,-0.9,att_eff,0.25461649879308196,0.03496269532155652,0.473850978744715,0.3253434272966334,761
2024,rth,invalidated,-0.9,def_eff,-0.2877028677618212,-0.5586453354461497,-0.03091215045041546,0.3912032505528052,724
2024,rth,invalidated,-0.9,att_large,0.01440776364333811,0.0,0.14887678125258008,0.11036084599894742,692
2024,rth,invalidated,-0.9,def_large,0.0,0.0,0.03993752982829817,0.029605285269309247,692
2024,rth,invalidated,-0.9,balance,0.004554094617596902,-0.03223058988362463,0.0416668683795017,0.0547794353321915,827
2024,rth,invalidated,-0.9,volume,0.926364804110469,0.5690983987774898,1.5439987727388644,0.7226837464502407,827
2024,rth,invalidated,-0.85,delta,0.07799968940469595,-0.011453223445950886,0.16120239772239645,0.1279878585384339,774
2024,rth,invalidated,-0.85,def_cancel,0.4608562738870326,0.44401504686661025,0.47486657581121816,0.022869925088664127,774
2024,rth,invalidated,-0.85,att_cancel,0.4394160207238637,0.4201879645257897,0.45629140534985313,0.026763114028216024,774
2024,rth,invalidated,-0.85,def_refill,0.4108576120139442,0.34685012540946153,0.47849531017487523,0.09758723852143343,774
2024,rth,invalidated,-0.85,att_refill,0.5099129148110731,0.44161125362203424,0.5864638184230616,0.10737773521202919,774
2024,rth,invalidated,-0.85,att_eff,0.20007517253648396,-0.017046456106598686,0.4462632614948558,0.3434467884369566,779
2024,rth,invalidated,-0.85,def_eff,-0.22177963678013976,-0.5189724723476076,0.025298816877227827,0.40346277926229457,753
2024,rth,invalidated,-0.85,att_large,0.014501999949650285,0.0,0.13915788096189097,0.10315632391541213,715
2024,rth,invalidated,-0.85,def_large,0.0,0.0,0.04335415784050862,0.03213799691661128,715
2024,rth,invalidated,-0.85,balance,0.004629571579590852,-0.0333413146213082,0.041845047278535566,0.055734886508409014,827
2024,rth,invalidated,-0.85,volume,0.9189719240297275,0.5827865105579805,1.530252202036884,0.7023466949435905,827
2024,rth,invalidated,-0.8,delta,0.06642385092847304,-0.020000168875935982,0.15153622516020543,0.12715818683183203,789
2024,rth,invalidated,-0.8,def_cancel,0.46016905146703674,0.442575966741942,0.4739323127507198,0.023244140851577312,789
2024,rth,invalidated,-0.8,att_cancel,0.4421983568079857,0.42192787544718774,0.4576837906125466,0.026505496786774548,789
2024,rth,invalidated,-0.8,def_refill,0.4189277950996834,0.35221127427211507,0.4896479871280032,0.10188043947804905,789
2024,rth,invalidated,-0.8,att_refill,0.5111503697648545,0.4311114642111721,0.5774857509521563,0.108505772232012,789
2024,rth,invalidated,-0.8,att_eff,0.17824636160748858,-0.05170924710197759,0.42098294846692297,0.3504019240688663,796
2024,rth,invalidated,-0.8,def_eff,-0.1965545771328015,-0.48810177941723526,0.05688930036890133,0.40399635269543116,772
2024,rth,invalidated,-0.8,att_large,0.0,0.0,0.13657211984609016,0.10123952546040783,729
2024,rth,invalidated,-0.8,def_large,0.0,0.0,0.052089886524079115,0.0386137038725568,729
2024,rth,invalidated,-0.8,balance,0.005629062249953772,-0.030383347380194582,0.041734256914019274,0.053460047660647776,827
2024,rth,invalidated,-0.8,volume,0.9215111478117259,0.5789567197155212,1.463185412652537,0.655469750138633,827
2024,rth,invalidated,-0.75,delta,0.06755403484075304,-0.012885699895757698,0.15768910161379077,0.12644536805748588,797
2024,rth,invalidated,-0.75,def_cancel,0.45976568709053417,0.44213937179085566,0.4737338787316594,0.023420687131804105,797
2024,rth,invalidated,-0.75,att_cancel,0.44149311703524863,0.422202203392852,0.45908142524177414,0.027338192623367025,797
2024,rth,invalidated,-0.75,def_refill,0.4252632677565561,0.3535509198171897,0.49103891170632746,0.10191845210462397,797
2024,rth,invalidated,-0.75,att_refill,0.513551427454425,0.43682089045907596,0.5887795855886391,0.11264543745705198,797
2024,rth,invalidated,-0.75,att_eff,0.18040923695285416,-0.04528432774012826,0.4101728281523178,0.3376257641901009,801
2024,rth,invalidated,-0.75,def_eff,-0.19024153438924135,-0.47671600936234715,0.05575270974316652,0.3947136538958589,787
2024,rth,invalidated,-0.75,att_large,0.0,0.0,0.13191769605022818,0.09778924836933149,736
2024,rth,invalidated,-0.75,def_large,0.0,0.0,0.045073573271860255,0.033412582114055046,736
2024,rth,invalidated,-0.75,balance,0.00713825228927219,-0.030713423667163557,0.04275936331364125,0.054464630823428326,827
2024,rth,invalidated,-0.75,volume,0.8997729149463254,0.581182906688687,1.4283861008933263,0.628023123947101,827
2024,rth,invalidated,-0.7,delta,0.051952086292421276,-0.037597001907589585,0.1350784415095911,0.12800255257018583,806
2024,rth,invalidated,-0.7,def_cancel,0.45716950530099465,0.44183996579680507,0.47160638546414246,0.02206554460143617,806
2024,rth,invalidated,-0.7,att_cancel,0.44437276471242565,0.4254247086394351,0.4600792283930259,0.025689043553440174,806
2024,rth,invalidated,-0.7,def_refill,0.43370329278940245,0.36177587993948596,0.5040436518641271,0.10546165450306982,806
2024,rth,invalidated,-0.7,att_refill,0.4984461126846203,0.42790501767903866,0.5716592044282923,0.10656351871701532,806
2024,rth,invalidated,-0.7,att_eff,0.11330596105030415,-0.10097636056748027,0.3368417380524069,0.324550110170413,807
2024,rth,invalidated,-0.7,def_eff,-0.10761176623934213,-0.4226919379104964,0.1414523017904638,0.4181943956271017,796
2024,rth,invalidated,-0.7,att_large,0.0,0.0,0.1203257491966615,0.08919625589077947,744
2024,rth,invalidated,-0.7,def_large,0.0,0.0,0.017468769805938495,0.012949421650065601,744
2024,rth,invalidated,-0.7,balance,0.0059439379210357276,-0.029058383176079127,0.04249926365650029,0.05304495688108185,827
2024,rth,invalidated,-0.7,volume,0.8678612716763006,0.5568210647384501,1.3730355852601157,0.6050515348566832,827
2024,rth,invalidated,-0.65,delta,0.03350476357297873,-0.0518069905960311,0.12166261227237543,0.12859125490615753,807
2024,rth,invalidated,-0.65,def_cancel,0.45605981865494183,0.4399603985443967,0.46945704456254567,0.02186556413502516,807
2024,rth,invalidated,-0.65,att_cancel,0.44692058890033576,0.4280300880720552,0.4628594734181068,0.02581866964125394,807
2024,rth,invalidated,-0.65,def_refill,0.44147658649822247,0.37157628186218306,0.5108820496638293,0.10326595092783267,807
2024,rth,invalidated,-0.65,att_refill,0.49165976953016627,0.4270870437182537,0.5559920449028136,0.0955559682613491,807
2024,rth,invalidated,-0.65,att_eff,0.0892987403460869,-0.16082020940000663,0.3286032045265199,0.36280460632062755,810
2024,rth,invalidated,-0.65,def_eff,-0.07571773353457509,-0.38373174616847366,0.18021940104097622,0.41805125812412885,801
2024,rth,invalidated,-0.65,att_large,0.0,0.0,0.10784206350934378,0.07994222647097389,744
2024,rth,invalidated,-0.65,def_large,0.0,0.0,0.008552694459184813,0.0063400255442437456,744
2024,rth,invalidated,-0.65,balance,0.01056097981622828,-0.027183877205804837,0.04310554434172979,0.05210483435695674,827
2024,rth,invalidated,-0.65,volume,0.8285765895953757,0.5363799405074694,1.3439728813164273,0.5986604453735789,827
2024,rth,invalidated,-0.6,delta,0.030943572842113073,-0.04739488608227305,0.11742909498739483,0.12218234326884203,810
2024,rth,invalidated,-0.6,def_cancel,0.4570020840446601,0.44204056386495394,0.4705546942026523,0.021137235239213004,810
2024,rth,invalidated,-0.6,att_cancel,0.44765601379647896,0.4278020019043264,0.46406272757511813,0.026879707687762603,810
2024,rth,invalidated,-0.6,def_refill,0.4452843281326493,0.3702456110907866,0.5121848535921916,0.10521811897806152,810
2024,rth,invalidated,-0.6,att_refill,0.48681312428077406,0.4203730900498132,0.5561614683030683,0.10065854577706088,810
2024,rth,invalidated,-0.6,att_eff,0.0926979997583807,-0.1580289157763498,0.34139762967898213,0.3702198261344195,815
2024,rth,invalidated,-0.6,def_eff,-0.08701270257475574,-0.3904876810949702,0.16882086241711305,0.41460974315202614,806
2024,rth,invalidated,-0.6,att_large,0.0,0.0,0.09859183540881995,0.07308512632232762,747
2024,rth,invalidated,-0.6,def_large,0.0,0.0,0.008386540205122027,0.00621685708311492,747
2024,rth,invalidated,-0.6,balance,0.01054153742350637,-0.025106148191257303,0.047418157168025124,0.05376153102986095,827
2024,rth,invalidated,-0.6,volume,0.8130218368657675,0.526854527938343,1.3155361589777146,0.5846416834984223,827
2024,rth,invalidated,-0.55,delta,0.026999989167385205,-0.05507785196820216,0.1100956235777175,0.12244141997473659,814
2024,rth,invalidated,-0.55,def_cancel,0.4577584452032748,0.4422359757632819,0.4702742303563862,0.020784473382582897,814
2024,rth,invalidated,-0.55,att_cancel,0.44809402115852504,0.4286501489929549,0.46499296626985703,0.026940561361676902,814
2024,rth,invalidated,-0.55,def_refill,0.4467452526098847,0.3822732610562911,0.5088642492977333,0.09384061396696977,814
2024,rth,invalidated,-0.55,att_refill,0.4819243837370205,0.4163062024691385,0.5570719357441694,0.10434820850632383,814
2024,rth,invalidated,-0.55,att_eff,0.0859251618148889,-0.1522866054073384,0.3236912367576162,0.3528375405225757,818
2024,rth,invalidated,-0.55,def_eff,-0.08836480470164727,-0.37048368060228665,0.15590481947762208,0.39020644928088116,807
2024,rth,invalidated,-0.55,att_large,0.0,0.0,0.11106125969851575,0.08232858391291012,751
2024,rth,invalidated,-0.55,def_large,0.0,0.0,0.02493748550082888,0.018485904744869445,751
2024,rth,invalidated,-0.55,balance,0.009873172289966049,-0.025500704880380413,0.048120155300997544,0.05457439598323051,827
2024,rth,invalidated,-0.55,volume,0.8323431813316207,0.5254544417401886,1.2776941212377915,0.5576276349129747,827
2024,rth,invalidated,-0.5,delta,0.030830359322629206,-0.05072469914636599,0.11484600433172165,0.12273588100673657,815
2024,rth,invalidated,-0.5,def_cancel,0.45726923486375887,0.43965033138785525,0.4711507901167238,0.02335097014741922,815
2024,rth,invalidated,-0.5,att_cancel,0.44945048298839074,0.4290096643687941,0.464103718080613,0.02601486561291245,815
2024,rth,invalidated,-0.5,def_refill,0.45331072639248027,0.37720588335884164,0.5224773484271521,0.1076882617259529,815
2024,rth,invalidated,-0.5,att_refill,0.482009642139866,0.4117632323392985,0.5607800568214056,0.11046465862276288,815
2024,rth,invalidated,-0.5,att_eff,0.09301072101719436,-0.14945977797032706,0.3191962360039875,0.3474099436429315,819
2024,rth,invalidated,-0.5,def_eff,-0.08673974470533612,-0.36363171344190653,0.1704352558421992,0.39589842052194646,811
2024,rth,invalidated,-0.5,att_large,0.0,0.0,0.10947121162046841,0.08114989742065858,752
2024,rth,invalidated,-0.5,def_large,0.0,0.0,0.0262744837815322,0.01947700799224033,752
2024,rth,invalidated,-0.5,balance,0.011573319170632356,-0.026738493611070623,0.04815891517529613,0.05552068849990122,827
2024,rth,invalidated,-0.5,volume,0.8297808285163777,0.5247041012936966,1.3013599298100744,0.5757270782182193,827
2024,rth,invalidated,-0.45,delta,0.031021886864430408,-0.0530138695193411,0.11203348521769403,0.12234792789995191,817
2024,rth,invalidated,-0.45,def_cancel,0.4569065636954788,0.4419140609569836,0.4718920570926639,0.0222223840887178,817
2024,rth,invalidated,-0.45,att_cancel,0.4487559735403902,0.43001467790295883,0.4642612858927998,0.025386662705590046,817
2024,rth,invalidated,-0.45,def_refill,0.4456693351633521,0.3815904935902359,0.5270319763364609,0.1078142941039474,817
2024,rth,invalidated,-0.45,att_refill,0.48780927006622493,0.4130001621366039,0.5635142289659689,0.11157454916928468,817
2024,rth,invalidated,-0.45,att_eff,0.09720983011196521,-0.16320937203686248,0.3198913609461114,0.3581176671482386,819
2024,rth,invalidated,-0.45,def_eff,-0.09351330749832494,-0.37677272359205605,0.1544577680941124,0.3937957684849284,815
2024,rth,invalidated,-0.45,att_large,0.0,0.0,0.09793118984908727,0.07259539647819664,754
2024,rth,invalidated,-0.45,def_large,0.0,0.0,0.030632474933464698,0.022707542574844107,754
2024,rth,invalidated,-0.45,balance,0.012785037294044647,-0.025273218600433998,0.04873229120649569,0.05485953284427701,827
2024,rth,invalidated,-0.45,volume,0.8127167630057803,0.5137380024979716,1.2995775900400177,0.5825349055167132,827
2024,rth,invalidated,-0.4,delta,0.025841081184651254,-0.05187485113253597,0.11427535982088227,0.12316546401291198,818
2024,rth,invalidated,-0.4,def_cancel,0.45817118581747945,0.4399129185438711,0.4707548753225782,0.022862829339293626,818
2024,rth,invalidated,-0.4,att_cancel,0.4485357791256222,0.43000370384892944,0.4632514037232836,0.024646182264161723,818
2024,rth,invalidated,-0.4,def_refill,0.4504295889624948,0.37945795505751695,0.5158755429486075,0.10112497249154229,818
2024,rth,invalidated,-0.4,att_refill,0.4862519038447884,0.42087528901150284,0.5610586330254324,0.10391648926162307,818
2024,rth,invalidated,-0.4,att_eff,0.08259564393992878,-0.15571492589294558,0.3154985400800129,0.3493057568368854,819
2024,rth,invalidated,-0.4,def_eff,-0.08505981058249613,-0.3642759977127721,0.15591073933628619,0.3856091453291759,817
2024,rth,invalidated,-0.4,att_large,0.0,0.0,0.09863276094133264,0.07311546400395304,755
2024,rth,invalidated,-0.4,def_large,0.0,0.0,0.03395579337664523,0.025171084786245537,755
2024,rth,invalidated,-0.4,balance,0.013682587274081745,-0.023667114457955322,0.04847117756693723,0.053475383265302115,827
2024,rth,invalidated,-0.4,volume,0.7849229287090559,0.5188352198344444,1.296117453051968,0.5761914256616186,827
2024,rth,invalidated,-0.35,delta,0.03739557230290177,-0.04826256326549576,0.12458671909575295,0.12813141761397234,818
2024,rth,invalidated,-0.35,def_cancel,0.4576445445137737,0.44120649508017107,0.47292795776077695,0.023514798132398727,818
2024,rth,invalidated,-0.35,att_cancel,0.4476649251086145,0.42768288527462195,0.46331343102049394,0.02641256170931949,818
2024,rth,invalidated,-0.35,def_refill,0.4465679634177543,0.37509896232973094,0.5178781350716213,0.10584075073527824,818
2024,rth,invalidated,-0.35,att_refill,0.48857340421061884,0.4230526853439812,0.5706439128874717,0.1094078780900597,818
2024,rth,invalidated,-0.35,att_eff,0.10151908286683073,-0.11781120638858128,0.3560858385959687,0.35129506670463306,819
2024,rth,invalidated,-0.35,def_eff,-0.09736836786591639,-0.4066152598189061,0.12749018250124863,0.3959269401928501,817
2024,rth,invalidated,-0.35,att_large,0.0,0.0,0.10734810106069641,0.07957605712431165,755
2024,rth,invalidated,-0.35,def_large,0.0,0.0,0.040752700025242956,0.030209562657704192,755
2024,rth,invalidated,-0.35,balance,0.01271353900790542,-0.02149518032895377,0.05087527311264547,0.05364748216575184,827
2024,rth,invalidated,-0.35,volume,0.7943548387096774,0.5202562249888839,1.3191009496284063,0.5921754815711804,827
2024,rth,invalidated,-0.3,delta,0.03899841363705022,-0.04421798270633482,0.12219561600336017,0.12336071068176056,819
2024,rth,invalidated,-0.3,def_cancel,0.45864672051739447,0.4441779107368496,0.4715327208394113,0.02027784292258094,819
2024,rth,invalidated,-0.3,att_cancel,0.44613778095455603,0.4274671526284183,0.460531400841679,0.024510191410867833,819
2024,rth,invalidated,-0.3,def_refill,0.4457086555108927,0.37935620960172,0.5144466829574587,0.10014119596422436,819
2024,rth,invalidated,-0.3,att_refill,0.5017106893065886,0.4288494108487466,0.5683239238025518,0.10339103999540786,819
2024,rth,invalidated,-0.3,att_eff,0.13318189235695346,-0.08235530332092854,0.3467006981485735,0.3180548565378073,819
2024,rth,invalidated,-0.3,def_eff,-0.11943421513744792,-0.36385932948638117,0.08496241396883975,0.33270700033745065,817
2024,rth,invalidated,-0.3,att_large,0.0,0.0,0.10858753925956148,0.08049484007380392,756
2024,rth,invalidated,-0.3,def_large,0.0,0.0,0.03790436091643129,0.02809811780313661,756
2024,rth,invalidated,-0.3,balance,0.016033744438385674,-0.018680240670311044,0.05310990597642622,0.05321730663212547,827
2024,rth,invalidated,-0.3,volume,0.8110950545921644,0.5214830202312137,1.285585260115607,0.5664212304554436,827
2024,rth,invalidated,-0.25,delta,0.03602919433602357,-0.04591028763582184,0.1326924469559697,0.13239639332230657,820
2024,rth,invalidated,-0.25,def_cancel,0.4586632296042827,0.4425411108918799,0.4709581782877108,0.02106528346614595,820
2024,rth,invalidated,-0.25,att_cancel,0.4457031205846843,0.42733513041035565,0.4610576427461238,0.024998155919768845,820
2024,rth,invalidated,-0.25,def_refill,0.4380685495129707,0.3719735904682565,0.5143399668179994,0.10553474896200364,820
2024,rth,invalidated,-0.25,att_refill,0.4978641730007318,0.4280327459309887,0.5729063119866328,0.1073933032287947,820
2024,rth,invalidated,-0.25,att_eff,0.11963821333959797,-0.09429211939324512,0.3378089534524932,0.3203121370242686,821
2024,rth,invalidated,-0.25,def_eff,-0.11520033746234001,-0.399866340224844,0.09534478701958982,0.3670949794250807,819
2024,rth,invalidated,-0.25,att_large,0.0,0.0,0.12097375611573165,0.08967661683894118,757
2024,rth,invalidated,-0.25,def_large,0.0,0.0,0.033481333340364246,0.02481937237981041,757
2024,rth,invalidated,-0.25,balance,0.01870754725499558,-0.0181711025870801,0.054259422817767,0.053692012902036394,827
2024,rth,invalidated,-0.25,volume,0.8100333864859478,0.5289441561569452,1.332568641618497,0.595718669726873,827
2024,rth,invalidated,-0.2,delta,0.04874992071750099,-0.03756934878256624,0.13815043687965695,0.130259292559098,820
2024,rth,invalidated,-0.2,def_cancel,0.4576849245411715,0.44462396117311953,0.47079375792880457,0.019399404563146802,820
2024,rth,invalidated,-0.2,att_cancel,0.4458827456230686,0.4272564843854656,0.4604143964923054,0.02457962350395836,820
2024,rth,invalidated,-0.2,def_refill,0.4328378604898827,0.372206987539806,0.5081529692002099,0.10077537558221193,820
2024,rth,invalidated,-0.2,att_refill,0.4997107617185965,0.43019473660079843,0.5748515244173585,0.10723260772169022,820
2024,rth,invalidated,-0.2,att_eff,0.13169414651558167,-0.09198732521403256,0.3609436141997172,0.33575310556986643,821
2024,rth,invalidated,-0.2,def_eff,-0.13970942480271148,-0.413604171814887,0.09668297841828281,0.3782706821595032,819
2024,rth,invalidated,-0.2,att_large,0.0,0.0,0.1257405124643858,0.09321016491058992,757
2024,rth,invalidated,-0.2,def_large,0.0,0.0,0.00967072844786751,0.007168812785669022,757
2024,rth,invalidated,-0.2,balance,0.019071560759342833,-0.017792648409971443,0.057788080692696586,0.05602722691079913,827
2024,rth,invalidated,-0.2,volume,0.8030498935199271,0.5147185150553476,1.3301067835704758,0.6044390426353805,827
2024,rth,invalidated,-0.15,delta,0.04426774330438167,-0.032965565941054625,0.13906498732635586,0.1275245020514533,820
2024,rth,invalidated,-0.15,def_cancel,0.4596508669041454,0.4452508693253421,0.4728200191027982,0.020436730746816987,820
2024,rth,invalidated,-0.15,att_cancel,0.4449397745748568,0.4268067492417321,0.45936482044010885,0.0241349675303015,820
2024,rth,invalidated,-0.15,def_refill,0.4332102186769015,0.3734639913608546,0.4980088843987165,0.09232386437202511,820
2024,rth,invalidated,-0.15,att_refill,0.5042876156121515,0.4290485409513807,0.578299373982498,0.11063812678363032,820
2024,rth,invalidated,-0.15,att_eff,0.1494439997587265,-0.06481943078078418,0.37414788940663457,0.3254020164473082,822
2024,rth,invalidated,-0.15,def_eff,-0.1497687172646935,-0.42446364122284574,0.0637566536077159,0.3619127463532703,819
2024,rth,invalidated,-0.15,att_large,0.0,0.0,0.13521705336401754,0.1002350284388566,757
2024,rth,invalidated,-0.15,def_large,0.0,0.0,0.03561426667094164,0.026400494196398547,757
2024,rth,invalidated,-0.15,balance,0.02112862151641002,-0.016424214532828926,0.06017043155822025,0.05677883327727886,827
2024,rth,invalidated,-0.15,volume,0.7837014863748968,0.5176744090417783,1.3219720917630058,0.5962177040187009,827
2024,rth,invalidated,-0.1,delta,0.06637295634574059,-0.012596189243614197,0.14567270879810498,0.11732312679148939,821
2024,rth,invalidated,-0.1,def_cancel,0.4608051847187696,0.4462460580220347,0.47422799023983214,0.020742722177759403,821
2024,rth,invalidated,-0.1,att_cancel,0.4421225302353611,0.4257244084175942,0.45617410847582773,0.022572053416036734,821
2024,rth,invalidated,-0.1,def_refill,0.4283843962559942,0.3688714524924185,0.4932631871808198,0.09221032964299579,821
2024,rth,invalidated,-0.1,att_refill,0.5151350921837013,0.44405062648596366,0.5860460892403534,0.10525979448064472,821
2024,rth,invalidated,-0.1,att_eff,0.20694963853484794,0.005907015527408674,0.40626042881755103,0.29677791941448656,822
2024,rth,invalidated,-0.1,def_eff,-0.22139824476433392,-0.46867226400584594,-0.0064423665257953705,0.34264632874725764,820
2024,rth,invalidated,-0.1,att_large,0.0,0.0,0.13371521745176013,0.0991217327292514,758
2024,rth,invalidated,-0.1,def_large,0.0,0.0,0.014583793005274223,0.010810817646608023,758
2024,rth,invalidated,-0.1,balance,0.027047670428477014,-0.011864029827761843,0.061330939613862726,0.054258687503057505,827
2024,rth,invalidated,-0.1,volume,0.8101878612716764,0.5343208092485549,1.3160573606190566,0.5794933664718324,827
2024,rth,invalidated,-0.05,delta,0.10637667494727217,0.03334160924489968,0.19264071060297405,0.11808680604749769,821
2024,rth,invalidated,-0.05,def_cancel,0.4668565273534063,0.45199494214993424,0.47938660756900364,0.020305163394417642,821
2024,rth,invalidated,-0.05,att_cancel,0.43429883005885905,0.4158437558062416,0.44728745240076223,0.02330889295368467,821
2024,rth,invalidated,-0.05,def_refill,0.4063257109313174,0.34316961506849425,0.46981199449432054,0.09387870973004173,821
2024,rth,invalidated,-0.05,att_refill,0.5354937183396271,0.47097847092951045,0.6096640865800476,0.10280623843627658,821
2024,rth,invalidated,-0.05,att_eff,0.3251254241461933,0.16177948436305123,0.5243448419062607,0.26876601745234213,823
2024,rth,invalidated,-0.05,def_eff,-0.3880773250472931,-0.6349038776159611,-0.16505133018901225,0.3482969217397694,821
2024,rth,invalidated,-0.05,att_large,0.026998902580104837,0.0,0.15276540998680557,0.11324344698799524,758
2024,rth,invalidated,-0.05,def_large,0.0,0.0,0.0,0.003665539074964582,758
2024,rth,invalidated,-0.05,balance,0.039625906585769276,-0.0034700938941244187,0.08278369384005999,0.06393905688227161,827
2024,rth,invalidated,-0.05,volume,0.9016326944528952,0.5589799170001482,1.4262797354379724,0.6429205473964598,827
2024,rth,invalidated,0.0,delta,0.12628498737198088,0.04907193544171463,0.22033681428857096,0.1269569153794339,821
2024,rth,invalidated,0.0,def_cancel,0.45830500681489583,0.439749764350199,0.4725327664681523,0.024301706536659202,821
2024,rth,invalidated,0.0,att_cancel,0.43328415576418566,0.4118540817545449,0.4477133468601938,0.026582109047923578,821
2024,rth,invalidated,0.0,def_refill,0.3842477476809041,0.320425543885306,0.4520285998969567,0.0975560089041147,821
2024,rth,invalidated,0.0,att_refill,0.5231844897777426,0.45780416920794564,0.6054469528288948,0.10944609608669324,821
2024,rth,invalidated,0.0,att_eff,0.2290344921426377,0.0359053502657273,0.42677088864533197,0.2897446540990398,823
2024,rth,invalidated,0.0,def_eff,-0.30475513876888966,-0.5954857373003852,-0.06763153295146536,0.391292960970289,821
2024,rth,invalidated,0.0,att_large,0.08857337889640912,0.0,0.22129731284207887,0.16404545058716002,758
2024,rth,invalidated,0.0,def_large,0.0,0.0,0.033259862472605956,0.024655198274726432,758
2024,rth,invalidated,0.0,balance,0.03635678039200738,-0.004219618019993857,0.08161627355005519,0.06362927469981397,827
2024,rth,invalidated,0.0,volume,1.188194753223655,0.7735264853596133,1.7580732142257023,0.7298344913759,827
2024,rth,invalidated,0.05,delta,0.043051979182003305,-0.05329254363918633,0.13173264973555154,0.13715729679372712,825
2024,rth,invalidated,0.05,def_cancel,0.4462862874726762,0.42749712623666947,0.4621273035042372,0.02567099871576555,825
2024,rth,invalidated,0.05,att_cancel,0.4498974342314094,0.4307644691643869,0.4656611111440841,0.025868526300739228,825
2024,rth,invalidated,0.05,def_refill,0.4429396809408175,0.36676807607874146,0.5150575262374081,0.10992546342377066,825
2024,rth,invalidated,0.05,att_refill,0.4729745819722991,0.4080585028294493,0.5561041728882598,0.10974475171149776,825
2024,rth,invalidated,0.05,att_eff,-0.04248510253997317,-0.289974810781909,0.20044551683705256,0.3635436083165023,825
2024,rth,invalidated,0.05,def_eff,0.003940314164016191,-0.2894898070479109,0.2964548989350985,0.4343548598836245,821
2024,rth,invalidated,0.05,att_large,0.00974375175008438,0.0,0.16833594623245707,0.12478572737765535,762
2024,rth,invalidated,0.05,def_large,0.0,0.0,0.05601716374659608,0.041524954593473745,762
2024,rth,invalidated,0.05,balance,0.027537064914136197,-0.009694276791562241,0.06590891714130603,0.05604387986128115,827
2024,rth,invalidated,0.05,volume,1.079389450867052,0.6829256630397824,1.65813377374071,0.7229118685699982,827
2024,rth,invalidated,0.1,delta,0.002021266052902312,-0.07676139706501306,0.09126676721233076,0.12455757174006214,825
2024,rth,invalidated,0.1,def_cancel,0.4454327958511377,0.4272391883075063,0.4607328069731864,0.024828479366701354,825
2024,rth,invalidated,0.1,att_cancel,0.4548876283798303,0.43753701196065276,0.46860181597873235,0.023028023734677237,825
2024,rth,invalidated,0.1,def_refill,0.46549280338557597,0.39795982460147555,0.5369335284902677,0.10301979532156567,825
2024,rth,invalidated,0.1,att_refill,0.46058445344241844,0.3931968106881326,0.5339623384685136,0.10434805617522683,825
2024,rth,invalidated,0.1,att_eff,-0.09795166869965682,-0.34492218691711624,0.11638964987273821,0.34196577968113745,826
2024,rth,invalidated,0.1,def_eff,0.10090130248707474,-0.15559041850927416,0.3243251470131391,0.35575653485723735,823
2024,rth,invalidated,0.1,att_large,0.0,0.0,0.14603048661569054,0.10825091669065273,762
2024,rth,invalidated,0.1,def_large,0.0,0.0,0.06634907478230416,0.04918389531675624,762
2024,rth,invalidated,0.1,balance,0.02324810567751771,-0.011912021277485328,0.061921379400207116,0.05473195009465712,827
2024,rth,invalidated,0.1,volume,0.9668662262592899,0.6110848421738637,1.5173410404624277,0.6717985161516412,827
2024,rth,invalidated,0.15,delta,-0.014783510683086367,-0.08795607294350553,0.07074721194140668,0.11764513334685857,825
2024,rth,invalidated,0.15,def_cancel,0.4451700521250138,0.4268620180821937,0.46048032547365947,0.024920909852828587,825
2024,rth,invalidated,0.15,att_cancel,0.457467536985424,0.4401203872116392,0.47113170393127113,0.022988374143537375,825
2024,rth,invalidated,0.15,def_refill,0.47468133593509687,0.4115381027750873,0.5432930053681344,0.09766857123279994,825
2024,rth,invalidated,0.15,att_refill,0.4578497754438837,0.38901559101418604,0.5261778667396465,0.10167700202035616,825
2024,rth,invalidated,0.15,att_eff,-0.12201815496609865,-0.38751772360280096,0.10965438115137294,0.3685486321380088,826
2024,rth,invalidated,0.15,def_eff,0.12457062545954407,-0.11714022314256031,0.3626470871562549,0.355661460562502,824
2024,rth,invalidated,0.15,att_large,0.0,0.0,0.12768768938451264,0.09465358738659202,762
2024,rth,invalidated,0.15,def_large,0.0,0.0,0.05577502178308061,0.04134545721503381,762
2024,rth,invalidated,0.15,balance,0.021575457028443754,-0.01308554576554913,0.06050902831786205,0.0545549103657607,827
2024,rth,invalidated,0.15,volume,0.8814032290213274,0.5663628279235216,1.397240218341672,0.6159209713996667,827
2024,rth,invalidated,0.2,delta,-0.023994936658628493,-0.10191818151932913,0.050738457017843824,0.11316281581702962,825
2024,rth,invalidated,0.2,def_cancel,0.4461181268569627,0.4288129358182935,0.4602723634276095,0.023320554195193497,825
2024,rth,invalidated,0.2,att_cancel,0.45800728636126076,0.44188700524696223,0.47247936788673783,0.022677807738899634,825
2024,rth,invalidated,0.2,def_refill,0.4831660219388647,0.4198168173182746,0.5495523468671394,0.09617163050323559,825
2024,rth,invalidated,0.2,att_refill,0.44871745630327736,0.3894519735923185,0.5233685755635428,0.09927101702833528,825
2024,rth,invalidated,0.2,att_eff,-0.13062829651951835,-0.3998426073901637,0.11221105122041067,0.37958017687959555,826
2024,rth,invalidated,0.2,def_eff,0.13667362496074614,-0.10995742856119911,0.3798440618599284,0.36308487058645483,824
2024,rth,invalidated,0.2,att_large,0.0,0.0,0.08387497528499534,0.062175667372124044,762
2024,rth,invalidated,0.2,def_large,0.0,0.0,0.06174092502714915,0.045767920702112046,762
2024,rth,invalidated,0.2,balance,0.020750038571619757,-0.01375940444184449,0.06037101553395346,0.05495212748391249,827
2024,rth,invalidated,0.2,volume,0.8212538906180525,0.5358716089726747,1.3267186209744013,0.5862468584149196,827
2024,rth,invalidated,0.25,delta,-0.026457456424903793,-0.10465473832136193,0.05378434064853528,0.11744928018524628,825
2024,rth,invalidated,0.25,def_cancel,0.44726514693335656,0.43027136514906117,0.46118166066060773,0.022913488147921837,825
2024,rth,invalidated,0.25,att_cancel,0.4588615426637241,0.4420685096099719,0.4714720319056925,0.02179653246532289,825
2024,rth,invalidated,0.25,def_refill,0.48212990176931353,0.41514282221762433,0.5574503965682057,0.10549115963719896,825
2024,rth,invalidated,0.25,att_refill,0.4543346142372798,0.3864879495702063,0.5233238933279776,0.1014350954468282,825
2024,rth,invalidated,0.25,att_eff,-0.13520420591390633,-0.36703602698336835,0.100192829462491,0.34635200626082974,826
2024,rth,invalidated,0.25,def_eff,0.12793538357104392,-0.11204512315856285,0.34990353212587355,0.342437846763852,824
2024,rth,invalidated,0.25,att_large,0.0,0.0,0.0801302305204404,0.059399726108554776,762
2024,rth,invalidated,0.25,def_large,0.0,0.0,0.06255570096438891,0.04637190582979163,762
2024,rth,invalidated,0.25,balance,0.021662546234990535,-0.014150266093267763,0.05860654844598363,0.053933887723685243,827
2024,rth,invalidated,0.25,volume,0.7839079273327828,0.4987226465730801,1.2601629163225985,0.5644479390285533,827
2024,rth,invalidated,0.3,delta,-0.028091596368442707,-0.10177816505204527,0.05724431023191597,0.11788174594808098,825
2024,rth,invalidated,0.3,def_cancel,0.44962285086279496,0.4308980633760916,0.46395248352658874,0.024502905967751776,825
2024,rth,invalidated,0.3,att_cancel,0.4585302043735269,0.4408771642043672,0.470813914991742,0.02219180933089314,825
2024,rth,invalidated,0.3,def_refill,0.4839624853077158,0.42073598068771734,0.5516044252754277,0.09701144891601958,825
2024,rth,invalidated,0.3,att_refill,0.45627391081752866,0.39457797840765135,0.5180224188703844,0.09150811005391624,825
2024,rth,invalidated,0.3,att_eff,-0.1102302011336636,-0.35738636434683185,0.12680829997204804,0.35892858733793914,826
2024,rth,invalidated,0.3,def_eff,0.10295255024076044,-0.1316471762330439,0.37032772830885086,0.37210889884499243,824
2024,rth,invalidated,0.3,att_large,0.0,0.0,0.06077157856715951,0.04504935401568533,762
2024,rth,invalidated,0.3,def_large,0.0,0.0,0.05386667159897243,0.03993081660413079,762
2024,rth,invalidated,0.3,balance,0.020340229818784115,-0.01615891688634789,0.056073615304393934,0.053545242543174075,827
2024,rth,invalidated,0.3,volume,0.7366931599229286,0.4857374965225186,1.1610838875942313,0.5006274211057915,827
2024,rth,invalidated,0.35,delta,-0.024743953559079473,-0.10506497211209789,0.058862385332596315,0.12151768528146348,826
2024,rth,invalidated,0.35,def_cancel,0.4503973335855764,0.43342094447923263,0.4642978058965838,0.022888703793440466,826
2024,rth,invalidated,0.35,att_cancel,0.4560571166110178,0.44255322485142995,0.4707102658632779,0.02087252854844178,826
2024,rth,invalidated,0.35,def_refill,0.48487077069330864,0.42166297594820495,0.5488724878099485,0.09429911924517681,826
2024,rth,invalidated,0.35,att_refill,0.45420750817265626,0.38986021679316,0.5217119851794537,0.09774037686159652,826
2024,rth,invalidated,0.35,att_eff,-0.08096034076117983,-0.3546198052802277,0.13601337634096078,0.3637013948266779,826
2024,rth,invalidated,0.35,def_eff,0.08407658273925973,-0.1345009458478587,0.3425847559615109,0.3536587856259226,824
2024,rth,invalidated,0.35,att_large,0.0,0.0,0.059814269760221694,0.04433971071921549,762
2024,rth,invalidated,0.35,def_large,0.0,0.0,0.058286493100019474,0.0432071853966045,762
2024,rth,invalidated,0.35,balance,0.018975045903090577,-0.016672182470235032,0.05700957863319207,0.05461954121825583,827
2024,rth,invalidated,0.35,volume,0.7366709765743839,0.4724795987759265,1.1351661849710981,0.4912428363196232,827
2024,rth,invalidated,0.4,delta,-0.02225428110435414,-0.09542155049063962,0.06024894445183591,0.11539695696254673,826
2024,rth,invalidated,0.4,def_cancel,0.4513579718052233,0.4355496130936554,0.46465610904537635,0.02157634985301774,826
2024,rth,invalidated,0.4,att_cancel,0.4587615724025327,0.441572782111061,0.4718339622077165,0.022432305483065615,826
2024,rth,invalidated,0.4,def_refill,0.4859548584699597,0.4220006759848096,0.5513046478230311,0.09585172115509379,826
2024,rth,invalidated,0.4,att_refill,0.4605654814580476,0.39077206027456113,0.5255588015998707,0.09991604249466979,826
2024,rth,invalidated,0.4,att_eff,-0.09605179956588855,-0.33757494703848284,0.12602285908189306,0.3436603455303009,826
2024,rth,invalidated,0.4,def_eff,0.10166653522534363,-0.12737299762144055,0.316548734248776,0.32907467151239184,824
2024,rth,invalidated,0.4,att_large,0.0,0.0,0.06484499835849993,0.04806893873869528,762
2024,rth,invalidated,0.4,def_large,0.0,0.0,0.03858633940831214,0.028603661533218784,762
2024,rth,invalidated,0.4,balance,0.01978338266804857,-0.01722970220662922,0.05654476182954183,0.05468826096083844,827
2024,rth,invalidated,0.4,volume,0.7160404624277457,0.4604983167121895,1.108078770605866,0.48004481385743253,827
2024,rth,invalidated,0.45,delta,-0.017412394044113235,-0.0938163993189783,0.057180491893973916,0.11193246198143232,826
2024,rth,invalidated,0.45,def_cancel,0.45176867235338275,0.43711698666459337,0.4651159246028316,0.020755328345617653,826
2024,rth,invalidated,0.45,att_cancel,0.4578210516660001,0.44243748472826516,0.47065869705702096,0.020920098093962784,826
2024,rth,invalidated,0.45,def_refill,0.48751138630629826,0.42082991671715214,0.55586776318564,0.1001021841871667,826
2024,rth,invalidated,0.45,att_refill,0.4599377036045082,0.39158108947540515,0.5279341828635841,0.10107716337151884,826
2024,rth,invalidated,0.45,att_eff,-0.07227183762354696,-0.3430681913083406,0.1523107349925772,0.36721936716154024,826
2024,rth,invalidated,0.45,def_eff,0.07627245012494427,-0.15000112643074895,0.3278317663812256,0.3542126707279277,824
2024,rth,invalidated,0.45,att_large,0.0,0.0,0.06524944244933731,0.04836874903583196,762
2024,rth,invalidated,0.45,def_large,0.0,0.0,0.03843667138160149,0.028492714144997402,762
2024,rth,invalidated,0.45,balance,0.01968701791879344,-0.016867726619774752,0.05666800940429412,0.05451129430991021,827
2024,rth,invalidated,0.45,volume,0.7024654055000875,0.46528593764806214,1.0638638005780345,0.44371969083022417,827
2024,rth,invalidated,0.5,delta,-0.017040838441837142,-0.09230751419494775,0.05619495587948,0.11008337292396422,826
2024,rth,invalidated,0.5,def_cancel,0.4525803676695432,0.4359821415437434,0.4663146961183225,0.022485214658694675,826
2024,rth,invalidated,0.5,att_cancel,0.45684270928855697,0.44155803082815326,0.46915670457055453,0.02045861656219516,826
2024,rth,invalidated,0.5,def_refill,0.4870210384718704,0.4227620947842092,0.554416536677467,0.09759410073629197,826
2024,rth,invalidated,0.5,att_refill,0.45864939445977937,0.3929675181606812,0.5267735430032057,0.09918904732581502,826
2024,rth,invalidated,0.5,att_eff,-0.06560027199550399,-0.3098814710066586,0.1704872363229395,0.3560924442769445,826
2024,rth,invalidated,0.5,def_eff,0.0799523319910442,-0.1480548631057712,0.292021537509519,0.3262241665050335,824
2024,rth,invalidated,0.5,att_large,0.0,0.0,0.027517457012866335,0.020398411425401285,762
2024,rth,invalidated,0.5,def_large,0.0,0.0,0.046359069354858236,0.034365507305306325,762
2024,rth,invalidated,0.5,balance,0.01935093743014054,-0.017569836312797182,0.056351482199445455,0.05479712269254458,827
2024,rth,invalidated,0.5,volume,0.7014863748967796,0.46396315028901736,1.0709823578998074,0.4499771739145961,827
2024,rth,invalidated,0.55,delta,-0.013918491543504437,-0.08818639290311776,0.060905595713734564,0.11052037703250729,826
2024,rth,invalidated,0.55,def_cancel,0.4535344228263563,0.43714179267351777,0.4663927727734138,0.02168345448472648,826
2024,rth,invalidated,0.55,att_cancel,0.4557394693498611,0.43995853854347716,0.4688112016285655,0.02138818612682604,826
2024,rth,invalidated,0.55,def_refill,0.48357270248428824,0.4158144987230683,0.5476246278606031,0.09770951010936602,826
2024,rth,invalidated,0.55,att_refill,0.46515776003669673,0.3965732098516201,0.5310701109916849,0.09970118690886938,826
2024,rth,invalidated,0.55,att_eff,-0.04367502640369588,-0.2822046151614585,0.20092998368900433,0.35814277157187757,826
2024,rth,invalidated,0.55,def_eff,0.05684369946028269,-0.20094599109630407,0.273119495433884,0.35141993071177763,824
2024,rth,invalidated,0.55,att_large,0.0,0.0,0.017617101308883467,0.013059378286792786,762
2024,rth,invalidated,0.55,def_large,0.0,0.0,0.04981095288448925,0.0369243535096288,762
2024,rth,invalidated,0.55,balance,0.019469100242739512,-0.01679383876089749,0.0585860664426052,0.05587835819384929,827
2024,rth,invalidated,0.55,volume,0.6973346178548491,0.470295614475999,1.0588256027068943,0.4362713033587067,827
2024,rth,invalidated,0.6,delta,-0.007316037501009754,-0.08566855076027512,0.06553035392517961,0.1120822125170161,826
2024,rth,invalidated,0.6,def_cancel,0.4535809956848327,0.4388344056266224,0.4676205517627307,0.02133887778807139,826
2024,rth,invalidated,0.6,att_cancel,0.4550890034152806,0.4386676035611216,0.46970981386530425,0.023011275244019747,826
2024,rth,invalidated,0.6,def_refill,0.4790700632034944,0.41395106548056954,0.5457316098394955,0.09768757921343663,826
2024,rth,invalidated,0.6,att_refill,0.46555631126691477,0.39577343350698646,0.533624627428769,0.1021876900828633,826
2024,rth,invalidated,0.6,att_eff,-0.03038013452890975,-0.27185219940093003,0.23023886265065016,0.3721950052272648,826
2024,rth,invalidated,0.6,def_eff,0.03183476162459344,-0.20781678404007858,0.26341191688994026,0.3493170503558331,824
2024,rth,invalidated,0.6,att_large,0.0,0.0,0.058956475880140295,0.04370383682738346,762
2024,rth,invalidated,0.6,def_large,0.0,0.0,0.04018025577399168,0.02978521554780703,762
2024,rth,invalidated,0.6,balance,0.018603635515819096,-0.01549958964827585,0.058691510837209804,0.054997109329492706,827
2024,rth,invalidated,0.6,volume,0.6791907514450867,0.4575521625595781,1.0686641979768785,0.45301114560215006,827
2024,rth,invalidated,0.65,delta,0.0005222661344018931,-0.07264949978665625,0.07335682073434686,0.10823300261008384,826
2024,rth,invalidated,0.65,def_cancel,0.4568935229923884,0.4403073696918866,0.4682600122360951,0.020721010040184198,826
2024,rth,invalidated,0.65,att_cancel,0.45403687875136495,0.43736045500685944,0.46801136879631317,0.022721211111529818,826
2024,rth,invalidated,0.65,def_refill,0.4739645382837156,0.4117647058823529,0.5417631573752952,0.09636653187023152,826
2024,rth,invalidated,0.65,att_refill,0.4713976686797716,0.39963019242017195,0.5391178412146846,0.10340077746072106,826
2024,rth,invalidated,0.65,att_eff,0.0009800395345738338,-0.21718969335918686,0.2228677855509335,0.3262101400371537,826
2024,rth,invalidated,0.65,def_eff,0.0030044294375767837,-0.22728225338409616,0.22324838135479605,0.33397378409109874,825
2024,rth,invalidated,0.65,att_large,0.0,0.0,0.06098059298235908,0.04520429427899117,762
2024,rth,invalidated,0.65,def_large,0.0,0.0,0.011990407673860911,0.008888367437999194,762
2024,rth,invalidated,0.65,balance,0.020759602055712607,-0.012831838455527551,0.0605185465017897,0.054373895446491655,827
2024,rth,invalidated,0.65,volume,0.6717244701348748,0.44319217932837873,1.0420640655105973,0.44393764728111085,827
2024,rth,invalidated,0.7,delta,0.0053953443158659044,-0.06779762224756035,0.07460362514847842,0.10556059851448389,826
2024,rth,invalidated,0.7,def_cancel,0.457276902022482,0.4421958203257004,0.470135418788625,0.02071134059519989,826
2024,rth,invalidated,0.7,att_cancel,0.454343528073937,0.43705004352266613,0.46646593557075644,0.021805702037131437,826
2024,rth,invalidated,0.7,def_refill,0.4692860684372304,0.41053361644859476,0.5383059533853908,0.094716335757447,826
2024,rth,invalidated,0.7,att_refill,0.4764791299903719,0.4041422159733739,0.5453397835174806,0.10466832286442304,826
2024,rth,invalidated,0.7,att_eff,0.01813335844602323,-0.18958820011485714,0.24970941361329313,0.3256468596947,826
2024,rth,invalidated,0.7,def_eff,-0.013932141137826981,-0.24813329914078264,0.20683588502336456,0.3372640357035932,825
2024,rth,invalidated,0.7,att_large,0.0,0.0,0.03382991270836293,0.0250777707252505,762
2024,rth,invalidated,0.7,def_large,0.0,0.0,0.0,0.003665539074964582,762
2024,rth,invalidated,0.7,balance,0.02117176128895598,-0.015438776814595054,0.05880511230481835,0.05503624100771935,827
2024,rth,invalidated,0.7,volume,0.6514932562620424,0.43976697976878615,1.0226517341040462,0.4320865488030096,827
2024,rth,invalidated,0.75,delta,0.011725887742324833,-0.07115591871392064,0.07729674657243069,0.11004645314036421,826
2024,rth,invalidated,0.75,def_cancel,0.45777961620703866,0.44105822811794987,0.4703733947590907,0.021731035315893855,826
2024,rth,invalidated,0.75,att_cancel,0.45371285806265227,0.43694173024720573,0.4663821586824901,0.02182389061177493,826
2024,rth,invalidated,0.75,def_refill,0.4668459099331773,0.40282132489143624,0.537981353269461,0.1001927563958671,826
2024,rth,invalidated,0.75,att_refill,0.4825438069807307,0.41167786316832783,0.5542984314359503,0.10572317884923828,826
2024,rth,invalidated,0.75,att_eff,0.04340127706669093,-0.17861447110797582,0.2844928956556269,0.34329678781586564,826
2024,rth,invalidated,0.75,def_eff,-0.019719710743088557,-0.28779445900839895,0.1862753770087502,0.35142315494228993,825
2024,rth,invalidated,0.75,att_large,0.0,0.0,0.048614914839391905,0.03603774265336687,762
2024,rth,invalidated,0.75,def_large,0.0,0.0,0.014713247668904975,0.010906781074058543,762
2024,rth,invalidated,0.75,balance,0.022969276497739395,-0.013037908516108442,0.061274512729144685,0.05508704317661462,827
2024,rth,invalidated,0.75,volume,0.6565441783649876,0.4485888603747259,1.005449181117534,0.4127949004765071,827
2024,rth,invalidated,0.8,delta,0.01239386851772317,-0.06103782352024996,0.08336386165068296,0.1070435027212253,826
2024,rth,invalidated,0.8,def_cancel,0.4583827884020312,0.44352856278236324,0.4716331539963714,0.020833648045966015,826
2024,rth,invalidated,0.8,att_cancel,0.4521240541435961,0.437146806341841,0.4652783636487537,0.020853637736777383,826
2024,rth,invalidated,0.8,def_refill,0.4627757691180496,0.40122592553085107,0.5351493257763392,0.09927605652000605,826
2024,rth,invalidated,0.8,att_refill,0.48669107704380943,0.41776441801506814,0.5560637659208495,0.10251990207989722,826
2024,rth,invalidated,0.8,att_eff,0.07254589411191041,-0.14620383050126953,0.29054019878584764,0.3237539134819253,826
2024,rth,invalidated,0.8,def_eff,-0.06786158829299514,-0.2898005530788904,0.15943225229323485,0.33301171636184235,825
2024,rth,invalidated,0.8,att_large,0.0,0.0,0.028254409983117703,0.020944707177996815,762
2024,rth,invalidated,0.8,def_large,0.0,0.0,0.018205751469493,0.013495738672715344,762
2024,rth,invalidated,0.8,balance,0.02387088018739413,-0.012721559254285256,0.06323909047159035,0.056308858210434104,827
2024,rth,invalidated,0.8,volume,0.6405346820809249,0.4400681703945715,0.9731884805945499,0.3951966717568409,827
2024,rth,invalidated,0.85,delta,0.02396124794615072,-0.053149917472096644,0.09302151753640218,0.10835540030281604,826
2024,rth,invalidated,0.85,def_cancel,0.45992695865229943,0.4431787534911421,0.4737661496196757,0.022674126114554202,826
2024,rth,invalidated,0.85,att_cancel,0.4504558415920974,0.4350809308630446,0.46347371178514624,0.02104728014981588,826
2024,rth,invalidated,0.85,def_refill,0.45158250620258944,0.39441590089716055,0.5293381967428114,0.10001652768395167,826
2024,rth,invalidated,0.85,att_refill,0.4861594920192991,0.4196577393906127,0.563930845659296,0.10694818848679265,826
2024,rth,invalidated,0.85,att_eff,0.11891248620031677,-0.1321053924821397,0.3611699983158617,0.36566003765604255,827
2024,rth,invalidated,0.85,def_eff,-0.09808463095966936,-0.3562342764732248,0.13805212837286354,0.36640949210236345,825
2024,rth,invalidated,0.85,att_large,0.0,0.0,0.060698644044205906,0.044995288394518836,762
2024,rth,invalidated,0.85,def_large,0.0,0.0,0.011400339115873816,0.008450955608505424,762
2024,rth,invalidated,0.85,balance,0.0260414332190153,-0.01103720063003147,0.06587967768219927,0.057017700750356365,827
2024,rth,invalidated,0.85,volume,0.6561264070581077,0.4228082851637765,0.9777286637198231,0.4113568410348752,827
2024,rth,invalidated,0.9,delta,0.03255472030712277,-0.04302681242172772,0.09846884063199432,0.10488929062544257,826
2024,rth,invalidated,0.9,def_cancel,0.46148536586386807,0.4466436880348962,0.4745401710829354,0.020679379576011275,826
2024,rth,invalidated,0.9,att_cancel,0.44919300129299683,0.4326153207818555,0.46317234131891805,0.02265160899708121,826
2024,rth,invalidated,0.9,def_refill,0.4524557706972279,0.39440881363874314,0.5218197267364533,0.0944484159360342,826
2024,rth,invalidated,0.9,att_refill,0.4949278498995921,0.4227123424011124,0.5739392330922766,0.11210295825883186,826
2024,rth,invalidated,0.9,att_eff,0.13925799417740622,-0.07970687913437899,0.37988480562491966,0.3406906484501844,827
2024,rth,invalidated,0.9,def_eff,-0.1302003522352533,-0.3821427056206437,0.095477513349832,0.35405501776907017,825
2024,rth,invalidated,0.9,att_large,0.0,0.0,0.05457160240749623,0.0404533746534442,762
2024,rth,invalidated,0.9,def_large,0.0,0.0,0.0,0.003665539074964582,762
2024,rth,invalidated,0.9,balance,0.02895209537311341,-0.007859881954260396,0.06899744264396687,0.05697355418697351,827
2024,rth,invalidated,0.9,volume,0.6403339755940912,0.4144666726878613,0.9401794315992292,0.3897055292152468,827
2024,rth,invalidated,0.95,delta,0.04358190361717354,-0.03054592053859019,0.10885890908738659,0.10333938445216959,826
2024,rth,invalidated,0.95,def_cancel,0.46369594916418105,0.449308722528708,0.4762456457758485,0.019968067640578558,826
2024,rth,invalidated,0.95,att_cancel,0.4463538351909527,0.42997569098981037,0.4602840157925696,0.022467253374914193,826
2024,rth,invalidated,0.95,def_refill,0.44755238240428763,0.3881106399212497,0.5126620281529929,0.09232867919328626,826
2024,rth,invalidated,0.95,att_refill,0.5045702547361867,0.4379041244916248,0.5803957042551756,0.10562756098113478,826
2024,rth,invalidated,0.95,att_eff,0.19247188484576516,-0.01485523367803448,0.3950213120726048,0.30383732079365405,827
2024,rth,invalidated,0.95,def_eff,-0.1911435545191439,-0.4259902866335654,0.019816868683995282,0.33047231676616806,826
2024,rth,invalidated,0.95,att_large,0.0,0.0,0.04036431624531048,0.029921657705938087,762
2024,rth,invalidated,0.95,def_large,0.0,0.0,0.0,0.003665539074964582,762
2024,rth,invalidated,0.95,balance,0.03235058837792836,-0.004572903966882468,0.07709449836098825,0.060539215958391936,827
2024,rth,invalidated,0.95,volume,0.6138005780346821,0.4034372419488026,0.9314467144127548,0.3914080596471106,827
2025,night,invalidated,-1.0,delta,0.14893617021276595,-0.0028211342765491233,0.3202718383719402,0.23950553939843536,927
2025,night,invalidated,-1.0,def_cancel,0.49196863796424817,0.456656443308331,0.5278038473870597,0.052740848093942666,927
2025,night,invalidated,-1.0,att_cancel,0.40762228705531156,0.3774193406653255,0.44129697258000117,0.04735183981814356,927
2025,night,invalidated,-1.0,def_refill,0.23532763532763531,0.1539021657953697,0.3332720067001003,0.13296504144160906,927
2025,night,invalidated,-1.0,att_refill,0.3791563962863252,0.24933896566528208,0.5315627823416944,0.20920964913003137,927
2025,night,invalidated,-1.0,att_eff,0.33940668662692886,0.13082808468925217,0.5907722367442934,0.34095192887697645,1011
2025,night,invalidated,-1.0,def_eff,-0.21273600313394278,-0.5177863584972184,-0.01227233544123208,0.37473241145736574,793
2025,night,invalidated,-1.0,att_large,0.0,0.0,0.2782006249752808,0.20622729798019335,927
2025,night,invalidated,-1.0,def_large,0.0,0.0,0.0,0.0,927
2025,night,invalidated,-1.0,balance,0.004414983652200693,-0.0439628504947925,0.05449411736860384,0.07298515038057549,1699
2025,night,invalidated,-1.0,volume,0.7210144927536232,0.3453998447204969,1.42578933747412,0.8008817588981639,1699
2025,night,invalidated,-0.95,delta,0.16806026325266418,-0.0008604363246945565,0.3247437004986189,0.24136703989867567,1148
2025,night,invalidated,-0.95,def_cancel,0.4910915346225473,0.45564159588258796,0.5252224979814049,0.0515796160851126,1148
2025,night,invalidated,-0.95,att_cancel,0.4132897479301871,0.3804937166904163,0.4449951483952068,0.04781425626745034,1148
2025,night,invalidated,-0.95,def_refill,0.22644251702075613,0.148797279732652,0.32785223686749587,0.13273162130084795,1148
2025,night,invalidated,-0.95,att_refill,0.37104776165554837,0.2530861550923098,0.5108346072325026,0.19106630996307844,1148
2025,night,invalidated,-0.95,att_eff,0.33989004836526027,0.12108099842149882,0.5991823629046424,0.35441168605125545,1241
2025,night,invalidated,-0.95,def_eff,-0.27078859751621187,-0.6095015676945025,-0.021051846734932957,0.43621180204564086,1031
2025,night,invalidated,-0.95,att_large,0.0,0.0,0.2366737608414069,0.17544385533091691,1148
2025,night,invalidated,-0.95,def_large,0.0,0.0,0.0,0.0,1148
2025,night,invalidated,-0.95,balance,0.006619922537726196,-0.03940739558751386,0.05918183908153443,0.07308319842034713,1699
2025,night,invalidated,-0.95,volume,0.8073122529644269,0.3955745341614907,1.612234233158146,0.9018974788707601,1699
2025,night,invalidated,-0.9,delta,0.13817558135695723,-0.02212238969894332,0.30433572904505685,0.2420000880237214,1296
2025,night,invalidated,-0.9,def_cancel,0.4868187961792162,0.4497386222477816,0.5195480679804902,0.051749033159902626,1296
2025,night,invalidated,-0.9,att_cancel,0.4157639145394405,0.3830930361832726,0.4523137413461539,0.05131260575454504,1296
2025,night,invalidated,-0.9,def_refill,0.2418627562646104,0.15662924153896,0.34436847389927205,0.1391691863308466,1296
2025,night,invalidated,-0.9,att_refill,0.3731222940148403,0.24981898610136885,0.5198207287137037,0.2001495497496922,1296
2025,night,invalidated,-0.9,att_eff,0.30141741235085356,0.0697587179794835,0.6114735545938015,0.4015677069046093,1377
2025,night,invalidated,-0.9,def_eff,-0.25316073649170423,-0.6130842728213837,0.01749770228099246,0.46744401416039744,1192
2025,night,invalidated,-0.9,att_large,0.0,0.0,0.2014886112224577,0.1493614612471888,1296
2025,night,invalidated,-0.9,def_large,0.0,0.0,0.0,0.0,1296
2025,night,invalidated,-0.9,balance,0.009411459226760593,-0.03907814303756995,0.06071089183429901,0.07397259812592213,1699
2025,night,invalidated,-0.9,volume,0.8218167701863354,0.41321331521739124,1.6838606366459627,0.9419179550990153,1699
2025,night,invalidated,-0.85,delta,0.12222699305135018,-0.043589953143728884,0.3047410986317015,0.25821427114561185,1398
2025,night,invalidated,-0.85,def_cancel,0.48007431035396336,0.44548878143865217,0.5174294815534546,0.053328910389030704,1398
2025,night,invalidated,-0.85,att_cancel,0.4229174135184925,0.3859142471928521,0.4559334888958529,0.05190455278206137,1398
2025,night,invalidated,-0.85,def_refill,0.24283733168022856,0.15458352891239183,0.35313654697790325,0.14718533585286245,1398
2025,night,invalidated,-0.85,att_refill,0.3750169422607753,0.2531511821593195,0.5136092033546962,0.19307488598619474,1398
2025,night,invalidated,-0.85,att_eff,0.2810324821009892,0.036991612545576376,0.5699390730365744,0.39506854002297853,1462
2025,night,invalidated,-0.85,def_eff,-0.2105571833434594,-0.5513427800684756,0.02701676693704182,0.4287320585659877,1287
2025,night,invalidated,-0.85,att_large,0.0,0.0,0.15348484771564622,0.11377675887001203,1398
2025,night,invalidated,-0.85,def_large,0.0,0.0,0.0,0.0,1398
2025,night,invalidated,-0.85,balance,0.010968281621591726,-0.03846739591433488,0.060662865314028605,0.07348425591427983,1699
2025,night,invalidated,-0.85,volume,0.8107416879795396,0.42106827445652173,1.6744565217391305,0.9291239787120895,1699
2025,night,invalidated,-0.8,delta,0.11533493968386802,-0.05537212750052391,0.27588621414671055,0.24555844451240508,1463
2025,night,invalidated,-0.8,def_cancel,0.477952396972942,0.4415410763740667,0.5130583045355839,0.053014994930702136,1463
2025,night,invalidated,-0.8,att_cancel,0.4256672830700721,0.38709672728345557,0.4583546647298759,0.05282278535687201,1463
2025,night,invalidated,-0.8,def_refill,0.25139051522248246,0.15522801203794032,0.36158539977183646,0.15297063582942635,1463
2025,night,invalidated,-0.8,att_refill,0.37209302325581395,0.24767932348647545,0.5206834371353715,0.20237517690800297,1463
2025,night,invalidated,-0.8,att_eff,0.2535268713329939,0.005933039411224167,0.5807195929904244,0.42608343482520405,1513
2025,night,invalidated,-0.8,def_eff,-0.19504127638852464,-0.5586429289806865,0.07548319218399271,0.47007125364320174,1363
2025,night,invalidated,-0.8,att_large,0.0,0.0,0.13741013365897797,0.1018607365893091,1463
2025,night,invalidated,-0.8,def_large,0.0,0.0,0.0,0.0,1463
2025,night,invalidated,-0.8,balance,0.011217538056908205,-0.03316558487188171,0.06165918478101406,0.07029263873454097,1699
2025,night,invalidated,-0.8,volume,0.7915019762845851,0.40729515050167225,1.6077692687747034,0.8898992722557681,1699
2025,night,invalidated,-0.75,delta,0.09153603422040409,-0.08270803250441368,0.2626597973221165,0.25601766480839894,1507
2025,night,invalidated,-0.75,def_cancel,0.4762391354186512,0.4426370320284921,0.5114966573924241,0.051044940966591575,1507
2025,night,invalidated,-0.75,att_cancel,0.43026226635276066,0.39253031668308447,0.4622786264524761,0.05170371369117244,1507
2025,night,invalidated,-0.75,def_refill,0.2553066037735849,0.16213962187424596,0.3653353430345707,0.150626924507283,1507
2025,night,invalidated,-0.75,att_refill,0.3765925452306526,0.24103198856183944,0.5192732860670611,0.20625744811358168,1507
2025,night,invalidated,-0.75,att_eff,0.22974114078536131,0.0,0.5484738477956297,0.40657809325102273,1556
2025,night,invalidated,-0.75,def_eff,-0.14827651601633227,-0.5357796537348685,0.0822460429092736,0.4581361724567399,1416
2025,night,invalidated,-0.75,att_large,0.0,0.0,0.10137152113567209,0.07514567912206975,1507
2025,night,invalidated,-0.75,def_large,0.0,0.0,0.0,0.0,1507
2025,night,invalidated,-0.75,balance,0.01325166209611831,-0.03375577177048078,0.0629917698717607,0.07171797008320346,1699
2025,night,invalidated,-0.75,volume,0.7888198757763975,0.39457703213610584,1.5492753623188404,0.8559661454282689,1699
2025,night,invalidated,-0.7,delta,0.08360007098802626,-0.08365544317217788,0.25427290378894934,0.2505028517132151,1546
2025,night,invalidated,-0.7,def_cancel,0.47468766121858713,0.4400250915291222,0.5058443093739102,0.04879111775002817,1546
2025,night,invalidated,-0.7,att_cancel,0.4327880716010102,0.39547927104579816,0.4639703670429273,0.050771753889643556,1546
2025,night,invalidated,-0.7,def_refill,0.2611702938257276,0.16521029327025874,0.3724336419740651,0.1536125639020062,1546
2025,night,invalidated,-0.7,att_refill,0.36365277147692643,0.24231012826899706,0.5090249433106576,0.19771298372250598,1546
2025,night,invalidated,-0.7,att_eff,0.20669206979825808,-0.016850705627079625,0.49103178599513153,0.37648813315212093,1576
2025,night,invalidated,-0.7,def_eff,-0.14222681505442458,-0.48856880935433117,0.10675745604749681,0.441309314604765,1465
2025,night,invalidated,-0.7,att_large,0.0,0.0,0.09276458308716373,0.0687654433559405,1546
2025,night,invalidated,-0.7,def_large,0.0,0.0,0.0,0.0,1546
2025,night,invalidated,-0.7,balance,0.01347093224832399,-0.03322692724687929,0.06454476975196748,0.07247716604807025,1699
2025,night,invalidated,-0.7,volume,0.7453416149068323,0.3791138285024155,1.534368530020704,0.8563785778489909,1699
2025,night,invalidated,-0.65,delta,0.08424954957233109,-0.09621379973747579,0.25830355899469026,0.26280011766654265,1573
2025,night,invalidated,-0.65,def_cancel,0.4705651073302032,0.43629120919144576,0.5031488121203417,0.049560862067380224,1573
2025,night,invalidated,-0.65,att_cancel,0.4362943641185691,0.401752435051606,0.46929506618642014,0.050068666519506394,1573
2025,night,invalidated,-0.65,def_refill,0.2619047619047619,0.1673935129090377,0.3885880756369724,0.1639692829710413,1573
2025,night,invalidated,-0.65,att_refill,0.3648433447453055,0.24326166587036155,0.5053119362302926,0.1942552041215204,1573
2025,night,invalidated,-0.65,att_eff,0.17152201701837738,-0.05755480548492545,0.4822801586460144,0.40017417652404735,1598
2025,night,invalidated,-0.65,def_eff,-0.10327214930673262,-0.5043515248227981,0.1296319412788278,0.46996550489371824,1497
2025,night,invalidated,-0.65,att_large,0.0,0.0,0.10387005532856655,0.0769978171449715,1573
2025,night,invalidated,-0.65,def_large,0.0,0.0,0.0,0.0,1573
2025,night,invalidated,-0.65,balance,0.01494271690702731,-0.03137702917272553,0.06583845956343841,0.07206485451161151,1699
2025,night,invalidated,-0.65,volume,0.7326086956521739,0.39492753623188404,1.517595108695652,0.8322220700250319,1699
2025,night,invalidated,-0.6,delta,0.06692980417241942,-0.10913919638209167,0.24774721198074784,0.2645562700984726,1593
2025,night,invalidated,-0.6,def_cancel,0.4694373178108994,0.43427714061603157,0.5014108273875999,0.049765520216136644,1593
2025,night,invalidated,-0.6,att_cancel,0.43978186850668033,0.40462549845172807,0.4692918306362238,0.04793649531838084,1593
2025,night,invalidated,-0.6,def_refill,0.27255753365175855,0.16945205162972685,0.40112763362705695,0.17173875611366204,1593
2025,night,invalidated,-0.6,att_refill,0.3641304347826087,0.23795243569990293,0.49972700219477884,0.19405082764631276,1593
2025,night,invalidated,-0.6,att_eff,0.15989215226447634,-0.08313240292906966,0.4594781659701021,0.4022317041506092,1621
2025,night,invalidated,-0.6,def_eff,-0.09069749361719835,-0.4585249975680555,0.14778596110898845,0.4494521561727531,1524
2025,night,invalidated,-0.6,att_large,0.0,0.0,0.062226375654131416,0.04612778032181721,1593
2025,night,invalidated,-0.6,def_large,0.0,0.0,0.0,0.0,1593
2025,night,invalidated,-0.6,balance,0.017255459128207567,-0.032011645463977625,0.06678498672316921,0.07323694009425266,1699
2025,night,invalidated,-0.6,volume,0.7215909090909091,0.3517150190557673,1.4627415458937196,0.8235926811252425,1699
2025,night,invalidated,-0.55,delta,0.05965953687619727,-0.10975575110325508,0.23246311345448642,0.25368336883450077,1605
2025,night,invalidated,-0.55,def_cancel,0.4687273567444132,0.43404418828863006,0.5013207255880977,0.04987141386172546,1605
2025,night,invalidated,-0.55,att_cancel,0.4387634107275582,0.4015951010997426,0.47096514353988067,0.05142330796155527,1605
2025,night,invalidated,-0.55,def_refill,0.275044239905205,0.180829346752261,0.404348145205858,0.1656922153103017,1605
2025,night,invalidated,-0.55,att_refill,0.35714285714285715,0.23513759752003302,0.49492878545431923,0.1925805692618875,1605
2025,night,invalidated,-0.55,att_eff,0.16027413157790815,-0.08703309475555905,0.47587736755354065,0.41727980897635264,1636
2025,night,invalidated,-0.55,def_eff,-0.07010236590323576,-0.44400036821639743,0.17300682032833622,0.4573811627462815,1548
2025,night,invalidated,-0.55,att_large,0.0,0.0,0.032532397483211926,0.024115935865983637,1605
2025,night,invalidated,-0.55,def_large,0.0,0.0,0.0,0.0,1605
2025,night,invalidated,-0.55,balance,0.01692752016478682,-0.031454254317141404,0.06541764393718773,0.07181015437681922,1699
2025,night,invalidated,-0.55,volume,0.6886956521739132,0.3476314911597909,1.454968944099379,0.8208580081094056,1699
2025,night,invalidated,-0.5,delta,0.05521620704406456,-0.10516519619898057,0.22316007249345748,0.24338418731833808,1616
2025,night,invalidated,-0.5,def_cancel,0.4686089678747401,0.4361716439976586,0.5007288124428324,0.047855573347052476,1616
2025,night,invalidated,-0.5,att_cancel,0.437927483422787,0.4018928433819641,0.469559719452695,0.050160768028710785,1616
2025,night,invalidated,-0.5,def_refill,0.2719965631980013,0.1749707312985501,0.39951899290247805,0.16645534588875313,1616
2025,night,invalidated,-0.5,att_refill,0.3627886229109055,0.2396192748521465,0.494579945799458,0.18899975607658379,1616
2025,night,invalidated,-0.5,att_eff,0.17112426635202457,-0.061630279115469956,0.46311614468600865,0.3889891948120672,1647
2025,night,invalidated,-0.5,def_eff,-0.08203490191674208,-0.4307065475885455,0.1596311637722571,0.43761135015626584,1572
2025,night,invalidated,-0.5,att_large,0.0,0.0,0.0,0.0,1616
2025,night,invalidated,-0.5,def_large,0.0,0.0,0.0,0.0,1616
2025,night,invalidated,-0.5,balance,0.017136409679911705,-0.03115640575358338,0.06713959971680004,0.0728658305933161,1699
2025,night,invalidated,-0.5,volume,0.6956521739130435,0.3382505175983437,1.4902963425381899,0.8539998702296858,1699
2025,night,invalidated,-0.45,delta,0.06320074455621996,-0.11281541363197134,0.23084940490868275,0.2547552398374011,1631
2025,night,invalidated,-0.45,def_cancel,0.4704350737197036,0.4376904137114197,0.4999565763689392,0.046157274023365086,1631
2025,night,invalidated,-0.45,att_cancel,0.4374029892857384,0.40359388354690673,0.4678252374822148,0.047614050359753926,1631
2025,night,invalidated,-0.45,def_refill,0.272405480295016,0.1821845451046256,0.3893462886964839,0.15356689665816037,1631
2025,night,invalidated,-0.45,att_refill,0.3700423362342118,0.2470930373191447,0.5055498637816773,0.1915914206542125,1631
2025,night,invalidated,-0.45,att_eff,0.17047482177829215,-0.06351440602562759,0.47323078689137293,0.3978837605018536,1656
2025,night,invalidated,-0.45,def_eff,-0.08897425746739088,-0.4308635112707089,0.15504988832526953,0.43433165277685576,1585
2025,night,invalidated,-0.45,att_large,0.0,0.0,0.0,0.0,1631
2025,night,invalidated,-0.45,def_large,0.0,0.0,0.0,0.0,1631
2025,night,invalidated,-0.45,balance,0.01857020395795832,-0.03032693658868859,0.06943067238812287,0.07394930242906705,1699
2025,night,invalidated,-0.45,volume,0.6873401534526854,0.3389386189258312,1.4070894798136646,0.7918093853875711,1699
2025,night,invalidated,-0.4,delta,0.0623345826377844,-0.10893861037867415,0.2260126420237545,0.24829596175124438,1641
2025,night,invalidated,-0.4,def_cancel,0.4685777037859018,0.4368677493660864,0.5003427223286357,0.047053352826204105,1641
2025,night,invalidated,-0.4,att_cancel,0.4382655185303532,0.40743919161249814,0.46953675320648397,0.04603229176722448,1641
2025,night,invalidated,-0.4,def_refill,0.283368445565125,0.18473953467328647,0.39851852569337465,0.15847219497412024,1641
2025,night,invalidated,-0.4,att_refill,0.37160129879564335,0.2432761034722616,0.5084486949195908,0.19656974903434335,1641
2025,night,invalidated,-0.4,att_eff,0.14718533107007467,-0.07490664421743318,0.44739846890190516,0.3871794759965444,1660
2025,night,invalidated,-0.4,def_eff,-0.0919401979131705,-0.4124166619787719,0.15642399297291149,0.42167580055721526,1597
2025,night,invalidated,-0.4,att_large,0.0,0.0,0.0,0.0,1641
2025,night,invalidated,-0.4,def_large,0.0,0.0,0.0,0.0,1641
2025,night,invalidated,-0.4,balance,0.02007614885591555,-0.02848229927506254,0.06832190287133261,0.07175997193950716,1699
2025,night,invalidated,-0.4,volume,0.6545031055900621,0.350385772515528,1.3693181818181817,0.7553242470738724,1699
2025,night,invalidated,-0.35,delta,0.07488442933085193,-0.10165912143900714,0.22331076934899996,0.24089687975389704,1648
2025,night,invalidated,-0.35,def_cancel,0.4684611935440882,0.4350656351372055,0.5008349038765663,0.04875409098544165,1648
2025,night,invalidated,-0.35,att_cancel,0.4382497290178541,0.4051390389601606,0.4699054298323226,0.0480106678073847,1648
2025,night,invalidated,-0.35,def_refill,0.28553524783269507,0.18436038698270443,0.40533515614698257,0.16380635223445378,1648
2025,night,invalidated,-0.35,att_refill,0.375,0.2445967813301981,0.5067097109113916,0.19430165276589584,1648
2025,night,invalidated,-0.35,att_eff,0.14955270067813253,-0.06840642472013118,0.45873916700292894,0.39076767362717574,1664
2025,night,invalidated,-0.35,def_eff,-0.06879030486544922,-0.4285158863637619,0.1499260351148241,0.4287931219263055,1610
2025,night,invalidated,-0.35,att_large,0.0,0.0,0.0,0.0,1648
2025,night,invalidated,-0.35,def_large,0.0,0.0,0.0,0.0,1648
2025,night,invalidated,-0.35,balance,0.02007191768705588,-0.029093073731058763,0.06761631846267649,0.07168969028445905,1699
2025,night,invalidated,-0.35,volume,0.6739130434782609,0.33800465838509314,1.3980978260869563,0.7858362992600914,1699
2025,night,invalidated,-0.3,delta,0.07098037028615427,-0.09863862649437977,0.22699631484504076,0.2413898749736253,1652
2025,night,invalidated,-0.3,def_cancel,0.46917996743555884,0.43405307249479197,0.49900522395994373,0.0481483702484446,1652
2025,night,invalidated,-0.3,att_cancel,0.4394171923103874,0.4053225687858014,0.47074801119237075,0.04849921601673042,1652
2025,night,invalidated,-0.3,def_refill,0.2882318935846084,0.1879179464507322,0.40082861023448335,0.1578285128122692,1652
2025,night,invalidated,-0.3,att_refill,0.3733639152088682,0.24716113975317358,0.5125721839136472,0.1967465116089501,1652
2025,night,invalidated,-0.3,att_eff,0.15324063814255215,-0.07186906960981031,0.46197857682284477,0.3957358387195367,1673
2025,night,invalidated,-0.3,def_eff,-0.09264581315160335,-0.4329253536408831,0.14871534699494696,0.43116434442982216,1617
2025,night,invalidated,-0.3,att_large,0.0,0.0,0.0,0.0,1652
2025,night,invalidated,-0.3,def_large,0.0,0.0,0.0,0.0,1652
2025,night,invalidated,-0.3,balance,0.020347893948700305,-0.02843693807268822,0.071288482182876,0.07392544125690453,1699
2025,night,invalidated,-0.3,volume,0.6702898550724637,0.35054347826086957,1.4277222437888195,0.7985016794128613,1699
2025,night,invalidated,-0.25,delta,0.049302672467540345,-0.10073472339743318,0.21468880353375117,0.23382025717656366,1657
2025,night,invalidated,-0.25,def_cancel,0.46969133682717495,0.4391965354091164,0.5018820151132799,0.04646810949159636,1657
2025,night,invalidated,-0.25,att_cancel,0.43937435431039257,0.40674203288577554,0.46729535979850434,0.04488756628074781,1657
2025,night,invalidated,-0.25,def_refill,0.2909536461277558,0.18964412212214188,0.40632843303366273,0.16062587910416667,1657
2025,night,invalidated,-0.25,att_refill,0.3698428103355315,0.24607687719014432,0.5065774612149638,0.1931064373794066,1657
2025,night,invalidated,-0.25,att_eff,0.1692192665003755,-0.05203433217469948,0.4619970028995057,0.3810462083574538,1679
2025,night,invalidated,-0.25,def_eff,-0.10890089595700035,-0.4575119027907598,0.1448684034506344,0.44653840344061835,1625
2025,night,invalidated,-0.25,att_large,0.0,0.0,0.0,0.0,1657
2025,night,invalidated,-0.25,def_large,0.0,0.0,0.0,0.0,1657
2025,night,invalidated,-0.25,balance,0.01982516368545815,-0.025453483204832823,0.07111247823815652,0.0715833665255666,1699
2025,night,invalidated,-0.25,volume,0.6717391304347826,0.3563031663516068,1.3627717391304348,0.7460849316373819,1699
2025,night,invalidated,-0.2,delta,0.061672992939106865,-0.08969092780868153,0.23076923076923078,0.2375538610659098,1666
2025,night,invalidated,-0.2,def_cancel,0.4718573652938454,0.43965559989494185,0.5036251172213329,0.04741995354069014,1666
2025,night,invalidated,-0.2,att_cancel,0.43465043970987866,0.40430957829874015,0.46420655633073654,0.04440102152112409,1666
2025,night,invalidated,-0.2,def_refill,0.28275833422740393,0.18156647274294332,0.40630112211886465,0.16659351325123894,1666
2025,night,invalidated,-0.2,att_refill,0.3738001397775899,0.24894965502337876,0.5115775697171047,0.19468340599979683,1666
2025,night,invalidated,-0.2,att_eff,0.20840075159595295,-0.01184505966681627,0.46819153335915853,0.3558462513165121,1683
2025,night,invalidated,-0.2,def_eff,-0.12486115859574395,-0.4565427361291716,0.105113314617816,0.41634992642474994,1632
2025,night,invalidated,-0.2,att_large,0.0,0.0,0.0,0.0,1666
2025,night,invalidated,-0.2,def_large,0.0,0.0,0.0,0.0,1666
2025,night,invalidated,-0.2,balance,0.02235789051498205,-0.0244359089524947,0.07286726343422213,0.07212985351128008,1699
2025,night,invalidated,-0.2,volume,0.6797658862876255,0.34202075098814233,1.383500557413601,0.7720384035770635,1699
2025,night,invalidated,-0.15,delta,0.07942047763846498,-0.08572756039040805,0.2390650908638299,0.24076549388750035,1670
2025,night,invalidated,-0.15,def_cancel,0.4746615264068052,0.44494890482852484,0.5054633367402681,0.04485873381152207,1670
2025,night,invalidated,-0.15,att_cancel,0.4332902051890223,0.39905908731075396,0.4614019763084858,0.04621415048015703,1670
2025,night,invalidated,-0.15,def_refill,0.2764857728376224,0.17718704194021223,0.39933404691181384,0.16467531873358163,1670
2025,night,invalidated,-0.15,att_refill,0.37470030863540454,0.2544905480936827,0.5122122633604196,0.19104649019031644,1670
2025,night,invalidated,-0.15,att_eff,0.22833828439504916,0.0,0.5081431856313898,0.37668138297360254,1688
2025,night,invalidated,-0.15,def_eff,-0.1638039841423643,-0.49143511679408547,0.078518064703069,0.42250050518691956,1641
2025,night,invalidated,-0.15,att_large,0.0,0.0,0.04088345864661654,0.03030649269578691,1670
2025,night,invalidated,-0.15,def_large,0.0,0.0,0.0,0.0,1670
2025,night,invalidated,-0.15,balance,0.023930794901179938,-0.02304873338476658,0.07364554980411608,0.0716784901326039,1699
2025,night,invalidated,-0.15,volume,0.687888198757764,0.3507807108350587,1.4254010019303245,0.7966051082989368,1699
2025,night,invalidated,-0.1,delta,0.09916408634554744,-0.05626218966740907,0.27459416186122,0.24526045331996227,1676
2025,night,invalidated,-0.1,def_cancel,0.47964907288109965,0.4513957827919859,0.5119197966293987,0.044865836795710004,1676
2025,night,invalidated,-0.1,att_cancel,0.4261849566368119,0.3933755498815634,0.4543973937470227,0.04523487313970295,1676
2025,night,invalidated,-0.1,def_refill,0.266554368387424,0.1774193548387097,0.3802527746091657,0.15035835416638696,1676
2025,night,invalidated,-0.1,att_refill,0.3859760155652266,0.27074667698919996,0.5207394894894894,0.18531713306174166,1676
2025,night,invalidated,-0.1,att_eff,0.2805852329671989,0.050040512847434326,0.5536847546412873,0.3733463615966293,1689
2025,night,invalidated,-0.1,def_eff,-0.2409253338481832,-0.5729242200387057,0.0,0.4247029058848819,1646
2025,night,invalidated,-0.1,att_large,0.0,0.0,0.06549366126830916,0.04854978596612985,1676
2025,night,invalidated,-0.1,def_large,0.0,0.0,0.0,0.0,1676
2025,night,invalidated,-0.1,balance,0.026730889746612158,-0.01952041537946848,0.07496160304686114,0.07003856073115614,1699
2025,night,invalidated,-0.1,volume,0.7059178743961353,0.32650501672240806,1.4643401983218916,0.8434656646400914,1699
2025,night,invalidated,-0.05,delta,0.15215255184199283,0.0015475678734419782,0.31114446499406423,0.2295010356713286,1683
2025,night,invalidated,-0.05,def_cancel,0.49164736492414396,0.46481480726479446,0.5211143150742508,0.041734253379878655,1683
2025,night,invalidated,-0.05,att_cancel,0.41339800353777534,0.38098452618112877,0.44007531629057095,0.04380340260151385,1683
2025,night,invalidated,-0.05,def_refill,0.2446886144026038,0.16268932933995167,0.3574315190391958,0.1443604074864671,1683
2025,night,invalidated,-0.05,att_refill,0.4016381436941104,0.28694297188454043,0.5429061777722006,0.18974292504644938,1683
2025,night,invalidated,-0.05,att_eff,0.38354134592952216,0.1729329260429095,0.6523887583242387,0.3554157392745213,1690
2025,night,invalidated,-0.05,def_eff,-0.38579969922564467,-0.7482729751552677,-0.12956070540973913,0.4586451221241872,1652
2025,night,invalidated,-0.05,att_large,0.0,0.0,0.13879227053140095,0.10288530061630909,1683
2025,night,invalidated,-0.05,def_large,0.0,0.0,0.0,0.0,1683
2025,night,invalidated,-0.05,balance,0.033021523979162255,-0.013556917359948245,0.08530772205295484,0.07328735316004675,1699
2025,night,invalidated,-0.05,volume,0.7445652173913043,0.36836503623188405,1.5809543717152408,0.8988801597356241,1699
2025,night,invalidated,0.0,delta,0.1801303726077582,0.00894434688542984,0.3558607075050479,0.25716557495894593,1692
2025,night,invalidated,0.0,def_cancel,0.48099862562763546,0.4445069815044204,0.5150796630952975,0.05231481215039073,1692
2025,night,invalidated,0.0,att_cancel,0.41754554949992484,0.38299397622951487,0.4476487923789916,0.04792795859857429,1692
2025,night,invalidated,0.0,def_refill,0.21934724003987696,0.13284481475970836,0.33114612673881366,0.14699874868725374,1692
2025,night,invalidated,0.0,att_refill,0.39824324646585635,0.27297222817931666,0.5559001670843776,0.20973160778729502,1692
2025,night,invalidated,0.0,att_eff,0.27228720702506537,0.031624872679440585,0.6149200575111827,0.4323907967618548,1695
2025,night,invalidated,0.0,def_eff,-0.3254255564449423,-0.7453456081406251,-0.016089853077719447,0.5405898851467055,1678
2025,night,invalidated,0.0,att_large,0.0,0.0,0.3462205624652068,0.2566497868533779,1692
2025,night,invalidated,0.0,def_large,0.0,0.0,0.0,0.0,1692
2025,night,invalidated,0.0,balance,0.02803062431009562,-0.018608695337065873,0.0805726882306314,0.07352215238524631,1699
2025,night,invalidated,0.0,volume,1.13768115942029,0.5788496376811595,2.210355201863354,1.2094185056947329,1699
2025,night,invalidated,0.05,delta,0.0699452387348124,-0.10556814457630558,0.2493459525787103,0.2630942158302564,1693
2025,night,invalidated,0.05,def_cancel,0.4552871194811471,0.41438323307629016,0.4925159972727966,0.057919024608233095,1693
2025,night,invalidated,0.05,att_cancel,0.444245418231053,0.4083591629644902,0.4791786689009315,0.05249778053109067,1693
2025,night,invalidated,0.05,def_refill,0.25830924335907723,0.15893742492501045,0.3922315077943267,0.17293853437310322,1693
2025,night,invalidated,0.05,att_refill,0.3529348452815683,0.23755520091567695,0.505568984206389,0.1986758956936338,1693
2025,night,invalidated,0.05,att_eff,0.040170346813779984,-0.194672354069305,0.4097734121484906,0.448069507944993,1696
2025,night,invalidated,0.05,def_eff,-0.00713919115614428,-0.44369226074982576,0.23905959660077358,0.506117018050852,1684
2025,night,invalidated,0.05,att_large,0.0,0.0,0.2133528015718205,0.15815626506435915,1693
2025,night,invalidated,0.05,def_large,0.0,0.0,0.0,0.0,1693
2025,night,invalidated,0.05,balance,0.02357243511084657,-0.022401149930156728,0.07610854728316252,0.07302423811217142,1699
2025,night,invalidated,0.05,volume,1.036231884057971,0.5112577639751553,2.0077977315689974,1.1093698796099647,1699
2025,night,invalidated,0.1,delta,0.017618088268635965,-0.1623614772316806,0.191195169237574,0.2620879514227239,1694
2025,night,invalidated,0.1,def_cancel,0.44682133723454376,0.41005433363617994,0.48296498115658537,0.054047922550337614,1694
2025,night,invalidated,0.1,att_cancel,0.45569231065606164,0.42055303997121135,0.4906591597911439,0.05196895464783731,1694
2025,night,invalidated,0.1,def_refill,0.2946313872111974,0.18032786885245902,0.41949453312639146,0.17729181932834132,1694
2025,night,invalidated,0.1,att_refill,0.33335084033613444,0.22664141414141414,0.46756073959517286,0.17859104926149647,1694
2025,night,invalidated,0.1,att_eff,0.0,-0.3095191360625064,0.3030806079622731,0.4541139688841953,1696
2025,night,invalidated,0.1,def_eff,0.059196622701247224,-0.2976867566257287,0.32868304406598475,0.4643215720472301,1686
2025,night,invalidated,0.1,att_large,0.0,0.0,0.04079254079254079,0.03023909621389236,1694
2025,night,invalidated,0.1,def_large,0.0,0.0,0.0,0.0,1694
2025,night,invalidated,0.1,balance,0.022378267736188683,-0.023817189006439924,0.070801014730329,0.0701395135187316,1699
2025,night,invalidated,0.1,volume,0.8880837359098229,0.4402562111801242,1.754787784679089,0.9744489054847774,1699
2025,night,invalidated,0.15,delta,-0.006406822197232419,-0.17539190522769876,0.16024237154723547,0.24880228078201205,1695
2025,night,invalidated,0.15,def_cancel,0.44376593743888676,0.40956572224535115,0.47742428878805354,0.05030286622883795,1695
2025,night,invalidated,0.15,att_cancel,0.45994696853081446,0.4265639425750347,0.494835898179392,0.05060930734199947,1695
2025,night,invalidated,0.15,def_refill,0.3054466230936819,0.19106443310294377,0.4397613211951447,0.18435647745900738,1695
2025,night,invalidated,0.15,att_refill,0.33138901273077526,0.22029267126467794,0.46088488215171197,0.17834856255525133,1695
2025,night,invalidated,0.15,att_eff,-0.03897846881989606,-0.3375169121699142,0.21414479916936185,0.40894122412103495,1697
2025,night,invalidated,0.15,def_eff,0.09030639721029576,-0.17575245857562305,0.3687820426875973,0.4036578956732545,1687
2025,night,invalidated,0.15,att_large,0.0,0.0,0.0,0.0,1695
2025,night,invalidated,0.15,def_large,0.0,0.0,0.0,0.0,1695
2025,night,invalidated,0.15,balance,0.022058580399474476,-0.024356553173857525,0.07079444703372902,0.0705344701316431,1699
2025,night,invalidated,0.15,volume,0.7608695652173914,0.38634910485933505,1.6340957125603863,0.9249418885849157,1699
2025,night,invalidated,0.2,delta,-0.01661302364955984,-0.17607736466432117,0.15217391304347827,0.24332933855285355,1697
2025,night,invalidated,0.2,def_cancel,0.44232427639685196,0.4097375750716979,0.47504783296432984,0.04841383090632465,1697
2025,night,invalidated,0.2,att_cancel,0.4619673997454534,0.429348697976572,0.4946244063496555,0.04838821969835693,1697
2025,night,invalidated,0.2,def_refill,0.31523565077919374,0.20512595346078724,0.45349157408094515,0.18411091224622528,1697
2025,night,invalidated,0.2,att_refill,0.325469170764531,0.22451661294629832,0.46126471742543174,0.17549896551455405,1697
2025,night,invalidated,0.2,att_eff,-0.045439653154155796,-0.35341639116212425,0.19325901584705898,0.40524492736040274,1698
2025,night,invalidated,0.2,def_eff,0.10101116970130197,-0.1437225645455128,0.3779802601167764,0.3867330056799772,1690
2025,night,invalidated,0.2,att_large,0.0,0.0,0.0,0.0,1697
2025,night,invalidated,0.2,def_large,0.0,0.0,0.0,0.0,1697
2025,night,invalidated,0.2,balance,0.020657581061069408,-0.024677255263429967,0.0700998159411124,0.07025728035918634,1699
2025,night,invalidated,0.2,volume,0.7023411371237458,0.35232702920985326,1.472455533596838,0.8303398846456521,1699
2025,night,invalidated,0.25,delta,-0.02367637659051311,-0.19401589527816737,0.1332094069784187,0.2425687933703381,1698
2025,night,invalidated,0.25,def_cancel,0.4459232758790284,0.41366276433004984,0.4751203990277238,0.045557920457875434,1698
2025,night,invalidated,0.25,att_cancel,0.4623545782199435,0.43008410810433056,0.4925713318960027,0.04632114439708833,1698
2025,night,invalidated,0.25,def_refill,0.31881171016380333,0.21333333333333335,0.46385463068520444,0.18570889351510092,1698
2025,night,invalidated,0.25,att_refill,0.323003938589686,0.22314763969471976,0.4497645211930927,0.16798879280828238,1698
2025,night,invalidated,0.25,att_eff,-0.022999942433602052,-0.3378103526096902,0.1955167988080838,0.39535000105098145,1698
2025,night,invalidated,0.25,def_eff,0.09579771513703118,-0.11304184717773967,0.37189145953316843,0.3594761354417406,1693
2025,night,invalidated,0.25,att_large,0.0,0.0,0.0,0.0,1698
2025,night,invalidated,0.25,def_large,0.0,0.0,0.0,0.0,1698
2025,night,invalidated,0.25,balance,0.01909222150084854,-0.024958398190964546,0.06935117827487365,0.06991073125710763,1699
2025,night,invalidated,0.25,volume,0.6336956521739131,0.33695652173913043,1.3290871783496006,0.7354563799929357,1699
2025,night,invalidated,0.3,delta,-0.0324397254023614,-0.1837130989467438,0.1307204180664427,0.23308637287856673,1698
2025,night,invalidated,0.3,def_cancel,0.4473995506090313,0.41475993896699037,0.47464535700132515,0.044392452212257065,1698
2025,night,invalidated,0.3,att_cancel,0.46366049065789927,0.43274544418945715,0.49269125720258633,0.04443722239668583,1698
2025,night,invalidated,0.3,def_refill,0.3239762618903722,0.21428571428571427,0.45308441558441553,0.17701905211171332,1698
2025,night,invalidated,0.3,att_refill,0.3197541719012822,0.2173257142187627,0.4492753623188406,0.17194191853230384,1698
2025,night,invalidated,0.3,att_eff,-0.0320492304994428,-0.3540370304150476,0.1928918638537634,0.40543283489163157,1698
2025,night,invalidated,0.3,def_eff,0.1105234549924096,-0.10213924657304095,0.39902121593323325,0.37150516123519217,1693
2025,night,invalidated,0.3,att_large,0.0,0.0,0.0,0.0,1698
2025,night,invalidated,0.3,def_large,0.0,0.0,0.0,0.0,1698
2025,night,invalidated,0.3,balance,0.019365070725954423,-0.025236945863038165,0.06953798586486447,0.07025569438688112,1699
2025,night,invalidated,0.3,volume,0.607487922705314,0.3070652173913044,1.225752508361204,0.6810135589102295,1699
2025,night,invalidated,0.35,delta,-0.03837491962738225,-0.1938847117794486,0.12495728641868868,0.2363543352098868,1698
2025,night,invalidated,0.35,def_cancel,0.4483395908037565,0.4147236130997352,0.4761777414097069,0.04555532120828148,1698
2025,night,invalidated,0.35,att_cancel,0.4637712285837931,0.4330978662829254,0.49340548310087823,0.04470542388284123,1698
2025,night,invalidated,0.35,def_refill,0.3308866556674204,0.2190129095575425,0.4548611111111111,0.17483187661495078,1698
2025,night,invalidated,0.35,att_refill,0.31737871350369784,0.20893663078220517,0.44694834892138974,0.17643566948790554,1698
2025,night,invalidated,0.35,att_eff,-0.032866592154745744,-0.3333428147205151,0.20445508201515944,0.3986641191517231,1698
2025,night,invalidated,0.35,def_eff,0.11209635408536428,-0.11036069875206406,0.39815889158878454,0.37696040796208197,1694
2025,night,invalidated,0.35,att_large,0.0,0.0,0.0,0.0,1698
2025,night,invalidated,0.35,def_large,0.0,0.0,0.0,0.0,1698
2025,night,invalidated,0.35,balance,0.01819473536327894,-0.02502606669383119,0.06983088547196024,0.07031649530451552,1699
2025,night,invalidated,0.35,volume,0.5803402646502835,0.29578373991737167,1.209097967250141,0.6770305614030906,1699
2025,night,invalidated,0.4,delta,-0.026942537300873745,-0.18269180821775494,0.12697029702970297,0.22954937379351958,1698
2025,night,invalidated,0.4,def_cancel,0.450304186233929,0.4143799351773795,0.47684328001750526,0.04630344317281377,1698
2025,night,invalidated,0.4,att_cancel,0.4636940701235054,0.43406191218253726,0.49358710098793773,0.04412541794321755,1698
2025,night,invalidated,0.4,def_refill,0.3336439626639537,0.22222222222222224,0.4670257846728435,0.18147039470023815,1698
2025,night,invalidated,0.4,att_refill,0.32,0.21341244961934616,0.442190086388014,0.16959053874623264,1698
2025,night,invalidated,0.4,att_eff,-0.029674930954115983,-0.34419042868597394,0.22500334357212942,0.4219375628303212,1698
2025,night,invalidated,0.4,def_eff,0.10607296414866424,-0.14777425248924816,0.39991617080930864,0.40599734862754394,1694
2025,night,invalidated,0.4,att_large,0.0,0.0,0.0,0.0,1698
2025,night,invalidated,0.4,def_large,0.0,0.0,0.0,0.0,1698
2025,night,invalidated,0.4,balance,0.01765312793333081,-0.025448412325218026,0.0697184787654686,0.07054624988190261,1699
2025,night,invalidated,0.4,volume,0.5688405797101449,0.2870244565217392,1.1626552795031055,0.6490962364576474,1699
2025,night,invalidated,0.45,delta,-0.025456074748373254,-0.18005716590227366,0.12766775018973434,0.22811335514604006,1698
2025,night,invalidated,0.45,def_cancel,0.4498701085101915,0.4167310026960271,0.4782445395027182,0.04559936012356645,1698
2025,night,invalidated,0.45,att_cancel,0.46185578037194863,0.43319492215641126,0.4907590185712996,0.04267168007033977,1698
2025,night,invalidated,0.45,def_refill,0.3400928381962865,0.23128736343022058,0.4644361211966368,0.17283080635019735,1698
2025,night,invalidated,0.45,att_refill,0.31660570799005444,0.21622837412311097,0.4481481481481482,0.17191977318386747,1698
2025,night,invalidated,0.45,att_eff,0.0,-0.32735115607012255,0.2376765875347319,0.41884932809848363,1698
2025,night,invalidated,0.45,def_eff,0.07407201945582848,-0.15416591422021717,0.38242712914021015,0.39777097358074676,1694
2025,night,invalidated,0.45,att_large,0.0,0.0,0.0,0.0,1698
2025,night,invalidated,0.45,def_large,0.0,0.0,0.0,0.0,1698
2025,night,invalidated,0.45,balance,0.018348729670974655,-0.024757734647632357,0.06957458491053649,0.06992759048048099,1699
2025,night,invalidated,0.45,volume,0.5695652173913044,0.2934782608695652,1.1289855072463768,0.619353036602529,1699
2025,night,invalidated,0.5,delta,-0.01110542650782963,-0.16231925955642237,0.13623102408149138,0.2213122932823675,1698
2025,night,invalidated,0.5,def_cancel,0.4548016005836285,0.4212738667792567,0.4797559565701845,0.043352179237159214,1698
2025,night,invalidated,0.5,att_cancel,0.46275580223691337,0.4307235613566824,0.4903846628877972,0.04422616866650468,1698
2025,night,invalidated,0.5,def_refill,0.3357406930877316,0.21920594837261503,0.46405549038312793,0.18150447888103255,1698
2025,night,invalidated,0.5,att_refill,0.32208165194417826,0.21713818444416125,0.44730462169486557,0.17062004243936568,1698
2025,night,invalidated,0.5,att_eff,0.0,-0.2934471963613627,0.2640026205441018,0.41323188799515526,1698
2025,night,invalidated,0.5,def_eff,0.07397617423432355,-0.1799049831742951,0.3654987190576323,0.40430222552403805,1695
2025,night,invalidated,0.5,att_large,0.0,0.0,0.0,0.0,1698
2025,night,invalidated,0.5,def_large,0.0,0.0,0.0,0.0,1698
2025,night,invalidated,0.5,balance,0.02062306660633556,-0.022895471178194786,0.06870207067360345,0.06790032754025074,1699
2025,night,invalidated,0.5,volume,0.552536231884058,0.28804347826086957,1.1205949656750571,0.6171619625012509,1699
2025,night,invalidated,0.55,delta,-0.013042011521566388,-0.16591979702673043,0.1435117816631675,0.22937848679755218,1698
2025,night,invalidated,0.55,def_cancel,0.4546987627527753,0.42231443289370213,0.48125537080543745,0.043692318689203355,1698
2025,night,invalidated,0.55,att_cancel,0.45947064819676553,0.42820839116269266,0.4887691612607025,0.04489308383840613,1698
2025,night,invalidated,0.55,def_refill,0.33242125963194935,0.21803030303030302,0.4601163447314789,0.17945592416692058,1698
2025,night,invalidated,0.55,att_refill,0.32533060137379066,0.21658957089962652,0.4588461538461538,0.17958234466013884,1698
2025,night,invalidated,0.55,att_eff,0.0,-0.2633097181565511,0.2721593905399693,0.39693781222870306,1698
2025,night,invalidated,0.55,def_eff,0.0542313383817356,-0.19830312486634286,0.3343694321931284,0.3948647569010165,1696
2025,night,invalidated,0.55,att_large,0.0,0.0,0.0,0.0,1698
2025,night,invalidated,0.55,def_large,0.0,0.0,0.0,0.0,1698
2025,night,invalidated,0.55,balance,0.020168396621163025,-0.023213079070410772,0.06926794561509152,0.06855524439251467,1699
2025,night,invalidated,0.55,volume,0.5423913043478261,0.2702569169960474,1.080180688876341,0.6003882667756069,1699
2025,night,invalidated,0.6,delta,-0.00968193774268602,-0.15465580735382167,0.14389033722983768,0.22130922504348358,1698
2025,night,invalidated,0.6,def_cancel,0.4561667859772437,0.4262674015789175,0.4837270403319472,0.04259424666644157,1698
2025,night,invalidated,0.6,att_cancel,0.45842417499412463,0.4295383645224558,0.484277328409291,0.04057743801841007,1698
2025,night,invalidated,0.6,def_refill,0.3333333333333333,0.22434389140271493,0.46407724380074605,0.17771189947963761,1698
2025,night,invalidated,0.6,att_refill,0.3276809782312675,0.2189771375710321,0.45927700348432055,0.17813185019517305,1698
2025,night,invalidated,0.6,att_eff,0.011945365306248111,-0.21426573076802397,0.2996506581759558,0.38096099995847277,1698
2025,night,invalidated,0.6,def_eff,0.03527960833968962,-0.18549196905418108,0.31358417297374797,0.3699600756322676,1696
2025,night,invalidated,0.6,att_large,0.0,0.0,0.0,0.0,1698
2025,night,invalidated,0.6,def_large,0.0,0.0,0.0,0.0,1698
2025,night,invalidated,0.6,balance,0.02070072503125414,-0.022534976659392705,0.07132643259000007,0.06957850945099539,1699
2025,night,invalidated,0.6,volume,0.5447324414715718,0.26515916149068325,1.0576018450858602,0.5874297135620289,1699
2025,night,invalidated,0.65,delta,-0.007586964067764719,-0.15018800575302327,0.14215832000561618,0.21671336231181576,1698
2025,night,invalidated,0.65,def_cancel,0.4568965072333285,0.4279897467176715,0.48445142891946613,0.04185447160992932,1698
2025,night,invalidated,0.65,att_cancel,0.45694887771982573,0.42642344613501876,0.48438881372803755,0.04296913831950985,1698
2025,night,invalidated,0.65,def_refill,0.3333333333333333,0.2264284377690167,0.45010458992012287,0.1658088600082329,1698
2025,night,invalidated,0.65,att_refill,0.3291804222437103,0.22492780142064936,0.4558696557029447,0.17119485121000394,1698
2025,night,invalidated,0.65,att_eff,0.02355216954692499,-0.2069828935218059,0.30606304799819917,0.38031574612305785,1698
2025,night,invalidated,0.65,def_eff,0.032396264846542025,-0.20225572852381968,0.29752492712094997,0.37048232442162315,1697
2025,night,invalidated,0.65,att_large,0.0,0.0,0.0,0.0,1698
2025,night,invalidated,0.65,def_large,0.0,0.0,0.0,0.0,1698
2025,night,invalidated,0.65,balance,0.02266461992137277,-0.02309399272772442,0.07130241833448217,0.06997510086153194,1699
2025,night,invalidated,0.65,volume,0.5397727272727273,0.2701205411445221,1.055600649350649,0.58226842713575,1699
2025,night,invalidated,0.7,delta,0.002917056256817826,-0.14546828832543118,0.16075669446286653,0.22700146982082853,1698
2025,night,invalidated,0.7,def_cancel,0.45852997699949716,0.4286272379229626,0.4864090332871932,0.04283305809060831,1698
2025,night,invalidated,0.7,att_cancel,0.4537050454758653,0.4246683041729415,0.4812502001617492,0.041943584869390434,1698
2025,night,invalidated,0.7,def_refill,0.3263310422650095,0.21971989908983527,0.4496031746031746,0.17041013751915443,1698
2025,night,invalidated,0.7,att_refill,0.3384627572794398,0.22527472527472528,0.46121109746109745,0.17489723660961615,1698
2025,night,invalidated,0.7,att_eff,0.03474454325574094,-0.19291206345840578,0.3089157377702677,0.37199985265283425,1698
2025,night,invalidated,0.7,def_eff,0.005977162348258264,-0.22343703661784758,0.26712790649553014,0.3636508103138456,1697
2025,night,invalidated,0.7,att_large,0.0,0.0,0.0,0.0,1698
2025,night,invalidated,0.7,def_large,0.0,0.0,0.0,0.0,1698
2025,night,invalidated,0.7,balance,0.021301851938053694,-0.022842552647230348,0.07076813984221159,0.06939265566304072,1699
2025,night,invalidated,0.7,volume,0.5619565217391305,0.2717391304347826,1.0963482074752098,0.6112743343516881,1699
2025,night,invalidated,0.75,delta,0.005879645432763998,-0.14814814814814814,0.16362614987581148,0.23111512084800565,1698
2025,night,invalidated,0.75,def_cancel,0.4604996029579147,0.431539479822509,0.4887101582356028,0.04238004330103322,1698
2025,night,invalidated,0.75,att_cancel,0.45245735946561727,0.42160231926419883,0.48064291163016665,0.04376619152406806,1698
2025,night,invalidated,0.75,def_refill,0.3269865108540135,0.2168694198882878,0.44055451127819545,0.16581548657517245,1698
2025,night,invalidated,0.75,att_refill,0.3382708006672165,0.226217993513591,0.47234126984126984,0.18244868519472116,1698
2025,night,invalidated,0.75,att_eff,0.061909918375942286,-0.16291699167169818,0.33747397955731223,0.3709347451660567,1698
2025,night,invalidated,0.75,def_eff,0.0,-0.2691222351611016,0.2365016524663531,0.37481385294844677,1697
2025,night,invalidated,0.75,att_large,0.0,0.0,0.0,0.0,1698
2025,night,invalidated,0.75,def_large,0.0,0.0,0.0,0.0,1698
2025,night,invalidated,0.75,balance,0.023951509573470166,-0.021508335795832487,0.07320647670421346,0.07021112861382205,1699
2025,night,invalidated,0.75,volume,0.5603733459357279,0.2844614624505929,1.0836050724637682,0.5923970422632879,1699
2025,night,invalidated,0.8,delta,0.009281192127137258,-0.14237866077809977,0.16302802964524432,0.2263948780009964,1698
2025,night,invalidated,0.8,def_cancel,0.4629216319726466,0.4336437720525128,0.490187223866398,0.04191508659294678,1698
2025,night,invalidated,0.8,att_cancel,0.4505818469001948,0.4215056288013586,0.47622596634575703,0.0405636304999247,1698
2025,night,invalidated,0.8,def_refill,0.31640834181018856,0.21405280878965086,0.44490447894703217,0.17112799863408548,1698
2025,night,invalidated,0.8,att_refill,0.34782608695652173,0.23328174035857047,0.4764002732240437,0.1802212993813738,1698
2025,night,invalidated,0.8,att_eff,0.08020655200243439,-0.12738942026645753,0.3489351567843637,0.35309457157214325,1698
2025,night,invalidated,0.8,def_eff,0.0,-0.27917451599429954,0.20896895357651818,0.3618557965684342,1697
2025,night,invalidated,0.8,att_large,0.0,0.0,0.0,0.0,1698
2025,night,invalidated,0.8,def_large,0.0,0.0,0.0,0.0,1698
2025,night,invalidated,0.8,balance,0.0252221258654083,-0.019617177820546058,0.07213230168661795,0.06801295738114456,1699
2025,night,invalidated,0.8,volume,0.532608695652174,0.2785259623856835,1.0674039561696886,0.5847872452068237,1699
2025,night,invalidated,0.85,delta,0.019321091988640335,-0.12852552275372262,0.1780370778290436,0.22725174246313284,1698
2025,night,invalidated,0.85,def_cancel,0.4655992392586269,0.4366774535513459,0.49309054144362463,0.041818449141792974,1698
2025,night,invalidated,0.85,att_cancel,0.4459229650199086,0.4182134660313087,0.47257928819192374,0.04030083184626763,1698
2025,night,invalidated,0.85,def_refill,0.31816729672403943,0.21545291121541998,0.4342236467236467,0.16217252446866326,1698
2025,night,invalidated,0.85,att_refill,0.3485302420201665,0.24300138206388208,0.48148148148148145,0.17678287577286833,1698
2025,night,invalidated,0.85,att_eff,0.11095951957182187,-0.09015493359248906,0.385991746644972,0.3529626984710608,1698
2025,night,invalidated,0.85,def_eff,-0.038975724073667874,-0.32740182277132973,0.17903748179895032,0.37541831324705716,1697
2025,night,invalidated,0.85,att_large,0.0,0.0,0.0,0.0,1698
2025,night,invalidated,0.85,def_large,0.0,0.0,0.0,0.0,1698
2025,night,invalidated,0.85,balance,0.026067661205828246,-0.01831571799164834,0.07405151177426261,0.06847088937428536,1699
2025,night,invalidated,0.85,volume,0.524796195652174,0.26323110766045554,1.0563937873720481,0.5879634393710842,1699
2025,night,invalidated,0.9,delta,0.035068030871410125,-0.10869565217391304,0.18413265058070252,0.2170706469641331,1698
2025,night,invalidated,0.9,def_cancel,0.46993225253134524,0.43889599332954454,0.49771531056047824,0.043602162513664715,1698
2025,night,invalidated,0.9,att_cancel,0.4425246430339165,0.4140438721078022,0.4691991882642559,0.04088607572754165,1698
2025,night,invalidated,0.9,def_refill,0.3098732906817274,0.20740650131167374,0.42996912996912995,0.16498341635096828,1698
2025,night,invalidated,0.9,att_refill,0.36,0.24057539682539683,0.488428574531059,0.18373104351791117,1698
2025,night,invalidated,0.9,att_eff,0.15668853248317094,-0.03703809052450168,0.42422121041237953,0.34192683538686525,1698
2025,night,invalidated,0.9,def_eff,-0.08817018413960047,-0.390763578648462,0.13749581195004879,0.39159332142217257,1697
2025,night,invalidated,0.9,att_large,0.0,0.0,0.0,0.0,1698
2025,night,invalidated,0.9,def_large,0.0,0.0,0.0,0.0,1698
2025,night,invalidated,0.9,balance,0.02675603167480907,-0.01682797688638471,0.07795337666847434,0.07026045482198595,1699
2025,night,invalidated,0.9,volume,0.5108695652173914,0.26769234149771476,1.0337732919254656,0.5678880284861014,1699
2025,night,invalidated,0.95,delta,0.05330533259307386,-0.09574468085106383,0.20452194315576172,0.22258459896725397,1698
2025,night,invalidated,0.95,def_cancel,0.47490090065979607,0.4450621121296719,0.5023428122095664,0.04246160124528877,1698
2025,night,invalidated,0.95,att_cancel,0.43790334452901786,0.40996505049782556,0.4642913033144475,0.040271499493418794,1698
2025,night,invalidated,0.95,def_refill,0.30606547830050135,0.20511890674504712,0.41697948539600865,0.15705009536765124,1698
2025,night,invalidated,0.95,att_refill,0.3672536087605774,0.25,0.5053763440860215,0.1893078903528699,1698
2025,night,invalidated,0.95,att_eff,0.22009383326604687,0.0,0.4893360727263384,0.36273986117593654,1698
2025,night,invalidated,0.95,def_eff,-0.14330886909068805,-0.4362973596757012,0.05353793123764773,0.36310992654807184,1697
2025,night,invalidated,0.95,att_large,0.0,0.0,0.0,0.0,1698
2025,night,invalidated,0.95,def_large,0.0,0.0,0.0,0.0,1698
2025,night,invalidated,0.95,balance,0.030317898207938444,-0.017107252255452603,0.0819660292609676,0.07344201743248348,1699
2025,night,invalidated,0.95,volume,0.5240182328190743,0.2644927536231884,1.0058876811594202,0.5495885304197419,1699
2025,rth,invalidated,-1.0,delta,0.09214959173814637,0.02460592212384969,0.1530900776724323,0.09524399966536888,590
2025,rth,invalidated,-1.0,def_cancel,0.46454004841597135,0.450362595881394,0.4768285273174895,0.019618926194288726,590
2025,rth,invalidated,-1.0,att_cancel,0.43634462060127144,0.4180605990367088,0.4518160858271802,0.025022599548162647,590
2025,rth,invalidated,-1.0,def_refill,0.3596482190428478,0.29471287915999955,0.4224421374953119,0.09468440202765926,590
2025,rth,invalidated,-1.0,att_refill,0.46052057351436626,0.386075087766992,0.5407678807758988,0.11467219644841124,590
2025,rth,invalidated,-1.0,att_eff,0.3120786825573311,0.13822736739017416,0.522366760073424,0.28475863060285383,615
2025,rth,invalidated,-1.0,def_eff,-0.3033164596854253,-0.5631529653408177,-0.10031121481038084,0.34309988919973083,542
2025,rth,invalidated,-1.0,att_large,0.04161582495571242,0.0,0.13805811291923503,0.10234107703427356,590
2025,rth,invalidated,-1.0,def_large,0.0,0.0,0.045930929627983896,0.03404813167382053,590
2025,rth,invalidated,-1.0,balance,-0.002510947189673564,-0.04495462915886226,0.042487115303209644,0.06481967714015707,847
2025,rth,invalidated,-1.0,volume,0.8704389450867052,0.5352913684741719,1.362747553205465,0.6133848663686383,847
2025,rth,invalidated,-0.95,delta,0.0888086642599278,0.014893153014967282,0.15683412110610068,0.10521939814020267,703
2025,rth,invalidated,-0.95,def_cancel,0.46313141850121897,0.4476413858472827,0.4781448252747021,0.022611889864654854,703
2025,rth,invalidated,-0.95,att_cancel,0.4372365506207861,0.41890334478282837,0.452363906207143,0.024803974369395583,703
2025,rth,invalidated,-0.95,def_refill,0.3685549362168978,0.3029307974888728,0.43335801658948103,0.09668437294337155,703
2025,rth,invalidated,-0.95,att_refill,0.47581392364961395,0.3939501850383528,0.5480803669105551,0.11425513852646575,703
2025,rth,invalidated,-0.95,att_eff,0.3088560319726015,0.0945725736501173,0.555886990333294,0.3419676921298567,722
2025,rth,invalidated,-0.95,def_eff,-0.3368111496826784,-0.6013169621493366,-0.08023829510721794,0.38627032397488414,664
2025,rth,invalidated,-0.95,att_large,0.03565428344580372,0.0,0.13054843270968608,0.09677422736077546,703
2025,rth,invalidated,-0.95,def_large,0.0,0.0,0.05356104957255978,0.0397042620997478,703
2025,rth,invalidated,-0.95,balance,-0.0016905783469923442,-0.04866045982743584,0.04241660744768815,0.06751450502233061,847
2025,rth,invalidated,-0.95,volume,0.9570488118175979,0.6159130138086063,1.5529865125240847,0.6946430679877528,847
2025,rth,invalidated,-0.9,delta,0.06998715575144712,0.01009077516231512,0.14177437214109118,0.09761571310509715,760
2025,rth,invalidated,-0.9,def_cancel,0.4615109870526405,0.44620414252796936,0.47664394116863684,0.022564713595750543,760
2025,rth,invalidated,-0.9,att_cancel,0.44025052486170413,0.42284064754743866,0.4545782400529368,0.023526755007782153,760
2025,rth,invalidated,-0.9,def_refill,0.3838936396371586,0.31414977502315033,0.4534153257784518,0.10323613843980833,760
2025,rth,invalidated,-0.9,att_refill,0.47550991322611985,0.39465872289490245,0.5459806729748737,0.1121734248183627,760
2025,rth,invalidated,-0.9,att_eff,0.2556776556851366,0.05790949502633509,0.49845602385846965,0.3265726677777128,780
2025,rth,invalidated,-0.9,def_eff,-0.25899323855622836,-0.5403791688689826,-0.047098321669618456,0.3656640824309593,737
2025,rth,invalidated,-0.9,att_large,0.02782680887471924,0.0,0.11595825700436949,0.08595867828344662,760
2025,rth,invalidated,-0.9,def_large,0.0,0.0,0.048464368332686525,0.035926144056846944,760
2025,rth,invalidated,-0.9,balance,-0.0007487920192980877,-0.048711875220133226,0.04360791900853515,0.06843572589226714,847
2025,rth,invalidated,-0.9,volume,0.9811106523534269,0.6190791586384071,1.5169214991609175,0.6655614088380358,847
2025,rth,invalidated,-0.85,delta,0.06324342899179657,-0.012229486711248492,0.14415386236767466,0.11592538849438336,801
2025,rth,invalidated,-0.85,def_cancel,0.4593272189174644,0.4441046862397947,0.4729826101998311,0.021406911756883924,801
2025,rth,invalidated,-0.85,att_cancel,0.4412793137388424,0.421698492245326,0.4562201731515554,0.025590571464958762,801
2025,rth,invalidated,-0.85,def_refill,0.38738077987478214,0.32293967262742107,0.4610599500402704,0.1023871589420677,801
2025,rth,invalidated,-0.85,att_refill,0.46836494887725977,0.39339099022942814,0.5523457249847054,0.11783153058211802,801
2025,rth,invalidated,-0.85,att_eff,0.20511049656809002,-0.0005432969031112125,0.4781357709862521,0.3548399317193205,807
2025,rth,invalidated,-0.85,def_eff,-0.2246173336764388,-0.5410740387400845,0.01844057663374327,0.4147625021303394,775
2025,rth,invalidated,-0.85,att_large,0.0290734887567609,0.0,0.12128979893929868,0.08991089617442452,801
2025,rth,invalidated,-0.85,def_large,0.0,0.0,0.04408905523002141,0.0326827688880811,801
2025,rth,invalidated,-0.85,balance,0.00227848676769635,-0.04418201348346362,0.046931424870920786,0.06754146653401365,847
2025,rth,invalidated,-0.85,volume,0.9872006606110653,0.6241336852660139,1.5066706234516927,0.6542156695223712,847
2025,rth,invalidated,-0.8,delta,0.050719302754748764,-0.02295785955044545,0.12732127324191625,0.11140039495356688,817
2025,rth,invalidated,-0.8,def_cancel,0.4583280531391786,0.441704706310199,0.4709235318917568,0.021659618666833066,817
2025,rth,invalidated,-0.8,att_cancel,0.4436678821916017,0.4247117939708727,0.4583208472281243,0.024914049857117534,817
2025,rth,invalidated,-0.8,def_refill,0.3951227196376939,0.3232133842170821,0.46627759283873316,0.10605204493821425,817
2025,rth,invalidated,-0.8,att_refill,0.46647045964393263,0.3907786441560864,0.5497210359219281,0.11782238084940085,817
2025,rth,invalidated,-0.8,att_eff,0.17762621495876313,-0.0739031046441269,0.41882329885410835,0.36525307894606024,823
2025,rth,invalidated,-0.8,def_eff,-0.16569649843812362,-0.46076092112460115,0.09582104769902641,0.41258856102566904,800
2025,rth,invalidated,-0.8,att_large,0.01546124281516498,0.0,0.12500359378175285,0.0926638945750577,817
2025,rth,invalidated,-0.8,def_large,0.0,0.0,0.05622741175732151,0.04168080930861491,817
2025,rth,invalidated,-0.8,balance,0.003125549797606175,-0.041338991937629334,0.047535219073089316,0.06588155004501013,847
2025,rth,invalidated,-0.8,volume,0.9462427745664741,0.6386934108903677,1.4684506606110652,0.6150906224764252,847
2025,rth,invalidated,-0.75,delta,0.0407884008249921,-0.032602936356647565,0.11721945631597792,0.11106181814130874,831
2025,rth,invalidated,-0.75,def_cancel,0.45757570456393,0.4413629297701974,0.4711986851292159,0.022116942445528913,831
2025,rth,invalidated,-0.75,att_cancel,0.4449579607781309,0.42676497907314154,0.4602147759992333,0.024795994756183683,831
2025,rth,invalidated,-0.75,def_refill,0.40054898639991104,0.3292925553181996,0.4730292362458027,0.10655054182920909,831
2025,rth,invalidated,-0.75,att_refill,0.46667693688864503,0.38163549687473475,0.5424168194783787,0.11918556160388731,831
2025,rth,invalidated,-0.75,att_eff,0.1516104581056549,-0.09568195218775348,0.381035381835424,0.3533857183270404,829
2025,rth,invalidated,-0.75,def_eff,-0.1573579520137645,-0.43412031474648827,0.09571965696275553,0.3927649901476974,821
2025,rth,invalidated,-0.75,att_large,0.015357382024399036,0.0,0.11741498884881087,0.08703853880564186,831
2025,rth,invalidated,-0.75,def_large,0.0,0.0,0.05136169784445623,0.03807390499959691,831
2025,rth,invalidated,-0.75,balance,0.0015232595849000755,-0.041171228313923336,0.05218925781700078,0.0692071802304849,847
2025,rth,invalidated,-0.75,volume,0.926932803468208,0.6206195809248555,1.484448896479243,0.6403478988542533,847
2025,rth,invalidated,-0.7,delta,0.03586559465515225,-0.03530812552345838,0.11453970479637876,0.11108067481085036,834
2025,rth,invalidated,-0.7,def_cancel,0.457371478626839,0.4416841645825514,0.4705862744652757,0.02142484053574818,834
2025,rth,invalidated,-0.7,att_cancel,0.4456237134015182,0.42676670202457206,0.4615245349992467,0.025765628595014575,834
2025,rth,invalidated,-0.7,def_refill,0.4070460798931518,0.3314023174626611,0.47721111228902713,0.10808657881865534,834
2025,rth,invalidated,-0.7,att_refill,0.460382169961725,0.3790700527759578,0.538553676469007,0.11822359058046641,834
2025,rth,invalidated,-0.7,att_eff,0.12815132184349667,-0.10367159456208924,0.3588672474204083,0.3428753461693829,835
2025,rth,invalidated,-0.7,def_eff,-0.1280916251822687,-0.40046498187579166,0.10781666151485478,0.376784020304408,829
2025,rth,invalidated,-0.7,att_large,0.005528548401737153,0.0,0.11773334306091478,0.08727453154997389,834
2025,rth,invalidated,-0.7,def_large,0.0,0.0,0.04562356266954508,0.033820283669047504,834
2025,rth,invalidated,-0.7,balance,0.004451893721238573,-0.03844369965908345,0.051171293695076454,0.06643068447306145,847
2025,rth,invalidated,-0.7,volume,0.9269653179190752,0.60895214792433,1.4341763005780346,0.6117302836573052,847
2025,rth,invalidated,-0.65,delta,0.03730640297323784,-0.038737345950636645,0.11575204796691883,0.11452141876764677,836
2025,rth,invalidated,-0.65,def_cancel,0.45703524967282017,0.4414209285977189,0.46956770026099953,0.02086491598464093,836
2025,rth,invalidated,-0.65,att_cancel,0.4471321811869443,0.42790923046045204,0.4614603377207282,0.024871095078040147,836
2025,rth,invalidated,-0.65,def_refill,0.40215548292427417,0.3339583480814652,0.4811441923372573,0.10910737157582812,836
2025,rth,invalidated,-0.65,att_refill,0.4581909330083924,0.3784961961294168,0.541514625024938,0.12084390577874066,836
2025,rth,invalidated,-0.65,att_eff,0.13191441642286597,-0.10423977970830653,0.3566537319368661,0.34165567949975734,837
2025,rth,invalidated,-0.65,def_eff,-0.13411481551064355,-0.41682567968639767,0.11062425302861924,0.39099327851372645,833
2025,rth,invalidated,-0.65,att_large,0.0,0.0,0.11806881078309345,0.08752321036552517,836
2025,rth,invalidated,-0.65,def_large,0.0,0.0,0.05719605701831473,0.04239885620334673,836
2025,rth,invalidated,-0.65,balance,0.005866106260352666,-0.04028636846762329,0.05012778900525426,0.06702309671821909,847
2025,rth,invalidated,-0.65,volume,0.9165342003853565,0.586257781236105,1.4166076353470098,0.6155299140925907,847
2025,rth,invalidated,-0.6,delta,0.03036379478007994,-0.04382372976751809,0.10644404804582973,0.11139197762294131,839
2025,rth,invalidated,-0.6,def_cancel,0.456510924462362,0.43820205739089985,0.46990380483031563,0.02350018342432601,839
2025,rth,invalidated,-0.6,att_cancel,0.4475698056272833,0.42690952596290765,0.462053492077898,0.02605186517048949,839
2025,rth,invalidated,-0.6,def_refill,0.4082843176317244,0.3348618300014232,0.47959302872387854,0.10728776777053768,839
2025,rth,invalidated,-0.6,att_refill,0.4531126907552261,0.3697411614406881,0.5391858682086151,0.1256076403023922,839
2025,rth,invalidated,-0.6,att_eff,0.13856165950179794,-0.12135665116196338,0.33915601943058127,0.34137336589514056,840
2025,rth,invalidated,-0.6,def_eff,-0.14513528024717573,-0.40329918008082194,0.13581952237604086,0.3996432190191718,837
2025,rth,invalidated,-0.6,att_large,0.0,0.0,0.10931661987767867,0.0810353001317114,839
2025,rth,invalidated,-0.6,def_large,0.0,0.0,0.0727608397409017,0.05393687156478999,839
2025,rth,invalidated,-0.6,balance,0.008218851655709623,-0.038324829211874495,0.051924785176867064,0.06690112260099448,847
2025,rth,invalidated,-0.6,volume,0.9014056752496059,0.5659871649304452,1.4558399136388658,0.6596388055659159,847
2025,rth,invalidated,-0.55,delta,0.028544822152066857,-0.04503747850794177,0.10362177935073447,0.1101995981161425,840
2025,rth,invalidated,-0.55,def_cancel,0.45651918553051696,0.43952849501445634,0.46963519123049813,0.0223177881512541,840
2025,rth,invalidated,-0.55,att_cancel,0.44757900235951825,0.42923618581670864,0.46290002199346725,0.024954659878990815,840
2025,rth,invalidated,-0.55,def_refill,0.4116000524415807,0.33655541001566863,0.48274489549074595,0.10836878093037607,840
2025,rth,invalidated,-0.55,att_refill,0.45291868988184486,0.37226377956972123,0.5449652462671364,0.12802184336353978,840
2025,rth,invalidated,-0.55,att_eff,0.11172069393905487,-0.10643266338910043,0.329602486974089,0.32322842873475865,840
2025,rth,invalidated,-0.55,def_eff,-0.10833328041344534,-0.37790605170122804,0.11437812936435438,0.36492526394780017,839
2025,rth,invalidated,-0.55,att_large,0.004807000901148559,0.0,0.11210489253255262,0.08310221833399009,840
2025,rth,invalidated,-0.55,def_large,0.0,0.0,0.07428465848921284,0.05506646292751137,840
2025,rth,invalidated,-0.55,balance,0.00928379650255204,-0.03556446882775657,0.054884143454958796,0.06704863771884015,847
2025,rth,invalidated,-0.55,volume,0.8973988439306358,0.5873142031379025,1.4326592709786723,0.6266457137440844,847
2025,rth,invalidated,-0.5,delta,0.03239018253873868,-0.03938663019220619,0.11163852775943572,0.1119534158277553,840
2025,rth,invalidated,-0.5,def_cancel,0.45771563871214804,0.4416749778222594,0.4705340553056341,0.0213929410551332,840
2025,rth,invalidated,-0.5,att_cancel,0.44772511694451206,0.42946551499920554,0.462803194716053,0.024712883407596354,840
2025,rth,invalidated,-0.5,def_refill,0.41352710064943843,0.33985241600865723,0.4817376929370608,0.10517811484685217,840
2025,rth,invalidated,-0.5,att_refill,0.4572452423777087,0.3734800922385034,0.5430636597659988,0.12571057637323602,840
2025,rth,invalidated,-0.5,att_eff,0.11828795415177608,-0.11925996709861188,0.35088173216536145,0.3485112670600247,841
2025,rth,invalidated,-0.5,def_eff,-0.11536042255744934,-0.38760776169886757,0.1303080957349333,0.3839257653326915,839
2025,rth,invalidated,-0.5,att_large,0.0,0.0,0.10374941353325377,0.07690838660730451,840
2025,rth,invalidated,-0.5,def_large,0.0,0.0,0.05776105428596005,0.04281768293992591,840
2025,rth,invalidated,-0.5,balance,0.01290428564125226,-0.033623442539570746,0.05483680655013312,0.06557468427702288,847
2025,rth,invalidated,-0.5,volume,0.9122793313544759,0.5695506624878013,1.406283869219653,0.6202618285632704,847
2025,rth,invalidated,-0.45,delta,0.030484680602597857,-0.035065015639446,0.10257132247824824,0.10202841965729743,840
2025,rth,invalidated,-0.45,def_cancel,0.4563561743847434,0.44109715662924076,0.4698292091493437,0.021298778739883555,840
2025,rth,invalidated,-0.45,att_cancel,0.4491405491505933,0.43064330562304176,0.46325387836239307,0.02417388638943759,840
2025,rth,invalidated,-0.45,def_refill,0.4163288664527093,0.3408171067303136,0.48442021545686265,0.10645152611308305,840
2025,rth,invalidated,-0.45,att_refill,0.4560709212509958,0.37914706880216154,0.5382982577588594,0.11797716008650697,840
2025,rth,invalidated,-0.45,att_eff,0.09755141252458986,-0.14693170072455614,0.31468631284344106,0.3421927454173441,841
2025,rth,invalidated,-0.45,def_eff,-0.0883552655205497,-0.3631790265943343,0.13995025352630502,0.3729646257380573,840
2025,rth,invalidated,-0.45,att_large,0.0,0.0,0.10549048756387772,0.07819902710443122,840
2025,rth,invalidated,-0.45,def_large,0.0,0.0,0.05189578682412402,0.03846981973619275,840
2025,rth,invalidated,-0.45,balance,0.013396786644788564,-0.029284483388578364,0.053353148576013455,0.06125843733476043,847
2025,rth,invalidated,-0.45,volume,0.9060268616116968,0.5640568513542251,1.4132481499714158,0.6294968855575913,847
2025,rth,invalidated,-0.4,delta,0.024882003249985078,-0.047689590216607985,0.10500015695337869,0.11318735891029405,840
2025,rth,invalidated,-0.4,def_cancel,0.45564041209556705,0.4411502691768562,0.4692368578941487,0.020820302977978152,840
2025,rth,invalidated,-0.4,att_cancel,0.44951946929424985,0.43268276354760565,0.46308923351839437,0.022540007391244416,840
2025,rth,invalidated,-0.4,def_refill,0.41751602427722145,0.3427031327337686,0.4932242154847807,0.11157975000075022,840
2025,rth,invalidated,-0.4,att_refill,0.4527927012044334,0.3733241926296923,0.5299576035037756,0.11611075676359031,840
2025,rth,invalidated,-0.4,att_eff,0.09854839724025555,-0.11577865831424712,0.3047572006264872,0.31173896140899504,841
2025,rth,invalidated,-0.4,def_eff,-0.09489184473077746,-0.3315186214809097,0.12498729939599709,0.3384032030221696,840
2025,rth,invalidated,-0.4,att_large,0.0,0.0,0.1058597778136072,0.07847277821616545,840
2025,rth,invalidated,-0.4,def_large,0.0,0.0,0.058993939659076754,0.04373160834623926,840
2025,rth,invalidated,-0.4,balance,0.012906328009085755,-0.031527277326592426,0.05596370672371397,0.06485617794685426,847
2025,rth,invalidated,-0.4,volume,0.8961946050096339,0.561892593636919,1.3677745664739884,0.5973921221920455,847
2025,rth,invalidated,-0.35,delta,0.032428609699295105,-0.038729101982131656,0.10299146126315048,0.10505601426633221,841
2025,rth,invalidated,-0.35,def_cancel,0.45616304650368034,0.44094146902736964,0.4696383668463823,0.021272718916984946,841
2025,rth,invalidated,-0.35,att_cancel,0.44922505023156156,0.43067899712605223,0.4628515342697837,0.023849175050949942,841
2025,rth,invalidated,-0.35,def_refill,0.41642064351780456,0.3376257230381038,0.4860983644991537,0.11006126127579684,841
2025,rth,invalidated,-0.35,att_refill,0.4524941681819862,0.37433106829126167,0.5365929832748177,0.12028310969870724,841
2025,rth,invalidated,-0.35,att_eff,0.10235500853597078,-0.12946248192557636,0.3389881822569411,0.3472577199277372,841
2025,rth,invalidated,-0.35,def_eff,-0.09874171158898422,-0.367251348526463,0.12496277840418042,0.36487333352901663,840
2025,rth,invalidated,-0.35,att_large,0.0,0.0,0.11228895093039516,0.08323865895507425,841
2025,rth,invalidated,-0.35,def_large,0.0,0.0,0.054673056868970574,0.040528581815397015,841
2025,rth,invalidated,-0.35,balance,0.012884416613032525,-0.030669485556478217,0.05849227123427499,0.06609470481152943,847
2025,rth,invalidated,-0.35,volume,0.9090771609087244,0.5404917200437431,1.3874751085543602,0.6278601842183966,847
2025,rth,invalidated,-0.3,delta,0.0323410725803831,-0.03271921712476,0.10809124990242822,0.10438136918249682,841
2025,rth,invalidated,-0.3,def_cancel,0.45734526051468904,0.44226689634630173,0.4693421587245992,0.020070617033578573,841
2025,rth,invalidated,-0.3,att_cancel,0.4472915372869631,0.4294940743492273,0.4622430848369709,0.02427650888639258,841
2025,rth,invalidated,-0.3,def_refill,0.41095777114198295,0.3398984948268503,0.4836413296382788,0.10655510364079208,841
2025,rth,invalidated,-0.3,att_refill,0.4521972947976205,0.3790195821960698,0.5334193485931722,0.1144549787969625,841
2025,rth,invalidated,-0.3,att_eff,0.13104996183463208,-0.11786899831149442,0.34645180182549357,0.3441962936523261,841
2025,rth,invalidated,-0.3,def_eff,-0.13385429206044336,-0.38812057135841754,0.11682922515988103,0.37431415605507673,841
2025,rth,invalidated,-0.3,att_large,0.0,0.0,0.11117175347176689,0.08241049182488279,841
2025,rth,invalidated,-0.3,def_large,0.0,0.0,0.06149937250869056,0.04558886027330657,841
2025,rth,invalidated,-0.3,balance,0.014142494412656343,-0.028471541372182333,0.057091331261191675,0.06342688853474722,847
2025,rth,invalidated,-0.3,volume,0.9060693641618498,0.5661467365125241,1.4406430635838148,0.6482552461610753,847
2025,rth,invalidated,-0.25,delta,0.040536733472288776,-0.03320104899594472,0.1135297674642064,0.10877006409203197,841
2025,rth,invalidated,-0.25,def_cancel,0.45733188952511317,0.44318220096764604,0.4703810996119584,0.02016226734196616,841
2025,rth,invalidated,-0.25,att_cancel,0.44570209973154146,0.4291820623726332,0.46104106094766284,0.023616752094165798,841
2025,rth,invalidated,-0.25,def_refill,0.4067556911197066,0.3360815009315683,0.4817403437007797,0.10797542088155035,841
2025,rth,invalidated,-0.25,att_refill,0.45468298462692297,0.3858415740015253,0.5312392920639151,0.10778185178828004,841
2025,rth,invalidated,-0.25,att_eff,0.15495198252896916,-0.0781202580467463,0.36255138845240176,0.32666541623361606,841
2025,rth,invalidated,-0.25,def_eff,-0.14939968751510704,-0.4095281363630448,0.08305232071028315,0.3651448903434603,841
2025,rth,invalidated,-0.25,att_large,0.0,0.0,0.11711524095105882,0.08681633873317926,841
2025,rth,invalidated,-0.25,def_large,0.0,0.0,0.07120326243306624,0.05278225532473405,841
2025,rth,invalidated,-0.25,balance,0.015137896066637012,-0.029691719107078463,0.05864867262154022,0.06548583523248235,847
2025,rth,invalidated,-0.25,volume,0.9057984104046243,0.5531528084119257,1.4091135618806772,0.6345150136906978,847
2025,rth,invalidated,-0.2,delta,0.04703907071471219,-0.029184702470243365,0.1209259829921433,0.111275526658552,841
2025,rth,invalidated,-0.2,def_cancel,0.4589591274902972,0.44249076303771206,0.47193180989548744,0.02182434904208701,841
2025,rth,invalidated,-0.2,att_cancel,0.44482571985510916,0.4267043549197398,0.45992966425119264,0.02462958438209996,841
2025,rth,invalidated,-0.2,def_refill,0.4030751094819742,0.33673140916294236,0.47911343515010985,0.10554634987929391,841
2025,rth,invalidated,-0.2,att_refill,0.4661007312994389,0.3818928076870293,0.5411750610502978,0.11807431680005075,841
2025,rth,invalidated,-0.2,att_eff,0.1674804359011459,-0.05032975516994413,0.3837866078573581,0.3218060511692381,841
2025,rth,invalidated,-0.2,def_eff,-0.18383118951755612,-0.43592756233233343,0.06439582674042321,0.3708846471999679,841
2025,rth,invalidated,-0.2,att_large,0.0,0.0,0.11357288027070735,0.08419042273588388,841
2025,rth,invalidated,-0.2,def_large,0.0,0.0,0.06370587516823606,0.04722451828631287,841
2025,rth,invalidated,-0.2,balance,0.016183585076708272,-0.02904949691164986,0.06069205022356641,0.06652449750572,847
2025,rth,invalidated,-0.2,volume,0.9013885398341293,0.5762354074577808,1.377991116967018,0.5943333650920958,847
2025,rth,invalidated,-0.15,delta,0.05388238095851206,-0.021441422140271997,0.12620898661680263,0.10945174852266466,841
2025,rth,invalidated,-0.15,def_cancel,0.4570949144121373,0.4421015831066383,0.4714916701914078,0.02178657307988846,841
2025,rth,invalidated,-0.15,att_cancel,0.44362555783265956,0.42537689627357095,0.45819760808001286,0.024329660345768656,841
2025,rth,invalidated,-0.15,def_refill,0.40295047134149353,0.3354980500656866,0.47396495015129614,0.10264410680919905,841
2025,rth,invalidated,-0.15,att_refill,0.4726364856161782,0.38853127389946973,0.5441181431337165,0.11533496607431194,841
2025,rth,invalidated,-0.15,att_eff,0.17931838397848193,-0.03900100266346573,0.3804132681965667,0.31090753955525013,841
2025,rth,invalidated,-0.15,def_eff,-0.19856432840027585,-0.45763639615756924,0.03731573521455444,0.366902988415214,841
2025,rth,invalidated,-0.15,att_large,0.026678245736929205,0.0,0.11688832339205822,0.08664812705119215,841
2025,rth,invalidated,-0.15,def_large,0.0,0.0,0.05884885634001902,0.043624059555240194,841
2025,rth,invalidated,-0.15,balance,0.02125572226372628,-0.028746671823363643,0.0638478892191092,0.06863940774089906,847
2025,rth,invalidated,-0.15,volume,0.9280740935365213,0.571587789017341,1.4124509883180403,0.6233233501117119,847
2025,rth,invalidated,-0.1,delta,0.061159537256413446,-0.010701494605145342,0.12942123284145926,0.103871554815867,841
2025,rth,invalidated,-0.1,def_cancel,0.459015464736705,0.44419178111487045,0.47134404714010714,0.0201276990550309,841
2025,rth,invalidated,-0.1,att_cancel,0.4411035798814633,0.42320603066977386,0.45703855948640365,0.025079710019740395,841
2025,rth,invalidated,-0.1,def_refill,0.40345539169610206,0.32903077469491204,0.46710404559232144,0.10235231348955479,841
2025,rth,invalidated,-0.1,att_refill,0.47407256671241754,0.3942203145573275,0.5504821163029158,0.11583528669057694,841
2025,rth,invalidated,-0.1,att_eff,0.2114897207660088,0.012645173471450303,0.442301964886772,0.3185002160232185,841
2025,rth,invalidated,-0.1,def_eff,-0.23218628143913406,-0.49708136382857854,1.3216940769347099e-18,0.3684813668114,841
2025,rth,invalidated,-0.1,att_large,0.02281611573646972,0.0,0.12974038095904283,0.09617522680433123,841
2025,rth,invalidated,-0.1,def_large,0.0,0.0,0.05654990435694085,0.041919869797584025,841
2025,rth,invalidated,-0.1,balance,0.02283869229540421,-0.025668689738955166,0.06906611406945619,0.07022594796768819,847
2025,rth,invalidated,-0.1,volume,0.9246387283236995,0.5620785163776494,1.4565942706562394,0.6630954442391327,847
2025,rth,invalidated,-0.05,delta,0.09290288165970849,0.028089826037824898,0.161023840645883,0.09854263499485404,841
2025,rth,invalidated,-0.05,def_cancel,0.46397133191980383,0.4486213485579202,0.47683750771714395,0.020916352230707015,841
2025,rth,invalidated,-0.05,att_cancel,0.4344553271391233,0.4140724301462369,0.4480946880283677,0.02522035424917036,841
2025,rth,invalidated,-0.05,def_refill,0.3804933296229507,0.31171923110494304,0.44989721697986496,0.10242993763893396,841
2025,rth,invalidated,-0.05,att_refill,0.49499674721541337,0.4170219349313915,0.5719801733873517,0.11486896846253539,841
2025,rth,invalidated,-0.05,att_eff,0.3261350037617202,0.1736943158137478,0.5301641640182273,0.2642474782835281,841
2025,rth,invalidated,-0.05,def_eff,-0.3873888493361058,-0.6294657788192694,-0.1751737336237216,0.33676207946297093,841
2025,rth,invalidated,-0.05,att_large,0.05397631653571304,0.0,0.13969526739257834,0.10355468301896097,841
2025,rth,invalidated,-0.05,def_large,0.0,0.0,0.04033023172756577,0.02989639119908508,841
2025,rth,invalidated,-0.05,balance,0.027139228099659643,-0.019624694581294625,0.08074601961693681,0.07440379110321085,847
2025,rth,invalidated,-0.05,volume,0.9829686209744013,0.6234355985701248,1.542593930635838,0.6813627368908178,847
2025,rth,invalidated,0.0,delta,0.10522070563278592,0.03167350383890661,0.1822618530544105,0.11162961394774196,841
2025,rth,invalidated,0.0,def_cancel,0.45598777493690196,0.43651878498782626,0.46980476815907435,0.024674561283356627,841
2025,rth,invalidated,0.0,att_cancel,0.43209450354858225,0.41261407947749096,0.44803112537836065,0.026254296442453442,841
2025,rth,invalidated,0.0,def_refill,0.36505598720177657,0.3017256096348585,0.4245365776950162,0.09103852339522438,841
2025,rth,invalidated,0.0,att_refill,0.4903333511786623,0.4046979490514511,0.5700327595003843,0.12256101589987638,841
2025,rth,invalidated,0.0,att_eff,0.23938996121101172,0.05401139416230976,0.44194320294919914,0.2875699101459521,842
2025,rth,invalidated,0.0,def_eff,-0.2994974109899,-0.5648127445649024,-0.06303895886325867,0.3719598114912111,841
2025,rth,invalidated,0.0,att_large,0.09982079428434691,0.0,0.19177561952309422,0.1421613191423975,841
2025,rth,invalidated,0.0,def_large,0.0,0.0,0.06364071847273427,0.04717621828964735,841
2025,rth,invalidated,0.0,balance,0.02833950667621656,-0.021266715157241274,0.0788595666969412,0.0742225958889418,847
2025,rth,invalidated,0.0,volume,1.2251445086705204,0.7860820086705202,1.8198874744984699,0.7663494928302073,847
2025,rth,invalidated,0.05,delta,0.028937224554715663,-0.041377755362165154,0.11609225840231088,0.11673092198997483,841
2025,rth,invalidated,0.05,def_cancel,0.4457378761955951,0.4281691714515607,0.4588997050802713,0.02278023248977805,841
2025,rth,invalidated,0.05,att_cancel,0.4463999813350331,0.4293666906319736,0.46281429832638454,0.024794371900971803,841
2025,rth,invalidated,0.05,def_refill,0.4104033448971943,0.34044048901376867,0.4804502837770443,0.10378783896462242,841
2025,rth,invalidated,0.05,att_refill,0.4480453916143211,0.36582090627931674,0.5259137918546839,0.11867523022636557,841
2025,rth,invalidated,0.05,att_eff,-0.008425188157239907,-0.24992728273367124,0.20081405546489767,0.33412997642592207,842
2025,rth,invalidated,0.05,def_eff,0.0,-0.24657828810880603,0.2459227386301518,0.36508600944326003,841
2025,rth,invalidated,0.05,att_large,0.062285045294889776,0.0,0.15623252442582317,0.11581358371076587,841
2025,rth,invalidated,0.05,def_large,0.0,0.0,0.08767340610210657,0.06499140556123541,841
2025,rth,invalidated,0.05,balance,0.026646557178882868,-0.018153361353217518,0.07069937024656138,0.0658656275758183,847
2025,rth,invalidated,0.05,volume,1.1049855491329479,0.7234465317919075,1.6989187654830717,0.7231076602603145,847
2025,rth,invalidated,0.1,delta,-0.003526461485224099,-0.07250804272586554,0.07784090658710272,0.11145214923125892,841
2025,rth,invalidated,0.1,def_cancel,0.44391070067574423,0.42767270496401594,0.4573041791434169,0.02196551088169087,841
2025,rth,invalidated,0.1,att_cancel,0.4537156476644708,0.435701375552381,0.47057646314598517,0.02585254825322772,841
2025,rth,invalidated,0.1,def_refill,0.4346218062253198,0.36021187810995997,0.5041831807191138,0.10672446449900212,841
2025,rth,invalidated,0.1,att_refill,0.42678281217200126,0.35526308844022525,0.4989797078044982,0.10653567039605111,841
2025,rth,invalidated,0.1,att_eff,-0.10652320666215356,-0.34458645387193393,0.1062977840886626,0.33423590656827024,842
2025,rth,invalidated,0.1,def_eff,0.1065005185773789,-0.1170205444587871,0.3298582278016512,0.33126669552293425,841
2025,rth,invalidated,0.1,att_large,0.0,0.0,0.1275696458440767,0.09456608290887822,841
2025,rth,invalidated,0.1,def_large,0.0,0.0,0.08395497633287746,0.06223497133645475,841
2025,rth,invalidated,0.1,balance,0.02822979855743866,-0.015505549981571432,0.0707592077703575,0.06394718884501774,847
2025,rth,invalidated,0.1,volume,0.99556151940545,0.6662819071407216,1.6147278420038533,0.7030733394092897,847
2025,rth,invalidated,0.15,delta,-0.02076326571735983,-0.08891241897119764,0.05124844028022861,0.10389982153552724,841
2025,rth,invalidated,0.15,def_cancel,0.4448409587548816,0.42687481356727114,0.4588136532227518,0.023675937476264394,841
2025,rth,invalidated,0.15,att_cancel,0.45683464520404704,0.4391673545698235,0.4713125817377587,0.023828930443243305,841
2025,rth,invalidated,0.15,def_refill,0.4441201479055195,0.36839756212017094,0.5246684591012727,0.11584202889629484,841
2025,rth,invalidated,0.15,att_refill,0.4179628978297304,0.34636506020590063,0.49228890639534206,0.10817186522567934,841
2025,rth,invalidated,0.15,att_eff,-0.13939465000427861,-0.37272408847352934,0.06870341023312934,0.3272257217988574,842
2025,rth,invalidated,0.15,def_eff,0.13503924545511747,-0.07560833509288474,0.36327014598917085,0.3253361609207232,841
2025,rth,invalidated,0.15,att_large,0.0,0.0,0.10379171770114966,0.07693974625733851,841
2025,rth,invalidated,0.15,def_large,0.0,0.0,0.09229788892724286,0.06841948771478344,841
2025,rth,invalidated,0.15,balance,0.027889829231849593,-0.014849998856883465,0.07086932339583936,0.06354286304871967,847
2025,rth,invalidated,0.15,volume,0.9529404372958029,0.6154654383429672,1.4712337427745665,0.6343723531739062,847
2025,rth,invalidated,0.2,delta,-0.02524474177812005,-0.09387376552968306,0.038906438780484734,0.09842861698307472,842
2025,rth,invalidated,0.2,def_cancel,0.4462319313570031,0.4283068834963736,0.4606696692863047,0.023990204440275113,842
2025,rth,invalidated,0.2,att_cancel,0.4576791645971407,0.4413490523793459,0.47166905341035736,0.022475908844337627,842
2025,rth,invalidated,0.2,def_refill,0.4465609711922074,0.37512112915763685,0.5198726828164398,0.10730285667813416,842
2025,rth,invalidated,0.2,att_refill,0.4197577741744112,0.3468972737689917,0.49171795823534836,0.10735410264370397,842
2025,rth,invalidated,0.2,att_eff,-0.1202218514485442,-0.3769368636583122,0.09316363374127992,0.3484807245363915,842
2025,rth,invalidated,0.2,def_eff,0.1284196248711671,-0.0853992611850198,0.3692403587265063,0.3370197330700712,841
2025,rth,invalidated,0.2,att_large,0.0,0.0,0.09950636997765937,0.07376306151049619,842
2025,rth,invalidated,0.2,def_large,0.0,0.0,0.08460010694182452,0.06271320010513308,842
2025,rth,invalidated,0.2,balance,0.028995496530072423,-0.015795708264275954,0.07272457428211174,0.06561918646878258,847
2025,rth,invalidated,0.2,volume,0.9010115606936416,0.5749822020571235,1.404479768786127,0.6148981221119374,847
2025,rth,invalidated,0.25,delta,-0.027785994570902035,-0.09284061367556842,0.041248419057128165,0.09939883820066464,842
2025,rth,invalidated,0.25,def_cancel,0.4476924847468512,0.4306176334131232,0.4622795618799227,0.02347066602431393,842
2025,rth,invalidated,0.25,att_cancel,0.45806683354635447,0.4432395300350258,0.4724408361452822,0.021646631660679316,842
2025,rth,invalidated,0.25,def_refill,0.44852544657686094,0.3777177860024108,0.5207979951423648,0.10606390595993626,842
2025,rth,invalidated,0.25,att_refill,0.4217855282771876,0.3450220197308588,0.491184172756254,0.10834851966300608,842
2025,rth,invalidated,0.25,att_eff,-0.12910776960422865,-0.36005676103658524,0.08838855846687847,0.3324279610848508,842
2025,rth,invalidated,0.25,def_eff,0.13286752747292516,-0.08614147980971441,0.340030167022398,0.3159167137376668,841
2025,rth,invalidated,0.25,att_large,0.0,0.0,0.09601911188679156,0.0711779925031813,842
2025,rth,invalidated,0.25,def_large,0.0,0.0,0.0933463458061088,0.06919669815130379,842
2025,rth,invalidated,0.25,balance,0.024072610424738454,-0.01623559831562692,0.06617917858263608,0.061093237137333584,847
2025,rth,invalidated,0.25,volume,0.8626510772464531,0.5601497417970078,1.364748916184971,0.596441196729402,847
2025,rth,invalidated,0.3,delta,-0.02456420126662086,-0.09289128743371468,0.04458139858246567,0.10190710601644207,842
2025,rth,invalidated,0.3,def_cancel,0.44841584931027834,0.4310760351641797,0.46283844081915115,0.023545148743492558,842
2025,rth,invalidated,0.3,att_cancel,0.45855115230602556,0.44246070932970416,0.47185192776267676,0.021787411736821794,842
2025,rth,invalidated,0.3,def_refill,0.4452303023811188,0.37895419975739153,0.5262984369667131,0.10922478666369277,842
2025,rth,invalidated,0.3,att_refill,0.42061528017261945,0.35387169105393046,0.4865367636112027,0.09834327098389342,842
2025,rth,invalidated,0.3,att_eff,-0.10168647854967307,-0.3573858134097073,0.09482865743176816,0.3352219946934585,842
2025,rth,invalidated,0.3,def_eff,0.1265783002329617,-0.07968243678202525,0.3427748965891314,0.3131633308904052,841
2025,rth,invalidated,0.3,att_large,0.0,0.0,0.08958367821898512,0.0664074708813826,842
2025,rth,invalidated,0.3,def_large,0.0,0.0,0.08691939270734199,0.06443246308920829,842
2025,rth,invalidated,0.3,balance,0.024212958810699414,-0.01668796089237947,0.07059664319993485,0.06470319057992166,847
2025,rth,invalidated,0.3,volume,0.8473265895953757,0.5442708333333333,1.3288656069364162,0.5816121375856804,847
2025,rth,invalidated,0.35,delta,-0.023500924124316286,-0.08952250322478411,0.04965014535220512,0.10316727099850945,842
2025,rth,invalidated,0.35,def_cancel,0.4499054833655418,0.4314035297836737,0.4635016756995492,0.023794029589233143,842
2025,rth,invalidated,0.35,att_cancel,0.45901534515796616,0.44235462490323946,0.4712889879360162,0.021448749468329684,842
2025,rth,invalidated,0.35,def_refill,0.4475180424520123,0.3738458470601273,0.5274066090598339,0.11383303335782553,842
2025,rth,invalidated,0.35,att_refill,0.4238200695064993,0.352237296473138,0.49650328742117783,0.10694291397186051,842
2025,rth,invalidated,0.35,att_eff,-0.10957183724729953,-0.34838379345338477,0.13899102606288705,0.3612860040891563,842
2025,rth,invalidated,0.35,def_eff,0.1113167033310308,-0.12242880658169472,0.3383302048801583,0.34155597587980213,841
2025,rth,invalidated,0.35,att_large,0.0,0.0,0.07612420455830556,0.05643009974670538,842
2025,rth,invalidated,0.35,def_large,0.0,0.0,0.08257779301656533,0.061214079330293054,842
2025,rth,invalidated,0.35,balance,0.023820777506039042,-0.015714126391689672,0.06962848609706344,0.06326361192642929,847
2025,rth,invalidated,0.35,volume,0.8045761078998074,0.5323699421965318,1.3002769749518306,0.5692416847704217,847
2025,rth,invalidated,0.4,delta,-0.02332877844689503,-0.08951332387460008,0.046713301179969795,0.10098341368018522,842
2025,rth,invalidated,0.4,def_cancel,0.4513567707481162,0.4347361000586849,0.4632994655123428,0.021173732730658187,842
2025,rth,invalidated,0.4,att_cancel,0.45841341880362063,0.44251401960676984,0.4721317661640324,0.021955334734812877,842
2025,rth,invalidated,0.4,def_refill,0.45326445304691054,0.37915600849277875,0.5258078992478878,0.1087115572684278,842
2025,rth,invalidated,0.4,att_refill,0.42228216821072384,0.35673179002651934,0.4961687413093253,0.1033631959101601,842
2025,rth,invalidated,0.4,att_eff,-0.11092037684059315,-0.31899788414072516,0.13565440000772222,0.33702912094028714,843
2025,rth,invalidated,0.4,def_eff,0.11004910849320147,-0.12121794106311727,0.3140870241699104,0.3226871499132896,841
2025,rth,invalidated,0.4,att_large,0.0,0.0,0.08105787301961855,0.06008737807236364,842
2025,rth,invalidated,0.4,def_large,0.0,0.0,0.07363186343444972,0.05458255258298719,842
2025,rth,invalidated,0.4,balance,0.02444573131621057,-0.01374625733774474,0.06890589485691329,0.061269201033845824,847
2025,rth,invalidated,0.4,volume,0.7855491329479769,0.5143650650289017,1.2578189512799338,0.5511148156049164,847
2025,rth,invalidated,0.45,delta,-0.02169134023856689,-0.08992346910548932,0.049291066906512575,0.10319832172868933,842
2025,rth,invalidated,0.45,def_cancel,0.4522703513636154,0.43505096166377644,0.46576348511778487,0.022766881730176748,842
2025,rth,invalidated,0.45,att_cancel,0.4583842413719854,0.44258185525584226,0.47221737121456686,0.021968507011656487,842
2025,rth,invalidated,0.45,def_refill,0.44836215447734334,0.37907867843157816,0.5288401680054673,0.1110166712927273,842
2025,rth,invalidated,0.45,att_refill,0.4293276118895294,0.3573622979831865,0.4966301109866384,0.1032378154213876,842
2025,rth,invalidated,0.45,att_eff,-0.10098361443750632,-0.3381071878003378,0.1622934369888023,0.37094190125214244,843
2025,rth,invalidated,0.45,def_eff,0.11002438812273281,-0.16371801133694677,0.335474636303075,0.37004644005931936,841
2025,rth,invalidated,0.45,att_large,0.0,0.0,0.07547608175166155,0.055949652892262086,842
2025,rth,invalidated,0.45,def_large,0.0,0.0,0.07314392984325782,0.0542208523671296,842
2025,rth,invalidated,0.45,balance,0.024379336607809866,-0.011647019612707341,0.06899181804384105,0.05977675141330496,847
2025,rth,invalidated,0.45,volume,0.7767997898055701,0.4951380438089444,1.19221192689175,0.516733790276357,847
2025,rth,invalidated,0.5,delta,-0.016373481427389605,-0.08716630599237789,0.049534962289401706,0.1013352618841954,842
2025,rth,invalidated,0.5,def_cancel,0.4527128280891051,0.4355154903164704,0.4666980607518319,0.023115322783811336,842
2025,rth,invalidated,0.5,att_cancel,0.45895414739898543,0.44345980399049206,0.4716880894190773,0.02092534131103428,842
2025,rth,invalidated,0.5,def_refill,0.4531311164754637,0.373065254212803,0.5190146876171593,0.10819083276824039,842
2025,rth,invalidated,0.5,att_refill,0.42725262111023155,0.3481251113130182,0.49497598228580103,0.10885905928301173,842
2025,rth,invalidated,0.5,att_eff,-0.07943857993562965,-0.3100439388391,0.17112899538484042,0.35668860950625675,843
2025,rth,invalidated,0.5,def_eff,0.08097394361682603,-0.14872791485698403,0.2818660641484333,0.3191949436659876,841
2025,rth,invalidated,0.5,att_large,0.0,0.0,0.0743512127891943,0.05511579895418406,842
2025,rth,invalidated,0.5,def_large,0.0,0.0,0.08012501188341387,0.05939585758592577,842
2025,rth,invalidated,0.5,balance,0.02488968380061585,-0.013417152090937962,0.06749526452659443,0.059979552718704525,847
2025,rth,invalidated,0.5,volume,0.7496387283236995,0.48281625964543523,1.182945396366639,0.5189986187703511,847
2025,rth,invalidated,0.55,delta,-0.015581366260421581,-0.07803368453419375,0.05753329378312228,0.10049442425301411,843
2025,rth,invalidated,0.55,def_cancel,0.4537869467326505,0.4369376161534973,0.4678233984555103,0.022895316754642698,843
2025,rth,invalidated,0.55,att_cancel,0.45753867260755055,0.442624522605942,0.46970359294956154,0.020073439839599378,843
2025,rth,invalidated,0.55,def_refill,0.4489295437077172,0.37152766212319777,0.5223411357044572,0.11179649635378755,843
2025,rth,invalidated,0.55,att_refill,0.4323632949422443,0.3534173188821678,0.5019184596605076,0.11008238753027413,843
2025,rth,invalidated,0.55,att_eff,-0.04915240217986121,-0.30494214866247077,0.18848494666137386,0.3657724946803889,843
2025,rth,invalidated,0.55,def_eff,0.0635814122546046,-0.18402395614198058,0.3176369891820512,0.37187616406525703,841
2025,rth,invalidated,0.55,att_large,0.0,0.0,0.07667696623482533,0.05683985636384383,843
2025,rth,invalidated,0.55,def_large,0.0,0.0,0.08018015989514644,0.059436738246958075,843
2025,rth,invalidated,0.55,balance,0.023688152584150995,-0.013101803440264823,0.06270324586466017,0.05619351319861007,847
2025,rth,invalidated,0.55,volume,0.7408236994219652,0.4810868048634643,1.1695117942978834,0.5103224532501255,847
2025,rth,invalidated,0.6,delta,-0.006282250591011007,-0.07483013231021125,0.05375956249066138,0.09532223484126955,843
2025,rth,invalidated,0.6,def_cancel,0.45341684712188296,0.4366812251741427,0.46875721433879236,0.023777605014566088,843
2025,rth,invalidated,0.6,att_cancel,0.4566213614354143,0.4411874852017379,0.4687168116494573,0.020407210116915778,843
2025,rth,invalidated,0.6,def_refill,0.4453389207120743,0.36885515777059436,0.5190738360714959,0.1113555806530034,843
2025,rth,invalidated,0.6,att_refill,0.432063553099195,0.35464672674528563,0.5076730614422185,0.11343686782574709,843
2025,rth,invalidated,0.6,att_eff,-0.021587289646507354,-0.28093070857490426,0.21507556382132229,0.36768441245087213,843
2025,rth,invalidated,0.6,def_eff,0.031106063340901623,-0.2117613744048166,0.2595355083302655,0.3493675928354945,843
2025,rth,invalidated,0.6,att_large,0.0,0.0,0.07459644591649484,0.055297587780945026,843
2025,rth,invalidated,0.6,def_large,0.0,0.0,0.06096254559474733,0.0451909159338379,843
2025,rth,invalidated,0.6,balance,0.02315202848274006,-0.015380248655207563,0.06693631078502806,0.061020429533162064,847
2025,rth,invalidated,0.6,volume,0.7364237906905993,0.4863921001926782,1.1406921594782866,0.48502598909237093,847
2025,rth,invalidated,0.65,delta,-0.004992651828645255,-0.06969831648864734,0.06117722190410836,0.0970167074816573,843
2025,rth,invalidated,0.65,def_cancel,0.45517357728247826,0.439319266904716,0.4692691452760795,0.022201540675584493,843
2025,rth,invalidated,0.65,att_cancel,0.45613355214904405,0.4403538466355473,0.46827193851818644,0.02069539798564801,843
2025,rth,invalidated,0.65,def_refill,0.4413074022116144,0.366778386245387,0.5165137725933319,0.1109973212364306,843
2025,rth,invalidated,0.65,att_refill,0.4354729304872326,0.3620571904705088,0.5092439761503333,0.10910806944390253,843
2025,rth,invalidated,0.65,att_eff,0.006186078692592488,-0.24190958325358933,0.254014713087576,0.3676236444337771,843
2025,rth,invalidated,0.65,def_eff,0.014992417500948615,-0.22900268705661234,0.23993879429115314,0.34762155770775793,843
2025,rth,invalidated,0.65,att_large,0.0,0.0,0.06951940096907094,0.051534025922217154,843
2025,rth,invalidated,0.65,def_large,0.0,0.0,0.07013922797187554,0.05199349738463717,843
2025,rth,invalidated,0.65,balance,0.021970055229857923,-0.017178210848506088,0.06690797721534102,0.062332237260079394,847
2025,rth,invalidated,0.65,volume,0.7273000963391136,0.4844751707829742,1.16910740090834,0.5075109192923394,847
2025,rth,invalidated,0.7,delta,0.0042030895867920266,-0.06334665620000042,0.06825368353213163,0.09755399535369313,843
2025,rth,invalidated,0.7,def_cancel,0.4573895304329257,0.4413644913760242,0.47029679475238967,0.02144722266594921,843
2025,rth,invalidated,0.7,att_cancel,0.45482961490741136,0.43921452152736357,0.4674839472697839,0.020955838207872727,843
2025,rth,invalidated,0.7,def_refill,0.4386681743703825,0.36099974745098057,0.5200573772198246,0.11790780561070721,843
2025,rth,invalidated,0.7,att_refill,0.4434327521377431,0.36273861158542337,0.5128482534138911,0.11127475302332669,843
2025,rth,invalidated,0.7,att_eff,0.02572990995447146,-0.22353078350598393,0.27855302791386594,0.3721896304075981,843
2025,rth,invalidated,0.7,def_eff,0.0,-0.263015505609857,0.22871153544045883,0.3645122617126137,843
2025,rth,invalidated,0.7,att_large,0.0,0.0,0.07244431576748793,0.05370223555781166,843
2025,rth,invalidated,0.7,def_large,0.0,0.0,0.0630459085952976,0.046735291768196886,843
2025,rth,invalidated,0.7,balance,0.02484034030348822,-0.018384038793264106,0.06783742014737638,0.0639150918759381,847
2025,rth,invalidated,0.7,volume,0.7336524566473989,0.4746206647398844,1.158553106936416,0.5069921736075106,847
2025,rth,invalidated,0.75,delta,0.004659313322066901,-0.06008983501869711,0.07127201953898737,0.0973772087158521,843
2025,rth,invalidated,0.75,def_cancel,0.4588707645447797,0.442275056066747,0.4712527924419387,0.02148090168657649,843
2025,rth,invalidated,0.75,att_cancel,0.4541285536465478,0.43877779746922935,0.4659310583735998,0.020128436548829117,843
2025,rth,invalidated,0.75,def_refill,0.43407214501292396,0.35850408431949127,0.5163152668605246,0.11698382693923898,843
2025,rth,invalidated,0.75,att_refill,0.4478879792594675,0.36679929759877844,0.5147475538854838,0.10967253987153842,843
2025,rth,invalidated,0.75,att_eff,0.04627082492390059,-0.18530094155080287,0.28802203265987564,0.35086951387003595,843
2025,rth,invalidated,0.75,def_eff,-0.030418254945462242,-0.29582161672803714,0.19784879500994212,0.3659528626671455,843
2025,rth,invalidated,0.75,att_large,0.0,0.0,0.06434016566809896,0.047694711392215684,843
2025,rth,invalidated,0.75,def_large,0.0,0.0,0.061645817420968994,0.045697418399532244,843
2025,rth,invalidated,0.75,balance,0.02522585929931869,-0.015942452303439575,0.07181641569660575,0.0650547575982545,847
2025,rth,invalidated,0.75,volume,0.7177830669840191,0.4700596098265896,1.1097448733828792,0.4741921894412821,847
2025,rth,invalidated,0.8,delta,0.012150489356148327,-0.057904640326398055,0.0804995714895658,0.10259763663155215,843
2025,rth,invalidated,0.8,def_cancel,0.4594308672995079,0.4438794316748522,0.4726165621792226,0.021302542998050688,843
2025,rth,invalidated,0.8,att_cancel,0.45314171044552265,0.43701051895292,0.4661081940672765,0.02156981105586102,843
2025,rth,invalidated,0.8,def_refill,0.42519026659358794,0.36100407078445745,0.500643221662767,0.10351308441683434,843
2025,rth,invalidated,0.8,att_refill,0.44901951914517085,0.36901894582893113,0.5233404569783205,0.1143969689765674,843
2025,rth,invalidated,0.8,att_eff,0.079111582362007,-0.15929888253854238,0.3469772712522986,0.3752973712311646,843
2025,rth,invalidated,0.8,def_eff,-0.05334440349074106,-0.32775070660404226,0.16588131931704178,0.3659244076509148,843
2025,rth,invalidated,0.8,att_large,0.0,0.0,0.07079011809571839,0.052475995623216004,843
2025,rth,invalidated,0.8,def_large,0.0,0.0,0.04739424761116834,0.03513287443377935,843
2025,rth,invalidated,0.8,balance,0.026289385135430995,-0.019130478305489643,0.07073988166524212,0.06661998515250686,847
2025,rth,invalidated,0.8,volume,0.7076107899807322,0.4671887902559868,1.1103722603564548,0.4767853744258473,847
2025,rth,invalidated,0.85,delta,0.017455062685797947,-0.04679669149323638,0.08721515116882812,0.09934161798522202,843
2025,rth,invalidated,0.85,def_cancel,0.460242019560458,0.44537104627547064,0.47315871732716386,0.020598718348178814,843
2025,rth,invalidated,0.85,att_cancel,0.45163738279373705,0.4369627803045172,0.4663463019502687,0.021781706186620856,843
2025,rth,invalidated,0.85,def_refill,0.4237475512212012,0.3581925372608409,0.5006800615847689,0.10562455472492807,843
2025,rth,invalidated,0.85,att_refill,0.4521866249358343,0.375103863247367,0.5254468209821812,0.11144770773522181,843
2025,rth,invalidated,0.85,att_eff,0.12263268725200763,-0.11956873374092311,0.34882737511175144,0.3472172786157706,843
2025,rth,invalidated,0.85,def_eff,-0.08554399036084087,-0.3507098062962397,0.11059656327060753,0.34196172688424553,843
2025,rth,invalidated,0.85,att_large,0.0,0.0,0.08228150270326544,0.06099444233007075,843
2025,rth,invalidated,0.85,def_large,0.0,0.0,0.04115446324080031,0.03050738564922188,843
2025,rth,invalidated,0.85,balance,0.02853179278914989,-0.01842753280095161,0.07399368921071177,0.06851091327773416,847
2025,rth,invalidated,0.85,volume,0.7116329479768786,0.45184109604268563,1.0760094764339707,0.4626896815354226,847
2025,rth,invalidated,0.9,delta,0.02508025355563656,-0.03865532544719962,0.09704599063717308,0.10059400747544306,843
2025,rth,invalidated,0.9,def_cancel,0.461084271910768,0.4471067994767914,0.47306400727464315,0.019241814527688486,843
2025,rth,invalidated,0.9,att_cancel,0.4507266909475555,0.43600031356618085,0.4642091219350267,0.020910903164452092,843
2025,rth,invalidated,0.9,def_refill,0.4189626338028381,0.3449204001300723,0.5051917639146929,0.1188075343103192,843
2025,rth,invalidated,0.9,att_refill,0.45259349452636377,0.3803034594172591,0.5271684997790242,0.10886956290716465,843
2025,rth,invalidated,0.9,att_eff,0.1428510083229582,-0.08117137555022012,0.3682377116119447,0.3331423922625388,843
2025,rth,invalidated,0.9,def_eff,-0.11513399989350812,-0.3947193709539099,0.08886220440548712,0.3584741107186042,843
2025,rth,invalidated,0.9,att_large,0.0,0.0,0.08769918516762142,0.06501051532069786,843
2025,rth,invalidated,0.9,def_large,0.0,0.0,0.05019117196287603,0.0372062060510571,843
2025,rth,invalidated,0.9,balance,0.031000268665430843,-0.016488739701221816,0.0799392636729921,0.07148109961024011,847
2025,rth,invalidated,0.9,volume,0.6825484529071745,0.45267669469259064,1.0559325970272502,0.44718747393229025,847
2025,rth,invalidated,0.95,delta,0.03547885840399857,-0.0336544710233733,0.10357862437715065,0.10172949992625942,843
2025,rth,invalidated,0.95,def_cancel,0.4621964732829133,0.4478367368437286,0.47421289860825827,0.01955238084842822,843
2025,rth,invalidated,0.95,att_cancel,0.4487107190025483,0.43413867281758645,0.4631306757180561,0.021491477316878917,843
2025,rth,invalidated,0.95,def_refill,0.4198613948167744,0.34228720940301327,0.4939149381691861,0.1124000954530562,843
2025,rth,invalidated,0.95,att_refill,0.46014095080741885,0.38559723474258994,0.5382670941041013,0.11317261627984536,843
2025,rth,invalidated,0.95,att_eff,0.17380978955002208,-0.0365184619455664,0.3824272508362036,0.31056020221035585,843
2025,rth,invalidated,0.95,def_eff,-0.14796162607461305,-0.4195363053736761,0.061801581645495936,0.3568108873381557,843
2025,rth,invalidated,0.95,att_large,0.0,0.0,0.08934197502877525,0.06622829876113806,843
2025,rth,invalidated,0.95,def_large,0.0,0.0,0.014618156449014102,0.01083629091846857,843
2025,rth,invalidated,0.95,balance,0.03305459051518744,-0.014247956007132795,0.08362907907027828,0.07255525209593112,847
2025,rth,invalidated,0.95,volume,0.6708092485549133,0.4361632947976878,1.0139450867052022,0.4283037745793287,847
2024,night,all,-1.0,delta,0.21207530305236072,0.016885390946390366,0.3912168718646034,0.2774881252173559,2388
2024,night,all,-1.0,def_cancel,0.5005690417152272,0.46081580505522496,0.5416159777436765,0.05989634743398931,2388
2024,night,all,-1.0,att_cancel,0.40664422912891823,0.3690872420297702,0.4401855546332153,0.05270445708187181,2388
2024,night,all,-1.0,def_refill,0.2865331389080537,0.17908213436247636,0.4125395212504005,0.17305958998363538,2388
2024,night,all,-1.0,att_refill,0.5050993275939013,0.3555625532739068,0.6632138100849041,0.22805875226908623,2384
2024,night,all,-1.0,att_eff,0.34518849458574524,0.12918709830729658,0.6188484042874093,0.36298095328399754,2633
2024,night,all,-1.0,def_eff,-0.21993649290787345,-0.4998434034665089,0.0,0.37052883874463227,2043
2024,night,all,-1.0,att_large,0.0,0.0,0.24035429846667034,0.17817220049419596,2240
2024,night,all,-1.0,def_large,0.0,0.0,0.0,0.0,2236
2024,night,all,-1.0,balance,0.01104939052058037,-0.03178224414199131,0.05388034094422177,0.06350080436338998,4156
2024,night,all,-1.0,volume,0.6766419981498614,0.3125,1.4653827977315688,0.8546203096601696,4156
2024,night,all,-0.95,delta,0.20421839120422924,0.022656443110994143,0.3978906880870415,0.2781573350452538,2834
2024,night,all,-0.95,def_cancel,0.4981229782306568,0.45635408672982924,0.5386829044990865,0.06102951650797425,2834
2024,night,all,-0.95,att_cancel,0.41180644746767475,0.37328013192451953,0.44574668993439975,0.05371872350621217,2834
2024,night,all,-0.95,def_refill,0.27767687526433626,0.16938130314176592,0.4159557982685668,0.18278316910808073,2834
2024,night,all,-0.95,att_refill,0.5185185185185185,0.36190151321075953,0.66974539987965,0.22820154682645696,2832
2024,night,all,-0.95,att_eff,0.3510628413449343,0.10921812424064786,0.6349443785314223,0.38971553320294616,3076
2024,night,all,-0.95,def_eff,-0.25114628423159596,-0.5858830289665256,0.0,0.43430913933767645,2478
2024,night,all,-0.95,att_large,0.0,0.0,0.23660311915320145,0.17539148936486393,2651
2024,night,all,-0.95,def_large,0.0,0.0,0.0,0.0,2649
2024,night,all,-0.95,balance,0.01545595461346776,-0.02675859646772594,0.05699629690038297,0.062086651866648565,4156
2024,night,all,-0.95,volume,0.758814229249012,0.3786510590858417,1.627048687637748,0.925424483730101,4156
2024,night,all,-0.9,delta,0.17775050938223944,0.003299499146408838,0.37400548120909155,0.27480057973512434,3109
2024,night,all,-0.9,def_cancel,0.49314103146308036,0.4528655610653235,0.5328230238454436,0.05927165513722762,3109
2024,night,all,-0.9,att_cancel,0.41804710054354244,0.37930943979765613,0.45116254365729125,0.05326397617467392,3109
2024,night,all,-0.9,def_refill,0.2972189271356248,0.17791884309085643,0.43902439024390244,0.1935548904025545,3109
2024,night,all,-0.9,att_refill,0.5238330380312024,0.3650371028044015,0.6759979600163198,0.23051212543507663,3107
2024,night,all,-0.9,att_eff,0.32870843677968636,0.06939629116769527,0.6468308049201096,0.42804634080979564,3330
2024,night,all,-0.9,def_eff,-0.2225310424864578,-0.6027676344613984,0.007395316149960726,0.45230759867409864,2804
2024,night,all,-0.9,att_large,0.0,0.0,0.1538848490783273,0.11407327581788533,2906
2024,night,all,-0.9,def_large,0.0,0.0,0.0,0.0,2904
2024,night,all,-0.9,balance,0.01795257843060673,-0.024824428906823136,0.059623797831888634,0.06260061285301095,4156
2024,night,all,-0.9,volume,0.7857312252964427,0.35434782608695653,1.6595108695652177,0.9675041093241372,4156
2024,night,all,-0.85,delta,0.16206735287412732,-0.030199422143859907,0.35208560674308426,0.28338400955296084,3343
2024,night,all,-0.85,def_cancel,0.48852009504073807,0.4488741907237836,0.5268589939146484,0.05780934261739423,3343
2024,night,all,-0.85,att_cancel,0.4234650612034647,0.3839800797963833,0.457643380144248,0.05460585644763875,3343
2024,night,all,-0.85,def_refill,0.30986875034486927,0.18917810671223592,0.45319614565454386,0.19571389098762632,3343
2024,night,all,-0.85,att_refill,0.5189096220423967,0.35628467954468185,0.6815487751731116,0.24111497081425484,3342
2024,night,all,-0.85,att_eff,0.29718248515960966,0.021703213710829443,0.6229033723821737,0.44566357203213075,3525
2024,night,all,-0.85,def_eff,-0.18568994007327747,-0.5468992024183827,0.04579082474019539,0.4393550979678118,3008
2024,night,all,-0.85,att_large,0.0,0.0,0.11571322965195724,0.08577704199552057,3123
2024,night,all,-0.85,def_large,0.0,0.0,0.0,0.0,3122
2024,night,all,-0.85,balance,0.018510085268027873,-0.02490674207861216,0.06205440139103779,0.06446341250530019,4156
2024,night,all,-0.85,volume,0.7733333333333334,0.3521739130434783,1.6338670798898072,0.9501061281292283,4156
2024,night,all,-0.8,delta,0.14584749445299025,-0.05643546814397823,0.3527995916921133,0.30336179379991957,3501
2024,night,all,-0.8,def_cancel,0.48434791574978253,0.446436178134088,0.5225328259428716,0.05640967220814208,3501
2024,night,all,-0.8,att_cancel,0.430087983252564,0.38865385142460557,0.46527059642039403,0.056795214970932886,3501
2024,night,all,-0.8,def_refill,0.31984032349522173,0.19336243190094105,0.46388401094143433,0.20053489921459844,3501
2024,night,all,-0.8,att_refill,0.504671152552959,0.35281735700568484,0.67284654958568,0.23723439034840266,3497
2024,night,all,-0.8,att_eff,0.26509234438900015,0.0,0.5986679006319451,0.44378643486430325,3656
2024,night,all,-0.8,def_eff,-0.1490044458316975,-0.5665929499686363,0.09299613227416989,0.48894668809696534,3202
2024,night,all,-0.8,att_large,0.0,0.0,0.05191309800700255,0.03848265234025393,3274
2024,night,all,-0.8,def_large,0.0,0.0,0.0,0.0,3270
2024,night,all,-0.8,balance,0.018559329971000956,-0.02450335547152101,0.06248975398848236,0.0644871085693131,4156
2024,night,all,-0.8,volume,0.7479328416149068,0.353645147123408,1.6605039048328276,0.9687611250625795,4156
2024,night,all,-0.75,delta,0.12685654104688338,-0.06853072233023885,0.3213490204706434,0.2890138938479483,3622
2024,night,all,-0.75,def_cancel,0.4825403844745314,0.44443346974121933,0.5217596825109907,0.05732113622666521,3622
2024,night,all,-0.75,att_cancel,0.43244477473701626,0.39226244717845754,0.46776298079688605,0.05596777881277132,3622
2024,night,all,-0.75,def_refill,0.31929852206076265,0.20634920634920634,0.47249978272910204,0.19729471933276183,3622
2024,night,all,-0.75,att_refill,0.5025554270291113,0.34078712715060694,0.6669741614863514,0.24179913590492544,3619
2024,night,all,-0.75,att_eff,0.2629756411899926,0.0,0.5755475576292373,0.4266475593989898,3757
2024,night,all,-0.75,def_eff,-0.13893149467548543,-0.5631652072800599,0.1085196714320989,0.49791317917876854,3344
2024,night,all,-0.75,att_large,0.0,0.0,0.0,0.0,3387
2024,night,all,-0.75,def_large,0.0,0.0,0.0,0.0,3385
2024,night,all,-0.75,balance,0.018689221333239053,-0.02258043227343029,0.06360310598957153,0.06388698166271448,4156
2024,night,all,-0.75,volume,0.741304347826087,0.3468179880647911,1.6312111801242235,0.9521076293991345,4156
2024,night,all,-0.7,delta,0.10332716790851296,-0.08633365114182708,0.30943133372831705,0.2933765640253107,3711
2024,night,all,-0.7,def_cancel,0.4791873861189471,0.4407236315466958,0.515139540296753,0.055163757412940856,3711
2024,night,all,-0.7,att_cancel,0.43738605155443894,0.39807401524355646,0.47277171207673446,0.055372644057211276,3711
2024,night,all,-0.7,def_refill,0.33338665838404413,0.20273684725583138,0.49104138632132843,0.21371722688324465,3711
2024,night,all,-0.7,att_refill,0.49794141658736735,0.3456268818644239,0.6574243216499396,0.23113227560082703,3709
2024,night,all,-0.7,att_eff,0.22534967248993512,-0.030399538076926563,0.5859298947763061,0.4568787493352354,3828
2024,night,all,-0.7,def_eff,-0.09070612500057286,-0.526744321685359,0.14709446102881166,0.49950984634111983,3456
2024,night,all,-0.7,att_large,0.0,0.0,0.0,0.0,3473
2024,night,all,-0.7,def_large,0.0,0.0,0.0,0.0,3472
2024,night,all,-0.7,balance,0.019632220448287246,-0.021223318063605827,0.06416127669525587,0.06329473295690267,4156
2024,night,all,-0.7,volume,0.7188664596273291,0.33410188844971456,1.5634057971014494,0.911270503077639,4156
2024,night,all,-0.65,delta,0.09395590515306639,-0.09270648096525995,0.29028457894513776,0.28390738318042824,3789
2024,night,all,-0.65,def_cancel,0.47720056027255126,0.44120120048441913,0.5137792858951542,0.0538013976358303,3789
2024,night,all,-0.65,att_cancel,0.43866247528427327,0.40077439122178554,0.47273770902459483,0.0533456766514524,3789
2024,night,all,-0.65,def_refill,0.3335479057148617,0.2092399333576084,0.4904564071518872,0.20846291608174858,3789
2024,night,all,-0.65,att_refill,0.49844712948898057,0.3402955118906454,0.6611974603776442,0.23788135543884267,3789
2024,night,all,-0.65,att_eff,0.19115918040709115,-0.0412355028756788,0.5499228508903918,0.43821968403711686,3880
2024,night,all,-0.65,def_eff,-0.08332783843380347,-0.5026244555195485,0.16315918369750426,0.4935386502720925,3556
2024,night,all,-0.65,att_large,0.0,0.0,0.0,0.0,3547
2024,night,all,-0.65,def_large,0.0,0.0,0.0,0.0,3547
2024,night,all,-0.65,balance,0.019821955468504505,-0.02149829258054683,0.06401019613116618,0.06338657428592515,4156
2024,night,all,-0.65,volume,0.7064687168610817,0.3416591891671425,1.5119565217391298,0.8675295274810877,4156
2024,night,all,-0.6,delta,0.0988760606762603,-0.10204081632653061,0.29348783376222215,0.29320137145200353,3840
2024,night,all,-0.6,def_cancel,0.4760404770575336,0.4408186269232836,0.5103736757486077,0.05156045131602972,3840
2024,night,all,-0.6,att_cancel,0.4397308503429337,0.4031187932562084,0.4725421589055466,0.05146283591500238,3840
2024,night,all,-0.6,def_refill,0.3462418112788473,0.21485397872061146,0.49837592820571613,0.21017194179770546,3840
2024,night,all,-0.6,att_refill,0.49384024281059247,0.3376343353616081,0.6548746807736506,0.23516704626541332,3840
2024,night,all,-0.6,att_eff,0.18946026346278858,-0.03783486565540819,0.5266853693380538,0.4184731171189488,3921
2024,night,all,-0.6,def_eff,-0.07288201269530568,-0.4778852759324107,0.16552624176036776,0.47695442379005076,3642
2024,night,all,-0.6,att_large,0.0,0.0,0.0,0.0,3595
2024,night,all,-0.6,def_large,0.0,0.0,0.0,0.0,3595
2024,night,all,-0.6,balance,0.02007706424397954,-0.021166634862762265,0.06315511713711147,0.06250685841354614,4156
2024,night,all,-0.6,volume,0.7142701863354037,0.33695652173913043,1.5206521739130436,0.8774615657330713,4156
2024,night,all,-0.55,delta,0.09292224309439569,-0.1006516802913033,0.28693580721627204,0.2873146682784102,3890
2024,night,all,-0.55,def_cancel,0.475105417623332,0.4396577730823345,0.509047916284873,0.05143820845258599,3890
2024,night,all,-0.55,att_cancel,0.4409564636166444,0.40366545540066917,0.47472376109082826,0.052674800363349955,3890
2024,night,all,-0.55,def_refill,0.3481374088292327,0.21463196772477586,0.5048745836137412,0.21515390355001132,3889
2024,night,all,-0.55,att_refill,0.4898854982435447,0.33688097931915945,0.6597926496215648,0.2393711418105303,3888
2024,night,all,-0.55,att_eff,0.17361146944866787,-0.04606418381424138,0.5253950726601561,0.423616943272348,3953
2024,night,all,-0.55,def_eff,-0.05091919796794718,-0.45481718306162483,0.17608193191927285,0.46767910673157725,3703
2024,night,all,-0.55,att_large,0.0,0.0,0.0,0.0,3641
2024,night,all,-0.55,def_large,0.0,0.0,0.0,0.0,3640
2024,night,all,-0.55,balance,0.020170170808763228,-0.02171561577930907,0.062030948948099,0.06208047792987997,4156
2024,night,all,-0.55,volume,0.7144051600573338,0.32608695652173914,1.4994279176201373,0.8697857383976266,4156
2024,night,all,-0.5,delta,0.0856641869619408,-0.10870166317292612,0.2820776063601851,0.2896807038792522,3925
2024,night,all,-0.5,def_cancel,0.4731716295139928,0.43881351726223733,0.5078252791026743,0.05115771819157668,3925
2024,night,all,-0.5,att_cancel,0.44292343680840335,0.40448079582818136,0.47713770959085106,0.053859832292564636,3925
2024,night,all,-0.5,def_refill,0.35865418645978053,0.21896450888047525,0.5103805785867116,0.21602377294754363,3925
2024,night,all,-0.5,att_refill,0.47842392136489664,0.32806376035195883,0.653191143831538,0.24101362748671545,3925
2024,night,all,-0.5,att_eff,0.16888315839752818,-0.04330449715559182,0.503679959019826,0.40547402236873076,3986
2024,night,all,-0.5,def_eff,-0.04255512993792229,-0.4351351118240119,0.191060927035606,0.4641927641657657,3756
2024,night,all,-0.5,att_large,0.0,0.0,0.0,0.0,3674
2024,night,all,-0.5,def_large,0.0,0.0,0.0,0.0,3674
2024,night,all,-0.5,balance,0.021267739873446635,-0.019366396280844904,0.06277664165682421,0.06089179980553678,4156
2024,night,all,-0.5,volume,0.7026256352343309,0.33008695652173914,1.4728260869565217,0.8471009121088086,4156
2024,night,all,-0.45,delta,0.07924831987388564,-0.11491166641626017,0.27167812338050334,0.28657508509767493,3955
2024,night,all,-0.45,def_cancel,0.4737824291732953,0.4384841872879236,0.5077757210401539,0.05136511026851764,3955
2024,night,all,-0.45,att_cancel,0.4445278720594075,0.40571598550695587,0.47700081515766696,0.05284272027480437,3955
2024,night,all,-0.45,def_refill,0.3583509325432899,0.22103603587258425,0.5074996102914755,0.21235253848694682,3955
2024,night,all,-0.45,att_refill,0.48438398950810235,0.32967507786646766,0.6436538696301927,0.23274928966918088,3955
2024,night,all,-0.45,att_eff,0.16560193687479016,-0.056681839765400165,0.5214547500687473,0.42856678267913084,4016
2024,night,all,-0.45,def_eff,-0.04634242421863996,-0.4425235098662897,0.1944581102205532,0.4721880059946945,3793
2024,night,all,-0.45,att_large,0.0,0.0,0.0,0.0,3701
2024,night,all,-0.45,def_large,0.0,0.0,0.0,0.0,3701
2024,night,all,-0.45,balance,0.02169711267557168,-0.01818263694111098,0.06349926127354333,0.060549961612049154,4156
2024,night,all,-0.45,volume,0.7039018952062429,0.3227085781433607,1.4746376811594204,0.8539133454529724,4156
2024,night,all,-0.4,delta,0.07035646187905656,-0.12109104900960115,0.2753772503682136,0.29389792392721625,3982
2024,night,all,-0.4,def_cancel,0.4737348861926703,0.4365502102119148,0.5064794669804175,0.05183784786397527,3982
2024,night,all,-0.4,att_cancel,0.44475843517944025,0.4071432328788624,0.4782325249564638,0.05269777025767339,3982
2024,night,all,-0.4,def_refill,0.3586506911585918,0.23076923076923078,0.5162623280594576,0.21163313364731418,3982
2024,night,all,-0.4,att_refill,0.4799995238497912,0.31952299850838456,0.6561617954806144,0.24954692140269075,3981
2024,night,all,-0.4,att_eff,0.16877298850695896,-0.056026153133111385,0.5130350429028097,0.421839285423218,4044
2024,night,all,-0.4,def_eff,-0.05125833090114357,-0.4222904529211223,0.19024989921574695,0.4540699422808519,3830
2024,night,all,-0.4,att_large,0.0,0.0,0.0,0.0,3728
2024,night,all,-0.4,def_large,0.0,0.0,0.0,0.0,3727
2024,night,all,-0.4,balance,0.0214436788199716,-0.018875820436128773,0.06467502553691293,0.06193539360492343,4156
2024,night,all,-0.4,volume,0.7053260869565218,0.3209821428571428,1.4818840579710146,0.860564799936154,4156
2024,night,all,-0.35,delta,0.07264954509527062,-0.11787217756865918,0.2661693450438399,0.28468608051334254,4006
2024,night,all,-0.35,def_cancel,0.4722102944792722,0.43753696882970233,0.5055448420563756,0.050413545757356036,4006
2024,night,all,-0.35,att_cancel,0.445199143604744,0.40909655557577584,0.47703377323646107,0.050361169503843756,4006
2024,night,all,-0.35,def_refill,0.35971460926025434,0.23348857023576286,0.5156627269000013,0.20917283666733757,4006
2024,night,all,-0.35,att_refill,0.47433267457962625,0.3240239561803845,0.6432654746043831,0.23665049549592188,4005
2024,night,all,-0.35,att_eff,0.1624569995296339,-0.048118150964615386,0.5175493004258924,0.41932353698332675,4063
2024,night,all,-0.35,def_eff,-0.045472495605911725,-0.4104920317102816,0.18073012661562107,0.4382669817093422,3863
2024,night,all,-0.35,att_large,0.0,0.0,0.0,0.0,3750
2024,night,all,-0.35,def_large,0.0,0.0,0.0,0.0,3749
2024,night,all,-0.35,balance,0.0223876278308196,-0.0197657022912333,0.06405677454443025,0.06213675080479136,4156
2024,night,all,-0.35,volume,0.690359168241966,0.3157715400672869,1.4557092665788316,0.8450242598306484,4156
2024,night,all,-0.3,delta,0.07284173662648757,-0.10547247749109659,0.2608695652173913,0.2715656358105915,4024
2024,night,all,-0.3,def_cancel,0.47450203962135235,0.44114555531704797,0.5077748637847592,0.04939162970178744,4024
2024,night,all,-0.3,att_cancel,0.4436693638045804,0.40820608395666164,0.474183644584474,0.04890849564700693,4024
2024,night,all,-0.3,def_refill,0.36007584210513155,0.231783920464089,0.5186114357596329,0.21262232416274562,4024
2024,night,all,-0.3,att_refill,0.47795674248273295,0.32471230158730163,0.6413280116110305,0.23470401039564778,4023
2024,night,all,-0.3,att_eff,0.16333144267678482,-0.04747983318670317,0.5134008632161686,0.41577516412370036,4078
2024,night,all,-0.3,def_eff,-0.04745720294348001,-0.42851259024015387,0.17255230035792601,0.4455632991831578,3897
2024,night,all,-0.3,att_large,0.0,0.0,0.0,0.0,3766
2024,night,all,-0.3,def_large,0.0,0.0,0.0,0.0,3765
2024,night,all,-0.3,balance,0.02435671341490639,-0.01871451721720042,0.06736099688568126,0.06380690444987523,4156
2024,night,all,-0.3,volume,0.6936219390304849,0.31068840579710144,1.4565217391304346,0.8493946132937976,4156
2024,night,all,-0.25,delta,0.07867285110908685,-0.10900228831077484,0.27539309920075206,0.28494839696925645,4046
2024,night,all,-0.25,def_cancel,0.4749251496735612,0.44222254761813024,0.5085029306407007,0.049132974812876574,4046
2024,night,all,-0.25,att_cancel,0.4412488787639993,0.4070152238636076,0.47403869000426346,0.049683814781805676,4046
2024,night,all,-0.25,def_refill,0.36089182849310936,0.22644812549785945,0.5118352450954684,0.21155457346005113,4046
2024,night,all,-0.25,att_refill,0.4848815369413196,0.33309163724675855,0.6503730632783379,0.23519749891147468,4045
2024,night,all,-0.25,att_eff,0.18403282534705742,-0.03703065577871794,0.5066227486830781,0.4030047475624878,4089
2024,night,all,-0.25,def_eff,-0.07214338396710342,-0.44054323104160814,0.15383630432964773,0.44060751324778047,3923
2024,night,all,-0.25,att_large,0.0,0.0,0.0,0.0,3786
2024,night,all,-0.25,def_large,0.0,0.0,0.0,0.0,3785
2024,night,all,-0.25,balance,0.0246976277129719,-0.01753042569582137,0.06734510625561209,0.06291736986763044,4156
2024,night,all,-0.25,volume,0.6983152173913043,0.31752623688155923,1.4502428515471995,0.8396713229545146,4156
2024,night,all,-0.2,delta,0.08233609768437153,-0.10074469996981118,0.28273216209554153,0.2842675033842496,4061
2024,night,all,-0.2,def_cancel,0.4779106843404554,0.44532389291448765,0.5110975923928377,0.048757375447257265,4061
2024,night,all,-0.2,att_cancel,0.43927356969267256,0.4046420371699128,0.4707379823095981,0.04899625288338422,4061
2024,night,all,-0.2,def_refill,0.3512002436068501,0.2243030323632723,0.5040066562597795,0.20734145581653607,4061
2024,night,all,-0.2,att_refill,0.491491139347157,0.3329424625676221,0.6584226047994164,0.24127512396723075,4060
2024,night,all,-0.2,att_eff,0.21107310198747128,0.0,0.5421815100441337,0.40191364717875,4099
2024,night,all,-0.2,def_eff,-0.09403815855798384,-0.47226078879215105,0.11801278462093265,0.43756380534698575,3943
2024,night,all,-0.2,att_large,0.0,0.0,0.0,0.0,3800
2024,night,all,-0.2,def_large,0.0,0.0,0.0,0.0,3799
2024,night,all,-0.2,balance,0.025977073680398744,-0.015025753688938857,0.0686873157830351,0.062055648237193436,4156
2024,night,all,-0.2,volume,0.6923968364185756,0.31953177257525084,1.4470319579678008,0.8358044369107116,4156
2024,night,all,-0.15,delta,0.10641474615857127,-0.07897391706682136,0.30128317736378535,0.28188072233551276,4072
2024,night,all,-0.15,def_cancel,0.4814263781275069,0.4501976239986262,0.514072961922029,0.04735013930571003,4072
2024,night,all,-0.15,att_cancel,0.43590210984026106,0.3999686459112892,0.4673492667321133,0.049948569919069,4072
2024,night,all,-0.15,def_refill,0.354486036838978,0.2210944156834509,0.500146447159856,0.2068584369728726,4072
2024,night,all,-0.15,att_refill,0.49017272311768395,0.33596161870423447,0.6576941600942303,0.23849706552260627,4070
2024,night,all,-0.15,att_eff,0.24662367095706159,0.0,0.5797601872784602,0.42977033897587863,4113
2024,night,all,-0.15,def_eff,-0.147923912484227,-0.5318056846564424,0.06270445850374029,0.44070433147530225,3953
2024,night,all,-0.15,att_large,0.0,0.0,0.0,0.0,3810
2024,night,all,-0.15,def_large,0.0,0.0,0.0,0.0,3809
2024,night,all,-0.15,balance,0.02839967083946758,-0.014567762224974221,0.07140194481034852,0.06372847074523554,4156
2024,night,all,-0.15,volume,0.6785117056856187,0.30869565217391304,1.4525691699604744,0.8479418219322175,4156
2024,night,all,-0.1,delta,0.13461067353422404,-0.04248549562793174,0.31814354340011286,0.2673306442016639,4083
2024,night,all,-0.1,def_cancel,0.4871237480106119,0.45708918255655934,0.5198963627947674,0.04655832486153301,4083
2024,night,all,-0.1,att_cancel,0.4293927729284372,0.3945059347553136,0.4609436222936536,0.04924958305288362,4083
2024,night,all,-0.1,def_refill,0.3398982537441648,0.21439284007597373,0.4808362697376949,0.19751180849645752,4083
2024,night,all,-0.1,att_refill,0.508331734946724,0.34749136624026794,0.6666666666666666,0.23660140876678926,4079
2024,night,all,-0.1,att_eff,0.3002103100399355,0.03232552295429504,0.6278133491659782,0.44142907799235226,4120
2024,night,all,-0.1,def_eff,-0.21895649340610268,-0.5964735554302754,0.0,0.4421597890513531,3977
2024,night,all,-0.1,att_large,0.0,0.0,0.0,0.0,3821
2024,night,all,-0.1,def_large,0.0,0.0,0.0,0.0,3818
2024,night,all,-0.1,balance,0.032158479270847994,-0.009519793281950335,0.07512917674893169,0.06274942181681395,4156
2024,night,all,-0.1,volume,0.6781573498964805,0.30198487712665406,1.5195127436281857,0.9025410426253014,4156
2024,night,all,-0.05,delta,0.19595866441495788,0.02788403175561033,0.37573765459634645,0.2578603579249341,4107
2024,night,all,-0.05,def_cancel,0.5010872765962114,0.472516247850474,0.5334050543014787,0.04513625385545192,4107
2024,night,all,-0.05,att_cancel,0.41605524016314505,0.3797256125807372,0.44410467737031656,0.04772354691592241,4107
2024,night,all,-0.05,def_refill,0.3075181051817068,0.20014093793290072,0.44969933202160817,0.1849951031050463,4107
2024,night,all,-0.05,att_refill,0.5303648732220161,0.37508945725768056,0.6842105263157895,0.22914830916094064,4102
2024,night,all,-0.05,att_eff,0.41243862465399067,0.1778241359673218,0.7308329750821015,0.40993983626002944,4128
2024,night,all,-0.05,def_eff,-0.3898959513096547,-0.777528575410214,-0.10490728419093373,0.4986073322604005,3994
2024,night,all,-0.05,att_large,0.0,0.0,0.056110702983725134,0.04159429428000381,3845
2024,night,all,-0.05,def_large,0.0,0.0,0.0,0.0,3841
2024,night,all,-0.05,balance,0.03886980899326206,-0.00303842748996545,0.0804019373227303,0.061853495042769276,4156
2024,night,all,-0.05,volume,0.7505067567567567,0.33267770876466535,1.6468812162546178,0.9742057134840271,4156
2024,night,all,0.0,delta,0.20159161487527646,0.01293011498175444,0.38884827528601484,0.2786643145324391,4128
2024,night,all,0.0,def_cancel,0.48544567207301553,0.44102703010419475,0.5229403607119986,0.06072152009473967,4128
2024,night,all,0.0,att_cancel,0.4254509898179774,0.390801817367694,0.45510362385210246,0.047666276118909175,4128
2024,night,all,0.0,def_refill,0.28155971682645936,0.16711429854960855,0.418223375888124,0.1861446088499003,4128
2024,night,all,0.0,att_refill,0.5262845041801859,0.3688001404227879,0.680038123394221,0.23071755594620688,4126
2024,night,all,0.0,att_eff,0.2879273659341494,0.01683227398649264,0.6633041272993759,0.47922301950547314,4143
2024,night,all,0.0,def_eff,-0.3177198590807533,-0.7676743517910681,0.0,0.5690692007346687,4071
2024,night,all,0.0,att_large,0.0,0.0,0.21561203568979517,0.15983101237197567,3866
2024,night,all,0.0,def_large,0.0,0.0,0.0,0.0,3864
2024,night,all,0.0,balance,0.03420769812644339,-0.007403289679075429,0.07734557109382652,0.06282346980941582,4156
2024,night,all,0.0,volume,1.1040372670807455,0.5364052423548992,2.3206521739130435,1.3226441301394696,4156
2024,night,all,0.05,delta,0.054150281996190895,-0.1456043670106757,0.2558436124893636,0.297589310229829,4136
2024,night,all,0.05,def_cancel,0.4552288335142543,0.4118618550008774,0.49437413671220115,0.06116551646502872,4136
2024,night,all,0.05,att_cancel,0.4548192068969917,0.421334133961872,0.48894370629663725,0.050118289351197345,4136
2024,night,all,0.05,def_refill,0.3504372382251402,0.22029960847975552,0.5117657199842987,0.21606086842442043,4136
2024,night,all,0.05,att_refill,0.4666569161617368,0.30515000596305336,0.6392569605907176,0.2476700923852218,4136
2024,night,all,0.05,att_eff,0.015627972701710086,-0.2003220503354604,0.4025670877754806,0.4469155953379845,4143
2024,night,all,0.05,def_eff,0.0,-0.42119515103441646,0.27173991035393824,0.5136657237867714,4089
2024,night,all,0.05,att_large,0.0,0.0,0.0,0.0,3873
2024,night,all,0.05,def_large,0.0,0.0,0.0,0.0,3873
2024,night,all,0.05,balance,0.026533895934748572,-0.012784516327963798,0.07033464043951217,0.06161538678093104,4156
2024,night,all,0.05,volume,0.943550724637681,0.4551192145862553,2.05660643704122,1.187166213828736,4156
2024,night,all,0.1,delta,0.002242512537922497,-0.19330721423686878,0.20028063759878925,0.29176267741709266,4137
2024,night,all,0.1,def_cancel,0.4484607213086226,0.40882537865793356,0.4833899416282405,0.05527395327672865,4137
2024,night,all,0.1,att_cancel,0.4652509472775859,0.4340308771014082,0.4991726828668562,0.048288959055187534,4137
2024,night,all,0.1,def_refill,0.38681032176066715,0.2487592800189842,0.5555571370332884,0.22742613566664505,4137
2024,night,all,0.1,att_refill,0.43755684805107375,0.2860109761925534,0.6057392882858632,0.237011350699266,4137
2024,night,all,0.1,att_eff,0.0,-0.32071518344727173,0.26967591232517574,0.4376509234784636,4143
2024,night,all,0.1,def_eff,0.08812140211831111,-0.18544282910072016,0.37696949554328485,0.4169105445841401,4106
2024,night,all,0.1,att_large,0.0,0.0,0.0,0.0,3874
2024,night,all,0.1,def_large,0.0,0.0,0.0,0.0,3874
2024,night,all,0.1,balance,0.023239115025991033,-0.016080800309205237,0.06631761749006718,0.06108111030338949,4156
2024,night,all,0.1,volume,0.7934782608695653,0.36490683229813664,1.7428260869565217,1.0214375497838288,4156
2024,night,all,0.15,delta,-0.0250534588508975,-0.21717246106608665,0.1632431082199131,0.28199819813639715,4140
2024,night,all,0.15,def_cancel,0.4475139125668004,0.4100280303292798,0.47948147175657446,0.05148513078376179,4140
2024,night,all,0.15,att_cancel,0.47021936649337087,0.439087407142254,0.5039613726153959,0.04809041176659884,4140
2024,night,all,0.15,def_refill,0.41011894503286184,0.26666666666666666,0.5812860918844691,0.233224184742626,4140
2024,night,all,0.15,att_refill,0.4242622519908877,0.27956366603984867,0.5955815754732943,0.23426086688913683,4140
2024,night,all,0.15,att_eff,-0.027467534388360453,-0.3804018568216548,0.1839232013882211,0.41832843455142765,4144
2024,night,all,0.15,def_eff,0.13653539625767314,-0.08443358539793594,0.4309428470307295,0.38204331536594915,4116
2024,night,all,0.15,att_large,0.0,0.0,0.0,0.0,3877
2024,night,all,0.15,def_large,0.0,0.0,0.0,0.0,3877
2024,night,all,0.15,balance,0.022728596002954644,-0.018500562174457325,0.06468824858488698,0.061667020577720014,4156
2024,night,all,0.15,volume,0.7099738206457574,0.32745610367892974,1.5672054998141955,0.9190136368682473,4156
2024,night,all,0.2,delta,-0.03895903135611917,-0.22150435044877417,0.14893664516443844,0.2746041479712473,4143
2024,night,all,0.2,def_cancel,0.44811847878229344,0.41172600305979284,0.4782862317880364,0.049340421592471144,4143
2024,night,all,0.2,att_cancel,0.4720995550350466,0.43836015190477146,0.5044177207204056,0.048967804904102394,4143
2024,night,all,0.2,def_refill,0.41902606202591536,0.275,0.5912207098423276,0.2344112007726668,4143
2024,night,all,0.2,att_refill,0.4153931185564886,0.2724089511547636,0.5805976204956728,0.2284571307197251,4143
2024,night,all,0.2,att_eff,-0.028654103101006696,-0.417989693859581,0.1813584788410952,0.4442907136402344,4145
2024,night,all,0.2,def_eff,0.13297575371796772,-0.08377769360011425,0.4487637240983313,0.3947675446244963,4123
2024,night,all,0.2,att_large,0.0,0.0,0.0,0.0,3879
2024,night,all,0.2,def_large,0.0,0.0,0.0,0.0,3879
2024,night,all,0.2,balance,0.02186871558817031,-0.02006968966778621,0.0639255727141987,0.06226483497552625,4156
2024,night,all,0.2,volume,0.6811594202898551,0.30051150895140666,1.4684692777578154,0.8657952326215038,4156
2024,night,all,0.25,delta,-0.05055091845149524,-0.2351457988604173,0.14346484140462787,0.2806602225834286,4143
2024,night,all,0.25,def_cancel,0.4479620026328877,0.4128146714438545,0.47773264281369643,0.048123032890913235,4143
2024,night,all,0.25,att_cancel,0.4733485998872334,0.44114789523762593,0.5050705874085073,0.04738524252845172,4143
2024,night,all,0.25,def_refill,0.4292836298121501,0.28581918574671705,0.5915442951500995,0.22663091875714048,4143
2024,night,all,0.25,att_refill,0.40897379073875867,0.26600923518655445,0.5717875854115764,0.22667038563752553,4143
2024,night,all,0.25,att_eff,-0.03883327088018515,-0.43463794415594187,0.17984163227785713,0.4555074695580423,4146
2024,night,all,0.25,def_eff,0.14075535329752378,-0.06476135396753373,0.47757578808434215,0.40202901560554183,4126
2024,night,all,0.25,att_large,0.0,0.0,0.0,0.0,3879
2024,night,all,0.25,def_large,0.0,0.0,0.0,0.0,3879
2024,night,all,0.25,balance,0.01964567721591051,-0.020475851168045248,0.06184297118306358,0.06102210700601099,4156
2024,night,all,0.25,volume,0.6380978260869565,0.2916666666666667,1.4318181818181819,0.8451827391782915,4156
2024,night,all,0.3,delta,-0.047663129651996115,-0.22731398069971748,0.13793830608605337,0.2707578108122838,4145
2024,night,all,0.3,def_cancel,0.44763205688449964,0.4128436943627323,0.4793041995266759,0.04926649752701526,4145
2024,night,all,0.3,att_cancel,0.47326234135418555,0.44046572647778753,0.5068105148142165,0.049180717817960656,4145
2024,night,all,0.3,def_refill,0.4398422483574627,0.2931020212782404,0.5926780346513862,0.22207265631812145,4145
2024,night,all,0.3,att_refill,0.40435240824369545,0.26810467603033117,0.5707538171765184,0.22435073472660286,4145
2024,night,all,0.3,att_eff,-0.04991919138204496,-0.4343581882160425,0.18432265504498302,0.4586218259903822,4150
2024,night,all,0.3,def_eff,0.16008895896724182,-0.07287519547205162,0.5045846256810333,0.4280651009288992,4134
2024,night,all,0.3,att_large,0.0,0.0,0.0,0.0,3881
2024,night,all,0.3,def_large,0.0,0.0,0.0,0.0,3881
2024,night,all,0.3,balance,0.018429569348101436,-0.021691117898790104,0.060008819726900475,0.060563334044248025,4156
2024,night,all,0.3,volume,0.6147672634271099,0.2831064902331443,1.3604990118577076,0.7986601346364443,4156
2024,night,all,0.35,delta,-0.04593675252137324,-0.2218946818831553,0.13386815301236119,0.2637233764977884,4147
2024,night,all,0.35,def_cancel,0.4480913213961153,0.4147737115495008,0.4769562316661324,0.04609527065725097,4147
2024,night,all,0.35,att_cancel,0.47408824905108354,0.4416802502148333,0.505505244157893,0.04731281982435855,4146
2024,night,all,0.35,def_refill,0.4494801068124127,0.29951117708674535,0.6122454357811501,0.231826729943962,4147
2024,night,all,0.35,att_refill,0.40284413799969315,0.2626845147061176,0.5569511816643838,0.21813689174074594,4147
2024,night,all,0.35,att_eff,-0.03060344690807576,-0.43867270482374676,0.19193316484182732,0.46746172695743077,4151
2024,night,all,0.35,def_eff,0.15008429651735558,-0.0597737700585164,0.4846599313239195,0.4035831737453194,4136
2024,night,all,0.35,att_large,0.0,0.0,0.0,0.0,3883
2024,night,all,0.35,def_large,0.0,0.0,0.0,0.0,3883
2024,night,all,0.35,balance,0.018100886180261767,-0.022411490973032314,0.05959323909499076,0.06078927358637737,4156
2024,night,all,0.35,volume,0.6152415458937198,0.28605072463768116,1.3093989769820973,0.7585976666748823,4156
2024,night,all,0.4,delta,-0.03790750542103712,-0.21488348934295143,0.14482472069227253,0.26664804302092215,4148
2024,night,all,0.4,def_cancel,0.44964493906148445,0.4165967902325345,0.47933069690428637,0.04650400791086129,4148
2024,night,all,0.4,att_cancel,0.47305097787262457,0.440104252109997,0.5048090345122644,0.04796499807432725,4147
2024,night,all,0.4,def_refill,0.45012317099031596,0.298601214332704,0.6086956521739131,0.22986985755463982,4148
2024,night,all,0.4,att_refill,0.40089028520628295,0.2683132405894713,0.5530565605460825,0.21107733132439677,4148
2024,night,all,0.4,att_eff,-0.031842343919087995,-0.418686263805653,0.19295722304131138,0.4534051051497141,4151
2024,night,all,0.4,def_eff,0.13382355316855954,-0.06788946474502064,0.49981657578922156,0.4208347224123367,4139
2024,night,all,0.4,att_large,0.0,0.0,0.0,0.0,3884
2024,night,all,0.4,def_large,0.0,0.0,0.0,0.0,3884
2024,night,all,0.4,balance,0.017581668585091942,-0.022186073686025782,0.059192374221690644,0.06032501698125754,4156
2024,night,all,0.4,volume,0.6049407114624505,0.2760364842454395,1.3079710144927537,0.7649625872848882,4156
2024,night,all,0.45,delta,-0.04161949413791054,-0.21740655448351018,0.1398411001659811,0.2648240583020691,4148
2024,night,all,0.45,def_cancel,0.4501843373758816,0.4187650349874532,0.47970008010401777,0.04517053010864682,4148
2024,night,all,0.45,att_cancel,0.4725781503614581,0.44099160116330616,0.5028154515025688,0.04582939239381959,4147
2024,night,all,0.45,def_refill,0.44859540466892583,0.3039607791152751,0.6108832087450823,0.22751848008139897,4148
2024,night,all,0.45,att_refill,0.39317333251543785,0.266060780846936,0.5475825680747127,0.20868924182933782,4147
2024,night,all,0.45,att_eff,-0.014994921168172375,-0.41439107786254076,0.2120173674348107,0.46435021890092776,4151
2024,night,all,0.45,def_eff,0.14413818824585112,-0.0914801658272962,0.4743564696094675,0.41944895139863875,4142
2024,night,all,0.45,att_large,0.0,0.0,0.0,0.0,3884
2024,night,all,0.45,def_large,0.0,0.0,0.0,0.0,3884
2024,night,all,0.45,balance,0.01838001850872923,-0.02334718591209475,0.05828823247521026,0.060515506588068944,4156
2024,night,all,0.45,volume,0.5948498222194497,0.2826086956521739,1.3049435304870087,0.7578464305669643,4156
2024,night,all,0.5,delta,-0.04729181038774397,-0.22259612290092792,0.1315455867890709,0.2625216528465521,4150
2024,night,all,0.5,def_cancel,0.45185282540855504,0.41817746713382026,0.4800064848774095,0.045833222938168446,4150
2024,night,all,0.5,att_cancel,0.47150954481778024,0.4401693109891347,0.5033654287440652,0.04684664029275797,4149
2024,night,all,0.5,def_refill,0.44492157673355315,0.30344010732522075,0.6018507962007432,0.2212088131026853,4150
2024,night,all,0.5,att_refill,0.3964877832895558,0.2610987939113171,0.5524109546051857,0.21594674625194119,4149
2024,night,all,0.5,att_eff,-0.008296459908288173,-0.401989940115813,0.2254165269597921,0.4650900423095664,4151
2024,night,all,0.5,def_eff,0.1273622832263912,-0.10017794486402065,0.457446761542881,0.41336153180645047,4144
2024,night,all,0.5,att_large,0.0,0.0,0.0,0.0,3886
2024,night,all,0.5,def_large,0.0,0.0,0.0,0.0,3886
2024,night,all,0.5,balance,0.01752628600172929,-0.024105497826567287,0.05814002200214589,0.060967768590595384,4156
2024,night,all,0.5,volume,0.601304347826087,0.2765408504538939,1.3207015810276679,0.7740257454216263,4156
2024,night,all,0.55,delta,-0.03875765786389568,-0.21481613106059372,0.13445463259945356,0.25891087002227375,4150
2024,night,all,0.55,def_cancel,0.4526542224605638,0.420013852173515,0.48244416666456413,0.046278958110488606,4150
2024,night,all,0.55,att_cancel,0.47027388221440425,0.4384405068732551,0.5016658577637323,0.04686831051925664,4149
2024,night,all,0.55,def_refill,0.4458766993593807,0.29726208825964934,0.6055280515295313,0.2285144279243009,4150
2024,night,all,0.55,att_refill,0.403385952793009,0.2658195390185121,0.5555370644554515,0.21476465933057035,4150
2024,night,all,0.55,att_eff,0.0,-0.40521908576515786,0.25300625551475586,0.48793576077087747,4152
2024,night,all,0.55,def_eff,0.1086395238359114,-0.11053962553047794,0.4533125445285458,0.41797788736769736,4145
2024,night,all,0.55,att_large,0.0,0.0,0.0,0.0,3886
2024,night,all,0.55,def_large,0.0,0.0,0.0,0.0,3886
2024,night,all,0.55,balance,0.015772275162308634,-0.02406268101228041,0.057109892031831165,0.06017240403566462,4156
2024,night,all,0.55,volume,0.5721917633558588,0.266304347826087,1.267608695652174,0.7422567441260838,4156
2024,night,all,0.6,delta,-0.030746003721251813,-0.2172835680338273,0.1372899789538777,0.2628417694497443,4151
2024,night,all,0.6,def_cancel,0.45505323486533633,0.42097871135556314,0.4825255379098194,0.045624037475356746,4151
2024,night,all,0.6,att_cancel,0.47027193230749464,0.4378991409013272,0.500400582266537,0.046331683739962826,4150
2024,night,all,0.6,def_refill,0.4408250398164553,0.29743688263735435,0.6019933061416185,0.2257645837689134,4151
2024,night,all,0.6,att_refill,0.41390755641639454,0.27224898687471744,0.5655658224580963,0.2174327913887167,4151
2024,night,all,0.6,att_eff,0.0,-0.3947039944524158,0.24013656523500618,0.4706008596645085,4152
2024,night,all,0.6,def_eff,0.10361994774286688,-0.1072059590711023,0.46306716233752193,0.42273767339408763,4147
2024,night,all,0.6,att_large,0.0,0.0,0.0,0.0,3887
2024,night,all,0.6,def_large,0.0,0.0,0.0,0.0,3887
2024,night,all,0.6,balance,0.015703917943174404,-0.02533376613486131,0.057439026881672926,0.061358630849914185,4156
2024,night,all,0.6,volume,0.5922772879294619,0.26804797456971374,1.2827607175433262,0.7521962512776964,4156
2024,night,all,0.65,delta,-0.038848763797496855,-0.21802341198405553,0.1361508454448028,0.26254578015482455,4154
2024,night,all,0.65,def_cancel,0.45368966143327877,0.4167602590546997,0.4825008260923166,0.048732814705423934,4154
2024,night,all,0.65,att_cancel,0.47160904554260685,0.4380784240116336,0.5023483642008049,0.04764265395787343,4153
2024,night,all,0.65,def_refill,0.44549242424242425,0.30434782608695654,0.6125454575987708,0.22846377428600018,4154
2024,night,all,0.65,att_refill,0.41167416302662957,0.2649424706553576,0.5589228695430939,0.2179246841273064,4154
2024,night,all,0.65,att_eff,-0.007531568082460099,-0.4187759543913449,0.2284405263029734,0.4797750042211404,4153
2024,night,all,0.65,def_eff,0.11936889680181463,-0.09966969801867893,0.47162505277501743,0.4234949968819099,4149
2024,night,all,0.65,att_large,0.0,0.0,0.0,0.0,3890
2024,night,all,0.65,def_large,0.0,0.0,0.0,0.0,3890
2024,night,all,0.65,balance,0.015266266772467759,-0.025406180037575457,0.05805747802808794,0.06187076209463557,4156
2024,night,all,0.65,volume,0.5904377880184337,0.2684782608695653,1.2593167701863355,0.7344985243267385,4156
2024,night,all,0.7,delta,-0.039405720273863354,-0.22502976004775738,0.14187648793245497,0.2719838754486377,4154
2024,night,all,0.7,def_cancel,0.4531051869115912,0.4166506600098217,0.482457024821547,0.04878158992714997,4154
2024,night,all,0.7,att_cancel,0.47023186352890195,0.43675064063024566,0.5042487763159177,0.0500356824949385,4153
2024,night,all,0.7,def_refill,0.4551685627942254,0.3076923076923077,0.620558566026367,0.23192457993629306,4154
2024,night,all,0.7,att_refill,0.4049555307798842,0.26666666666666666,0.5561314765060906,0.2145773238246286,4154
2024,night,all,0.7,att_eff,0.0,-0.4190644804466484,0.2524208943832768,0.4977652889769646,4154
2024,night,all,0.7,def_eff,0.11382751553139529,-0.12763166221118397,0.4647158812432026,0.43910121827604637,4150
2024,night,all,0.7,att_large,0.0,0.0,0.0,0.0,3890
2024,night,all,0.7,def_large,0.0,0.0,0.0,0.0,3890
2024,night,all,0.7,balance,0.014757865988112887,-0.026096511264907474,0.05735462440242657,0.06186147936792739,4156
2024,night,all,0.7,volume,0.5835602953240361,0.26521739130434785,1.2403834541062801,0.7228806988894977,4156
2024,night,all,0.75,delta,-0.04164579080673452,-0.2204150489885516,0.13624722296984704,0.2643901200581161,4154
2024,night,all,0.75,def_cancel,0.4544006954919662,0.41726279586821263,0.48357663346127083,0.0491577743462255,4154
2024,night,all,0.75,att_cancel,0.4701202009092277,0.4366469872063538,0.5031043017149959,0.049264132326643485,4153
2024,night,all,0.75,def_refill,0.4524429881204078,0.30811570528444837,0.6121262612632271,0.22535993771592197,4154
2024,night,all,0.75,att_refill,0.4064887335542875,0.259186599985509,0.5582887700534759,0.2217214010881889,4154
2024,night,all,0.75,att_eff,0.0,-0.42463464951435165,0.26586537799782073,0.5118606579037601,4154
2024,night,all,0.75,def_eff,0.1081390670628097,-0.12365844117450435,0.46324947720913423,0.43506887945414274,4151
2024,night,all,0.75,att_large,0.0,0.0,0.0,0.0,3890
2024,night,all,0.75,def_large,0.0,0.0,0.0,0.0,3890
2024,night,all,0.75,balance,0.014368309150471058,-0.02662228062963922,0.05716775826623263,0.06211270488945283,4156
2024,night,all,0.75,volume,0.5906436487638533,0.28043478260869564,1.2688982213438735,0.7327379086250392,4156
2024,night,all,0.8,delta,-0.03810622455192743,-0.2245434602823957,0.1490191464980051,0.2769181666274283,4155
2024,night,all,0.8,def_cancel,0.45305751351958573,0.4146863605919612,0.4844911167627878,0.051745556835305115,4155
2024,night,all,0.8,att_cancel,0.4711668897773564,0.4371094551317951,0.5048059996250579,0.05018276092903098,4154
2024,night,all,0.8,def_refill,0.45009211174154196,0.3031092536862007,0.6135675243553155,0.23013956313499986,4155
2024,night,all,0.8,att_refill,0.3990477850467961,0.2548044093907975,0.5534410938352432,0.22137634132279146,4155
2024,night,all,0.8,att_eff,0.0,-0.44625071180561693,0.2736346647604362,0.5336437187294686,4154
2024,night,all,0.8,def_eff,0.09354872645677118,-0.12845557463118018,0.482513698603995,0.4529053174463864,4152
2024,night,all,0.8,att_large,0.0,0.0,0.0,0.0,3891
2024,night,all,0.8,def_large,0.0,0.0,0.0,0.0,3891
2024,night,all,0.8,balance,0.013575140162895875,-0.027035189238123643,0.055603920368113034,0.06125953269550532,4156
2024,night,all,0.8,volume,0.6006916996047431,0.28781516538381524,1.2948369565217392,0.7464950267886761,4156
2024,night,all,0.85,delta,-0.043478260869565216,-0.22627428274827638,0.15216034897631986,0.2805297492398786,4155
2024,night,all,0.85,def_cancel,0.45408239001817174,0.4177243155943303,0.4858220576953484,0.05048016464122913,4155
2024,night,all,0.85,att_cancel,0.46900111429216496,0.4331309481549006,0.5032787700379119,0.05199986796368516,4154
2024,night,all,0.85,def_refill,0.44064345865193144,0.298715119535563,0.6160120509839729,0.23520899291950328,4154
2024,night,all,0.85,att_refill,0.39521397418298526,0.25,0.557204943897776,0.2277279050391223,4155
2024,night,all,0.85,att_eff,0.0,-0.43935466479516894,0.29029523802156665,0.5408820628737847,4154
2024,night,all,0.85,def_eff,0.08943287122247832,-0.16850482175413642,0.45670249125151496,0.46345983173139466,4153
2024,night,all,0.85,att_large,0.0,0.0,0.0,0.0,3890
2024,night,all,0.85,def_large,0.0,0.0,0.0,0.0,3891
2024,night,all,0.85,balance,0.013053958790351735,-0.027500401063732687,0.05691656588854343,0.0625774402907903,4156
2024,night,all,0.85,volume,0.6136912604303908,0.29005037115588544,1.31133069828722,0.7570647347155927,4156
2024,night,all,0.9,delta,-0.03839118691531948,-0.225518594053536,0.15147150105521984,0.2794589289167945,4155
2024,night,all,0.9,def_cancel,0.4541342210368533,0.4183149684525661,0.48916090986786226,0.05251737688309574,4155
2024,night,all,0.9,att_cancel,0.46640656713889067,0.43014617030918145,0.5015208069831115,0.052909293309066026,4152
2024,night,all,0.9,def_refill,0.4412328452084586,0.30564875358921156,0.6153846153846154,0.2296040487734647,4155
2024,night,all,0.9,att_refill,0.39523237323284527,0.25,0.5689579403918282,0.23644028198059913,4155
2024,night,all,0.9,att_eff,0.0,-0.42513105674946033,0.3140325302920539,0.5479344603717675,4154
2024,night,all,0.9,def_eff,0.06081452356599812,-0.21996356650912888,0.4272252449609717,0.47975449330622727,4154
2024,night,all,0.9,att_large,0.0,0.0,0.0,0.0,3891
2024,night,all,0.9,def_large,0.0,0.0,0.0,0.0,3891
2024,night,all,0.9,balance,0.012505840805680695,-0.028893750032455232,0.05690547982559686,0.0636020977450349,4156
2024,night,all,0.9,volume,0.604472049689441,0.28194993412384717,1.315217391304348,0.7659506724836922,4156
2024,night,all,0.95,delta,-0.020043768135083982,-0.20336336351338108,0.17391304347826086,0.27967116900788874,4155
2024,night,all,0.95,def_cancel,0.45996501367888215,0.42453502385387853,0.4936127582631779,0.051206622986878704,4155
2024,night,all,0.95,att_cancel,0.45921221850984373,0.4250487517463039,0.49445012344233685,0.05144653202078054,4152
2024,night,all,0.95,def_refill,0.4375,0.29423229025336867,0.6043314530472065,0.22987336011403842,4154
2024,night,all,0.95,att_refill,0.40315016216643607,0.25,0.5823643913817702,0.24637834794793936,4155
2024,night,all,0.95,att_eff,0.020864216381126885,-0.3227236441904581,0.37063599178399687,0.5139804566156079,4154
2024,night,all,0.95,def_eff,0.0,-0.2645796806964355,0.356348815035264,0.46028798794047404,4154
2024,night,all,0.95,att_large,0.0,0.0,0.0,0.0,3891
2024,night,all,0.95,def_large,0.0,0.0,0.0,0.0,3891
2024,night,all,0.95,balance,0.01529582547330695,-0.027354855992037904,0.05951973710402154,0.06439925359233464,4156
2024,night,all,0.95,volume,0.5760869565217391,0.2618053060246736,1.2765732265446228,0.7522371538324308,4156
2024,rth,all,-1.0,delta,0.10012962048713334,0.020469239441645068,0.18520524513992834,0.12211712801948353,1479
2024,rth,all,-1.0,def_cancel,0.4648862788642899,0.4479463768318325,0.47841113706923016,0.022583217373904847,1479
2024,rth,all,-1.0,att_cancel,0.4307876679500435,0.412607402167743,0.4486074162582702,0.02668644484101351,1479
2024,rth,all,-1.0,def_refill,0.3980087652318514,0.3363701973813969,0.46464483936126755,0.09508868938463355,1479
2024,rth,all,-1.0,att_refill,0.5211870900974288,0.4476090582946939,0.5925986825409132,0.10747933598681936,1479
2024,rth,all,-1.0,att_eff,0.32535414082124753,0.13491130652073488,0.5447288307988282,0.3037935687754583,1524
2024,rth,all,-1.0,def_eff,-0.2926385653267856,-0.5564766218119844,-0.07960938727011621,0.3534968380592055,1345
2024,rth,all,-1.0,att_large,0.003654564768385982,0.0,0.12942282059034146,0.0959398225280515,1403
2024,rth,all,-1.0,def_large,0.0,0.0,0.03785911890582064,0.028064580360133904,1403
2024,rth,all,-1.0,balance,-0.0012998180953688646,-0.03717075263162925,0.03365517834199492,0.052502543345903756,2049
2024,rth,all,-1.0,volume,0.8056462594486439,0.5110773707233245,1.2799371645334434,0.5699479568644321,2049
2024,rth,all,-0.95,delta,0.09958292800644007,0.020908644163559233,0.1786893582214527,0.11696124096211526,1741
2024,rth,all,-0.95,def_cancel,0.4648740224937056,0.44773035696476166,0.47766636451481387,0.022191258376613947,1741
2024,rth,all,-0.95,att_cancel,0.4336194910383094,0.4129165662659996,0.4492269904600758,0.026916548698351524,1741
2024,rth,all,-0.95,def_refill,0.39767974750467,0.34015724199296327,0.4627639950699902,0.09088714090216972,1741
2024,rth,all,-0.95,att_refill,0.5249121448061465,0.4484013186506707,0.5992720413793647,0.11183893456537737,1741
2024,rth,all,-0.95,att_eff,0.29595767045021815,0.09899349121171021,0.5231548285888065,0.31442649175470444,1774
2024,rth,all,-0.95,def_eff,-0.31305955662046964,-0.5865147450495054,-0.08088823331382611,0.3748157981732241,1653
2024,rth,all,-0.95,att_large,0.010567608385171783,0.0,0.14085541739444152,0.10441469043324056,1649
2024,rth,all,-0.95,def_large,0.0,0.0,0.043398485681933344,0.03217085669528046,1649
2024,rth,all,-0.95,balance,0.0006216432939261985,-0.035575833220463225,0.03637758538760664,0.05333833847892503,2049
2024,rth,all,-0.95,volume,0.900820602807597,0.5512841565948502,1.473095875995903,0.6833296659755765,2049
2024,rth,all,-0.9,delta,0.08549168902854878,0.010813527879809937,0.16686364563638328,0.11567836749931308,1859
2024,rth,all,-0.9,def_cancel,0.46212983904616756,0.4455702944487771,0.4756736023993529,0.022315276464474284,1859
2024,rth,all,-0.9,att_cancel,0.43613631475062004,0.41691808289349225,0.4529240863756927,0.026690884716234584,1859
2024,rth,all,-0.9,def_refill,0.40845962167836447,0.34523811081735667,0.47349629794830483,0.09507649157223734,1859
2024,rth,all,-0.9,att_refill,0.5182735188475978,0.44389216162528433,0.5963787654473399,0.11303677080952972,1859
2024,rth,all,-0.9,att_eff,0.25433107676846967,0.03187538440131895,0.4733873719543337,0.32728835252262034,1887
2024,rth,all,-0.9,def_eff,-0.2849693221238132,-0.5584750317412565,-0.028023654647321213,0.3932182187501373,1795
2024,rth,all,-0.9,att_large,0.007019494149672416,0.0,0.1441291505495559,0.10684147557417044,1764
2024,rth,all,-0.9,def_large,0.0,0.0,0.03865730530157156,0.02865626782918574,1764
2024,rth,all,-0.9,balance,8.38393129833818e-05,-0.03497123917773026,0.039681071075492055,0.05533899944642129,2049
2024,rth,all,-0.9,volume,0.921897775823071,0.5592937138728323,1.5232814963215975,0.714594353186631,2049
2024,rth,all,-0.85,delta,0.07814540914755021,-0.007626589368569263,0.16131003873954025,0.12523100675174909,1914
2024,rth,all,-0.85,def_cancel,0.4595376717048347,0.4432384356106238,0.47435837649677043,0.023068896135023435,1914
2024,rth,all,-0.85,att_cancel,0.4391627050279314,0.42080551957936757,0.4553592315159326,0.02561431574244999,1914
2024,rth,all,-0.85,def_refill,0.414077115436026,0.34839858256676115,0.4824180030312419,0.0993472353331955,1914
2024,rth,all,-0.85,att_refill,0.5130538060086417,0.44417161468747957,0.5873510434323729,0.10613745644543611,1914
2024,rth,all,-0.85,att_eff,0.20855709313740875,-0.017348463033060885,0.4436087682545343,0.34170291422356946,1932
2024,rth,all,-0.85,def_eff,-0.22725040124064871,-0.5125544609550514,0.022944771485479246,0.39696014265421103,1870
2024,rth,all,-0.85,att_large,0.0,0.0,0.13492044776667836,0.10001515772177788,1816
2024,rth,all,-0.85,def_large,0.0,0.0,0.03697884996135021,0.027412045931319653,1816
2024,rth,all,-0.85,balance,0.0018905286446120942,-0.035730887403041034,0.03900558479185789,0.05540138783906518,2049
2024,rth,all,-0.85,volume,0.9122573864695811,0.5767923736714525,1.524062101193604,0.7022014288525956,2049
2024,rth,all,-0.8,delta,0.06553154928936711,-0.022145381742592663,0.1534823043691652,0.13019102009767078,1953
2024,rth,all,-0.8,def_cancel,0.45939983291268194,0.4423761210473367,0.4735602346482646,0.023116466716773816,1953
2024,rth,all,-0.8,att_cancel,0.4410728827006947,0.4215169575650361,0.4570011246194345,0.02630405267190392,1953
2024,rth,all,-0.8,def_refill,0.4214601504474096,0.356288350689835,0.4928432110940671,0.10122673121143966,1953
2024,rth,all,-0.8,att_refill,0.5111627394888811,0.4341241712433184,0.5816446105964265,0.10935540352343072,1953
2024,rth,all,-0.8,att_eff,0.19096409636561626,-0.04165704619286728,0.4303797735154261,0.34991610059917966,1971
2024,rth,all,-0.8,def_eff,-0.19517686914672522,-0.49903402859387547,0.052469404714085004,0.40882389422384025,1913
2024,rth,all,-0.8,att_large,0.0,0.0,0.13307663203357856,0.09864835584401672,1852
2024,rth,all,-0.8,def_large,0.0,0.0,0.04192485220079709,0.031078467161450775,1852
2024,rth,all,-0.8,balance,0.0026656882729159895,-0.03267165078207912,0.03859447118574337,0.05282885245946812,2049
2024,rth,all,-0.8,volume,0.905116510115607,0.5650206727681438,1.4849579611140307,0.681940169270487,2049
2024,rth,all,-0.75,delta,0.0675905946673925,-0.02268451469006407,0.15572554782272258,0.13225356746685446,1976
2024,rth,all,-0.75,def_cancel,0.4592613471287437,0.44221059666200935,0.47347051605851936,0.023172660783180147,1976
2024,rth,all,-0.75,att_cancel,0.44197391217402643,0.42272359955778016,0.45790161430337856,0.02607710507457257,1976
2024,rth,all,-0.75,def_refill,0.42850944245372924,0.35687380007441777,0.4976607146118809,0.10436390996105495,1976
2024,rth,all,-0.75,att_refill,0.5127238621079938,0.4375429308128934,0.5857469228626918,0.10986211419555107,1976
2024,rth,all,-0.75,att_eff,0.18209627597349262,-0.046095044530474756,0.412803190674367,0.34017660133791083,1991
2024,rth,all,-0.75,def_eff,-0.18959362176323133,-0.48102988850298467,0.05265933284126394,0.3956183998104141,1949
2024,rth,all,-0.75,att_large,0.0,0.0,0.13071871144893882,0.09690045326088867,1873
2024,rth,all,-0.75,def_large,0.0,0.0,0.03873313109296253,0.028712476718282084,1873
2024,rth,all,-0.75,balance,0.004520095218848491,-0.0327979510449198,0.04071632752451073,0.054495388116701654,2049
2024,rth,all,-0.75,volume,0.8790895953757225,0.5520768068636566,1.4684527719390437,0.6793001964976925,2049
2024,rth,all,-0.7,delta,0.05537706067683046,-0.03428551928778879,0.14114995654530949,0.13004853657012475,1998
2024,rth,all,-0.7,def_cancel,0.4573713679693978,0.44219390487795324,0.4721227988717231,0.02218598516958477,1998
2024,rth,all,-0.7,att_cancel,0.44345079918627306,0.4249675474052341,0.45884323318440406,0.0251117018377835,1998
2024,rth,all,-0.7,def_refill,0.43214747865166214,0.3621233409949236,0.502859606312832,0.10432636420897583,1998
2024,rth,all,-0.7,att_refill,0.5019319810030887,0.4345403386496818,0.5758255325261724,0.10473327937471508,1998
2024,rth,all,-0.7,att_eff,0.1392350826896959,-0.0762127250031246,0.3693620180380343,0.330300031905974,2007
2024,rth,all,-0.7,def_eff,-0.130035125489318,-0.4439436677310782,0.11563217034025951,0.4148078858942459,1972
2024,rth,all,-0.7,att_large,0.0,0.0,0.12513674253274093,0.09276259639195028,1894
2024,rth,all,-0.7,def_large,0.0,0.0,0.016954300346134925,0.01256805066429572,1894
2024,rth,all,-0.7,balance,0.0044103046228364355,-0.03232382424310073,0.04130321353085955,0.05457897536987419,2049
2024,rth,all,-0.7,volume,0.8677656988964793,0.5423103006794443,1.4434119464150175,0.6679774986920484,2049
2024,rth,all,-0.65,delta,0.044399018513287314,-0.045351380134742623,0.13329512098352295,0.13242883700390332,2009
2024,rth,all,-0.65,def_cancel,0.45728244295069664,0.44017983827219964,0.4707770708415203,0.02268141776821399,2009
2024,rth,all,-0.65,att_cancel,0.4454210484763247,0.4264405877263297,0.46102308327715474,0.02563565274338402,2009
2024,rth,all,-0.65,def_refill,0.43902306567259197,0.3698717297451064,0.5087805200182165,0.10297167551750193,2009
2024,rth,all,-0.65,att_refill,0.4966465756202476,0.43092760614196807,0.5662140816021237,0.10028649033369581,2009
2024,rth,all,-0.65,att_eff,0.11615430476983313,-0.12925004226710957,0.359425749470979,0.3622504015849433,2013
2024,rth,all,-0.65,def_eff,-0.11784026956487274,-0.4260696726964432,0.14382416221785277,0.4224565121677509,1989
2024,rth,all,-0.65,att_large,0.0,0.0,0.11630865857604542,0.08621842740996695,1903
2024,rth,all,-0.65,def_large,0.0,0.0,0.0,0.003665539074964582,1903
2024,rth,all,-0.65,balance,0.007216063863199381,-0.02899857432669249,0.04249252406949608,0.05299562520102934,2049
2024,rth,all,-0.65,volume,0.8317502113367908,0.5304128275892042,1.4064347411981082,0.6493861479680534,2049
2024,rth,all,-0.6,delta,0.04059423250419849,-0.042918284399765694,0.1312867333053379,0.12913641045597005,2014
2024,rth,all,-0.6,def_cancel,0.45692558361959157,0.4417455031010994,0.47102711172708006,0.0217061591000598,2014
2024,rth,all,-0.6,att_cancel,0.4460371995651657,0.4269543776159467,0.4628100368003572,0.026579436015130117,2014
2024,rth,all,-0.6,def_refill,0.4456048921728359,0.3698577406561665,0.5136630751367235,0.10660143401079095,2014
2024,rth,all,-0.6,att_refill,0.49624463266700725,0.42571514934298615,0.5676192163820235,0.10519204376503881,2014
2024,rth,all,-0.6,att_eff,0.11017233242119376,-0.13522789795092122,0.36147699196510524,0.3682022905233702,2018
2024,rth,all,-0.6,def_eff,-0.10220960268261906,-0.4110620617060351,0.14683506633891305,0.41356347520010983,2004
2024,rth,all,-0.6,att_large,0.0,0.0,0.11352309856115195,0.08415352006015711,1908
2024,rth,all,-0.6,def_large,0.0,0.0,0.0,0.003665539074964582,1908
2024,rth,all,-0.6,balance,0.006978213521650386,-0.028582166003217675,0.04581907331744065,0.05515288311390536,2049
2024,rth,all,-0.6,volume,0.8362088310065188,0.5260823097302505,1.3847445040033741,0.6365175643240353,2049
2024,rth,all,-0.55,delta,0.036888769400418804,-0.04396945850752925,0.11997214401070407,0.12152824500980972,2018
2024,rth,all,-0.55,def_cancel,0.45732660948826714,0.44144991528571037,0.4704645170367575,0.02150822961530552,2018
2024,rth,all,-0.55,att_cancel,0.44656001266078416,0.42865091761382246,0.4627414182554942,0.025270941913767043,2018
2024,rth,all,-0.55,def_refill,0.4467291587433403,0.3775615262609446,0.5129184428415469,0.10033870762090606,2018
2024,rth,all,-0.55,att_refill,0.49125305118916074,0.4197194887660873,0.5647544118073611,0.1075129155235536,2018
2024,rth,all,-0.55,att_eff,0.105832592554845,-0.1345347557612048,0.3399218382591012,0.3517098547222432,2026
2024,rth,all,-0.55,def_eff,-0.113958788443532,-0.39755279247323183,0.1370514389466788,0.3962966874869612,2006
2024,rth,all,-0.55,att_large,0.0,0.0,0.11715610380971142,0.08684662995530869,1912
2024,rth,all,-0.55,def_large,0.0,0.0,0.016118476057144667,0.011948462607223624,1912
2024,rth,all,-0.55,balance,0.007691665695414801,-0.028645792973800644,0.046714680787901516,0.05586395386338188,2049
2024,rth,all,-0.55,volume,0.8430515414258188,0.5276049193159923,1.3368864191427507,0.5999121570250248,2049
2024,rth,all,-0.5,delta,0.03620341254389754,-0.046658901605611654,0.12562881042488683,0.12771513123091066,2020
2024,rth,all,-0.5,def_cancel,0.45699287253407006,0.4389682810186597,0.470584517161514,0.023436794768609565,2020
2024,rth,all,-0.5,att_cancel,0.44753848017717346,0.4280188965889735,0.46305566458906,0.025972400296580045,2020
2024,rth,all,-0.5,def_refill,0.45147502490969055,0.3739296433817318,0.5226134119343618,0.11021776764464793,2020
2024,rth,all,-0.5,att_refill,0.48711919298894674,0.42085110460888775,0.5686872999491914,0.10958947023002497,2020
2024,rth,all,-0.5,att_eff,0.09862083058871704,-0.14954828657966937,0.3356981727184925,0.3597082722743973,2028
2024,rth,all,-0.5,def_eff,-0.10128377546397159,-0.39625631005669293,0.1698310809365023,0.4196348339460305,2012
2024,rth,all,-0.5,att_large,0.0,0.0,0.11715930111981744,0.08684900008881945,1914
2024,rth,all,-0.5,def_large,0.0,0.0,0.0196407977167464,0.014559523881946923,1914
2024,rth,all,-0.5,balance,0.008344237047149376,-0.028308134130574633,0.04765289229103067,0.05630913745115292,2049
2024,rth,all,-0.5,volume,0.8446735516537007,0.5346857998979938,1.3544400289017338,0.6076754848063306,2049
2024,rth,all,-0.45,delta,0.03258165250834738,-0.05176614065118395,0.11692707484769492,0.12505056745654475,2024
2024,rth,all,-0.45,def_cancel,0.4552316209854726,0.44007063493579596,0.4711502948168652,0.02303903623504022,2024
2024,rth,all,-0.45,att_cancel,0.4474004584375583,0.42888535219792906,0.46269521825559895,0.02506291034667894,2024
2024,rth,all,-0.45,def_refill,0.4448945441849497,0.3775047936993347,0.5255169164320308,0.10971988341934477,2024
2024,rth,all,-0.45,att_refill,0.49274020491814763,0.41986820349713794,0.5682109648261346,0.10996498245292566,2024
2024,rth,all,-0.45,att_eff,0.09723361604219914,-0.15261360288902362,0.330069252419383,0.35780789867191004,2030
2024,rth,all,-0.45,def_eff,-0.09126782899407952,-0.38143544448651007,0.14417014383126434,0.3896260847426052,2018
2024,rth,all,-0.45,att_large,0.0,0.0,0.1162096239544499,0.08614501405074122,1918
2024,rth,all,-0.45,def_large,0.0,0.0,0.029251046558265728,0.021683503749641016,1918
2024,rth,all,-0.45,balance,0.010910433344041638,-0.027423299602464944,0.0473414407321007,0.055422342723918196,2049
2024,rth,all,-0.45,volume,0.8317979287090559,0.5234080485046493,1.343613984033716,0.6080103302661726,2049
2024,rth,all,-0.4,delta,0.03179811344287863,-0.048071503995193686,0.11879443871353633,0.12369602869438845,2029
2024,rth,all,-0.4,def_cancel,0.4567097439612998,0.4394593536257851,0.4704335621117285,0.022960866186763084,2029
2024,rth,all,-0.4,att_cancel,0.4472982816219028,0.42827217641606247,0.4623283795413147,0.02524551751315957,2029
2024,rth,all,-0.4,def_refill,0.44636632800201226,0.3775371264005671,0.5177496772255629,0.10393813997405173,2029
2024,rth,all,-0.4,att_refill,0.4908631700578448,0.42454446647175914,0.565491149266942,0.10448234454794875,2029
2024,rth,all,-0.4,att_eff,0.08945902410789053,-0.1435546135965114,0.32599422934158634,0.34807178868650684,2032
2024,rth,all,-0.4,def_eff,-0.09277087568793445,-0.3751682492519132,0.1508084254238265,0.389901167291134,2023
2024,rth,all,-0.4,att_large,0.0,0.0,0.1103957181698913,0.08183522473676152,1923
2024,rth,all,-0.4,def_large,0.0,0.0,0.022290763679552978,0.016523916737993312,1923
2024,rth,all,-0.4,balance,0.011564810317393365,-0.02611096677037925,0.04792457383244932,0.054881794368293976,2049
2024,rth,all,-0.4,volume,0.8081986091040462,0.5165478518869178,1.3653359826589602,0.6291980213284228,2049
2024,rth,all,-0.35,delta,0.04137965192132603,-0.04482335119927821,0.12427100714662628,0.12534793057517013,2030
2024,rth,all,-0.35,def_cancel,0.45729837333445467,0.439663610196712,0.472335058212188,0.024219012613399555,2030
2024,rth,all,-0.35,att_cancel,0.4467449365989279,0.42783031250310943,0.46170730384925046,0.025112669641320258,2030
2024,rth,all,-0.35,def_refill,0.4447854402035792,0.3750191461675462,0.5184959338767752,0.10635788562581834,2030
2024,rth,all,-0.35,att_refill,0.49126583687680936,0.4267009997844852,0.573510819573077,0.10882862845707325,2030
2024,rth,all,-0.35,att_eff,0.11061143112383351,-0.12178987686957037,0.35128301022243347,0.35068412682876493,2032
2024,rth,all,-0.35,def_eff,-0.10381676960356627,-0.39223042633954275,0.1331707970931474,0.38947459112875477,2024
2024,rth,all,-0.35,att_large,0.0,0.0,0.12048408779340948,0.08931363068451408,1924
2024,rth,all,-0.35,def_large,0.0,0.0,0.03904492245622147,0.028943604489415475,1924
2024,rth,all,-0.35,balance,0.011656856958213465,-0.022837569023758067,0.04865064811655542,0.052993489355310223,2049
2024,rth,all,-0.35,volume,0.8105384590120862,0.5229061022070415,1.386793221229637,0.6403907479782027,2049
2024,rth,all,-0.3,delta,0.04051600924222315,-0.04178142576003115,0.1257659234361833,0.12420114840342067,2032
2024,rth,all,-0.3,def_cancel,0.45753691536941127,0.441369932507287,0.4706924861533036,0.02173651122758829,2032
2024,rth,all,-0.3,att_cancel,0.44606993064783895,0.4269194138434595,0.4604172727054015,0.02483162258112825,2032
2024,rth,all,-0.3,def_refill,0.445653547028845,0.3780970209295657,0.5172671374951059,0.10316539404413654,2032
2024,rth,all,-0.3,att_refill,0.49908393310583665,0.42735566015174015,0.5684659493479323,0.10460362431148415,2032
2024,rth,all,-0.3,att_eff,0.11642362084596518,-0.09419524596684949,0.3377598163091986,0.3202039008717925,2032
2024,rth,all,-0.3,def_eff,-0.11325664291293269,-0.36880476744801305,0.10755679459009476,0.3531219881676114,2027
2024,rth,all,-0.3,att_large,0.0,0.0,0.11763968801730587,0.08720510601727641,1926
2024,rth,all,-0.3,def_large,0.0,0.0,0.03406647568374424,0.025253132456444952,1926
2024,rth,all,-0.3,balance,0.013778353300280299,-0.021510634295242227,0.05035628838866111,0.05327421992876452,2049
2024,rth,all,-0.3,volume,0.832866690751445,0.5321545073954438,1.3459639086609658,0.6032686443777036,2049
2024,rth,all,-0.25,delta,0.04071532870393339,-0.04503115908777079,0.13296587150489142,0.13194739109908243,2033
2024,rth,all,-0.25,def_cancel,0.457694394395625,0.4418318647140071,0.4712386658581457,0.021798963042356286,2033
2024,rth,all,-0.25,att_cancel,0.44492735476413153,0.42630382636346853,0.4604753918565865,0.025331034464876168,2033
2024,rth,all,-0.25,def_refill,0.4396779584971695,0.3743987852800843,0.5154884982352875,0.10458837135300462,2033
2024,rth,all,-0.25,att_refill,0.4982569449149219,0.42796332218018096,0.577328078422276,0.11072257690296146,2033
2024,rth,all,-0.25,att_eff,0.12191127066116553,-0.09938965003025141,0.3465740739824535,0.3305883795498183,2034
2024,rth,all,-0.25,def_eff,-0.11605094478322922,-0.40788469474795985,0.1037159478718916,0.379244360726354,2030
2024,rth,all,-0.25,att_large,0.0,0.0,0.12078582393434095,0.08953730462145364,1927
2024,rth,all,-0.25,def_large,0.0,0.0,0.03597575320315795,0.02666846049159225,1927
2024,rth,all,-0.25,balance,0.016348449940567573,-0.019895307819333744,0.05200885664188525,0.053301826880073386,2049
2024,rth,all,-0.25,volume,0.8177806131091049,0.5317684129027477,1.385480006506018,0.6328477343241441,2049
2024,rth,all,-0.2,delta,0.04854158472511616,-0.03642335887677261,0.13456799800432936,0.12675415632401926,2033
2024,rth,all,-0.2,def_cancel,0.4579206149752441,0.4436929336956766,0.47096704149193697,0.020218019122505843,2033
2024,rth,all,-0.2,att_cancel,0.44488474401391853,0.4258678749888124,0.4593885913813226,0.02484856663640489,2033
2024,rth,all,-0.2,def_refill,0.4380884548466032,0.372360830340025,0.5100184382376913,0.10204418672918188,2033
2024,rth,all,-0.2,att_refill,0.5019292244567306,0.4330666511537106,0.5765637609659496,0.10637295019439512,2033
2024,rth,all,-0.2,att_eff,0.15113231229386784,-0.07432374659929626,0.37381596787430066,0.33220141917983464,2036
2024,rth,all,-0.2,def_eff,-0.1435146757960808,-0.42250049208137647,0.078918543567037,0.3716968388794763,2031
2024,rth,all,-0.2,att_large,0.0,0.0,0.12282580333569725,0.09104952063431968,1927
2024,rth,all,-0.2,def_large,0.0,0.0,0.01558616570950826,0.011553866352489445,1927
2024,rth,all,-0.2,balance,0.01666940463920495,-0.01963390451431603,0.05480428331466513,0.055180272667888185,2049
2024,rth,all,-0.2,volume,0.818907098441058,0.5241970306908891,1.3601086594041796,0.6196528011217869,2049
2024,rth,all,-0.15,delta,0.044382347438039656,-0.033905846499558405,0.13599149656549395,0.12594317499262592,2034
2024,rth,all,-0.15,def_cancel,0.45923483790300107,0.44402863270629783,0.4722453152630855,0.020916740220005683,2034
2024,rth,all,-0.15,att_cancel,0.4443578642892945,0.42551883318026706,0.4588346267967951,0.02469665946369758,2034
2024,rth,all,-0.15,def_refill,0.43501530368970354,0.3730819133328823,0.5033634228967281,0.09657635994354764,2034
2024,rth,all,-0.15,att_refill,0.505228375627299,0.43073948781882887,0.583802278908988,0.11346389257980659,2034
2024,rth,all,-0.15,att_eff,0.1551783873430356,-0.05565834292762972,0.38625512166160786,0.3275859633723036,2037
2024,rth,all,-0.15,def_eff,-0.1539571298023051,-0.4374481636894735,0.07107027290004077,0.37695955269793496,2031
2024,rth,all,-0.15,att_large,0.0,0.0,0.12865770330621734,0.0953726488556096,1928
2024,rth,all,-0.15,def_large,0.0,0.0,0.03561190749241144,0.026398745361313154,1928
2024,rth,all,-0.15,balance,0.01955570611904004,-0.018557386883283865,0.05731073806352043,0.05624027053135975,2049
2024,rth,all,-0.15,volume,0.8045032514450867,0.5246005690028902,1.3873557650201436,0.6395516649497801,2049
2024,rth,all,-0.1,delta,0.06798115018841067,-0.012884130761052055,0.14931899750176245,0.1202395316996401,2035
2024,rth,all,-0.1,def_cancel,0.46039430241411305,0.4459752741613497,0.47386417896560845,0.02067376190085898,2035
2024,rth,all,-0.1,att_cancel,0.44147141246764293,0.4227483069681481,0.45516587965454114,0.024030817410224656,2035
2024,rth,all,-0.1,def_refill,0.42741720896075924,0.3650742282070621,0.4959916813374868,0.09704777845101904,2035
2024,rth,all,-0.1,att_refill,0.519919147381192,0.4469326667583335,0.5949021374889147,0.10968826592333673,2035
2024,rth,all,-0.1,att_eff,0.21370442550832633,0.015694930912102712,0.42649637192875306,0.30452293626141613,2037
2024,rth,all,-0.1,def_eff,-0.22884977318497138,-0.4869791555304277,-0.0056988081561936245,0.3567682337837169,2032
2024,rth,all,-0.1,att_large,0.0,0.0,0.13296639297334006,0.09856663674821355,1929
2024,rth,all,-0.1,def_large,0.0,0.0,0.018510526107525845,0.01372166501669818,1929
2024,rth,all,-0.1,balance,0.023365774051549576,-0.013976222188791583,0.05921056459896599,0.05425262178484624,2049
2024,rth,all,-0.1,volume,0.832188796375778,0.540248097481289,1.3798038761512292,0.6223541724758638,2049
2024,rth,all,-0.05,delta,0.10924109009489101,0.032605827754722774,0.1932270695074689,0.11906689529484515,2035
2024,rth,all,-0.05,def_cancel,0.4663317319711738,0.45053725392247285,0.47879005908859884,0.020943517543458853,2035
2024,rth,all,-0.05,att_cancel,0.43248857210483643,0.4138689632901536,0.44630823902576827,0.02404690566020361,2035
2024,rth,all,-0.05,def_refill,0.40479109876862984,0.33962263923882346,0.4720084834518828,0.09813628184807956,2035
2024,rth,all,-0.05,att_refill,0.5406650733118388,0.4746526922226683,0.616300980728992,0.10500243773634074,2035
2024,rth,all,-0.05,att_eff,0.32513496139462034,0.16354424328709677,0.5367169266328216,0.27662912034523707,2038
2024,rth,all,-0.05,def_eff,-0.3906837553437194,-0.6513008613931421,-0.1644376493601301,0.360906754657533,2034
2024,rth,all,-0.05,att_large,0.025792187592519798,0.0,0.1512962484548039,0.11215437246464338,1929
2024,rth,all,-0.05,def_large,0.0,0.0,0.0,0.003665539074964582,1929
2024,rth,all,-0.05,balance,0.035417833990804094,-0.006685321814015199,0.07515400571360706,0.060666662362952005,2049
2024,rth,all,-0.05,volume,0.9299077367718985,0.5789672830180417,1.4845328305635836,0.6712865437698606,2049
2024,rth,all,0.0,delta,0.1139191845170531,0.03528295028816508,0.20692664594993523,0.12723772843719064,2036
2024,rth,all,0.0,def_cancel,0.45475647628749843,0.4364630366551503,0.4696969273240521,0.02463594564040164,2036
2024,rth,all,0.0,att_cancel,0.43450782208334243,0.4143583728905954,0.44955702178617507,0.02609240096040005,2036
2024,rth,all,0.0,def_refill,0.393505726719489,0.33160178970085047,0.4604613788478905,0.09552230477912531,2036
2024,rth,all,0.0,att_refill,0.5153154117667345,0.4524901166631663,0.5935409217744222,0.10455952936342172,2036
2024,rth,all,0.0,att_eff,0.18620673932444687,-0.009728333882602682,0.39435365263010647,0.2995418728782129,2038
2024,rth,all,0.0,def_eff,-0.25724290685962525,-0.5447126033430878,-0.017648515620432632,0.39070725553940333,2035
2024,rth,all,0.0,att_large,0.08457452629097906,0.0,0.20740151504618254,0.15374463680221093,1930
2024,rth,all,0.0,def_large,0.0,0.0,0.043364927637544834,0.032145980457779715,1930
2024,rth,all,0.0,balance,0.028801115119766758,-0.008513351315570992,0.07371001638037741,0.06095134743954663,2049
2024,rth,all,0.0,volume,1.2207758475609547,0.7963114161849711,1.8931391224382554,0.8130672396243768,2049
2024,rth,all,0.05,delta,0.012929674195571582,-0.07361388943427415,0.10228749506182161,0.13039390993038974,2041
2024,rth,all,0.05,def_cancel,0.4429465110521184,0.4246173177991007,0.4595283144873796,0.025879167300429096,2041
2024,rth,all,0.05,att_cancel,0.4528885011628139,0.4348243326537984,0.46773151957962866,0.0243937634735584,2041
2024,rth,all,0.05,def_refill,0.4594014334858832,0.3816679669868998,0.5339810091799773,0.112908111336603,2041
2024,rth,all,0.05,att_refill,0.4603793598707135,0.3960803397925538,0.5399887628210676,0.10667785250445794,2041
2024,rth,all,0.05,att_eff,-0.10780476688008055,-0.33917632573347267,0.13617489598031035,0.35237303314587326,2040
2024,rth,all,0.05,def_eff,0.10034156579156739,-0.19225568462352124,0.3305847825648057,0.38757632853100593,2036
2024,rth,all,0.05,att_large,0.0,0.0,0.15348844866105013,0.11377942821426992,1935
2024,rth,all,0.05,def_large,0.0,0.0,0.060239254428827806,0.04465474753804878,1935
2024,rth,all,0.05,balance,0.02258750099040607,-0.014017860865742242,0.06113317398338761,0.0557086989244847,2049
2024,rth,all,0.05,volume,1.0613667064589092,0.6776902697495183,1.6851373758707573,0.7468103084664484,2049
2024,rth,all,0.1,delta,-0.018099643795602145,-0.0992214894777841,0.06651618563866027,0.12285965538654142,2041
2024,rth,all,0.1,def_cancel,0.4434790937673612,0.42648206704493075,0.4589657665981266,0.024079836585022874,2041
2024,rth,all,0.1,att_cancel,0.45644601268114443,0.439827977171369,0.47006726697310924,0.022416078429755546,2041
2024,rth,all,0.1,def_refill,0.476439810850182,0.4079220794500262,0.5472183565296678,0.10325891555199525,2041
2024,rth,all,0.1,att_refill,0.4559556894448903,0.38954790084029217,0.5273807976924766,0.1021741266509892,2041
2024,rth,all,0.1,att_eff,-0.1365693317496881,-0.39987685229327036,0.07824920410317131,0.35442998991582036,2042
2024,rth,all,0.1,def_eff,0.1322265934323069,-0.0922026967816403,0.3681681871440028,0.34126826087890516,2039
2024,rth,all,0.1,att_large,0.0,0.0,0.13053365585313328,0.09676327342708176,1935
2024,rth,all,0.1,def_large,0.0,0.0,0.07912656069806087,0.05865571586216521,1935
2024,rth,all,0.1,balance,0.019945489840040662,-0.01567937136723677,0.0575581093496367,0.05429020067966899,2049
2024,rth,all,0.1,volume,0.9195454428158547,0.5967191187174223,1.522197115212006,0.6860474399515075,2049
2024,rth,all,0.15,delta,-0.026069134033602726,-0.10054795440962588,0.05298974245888657,0.11381593541031317,2041
2024,rth,all,0.15,def_cancel,0.4447767279156748,0.4267624961145026,0.4594583520050515,0.024237105923312716,2041
2024,rth,all,0.15,att_cancel,0.4584802256212154,0.4416365165136775,0.47180719421417955,0.022365216975909583,2041
2024,rth,all,0.15,def_refill,0.48502995784011305,0.41964976446918334,0.5529623990900847,0.09882330216523452,2041
2024,rth,all,0.15,att_refill,0.4532333356490045,0.38601729888780983,0.5204985584861941,0.09968959199287195,2041
2024,rth,all,0.15,att_eff,-0.14059625919900848,-0.423370986064726,0.08833562735201514,0.37932291580188376,2042
2024,rth,all,0.15,def_eff,0.1453315605777591,-0.0867499186345709,0.39367392315532357,0.35613331489243477,2040
2024,rth,all,0.15,att_large,0.0,0.0,0.10503811298320213,0.07786368642194376,1935
2024,rth,all,0.15,def_large,0.0,0.0,0.06780813366900065,0.05026548085174252,1935
2024,rth,all,0.15,balance,0.018417650634155132,-0.016561204792930138,0.05679022757392494,0.05437467188054491,2049
2024,rth,all,0.15,volume,0.8540495270625328,0.5508362376742604,1.3721525223331579,0.6088334207997758,2049
2024,rth,all,0.2,delta,-0.029279067698089193,-0.10413512798295954,0.04609998841359078,0.11136776604636792,2041
2024,rth,all,0.2,def_cancel,0.44611588548442194,0.4276998172256703,0.46030599710765674,0.02417063000888543,2041
2024,rth,all,0.2,att_cancel,0.45846313687615753,0.44289580585299776,0.4724504712138725,0.021908573284562458,2041
2024,rth,all,0.2,def_refill,0.4915459930851694,0.4282819462080352,0.5601000759477729,0.09771544087452755,2041
2024,rth,all,0.2,att_refill,0.44893578228746195,0.3857508174788855,0.5221122651011566,0.10108335628040852,2041
2024,rth,all,0.2,att_eff,-0.1351867134651817,-0.4092252556984338,0.10528647224379899,0.3814023187118108,2044
2024,rth,all,0.2,def_eff,0.1463407692699018,-0.0966308073307343,0.3874174703649981,0.3588200724208543,2040
2024,rth,all,0.2,att_large,0.0,0.0,0.06137169710046586,0.04549421578981902,1935
2024,rth,all,0.2,def_large,0.0,0.0,0.06819504267646502,0.050552292569655315,1935
2024,rth,all,0.2,balance,0.016025683407384257,-0.017668436249869454,0.056858601153349016,0.05524613595494327,2049
2024,rth,all,0.2,volume,0.7946614087858855,0.5249051661849711,1.3158586223506743,0.5863257643926636,2049
2024,rth,all,0.25,delta,-0.03229129358561294,-0.11068059697018486,0.04614234500220239,0.11625125424194756,2042
2024,rth,all,0.25,def_cancel,0.4472944367518717,0.43000293083563373,0.4615526466243228,0.023387483905625717,2042
2024,rth,all,0.25,att_cancel,0.4591043407702316,0.4428737619565957,0.4719908189669033,0.021584178658493394,2042
2024,rth,all,0.25,def_refill,0.4887904203195915,0.42265933274434686,0.5642911809963781,0.10499025074279558,2042
2024,rth,all,0.25,att_refill,0.4502824350813235,0.3870932371619788,0.5211290751028086,0.09935940544168258,2042
2024,rth,all,0.25,att_eff,-0.1365457493207366,-0.39136046278816056,0.10303722529596664,0.3664919852365658,2044
2024,rth,all,0.25,def_eff,0.13249351639135842,-0.10055862142377718,0.35804580924694396,0.3399588070205494,2040
2024,rth,all,0.25,att_large,0.0,0.0,0.059218012665077494,0.043897711389975905,1935
2024,rth,all,0.25,def_large,0.0,0.0,0.06561663597581077,0.04864094586791014,1935
2024,rth,all,0.25,balance,0.016787867637361027,-0.018090911265505383,0.055307757975011744,0.054409688095268444,2049
2024,rth,all,0.25,volume,0.775042766832047,0.4952937369844884,1.246272880539499,0.5566932124203191,2049
2024,rth,all,0.3,delta,-0.028953329783198735,-0.10429185654601722,0.04916008580066036,0.11375236645417167,2043
2024,rth,all,0.3,def_cancel,0.4495477960394283,0.43087140116407746,0.46364350427053497,0.02429362721012417,2043
2024,rth,all,0.3,att_cancel,0.458400471821564,0.44193093694745067,0.4716011963176615,0.021994261949748583,2043
2024,rth,all,0.3,def_refill,0.4901384946392269,0.4249906909272647,0.5566933519634947,0.09762984509727944,2043
2024,rth,all,0.3,att_refill,0.4562663701664848,0.39224762190514595,0.5196792994585703,0.09446380841617816,2043
2024,rth,all,0.3,att_eff,-0.11189615087592918,-0.36538556198260713,0.12406518713113017,0.3628248696172997,2044
2024,rth,all,0.3,def_eff,0.11076235834429775,-0.1277271895505282,0.3671380148015545,0.36683855029805984,2041
2024,rth,all,0.3,att_large,0.0,0.0,0.040838973544539144,0.03027351634139299,1936
2024,rth,all,0.3,def_large,0.0,0.0,0.06515642399599197,0.04829979540103186,1936
2024,rth,all,0.3,balance,0.015693991274139937,-0.019039804510725962,0.05138411489137725,0.052204536250632476,2049
2024,rth,all,0.3,volume,0.7346613078034682,0.4873870113709348,1.176286809288977,0.5106744239570365,2049
2024,rth,all,0.35,delta,-0.0314055071351321,-0.10989312565064216,0.051602861813404545,0.11971533540700274,2044
2024,rth,all,0.35,def_cancel,0.4491029460884157,0.4325733498314214,0.46342918112606757,0.022873114377054218,2044
2024,rth,all,0.35,att_cancel,0.45776120273796933,0.4430630278806497,0.4724513137567346,0.021785237862183015,2044
2024,rth,all,0.35,def_refill,0.489414237700144,0.42659475412161896,0.5613760230141795,0.09991198583584922,2044
2024,rth,all,0.35,att_refill,0.4510140503626628,0.38812876269779034,0.5239305369612385,0.10066847610337148,2044
2024,rth,all,0.35,att_eff,-0.10458618510705545,-0.40022928724120815,0.12635881987846292,0.3903544159523136,2044
2024,rth,all,0.35,def_eff,0.10526786847143131,-0.12796922785793885,0.3638416871497195,0.36457443662539535,2041
2024,rth,all,0.35,att_large,0.0,0.0,0.052836825350035324,0.03916740203857326,1936
2024,rth,all,0.35,def_large,0.0,0.0,0.062393617385579636,0.0462517549188878,1936
2024,rth,all,0.35,balance,0.015867279307587242,-0.019029948350689073,0.05070889071236215,0.05169669315274368,2049
2024,rth,all,0.35,volume,0.7360621387283236,0.47799951058725226,1.1654833124486301,0.5096247604606211,2049
2024,rth,all,0.4,delta,-0.023313990100552996,-0.10425413802417957,0.05411677151683526,0.11739874687992205,2044
2024,rth,all,0.4,def_cancel,0.4508620658846746,0.43452041280621334,0.46465722779602625,0.022340114892374287,2044
2024,rth,all,0.4,att_cancel,0.45847275926704895,0.44268202390820216,0.4729250460527264,0.022418845177556882,2044
2024,rth,all,0.4,def_refill,0.48988985056539536,0.4260018667414112,0.5573851513820701,0.09739309461872417,2044
2024,rth,all,0.4,att_refill,0.4570611630429709,0.391219640393146,0.5238302323430992,0.09830288506297497,2044
2024,rth,all,0.4,att_eff,-0.09908772773613901,-0.36965209312788144,0.1329384443957694,0.37256526132220225,2044
2024,rth,all,0.4,def_eff,0.10605963096715947,-0.13105125687717337,0.3455998852521048,0.3533366509483159,2042
2024,rth,all,0.4,att_large,0.0,0.0,0.0541606530953825,0.04014874210184025,1936
2024,rth,all,0.4,def_large,0.0,0.0,0.04220285854803101,0.03128455044331432,1936
2024,rth,all,0.4,balance,0.016267698090514513,-0.019813052863704363,0.05215947190892639,0.053352501684678096,2049
2024,rth,all,0.4,volume,0.7162933526011561,0.46704646102079905,1.1257937029252059,0.48832264040356327,2049
2024,rth,all,0.45,delta,-0.025949619642932246,-0.10746356205705541,0.049657893698329375,0.1164725394776759,2044
2024,rth,all,0.45,def_cancel,0.45067207940188353,0.43549459254761574,0.46499432209071706,0.02186784992075709,2044
2024,rth,all,0.45,att_cancel,0.4582092100405615,0.44292316703930806,0.4718958965848988,0.021477190174641003,2044
2024,rth,all,0.45,def_refill,0.4919554572643676,0.42439150563108546,0.5601643941100246,0.1006470633646695,2044
2024,rth,all,0.45,att_refill,0.45512249157961693,0.387828268109221,0.5234778756383572,0.10055567644858135,2044
2024,rth,all,0.45,att_eff,-0.08892201580314904,-0.37570442688543604,0.15235501646555558,0.39144510255818504,2044
2024,rth,all,0.45,def_eff,0.09733531989393195,-0.14301176671027552,0.3469988351187049,0.3632398827494295,2043
2024,rth,all,0.45,att_large,0.0,0.0,0.05186108558672981,0.03844409606132677,1936
2024,rth,all,0.45,def_large,0.0,0.0,0.050087533525739254,0.03712937993012547,1936
2024,rth,all,0.45,balance,0.01565308946105121,-0.020050121948049664,0.05098958014329269,0.05266100970447914,2049
2024,rth,all,0.45,volume,0.713994464276007,0.4680181381319387,1.1109627890173408,0.4766083401670883,2049
2024,rth,all,0.5,delta,-0.027292339290071573,-0.10753223762315284,0.04745835639588302,0.1148929533128509,2044
2024,rth,all,0.5,def_cancel,0.45132110618737814,0.43370491258704846,0.46524266169065887,0.0233786131235066,2044
2024,rth,all,0.5,att_cancel,0.45771252919309097,0.44180658611178525,0.47024434569929263,0.021080622377692648,2044
2024,rth,all,0.5,def_refill,0.4904697241806005,0.42682775374171134,0.5605460620723708,0.09912402396638952,2044
2024,rth,all,0.5,att_refill,0.4524557214555199,0.38366529900472424,0.5235716510137879,0.10371115790145563,2044
2024,rth,all,0.5,att_eff,-0.08380436058436136,-0.3603355869103853,0.15740422364785173,0.3837952635717102,2044
2024,rth,all,0.5,def_eff,0.09396992128258033,-0.13549205305354578,0.32039937308970073,0.3379476843167135,2043
2024,rth,all,0.5,att_large,0.0,0.0,0.03048791554099927,0.022600382165307097,1936
2024,rth,all,0.5,def_large,0.0,0.0,0.07097389725771132,0.052612229249600684,1936
2024,rth,all,0.5,balance,0.015101320219441931,-0.02038005529516747,0.05119419657646024,0.053057266027893034,2049
2024,rth,all,0.5,volume,0.7141704870108299,0.4690794931492186,1.1326812005052043,0.4919212063424653,2049
2024,rth,all,0.55,delta,-0.023666619606279665,-0.0983446468742285,0.04911096640197512,0.10930734861097378,2045
2024,rth,all,0.55,def_cancel,0.45133675391508227,0.4339896643194149,0.4655858607722223,0.02342193954989431,2045
2024,rth,all,0.55,att_cancel,0.4570648761793367,0.44094335452484595,0.4705235567309242,0.021927503488568024,2044
2024,rth,all,0.55,def_refill,0.49005430293911517,0.4200439898275404,0.555915060127353,0.10071984455138078,2045
2024,rth,all,0.55,att_refill,0.45596658033935983,0.3879055012377403,0.5225416913949111,0.09980444044267667,2045
2024,rth,all,0.55,att_eff,-0.0701545576246706,-0.34813128795771675,0.17725542993721635,0.3894638383209289,2044
2024,rth,all,0.55,def_eff,0.09189893265955408,-0.16679484146498666,0.3155673231816177,0.35757017394114476,2043
2024,rth,all,0.55,att_large,0.0,0.0,0.046361018994333925,0.03436695255324976,1937
2024,rth,all,0.55,def_large,0.0,0.0,0.06913169793475907,0.051246625600266174,1937
2024,rth,all,0.55,balance,0.01379177186309416,-0.021153075941423686,0.05327171571986425,0.05517034222482427,2049
2024,rth,all,0.55,volume,0.7255583289542827,0.4732939948619139,1.124262779985549,0.48255654938742404,2049
2024,rth,all,0.6,delta,-0.02254386011082793,-0.09657008371036968,0.05568130560731184,0.1128624086861983,2045
2024,rth,all,0.6,def_cancel,0.45251807910376657,0.4354264294265782,0.4670240179060002,0.023422971445086697,2045
2024,rth,all,0.6,att_cancel,0.456409720939501,0.43948308405369857,0.4704985534925828,0.02299145251214546,2044
2024,rth,all,0.6,def_refill,0.4824965675169456,0.41598529327134337,0.5546601452679281,0.10279825944891378,2045
2024,rth,all,0.6,att_refill,0.45653806971635696,0.3892771187482235,0.5283231998459321,0.10307344781149637,2045
2024,rth,all,0.6,att_eff,-0.04795098006655922,-0.3135374538705273,0.21069352186886814,0.3886070983983658,2044
2024,rth,all,0.6,def_eff,0.05365664333203124,-0.19709779969574065,0.30889064595710297,0.3750840961103363,2043
2024,rth,all,0.6,att_large,0.0,0.0,0.05962522519427661,0.044199573902354794,1937
2024,rth,all,0.6,def_large,0.0,0.0,0.06497326846097158,0.04816402406298857,1937
2024,rth,all,0.6,balance,0.014328805213647699,-0.02005459663343402,0.05249903259932904,0.05378326851946855,2049
2024,rth,all,0.6,volume,0.7004330854363456,0.46744687699758636,1.1113881332879973,0.4773471136326249,2049
2024,rth,all,0.65,delta,-0.014686156727499526,-0.0945620496838069,0.058971790549123305,0.11381307652552276,2045
2024,rth,all,0.65,def_cancel,0.45331924137272844,0.43599970890092854,0.4667442557923536,0.02279062037911422,2045
2024,rth,all,0.65,att_cancel,0.4563957557366634,0.4401866997342382,0.469732555384792,0.021902042735770084,2044
2024,rth,all,0.65,def_refill,0.4812566468412741,0.41555634780682615,0.5500195906857424,0.09967623638170216,2045
2024,rth,all,0.65,att_refill,0.4617625762782488,0.38987148403948224,0.5314781734117576,0.10497160072073787,2045
2024,rth,all,0.65,att_eff,-0.04414834305555637,-0.30656403147434486,0.19024677294768416,0.36828080387103707,2045
2024,rth,all,0.65,def_eff,0.05102174826440484,-0.1900137119817237,0.28343844446842587,0.3509652753522236,2044
2024,rth,all,0.65,att_large,0.0,0.0,0.05985019563584995,0.04436634220596735,1937
2024,rth,all,0.65,def_large,0.0,0.0,0.0547052496316501,0.040552445983432245,1937
2024,rth,all,0.65,balance,0.013735490026298005,-0.020324232246925773,0.053093849267379783,0.05442407821668314,2049
2024,rth,all,0.65,volume,0.6928223379353174,0.4541448398362235,1.0868154964297858,0.46899233253785194,2049
2024,rth,all,0.7,delta,-0.019728648713969246,-0.09468028441579496,0.05911942605202778,0.11401016343055799,2045
2024,rth,all,0.7,def_cancel,0.4539663402735974,0.4348729757698771,0.4668111237147,0.023675424718178587,2045
2024,rth,all,0.7,att_cancel,0.45625990356207774,0.43943255311774865,0.4694901935207137,0.02228142357521501,2044
2024,rth,all,0.7,def_refill,0.4775255051977521,0.4182502264209382,0.5512306965464956,0.09857707199818934,2045
2024,rth,all,0.7,att_refill,0.4626637935021385,0.38834591764329474,0.5308467712071736,0.1056344355551363,2045
2024,rth,all,0.7,att_eff,-0.0457234823979595,-0.31898765885644176,0.19030637376498152,0.3775344941596911,2046
2024,rth,all,0.7,def_eff,0.057123211821385154,-0.18981551632912805,0.29284226690360504,0.35778931299683703,2044
2024,rth,all,0.7,att_large,0.0,0.0,0.04053563669942628,0.030048655818699987,1937
2024,rth,all,0.7,def_large,0.0,0.0,0.06180684918864592,0.04581678961352552,1937
2024,rth,all,0.7,balance,0.014046001258151614,-0.02130311851771384,0.05285411767190922,0.0549720060708844,2049
2024,rth,all,0.7,volume,0.685930840193846,0.45529114130089565,1.094218900529865,0.4736306591764043,2049
2024,rth,all,0.75,delta,-0.015735431359879936,-0.10389425127316061,0.061254241766595115,0.12242290069663138,2045
2024,rth,all,0.75,def_cancel,0.4532970945173786,0.4344683142715072,0.4673901629018153,0.024404632046188333,2045
2024,rth,all,0.75,att_cancel,0.45640962588983575,0.43972794256366277,0.46968519790267516,0.022207009146784574,2043
2024,rth,all,0.75,def_refill,0.48293560351850434,0.41523340613883397,0.5556972046064288,0.10412438729992203,2045
2024,rth,all,0.75,att_refill,0.4605690119678803,0.3845381580501963,0.536339875999364,0.11252907186743338,2045
2024,rth,all,0.75,att_eff,-0.04249804380175866,-0.33435074403237675,0.2196789542205599,0.4106965887716358,2046
2024,rth,all,0.75,def_eff,0.06239349364085834,-0.19993177685501284,0.304875552955597,0.3742085469315121,2044
2024,rth,all,0.75,att_large,0.0,0.0,0.04625497667026547,0.03428834445534876,1937
2024,rth,all,0.75,def_large,0.0,0.0,0.07010045421961301,0.05196475479585842,1937
2024,rth,all,0.75,balance,0.014638684358940413,-0.019896866205062907,0.053377583830712005,0.0543176056603224,2049
2024,rth,all,0.75,volume,0.7007857658959536,0.45880458035815486,1.0993337587268222,0.47481777492117666,2049
2024,rth,all,0.8,delta,-0.01352709646123851,-0.10009253273635763,0.06285456166005518,0.12079102623900134,2045
2024,rth,all,0.8,def_cancel,0.4528364963335691,0.43501102850879964,0.46772809274503035,0.024252827454581707,2045
2024,rth,all,0.8,att_cancel,0.45584584152797897,0.4400008249156141,0.4690026238226171,0.02149873899703706,2043
2024,rth,all,0.8,def_refill,0.4835861494655594,0.41621087356072206,0.5524664608173698,0.10100488306645498,2045
2024,rth,all,0.8,att_refill,0.4616023646197069,0.3918755178049218,0.5368710040730336,0.10748368144411546,2045
2024,rth,all,0.8,att_eff,-0.030794592030196747,-0.29689022640754503,0.20970523697283336,0.37553407218708557,2046
2024,rth,all,0.8,def_eff,0.04382574093704607,-0.20622775533419857,0.28875650421535287,0.366926804706858,2044
2024,rth,all,0.8,att_large,0.0,0.0,0.026608588270528005,0.019724676256877693,1937
2024,rth,all,0.8,def_large,0.0,0.0,0.08159080042699719,0.06048243174721808,1937
2024,rth,all,0.8,balance,0.015689508791340154,-0.018651043021348263,0.05564975785692253,0.05507842911658324,2049
2024,rth,all,0.8,volume,0.7014480017279873,0.4611883831085421,1.1260386560693643,0.4928467553453092,2049
2024,rth,all,0.85,delta,-0.011602118608339379,-0.09667916745721493,0.06546288225328573,0.12019425478910353,2045
2024,rth,all,0.85,def_cancel,0.45355144572543676,0.4344937329624774,0.4685618462333843,0.02525434638317785,2045
2024,rth,all,0.85,att_cancel,0.4543756287292575,0.4393859962749344,0.4681639191144147,0.021332781941794124,2043
2024,rth,all,0.85,def_refill,0.48008160311381703,0.4094521974477991,0.5511343691235963,0.10502755498576513,2045
2024,rth,all,0.85,att_refill,0.46401655634168965,0.3912729998892517,0.5392443725557562,0.10968967580912121,2045
2024,rth,all,0.85,att_eff,-0.018483707565824688,-0.3087213389172265,0.251454856639202,0.4152529248009106,2047
2024,rth,all,0.85,def_eff,0.03295425894045467,-0.2572237348599178,0.2886664887617735,0.40466287888931896,2044
2024,rth,all,0.85,att_large,0.0,0.0,0.03805424672688762,0.02820922663223693,1937
2024,rth,all,0.85,def_large,0.0,0.0,0.08591084395865418,0.06368483614429517,1937
2024,rth,all,0.85,balance,0.016476407424482243,-0.018523740998434714,0.057780318714802915,0.05656342454650677,2049
2024,rth,all,0.85,volume,0.7244777117847165,0.4580644638357789,1.1236500066440767,0.4933918034160843,2049
2024,rth,all,0.9,delta,-0.01190561716728276,-0.09584576351601098,0.07391421296472289,0.12584134653872045,2045
2024,rth,all,0.9,def_cancel,0.4544144922085912,0.4363855519751917,0.46961388955550354,0.024631829192225244,2045
2024,rth,all,0.9,att_cancel,0.45290612056549456,0.4363056211190896,0.467044358023752,0.02278631349493135,2042
2024,rth,all,0.9,def_refill,0.47531311557939926,0.4083294018543349,0.548766931621182,0.10410491457883397,2045
2024,rth,all,0.9,att_refill,0.46937993944499357,0.39774863927688386,0.5424365196455386,0.10725565631479227,2045
2024,rth,all,0.9,att_eff,0.01487718201223123,-0.26762950235828714,0.2798361670396131,0.40583074084351395,2047
2024,rth,all,0.9,def_eff,0.0,-0.2774332890574684,0.24094699476148637,0.38427003989544456,2044
2024,rth,all,0.9,att_large,0.0,0.0,0.038428542202672396,0.028486688067214525,1937
2024,rth,all,0.9,def_large,0.0,0.0,0.08995888631439583,0.06668560883202063,1937
2024,rth,all,0.9,balance,0.018305314003394406,-0.01721822779466241,0.061563903767312134,0.05840039404149336,2049
2024,rth,all,0.9,volume,0.7112751293154053,0.4541970344307615,1.1303898293421415,0.501254851676338,2049
2024,rth,all,0.95,delta,0.0037123394930503877,-0.07977400374567245,0.08539101654539479,0.12243515218018326,2046
2024,rth,all,0.95,def_cancel,0.45661012300134973,0.43967567745472036,0.4717555262369232,0.02378046610986125,2046
2024,rth,all,0.95,att_cancel,0.4497620124252168,0.43371446250506707,0.4641725819734751,0.02257829463929432,2043
2024,rth,all,0.95,def_refill,0.47015601200814683,0.403562280539483,0.542125617808114,0.10271559471358856,2046
2024,rth,all,0.95,att_refill,0.47768900953842264,0.40786386674678776,0.556012727380925,0.10982124583701797,2046
2024,rth,all,0.95,att_eff,0.08466396322460439,-0.18329439591262697,0.32233077952825595,0.3748148075914625,2047
2024,rth,all,0.95,def_eff,-0.0612093127170338,-0.3302846612135015,0.16642560038928517,0.3682062725002125,2045
2024,rth,all,0.95,att_large,0.0,0.0,0.030157816030837323,0.022355682750806023,1938
2024,rth,all,0.95,def_large,0.0,0.0,0.08382332979473915,0.06213738309469174,1938
2024,rth,all,0.95,balance,0.02086054194666792,-0.015144376032720959,0.06372504001289862,0.05846509714278695,2049
2024,rth,all,0.95,volume,0.6864153689989326,0.4467215953539919,1.072866847826087,0.46415511673246485,2049
2025,night,all,-1.0,delta,0.15894577319937056,0.0,0.3252290123469828,0.24108896393401247,2476
2025,night,all,-1.0,def_cancel,0.4917600846654292,0.4571730613850666,0.5272481477489681,0.05194594986204709,2476
2025,night,all,-1.0,att_cancel,0.40772047259424693,0.3757923434109685,0.4416610107500947,0.04882777415798826,2476
2025,night,all,-1.0,def_refill,0.2336150176029017,0.15345126374033258,0.3353628829690287,0.13484923589970063,2476
2025,night,all,-1.0,att_refill,0.3785233040608118,0.25226052418143163,0.5299883053104654,0.20587678363901685,2476
2025,night,all,-1.0,att_eff,0.3461059740090795,0.13271208740700258,0.6024635340125672,0.34822197672762395,2669
2025,night,all,-1.0,def_eff,-0.2155789042047343,-0.49597495380640494,-0.005206393573721709,0.36380174961651834,2195
2025,night,all,-1.0,att_large,0.0,0.0,0.27953573599298,0.20721700221866568,2476
2025,night,all,-1.0,def_large,0.0,0.0,0.0,0.0,2476
2025,night,all,-1.0,balance,0.006559898814634324,-0.042058463455285786,0.05582084614218166,0.07255693817454963,4228
2025,night,all,-1.0,volume,0.6848505434782609,0.32858695652173914,1.3854134995439344,0.7834147835598186,4228
2025,night,all,-0.95,delta,0.16179236587266765,0.0001821012725822806,0.326401981282894,0.24182348406991233,2989
2025,night,all,-0.95,def_cancel,0.4911844924012393,0.4556440162111438,0.5265485079103692,0.05256077961395509,2989
2025,night,all,-0.95,att_cancel,0.4118053928742514,0.37776080289757624,0.44600188867197177,0.050586423850552655,2989
2025,night,all,-0.95,def_refill,0.2289239265856934,0.14788326702739496,0.33416623135334084,0.1380896696263498,2989
2025,night,all,-0.95,att_refill,0.37445894816689707,0.26080594737715157,0.515591038640372,0.18886960063989658,2989
2025,night,all,-0.95,att_eff,0.3421892534768066,0.1142694546326529,0.6260846513649173,0.3794034075109447,3177
2025,night,all,-0.95,def_eff,-0.26871494007866176,-0.6125965133844502,-0.013119337159109146,0.4443863426429511,2699
2025,night,all,-0.95,att_large,0.0,0.0,0.24184045619782502,0.17927387412737214,2989
2025,night,all,-0.95,def_large,0.0,0.0,0.0,0.0,2989
2025,night,all,-0.95,balance,0.009732255229844288,-0.03884964119761764,0.06003113297038748,0.07329931369014464,4228
2025,night,all,-0.95,volume,0.7888253241800153,0.38088768115942034,1.555678793256433,0.8708607206056432,4228
2025,night,all,-0.9,delta,0.13980197908855024,-0.02479441171127287,0.31144324207904966,0.24924955803582102,3312
2025,night,all,-0.9,def_cancel,0.4863450651625422,0.44985423735113605,0.5223103649462584,0.05371099154568,3312
2025,night,all,-0.9,att_cancel,0.41619073841915016,0.3813106817302782,0.45239367736541386,0.052693102768818126,3312
2025,night,all,-0.9,def_refill,0.24313786222366832,0.15595985945012644,0.3485102288794895,0.14273563337980955,3312
2025,night,all,-0.9,att_refill,0.3796208384176722,0.25729516875667896,0.5282517285977422,0.20085734606453906,3312
2025,night,all,-0.9,att_eff,0.3031545372889504,0.07246021343000582,0.6251032747992904,0.40966868893201225,3487
2025,night,all,-0.9,def_eff,-0.24204232138606188,-0.6171265780740965,0.019835535146352147,0.47217354575274184,3063
2025,night,all,-0.9,att_large,0.0,0.0,0.22055271839744603,0.1634934902872098,3312
2025,night,all,-0.9,def_large,0.0,0.0,0.0,0.0,3312
2025,night,all,-0.9,balance,0.011424449066545335,-0.03773267276311884,0.06228474243730799,0.07414189414412664,4228
2025,night,all,-0.9,volume,0.8061315496098105,0.39336533032185206,1.6086956521739129,0.9009120250941889,4228
2025,night,all,-0.85,delta,0.1274470593982842,-0.0411743956738483,0.3044436702208553,0.25620316226442075,3533
2025,night,all,-0.85,def_cancel,0.4822202410921514,0.44587504111012466,0.5196674126757691,0.05470153563057409,3533
2025,night,all,-0.85,att_cancel,0.4221341904528058,0.38401136498160143,0.45475582072677945,0.052442146586492225,3533
2025,night,all,-0.85,def_refill,0.24689224543892693,0.1526225467456349,0.3556402828180695,0.15049498596918798,3533
2025,night,all,-0.85,att_refill,0.3834352840964717,0.25851041824269183,0.5226689235164677,0.19581801725261366,3533
2025,night,all,-0.85,att_eff,0.28731576463009756,0.04346096692699816,0.5911936937582645,0.40602870780672073,3679
2025,night,all,-0.85,def_eff,-0.21611676152770481,-0.5613166671812206,0.029933747470593675,0.43828792783677856,3286
2025,night,all,-0.85,att_large,0.0,0.0,0.19046468847561648,0.1411895392702865,3533
2025,night,all,-0.85,def_large,0.0,0.0,0.0,0.0,3533
2025,night,all,-0.85,balance,0.013182425216538141,-0.03670999747924627,0.0624638012743172,0.0735165298395578,4228
2025,night,all,-0.85,volume,0.80467720685112,0.40217391304347827,1.6325345849802373,0.9120538709686872,4228
2025,night,all,-0.8,delta,0.11425915496652544,-0.05762864744706048,0.2805040347519316,0.2506543233498829,3676
2025,night,all,-0.8,def_cancel,0.4782067217783026,0.442257188638363,0.5133395756353146,0.05269265159151344,3676
2025,night,all,-0.8,att_cancel,0.4251546729519137,0.3874212571479179,0.4578710663232698,0.0522237280766137,3676
2025,night,all,-0.8,def_refill,0.24847466469011503,0.15423711240948174,0.3633302736134269,0.15499863691915877,3676
2025,night,all,-0.8,att_refill,0.3794949399209032,0.25641239917189634,0.5229440576870276,0.19757721164946718,3676
2025,night,all,-0.8,att_eff,0.26304424642060986,0.0029727617576068917,0.5932954001697781,0.43760017673252133,3793
2025,night,all,-0.8,def_eff,-0.1755230003307539,-0.5584220302141819,0.08092392498973217,0.4739406636055701,3454
2025,night,all,-0.8,att_large,0.0,0.0,0.16235803864146958,0.1203543651901183,3676
2025,night,all,-0.8,def_large,0.0,0.0,0.0,0.0,3676
2025,night,all,-0.8,balance,0.013075221918167061,-0.03335753942858788,0.06357646088889268,0.07185619000554526,4228
2025,night,all,-0.8,volume,0.7767877050485746,0.38990683229813666,1.5827816205533598,0.8842659660898614,4228
2025,night,all,-0.75,delta,0.09861203588380961,-0.0774842807830029,0.27014274191108184,0.25769238153749796,3769
2025,night,all,-0.75,def_cancel,0.4757818042639498,0.44199136226542224,0.5112815525616875,0.05136411437825446,3769
2025,night,all,-0.75,att_cancel,0.4293136428171312,0.39141418755925056,0.4617286822798211,0.052123420845493366,3769
2025,night,all,-0.75,def_refill,0.257700803242323,0.16211758572775833,0.3697122910968851,0.15388784682663215,3769
2025,night,all,-0.75,att_refill,0.380035203663583,0.2529693688445119,0.5220897851108758,0.1994962314798843,3769
2025,night,all,-0.75,att_eff,0.24195352581014812,0.0,0.552894843160426,0.40985533221677245,3894
2025,night,all,-0.75,def_eff,-0.14127818396145253,-0.5331253473967907,0.08786806457777874,0.4603361096920456,3575
2025,night,all,-0.75,att_large,0.0,0.0,0.12709692831774597,0.09421566220737285,3769
2025,night,all,-0.75,def_large,0.0,0.0,0.0,0.0,3769
2025,night,all,-0.75,balance,0.014587366847823935,-0.03376796793037319,0.06476811645864758,0.07304379865753949,4228
2025,night,all,-0.75,volume,0.764792415822164,0.3757974218196235,1.5548928238583413,0.8740514470264772,4228
2025,night,all,-0.7,delta,0.08307543929411504,-0.08650829224562977,0.2577344037928963,0.25518361455783994,3855
2025,night,all,-0.7,def_cancel,0.47372640353420903,0.43769516554949855,0.5062017146722047,0.05078320913469688,3855
2025,night,all,-0.7,att_cancel,0.4322195154371029,0.3947623624356739,0.4644822237894974,0.05168262516962451,3855
2025,night,all,-0.7,def_refill,0.26529035948225305,0.1663539404329391,0.3808914069959805,0.15903444519128349,3855
2025,night,all,-0.7,att_refill,0.37194544526353246,0.2472401356306404,0.5137116078560289,0.19753259616411303,3855
2025,night,all,-0.7,att_eff,0.210281514817896,-0.023653615303466206,0.5007710562665137,0.388750683150467,3944
2025,night,all,-0.7,def_eff,-0.12076222378308074,-0.4664917871745186,0.12438765505267015,0.4380129297458775,3676
2025,night,all,-0.7,att_large,0.0,0.0,0.10490691976801544,0.07776643422388098,3855
2025,night,all,-0.7,def_large,0.0,0.0,0.0,0.0,3855
2025,night,all,-0.7,balance,0.014763879718573075,-0.03380977645690797,0.06556766014030968,0.07366748450497973,4228
2025,night,all,-0.7,volume,0.7419150858175249,0.35693581780538297,1.5311676548089592,0.8704461356586926,4228
2025,night,all,-0.65,delta,0.08726946520155371,-0.08959689113311935,0.2556311551532781,0.2559140446896942,3927
2025,night,all,-0.65,def_cancel,0.47139755967760566,0.4362370264900419,0.5043724979297374,0.05050813301682391,3927
2025,night,all,-0.65,att_cancel,0.4354297427306041,0.3992221580926045,0.4676659994479961,0.0507367245036261,3927
2025,night,all,-0.65,def_refill,0.265625,0.16920059018432038,0.39465338198462696,0.16712586493721762,3927
2025,night,all,-0.65,att_refill,0.37109208350198525,0.2510683497536946,0.5081126757380525,0.19054434839463155,3927
2025,night,all,-0.65,att_eff,0.18922124800100443,-0.04400366023802991,0.5050391288676616,0.40699984366619085,3998
2025,night,all,-0.65,def_eff,-0.10193288197856247,-0.48858903059803444,0.1349662057291995,0.4622351640676308,3762
2025,night,all,-0.65,att_large,0.0,0.0,0.10175012072379423,0.07542633115181188,3927
2025,night,all,-0.65,def_large,0.0,0.0,0.0,0.0,3927
2025,night,all,-0.65,balance,0.015947080482765632,-0.031671706640506295,0.06677823138903394,0.07297993923613064,4228
2025,night,all,-0.65,volume,0.7300874356210325,0.36947929197456614,1.5156521739130435,0.8496463172264472,4228
2025,night,all,-0.6,delta,0.07612096167775861,-0.10049127919929236,0.24798406470683568,0.25832123343671465,3977
2025,night,all,-0.6,def_cancel,0.4691800042045543,0.4343373604634583,0.5025681296925547,0.05057877630029387,3977
2025,night,all,-0.6,att_cancel,0.4382432520073505,0.40188207310541696,0.4683804061333737,0.04929453893844086,3977
2025,night,all,-0.6,def_refill,0.27347703570317927,0.1719041838962558,0.4028472122682286,0.1711957215507582,3977
2025,night,all,-0.6,att_refill,0.3722042947111836,0.24389920585324373,0.5088349871681358,0.19639420408813346,3977
2025,night,all,-0.6,att_eff,0.17473894834226905,-0.06602155646116527,0.48241295643747795,0.40654893469135894,4051
2025,night,all,-0.6,def_eff,-0.0938714474648589,-0.4689032353544557,0.15284964904771692,0.46089909888967584,3837
2025,night,all,-0.6,att_large,0.0,0.0,0.07408437499878516,0.05491799481007054,3977
2025,night,all,-0.6,def_large,0.0,0.0,0.0,0.0,3977
2025,night,all,-0.6,balance,0.01725941527992825,-0.03200816089358606,0.0664870129274555,0.07301347206897077,4228
2025,night,all,-0.6,volume,0.7260587238848107,0.35080745341614905,1.4997846356542006,0.8517251165589709,4228
2025,night,all,-0.55,delta,0.06354287900115403,-0.09723589521028958,0.23280117829731206,0.24465313084329254,4004
2025,night,all,-0.55,def_cancel,0.46923488978812644,0.4353497745826373,0.5026029612902925,0.0498541043051558,4004
2025,night,all,-0.55,att_cancel,0.4372011175224425,0.40056658145608975,0.46898843120051203,0.0507204223457541,4004
2025,night,all,-0.55,def_refill,0.27436029927736993,0.17970802135648278,0.4066129530303627,0.16820232147804295,4004
2025,night,all,-0.55,att_refill,0.3674238191691226,0.24562924260241184,0.5033941969936162,0.1910785429141619,4004
2025,night,all,-0.55,att_eff,0.17970253394767785,-0.07501101031401569,0.49398739252572665,0.4217927374645977,4084
2025,night,all,-0.55,def_eff,-0.08443137090610818,-0.4640407936293969,0.1599196756683793,0.4625355591532811,3891
2025,night,all,-0.55,att_large,0.0,0.0,0.04594406365239695,0.0340578677927331,4004
2025,night,all,-0.55,def_large,0.0,0.0,0.0,0.0,4004
2025,night,all,-0.55,balance,0.017098876796116026,-0.032070889212444546,0.06544287821526301,0.0722859654764326,4228
2025,night,all,-0.55,volume,0.7018295976235485,0.34967391304347833,1.4688312894834634,0.8296199973609971,4228
2025,night,all,-0.5,delta,0.061051278891432734,-0.1001086277945352,0.22536326683964078,0.24126901010687618,4042
2025,night,all,-0.5,def_cancel,0.4696068706110384,0.4356970911651905,0.5015719050698305,0.04883233054458118,4042
2025,night,all,-0.5,att_cancel,0.4373216031529672,0.40096410882550126,0.4683769474320123,0.04997245263640551,4042
2025,night,all,-0.5,def_refill,0.27642142228921074,0.177800481320437,0.4044521269997632,0.16801456314256946,4042
2025,night,all,-0.5,att_refill,0.37207382206056805,0.24856885720915156,0.5076574722703959,0.19205975912620044,4042
2025,night,all,-0.5,att_eff,0.18435135917074752,-0.06125869650259348,0.48996509553894674,0.4086165989929876,4111
2025,night,all,-0.5,def_eff,-0.08986700414938144,-0.44661785053267955,0.15992631236871033,0.4496250280959154,3939
2025,night,all,-0.5,att_large,0.0,0.0,0.025762527233115503,0.019097499802161234,4042
2025,night,all,-0.5,def_large,0.0,0.0,0.0,0.0,4042
2025,night,all,-0.5,balance,0.017871420596932124,-0.03123259076002577,0.06703634231042963,0.07284576209818784,4228
2025,night,all,-0.5,volume,0.696214307034126,0.3317037653422093,1.4645915678524373,0.8397982227651801,4228
2025,night,all,-0.45,delta,0.0675846259590613,-0.10490641136148263,0.2345959459622518,0.2516696496098847,4075
2025,night,all,-0.45,def_cancel,0.4698579689148766,0.43609180732186126,0.499971117329388,0.04735308377133189,4075
2025,night,all,-0.45,att_cancel,0.4378909652745866,0.4033878023951288,0.46898201156727803,0.04862432110611509,4075
2025,night,all,-0.45,def_refill,0.2759014358098757,0.18324827503029803,0.3986443730322539,0.15967093995697249,4075
2025,night,all,-0.45,att_refill,0.37442753196298256,0.24999191059686454,0.5164735291368189,0.19754011752405806,4075
2025,night,all,-0.45,att_eff,0.17177746432519034,-0.07298615826923571,0.46913185782481204,0.4018665797583749,4131
2025,night,all,-0.45,def_eff,-0.0883659285197123,-0.4323110365653425,0.15502466530995057,0.43538599101207787,3968
2025,night,all,-0.45,att_large,0.0,0.0,0.030826324368538237,0.02285124119239306,4075
2025,night,all,-0.45,def_large,0.0,0.0,0.0,0.0,4075
2025,night,all,-0.45,balance,0.01852262459974154,-0.03013212702526437,0.06892726502671685,0.07343172131355169,4228
2025,night,all,-0.45,volume,0.6961363636363636,0.33963100686498854,1.4033288043478263,0.788508374709294,4228
2025,night,all,-0.4,delta,0.06234261528552372,-0.10436451803815298,0.22546485821034776,0.24449916697442606,4097
2025,night,all,-0.4,def_cancel,0.46801937210855477,0.43531724182452114,0.49958288439222737,0.04763946817472663,4097
2025,night,all,-0.4,att_cancel,0.4382538825930769,0.40591828203639485,0.47074907729856663,0.048058410127629195,4097
2025,night,all,-0.4,def_refill,0.2850985574457595,0.1870229682089313,0.40166568694205423,0.1591124675560585,4097
2025,night,all,-0.4,att_refill,0.37253913112850623,0.24776864140016375,0.5105893710246169,0.19482633774977995,4097
2025,night,all,-0.4,att_eff,0.15842561226240312,-0.08250459610563275,0.459983800775294,0.40214113927422296,4146
2025,night,all,-0.4,def_eff,-0.08155558392184652,-0.4222345673241129,0.16377877195669727,0.434405737050267,4001
2025,night,all,-0.4,att_large,0.0,0.0,0.0,0.0,4097
2025,night,all,-0.4,def_large,0.0,0.0,0.0,0.0,4097
2025,night,all,-0.4,balance,0.018932574603274136,-0.02982243599952415,0.0687344778428903,0.07305923931980315,4228
2025,night,all,-0.4,volume,0.6673171936758893,0.33695652173913043,1.3940217391304348,0.7835917104457408,4228
2025,night,all,-0.35,delta,0.06977534553280235,-0.0957336404172628,0.22884812014998832,0.24060916276297342,4121
2025,night,all,-0.35,def_cancel,0.46853920533299304,0.43552912786751297,0.500793475290482,0.048379797941415156,4121
2025,night,all,-0.35,att_cancel,0.43902975305442804,0.4035380792542751,0.4700974000599853,0.049339748558717714,4121
2025,night,all,-0.35,def_refill,0.28478481596914446,0.18407758410060676,0.40944947080781025,0.1670658908133458,4121
2025,night,all,-0.35,att_refill,0.37400986563995553,0.2456648391364771,0.5112931632412276,0.19690757902501896,4121
2025,night,all,-0.35,att_eff,0.15406011567385794,-0.07133557631049693,0.47435821871608086,0.4045172683666255,4159
2025,night,all,-0.35,def_eff,-0.07713381728777163,-0.44235746449525576,0.15887468690703885,0.4456872879186765,4041
2025,night,all,-0.35,att_large,0.0,0.0,0.0,0.0,4121
2025,night,all,-0.35,def_large,0.0,0.0,0.0,0.0,4121
2025,night,all,-0.35,balance,0.01994591474216243,-0.029096256004569724,0.06870594993153892,0.07249978201342375,4228
2025,night,all,-0.35,volume,0.6739130434782609,0.3350119988706945,1.3959718670076728,0.7864787754907178,4228
2025,night,all,-0.3,delta,0.0699038936344523,-0.09703805891205626,0.23302760157692548,0.24467432208226964,4132
2025,night,all,-0.3,def_cancel,0.4689023990297196,0.43442519309349964,0.4990388404612636,0.047897440598787235,4132
2025,night,all,-0.3,att_cancel,0.43867682200170877,0.4037738364823768,0.4703950099571689,0.04938559931415276,4132
2025,night,all,-0.3,def_refill,0.2869202206929392,0.18567531298850296,0.41026714513556617,0.16648764428989118,4132
2025,night,all,-0.3,att_refill,0.3743576272043566,0.2483115857740085,0.5174954941410723,0.19954329752932828,4132
2025,night,all,-0.3,att_eff,0.1580243033552131,-0.06811338846046879,0.46975335176074967,0.39871515212840514,4173
2025,night,all,-0.3,def_eff,-0.09206244157118727,-0.44110992492071305,0.14746951696809754,0.4363079628530842,4053
2025,night,all,-0.3,att_large,0.0,0.0,0.0,0.0,4132
2025,night,all,-0.3,def_large,0.0,0.0,0.0,0.0,4132
2025,night,all,-0.3,balance,0.020228757677833453,-0.028971576092177476,0.07106845406152497,0.07415865837931983,4228
2025,night,all,-0.3,volume,0.6678405797101449,0.3423913043478261,1.4132411067193673,0.7938100832998822,4228
2025,night,all,-0.25,delta,0.05965890529254468,-0.09527991694254838,0.22845597087448338,0.23998212588364104,4146
2025,night,all,-0.25,def_cancel,0.46968566921277827,0.43814286055767565,0.5017379757171703,0.04714241301667503,4146
2025,night,all,-0.25,att_cancel,0.43825606798603045,0.4027670763397859,0.4678474645756695,0.048243430864257655,4146
2025,night,all,-0.25,def_refill,0.2913059604367143,0.188308268908036,0.4135585531384708,0.1669757481322719,4146
2025,night,all,-0.25,att_refill,0.37196804610171763,0.25050412881814643,0.5162816988465404,0.19701821351252333,4145
2025,night,all,-0.25,att_eff,0.18035979258534598,-0.04710500585732179,0.4752322400780356,0.38720329572672896,4185
2025,night,all,-0.25,def_eff,-0.11368793445052194,-0.46186718374488367,0.14548667975896493,0.4502252509294652,4066
2025,night,all,-0.25,att_large,0.0,0.0,0.0,0.0,4146
2025,night,all,-0.25,def_large,0.0,0.0,0.0,0.0,4145
2025,night,all,-0.25,balance,0.020797467720904246,-0.026427010373464902,0.07080463701151467,0.07207683275387662,4228
2025,night,all,-0.25,volume,0.6762236528794425,0.3493613672961499,1.3652370647255556,0.7530583376051933,4228
2025,night,all,-0.2,delta,0.06958081847167916,-0.08751651460129305,0.23779636320431474,0.24115113254678117,4163
2025,night,all,-0.2,def_cancel,0.4717961914903746,0.4390324345829942,0.503344359696191,0.047673776955668476,4163
2025,night,all,-0.2,att_cancel,0.43339877840665,0.4019646686042612,0.46508059340287505,0.04678719406865369,4163
2025,night,all,-0.2,def_refill,0.2831734683222379,0.1811188594434357,0.40882299996623006,0.1687947668812412,4163
2025,night,all,-0.2,att_refill,0.3760265062984729,0.25738755729350976,0.516561173348581,0.19212276949968216,4163
2025,night,all,-0.2,att_eff,0.2053785643301084,-0.011403538911884005,0.4882375065488644,0.3703788328100433,4193
2025,night,all,-0.2,def_eff,-0.131240262064357,-0.4696276930993627,0.1099735093087549,0.42965248510609166,4088
2025,night,all,-0.2,att_large,0.0,0.0,0.009450965700965668,0.007005904893228812,4163
2025,night,all,-0.2,def_large,0.0,0.0,0.0,0.0,4163
2025,night,all,-0.2,balance,0.021867804685548994,-0.02570237423508988,0.0723282045959076,0.0726690725211249,4228
2025,night,all,-0.2,volume,0.6802484472049689,0.34006211180124224,1.3996310750655527,0.7854477118341814,4228
2025,night,all,-0.15,delta,0.0846344138251737,-0.07809052746447505,0.24319861535527837,0.23816837866549548,4174
2025,night,all,-0.15,def_cancel,0.4746280953023872,0.4441893050577186,0.506174673947703,0.045949124455140405,4174
2025,night,all,-0.15,att_cancel,0.4317506009071867,0.39603302395433027,0.4614548467560906,0.04849653284044503,4174
2025,night,all,-0.15,def_refill,0.2758584355238794,0.1735202906255538,0.40099646890517654,0.1686257807854876,4174
2025,night,all,-0.15,att_refill,0.37929433116259204,0.26102357244277025,0.5208244852355536,0.19258777820072895,4174
2025,night,all,-0.15,att_eff,0.2284579404826481,0.0,0.5253379699597438,0.38942770197164106,4198
2025,night,all,-0.15,def_eff,-0.16747087610496672,-0.5186828402671839,0.07222104494967692,0.4380310490858865,4107
2025,night,all,-0.15,att_large,0.0,0.0,0.04402801055693618,0.03263751709187263,4174
2025,night,all,-0.15,def_large,0.0,0.0,0.0,0.0,4174
2025,night,all,-0.15,balance,0.02441087187415131,-0.023925857885540015,0.07306243593745909,0.07189643722979919,4228
2025,night,all,-0.15,volume,0.6827329192546585,0.34532004830917873,1.4320466653126904,0.8055794047468582,4228
2025,night,all,-0.1,delta,0.10180349231080538,-0.054367776872113506,0.26770440934985656,0.23874884078722763,4188
2025,night,all,-0.1,def_cancel,0.47974221011836016,0.4496912225861909,0.5116137680213184,0.04590255406606934,4188
2025,night,all,-0.1,att_cancel,0.42567612102164715,0.3915493321482913,0.4551896982682121,0.0471759570940851,4188
2025,night,all,-0.1,def_refill,0.26571162897829786,0.17758935859128835,0.38271375887547254,0.1520566347547696,4188
2025,night,all,-0.1,att_refill,0.3915906768441352,0.2699306813450631,0.5323845866047454,0.19455441457352285,4188
2025,night,all,-0.1,att_eff,0.28674500935037,0.04376274645985044,0.5766887377322777,0.3950526251092863,4204
2025,night,all,-0.1,def_eff,-0.2442410084219449,-0.5901701875515877,2.4286128663675502e-18,0.4374871664578115,4118
2025,night,all,-0.1,att_large,0.0,0.0,0.0744634492232531,0.055198998682915563,4188
2025,night,all,-0.1,def_large,0.0,0.0,0.0,0.0,4188
2025,night,all,-0.1,balance,0.026505920716246176,-0.020704445381250308,0.07558207327219638,0.07137621842360763,4228
2025,night,all,-0.1,volume,0.7040556062295192,0.3385616331619137,1.4701190476190478,0.8388120196124048,4228
2025,night,all,-0.05,delta,0.156410335578557,0.0030354314764308755,0.3130772285384979,0.2298308354796642,4201
2025,night,all,-0.05,def_cancel,0.49259231175550566,0.4638806765126324,0.5219520544956378,0.04304772274500028,4201
2025,night,all,-0.05,att_cancel,0.4111696510021433,0.3778413508668884,0.4399286725050262,0.046024700991947956,4201
2025,night,all,-0.05,def_refill,0.24853088487212804,0.16372319015724351,0.3603025946882547,0.14572231618310688,4201
2025,night,all,-0.05,att_refill,0.40744059861706916,0.2855575730934055,0.5548473265864571,0.1996217594462947,4201
2025,night,all,-0.05,att_eff,0.38894800502480514,0.17697584176873574,0.6691618806219434,0.3648525121224668,4213
2025,night,all,-0.05,def_eff,-0.3990685260902761,-0.7787773018391554,-0.12891650871676968,0.4817352061693,4131
2025,night,all,-0.05,att_large,0.0,0.0,0.15614458173231044,0.11574839268518194,4201
2025,night,all,-0.05,def_large,0.0,0.0,0.0,0.0,4201
2025,night,all,-0.05,balance,0.03381109857542188,-0.015655462314099554,0.08498696787457663,0.07460521140746938,4228
2025,night,all,-0.05,volume,0.756058352402746,0.3727745808468315,1.585064935064935,0.8986585279600472,4228
2025,night,all,0.0,delta,0.16251015931240337,-0.004790451097634973,0.3402487626519709,0.2557740650478917,4216
2025,night,all,0.0,def_cancel,0.47633590178903507,0.43699055303021583,0.5124190189181916,0.05591435573608288,4216
2025,night,all,0.0,att_cancel,0.4212003345342492,0.3848874512801722,0.451610214288554,0.04946090660369297,4216
2025,night,all,0.0,def_refill,0.2262465629546965,0.14030245905443162,0.34003297055057624,0.1480581997747551,4216
2025,night,all,0.0,att_refill,0.3923516255348095,0.26989470500241164,0.5430238775526771,0.2024678818015311,4216
2025,night,all,0.0,att_eff,0.2387872259862307,0.0,0.5942253708988554,0.44049323269003365,4223
2025,night,all,0.0,def_eff,-0.28598396307419516,-0.7127147528365859,0.012882765628136231,0.5378780715083189,4189
2025,night,all,0.0,att_large,0.0,0.0,0.3472684324706769,0.25742656224661004,4216
2025,night,all,0.0,def_large,0.0,0.0,0.0,0.0,4216
2025,night,all,0.0,balance,0.027338804389396416,-0.02055096268873896,0.08042752343967202,0.07485432626272126,4228
2025,night,all,0.0,volume,1.1686194240542067,0.6036005434782609,2.2788363171355503,1.2418352658690064,4228
2025,night,all,0.05,delta,0.050018291013184245,-0.1269425211804127,0.22304693355363345,0.2594436284166391,4218
2025,night,all,0.05,def_cancel,0.44965796615239173,0.4109885476236063,0.4855107853307197,0.05524257798896468,4218
2025,night,all,0.05,att_cancel,0.44996815380246524,0.4131374162229866,0.48396302305473127,0.05250230306282035,4218
2025,night,all,0.05,def_refill,0.2727693302519405,0.16949410212456073,0.4025087306965028,0.1727313777405056,4218
2025,night,all,0.05,att_refill,0.3477757135483822,0.23267549375707827,0.490157359287794,0.19086869201683895,4218
2025,night,all,0.05,att_eff,0.001526975626214219,-0.24664623575519157,0.34378186243544195,0.43767835299528063,4225
2025,night,all,0.05,def_eff,0.022000063031044684,-0.37682531854499196,0.28567100033905873,0.4911017930941814,4201
2025,night,all,0.05,att_large,0.0,0.0,0.15097699815230428,0.1119177154576014,4218
2025,night,all,0.05,def_large,0.0,0.0,0.0,0.0,4218
2025,night,all,0.05,balance,0.022114358935630487,-0.024526981952308922,0.07497071224644272,0.07375663024370026,4228
2025,night,all,0.05,volume,1.0086841499884978,0.5124223602484472,1.9783375959079283,1.0866680768417207,4228
2025,night,all,0.1,delta,-0.006190690194932005,-0.1769099014613379,0.16341277003308177,0.2522777401737729,4220
2025,night,all,0.1,def_cancel,0.442603152110255,0.4068032995362001,0.47742443389182593,0.05235072969282864,4220
2025,night,all,0.1,att_cancel,0.45983715755267096,0.424168919954749,0.494656779708168,0.052251934583705736,4220
2025,night,all,0.1,def_refill,0.304284276257577,0.1953495192448182,0.4334965244994474,0.17653595645265324,4220
2025,night,all,0.1,att_refill,0.3280285573065056,0.22063919460200493,0.46089908288953885,0.17810221518720082,4220
2025,night,all,0.1,att_eff,-0.04215535163392921,-0.3619813149871411,0.24101926669915455,0.44699820732861056,4225
2025,night,all,0.1,def_eff,0.1008060102513006,-0.1927525273468018,0.38401603493011643,0.42755267774419436,4207
2025,night,all,0.1,att_large,0.0,0.0,0.0,0.0,4220
2025,night,all,0.1,def_large,0.0,0.0,0.0,0.0,4220
2025,night,all,0.1,balance,0.020923080816731013,-0.025713142278793726,0.07001782756272983,0.07096439573129988,4228
2025,night,all,0.1,volume,0.8470026350461134,0.4166666666666667,1.6891304347826086,0.9432644685811281,4228
2025,night,all,0.15,delta,-0.031375974113770626,-0.19760259348852055,0.13023515883972367,0.2430227963886169,4221
2025,night,all,0.15,def_cancel,0.4399261946079207,0.40640800498349466,0.4732274618623179,0.04953258478786007,4221
2025,night,all,0.15,att_cancel,0.46465490961243133,0.4304266708839538,0.4985379860945662,0.05049022624952733,4221
2025,night,all,0.15,def_refill,0.317109804436404,0.20502554816398527,0.4523593345477725,0.1833460240057726,4221
2025,night,all,0.15,att_refill,0.3235032204848544,0.21501674195091228,0.44989982898401365,0.17411644702231385,4221
2025,night,all,0.15,att_eff,-0.08179308305336311,-0.41181523131931713,0.18163120998354768,0.43991582009107844,4226
2025,night,all,0.15,def_eff,0.1494058752425743,-0.10516484891000157,0.44185592414775005,0.40550094370478257,4211
2025,night,all,0.15,att_large,0.0,0.0,0.0,0.0,4221
2025,night,all,0.15,def_large,0.0,0.0,0.0,0.0,4221
2025,night,all,0.15,balance,0.02025936281605051,-0.02709423197858586,0.06827223421187778,0.0706941928765483,4228
2025,night,all,0.15,volume,0.7366847826086956,0.3718174696435567,1.5199275362318838,0.8510823325339711,4228
2025,night,all,0.2,delta,-0.04045128518696297,-0.20074060332252985,0.1282887825960899,0.24390614226732377,4224
2025,night,all,0.2,def_cancel,0.440043157473967,0.40619905141900237,0.47165662575600137,0.04852303509043662,4224
2025,night,all,0.2,att_cancel,0.466398558190531,0.4348087453227449,0.5004826779714029,0.04868341930960564,4224
2025,night,all,0.2,def_refill,0.32762981969853006,0.2126921423567271,0.4629465758602682,0.1855110700545153,4224
2025,night,all,0.2,att_refill,0.31793540019140154,0.21655567477161963,0.44605165428735966,0.17012303892938474,4224
2025,night,all,0.2,att_eff,-0.09107063965440163,-0.4347689097166097,0.16659255677162352,0.44578314787860135,4227
2025,night,all,0.2,def_eff,0.1469541977624879,-0.09628944294225171,0.45401235964195286,0.40793313757168614,4216
2025,night,all,0.2,att_large,0.0,0.0,0.0,0.0,4224
2025,night,all,0.2,def_large,0.0,0.0,0.0,0.0,4224
2025,night,all,0.2,balance,0.018841279781342143,-0.026359906089497405,0.06810078598010241,0.07002275171949579,4228
2025,night,all,0.2,volume,0.6807025372944028,0.33695652173913043,1.3892021022455807,0.7800189625696444,4228
2025,night,all,0.25,delta,-0.044540119505186944,-0.20742506272516403,0.11137533510839427,0.236323497282104,4225
2025,night,all,0.25,def_cancel,0.44241776437790653,0.40870330448468095,0.47134092156457086,0.04643262941429941,4225
2025,night,all,0.25,att_cancel,0.4672102623102618,0.43354553128814366,0.499221389649547,0.04868484682090684,4225
2025,night,all,0.25,def_refill,0.3300515045714159,0.21875340433952875,0.4744281297688251,0.18952907741237685,4225
2025,night,all,0.25,att_refill,0.31708882873019406,0.2136061097043001,0.4418450635788068,0.16919121858747718,4225
2025,night,all,0.25,att_eff,-0.07916970081859524,-0.4444045619189879,0.16329953610404946,0.4504848762216734,4227
2025,night,all,0.25,def_eff,0.15058980912601472,-0.0771333328516859,0.46102706553122785,0.3989328379413742,4220
2025,night,all,0.25,att_large,0.0,0.0,0.0,0.0,4225
2025,night,all,0.25,def_large,0.0,0.0,0.0,0.0,4225
2025,night,all,0.25,balance,0.017942372690872708,-0.0263113212013132,0.06610611777424127,0.0685081089514859,4228
2025,night,all,0.25,volume,0.6300664679480591,0.3209051134809953,1.319490785893948,0.7402414176523,4228
2025,night,all,0.3,delta,-0.0490926618769578,-0.20310210845158538,0.11115320118324015,0.2329542695588032,4225
2025,night,all,0.3,def_cancel,0.4426541519459234,0.409124928242487,0.4715290905999122,0.04625957179942568,4225
2025,night,all,0.3,att_cancel,0.46712907950522814,0.4359782202443089,0.4992184008414682,0.046879303630214454,4225
2025,night,all,0.3,def_refill,0.33804731329397164,0.2241593473396116,0.4676543676543677,0.18050038570404456,4225
2025,night,all,0.3,att_refill,0.3136932601444074,0.21038051914976477,0.44187245697810484,0.17160262255621947,4225
2025,night,all,0.3,att_eff,-0.07503978386045805,-0.44567963662460397,0.16265874783535833,0.4509550663157616,4227
2025,night,all,0.3,def_eff,0.1641510637983408,-0.07813239548569825,0.471532589531477,0.4074610711765569,4220
2025,night,all,0.3,att_large,0.0,0.0,0.0,0.0,4225
2025,night,all,0.3,def_large,0.0,0.0,0.0,0.0,4225
2025,night,all,0.3,balance,0.017342083354916094,-0.027519949565715258,0.06620126776770116,0.06947458660742507,4228
2025,night,all,0.3,volume,0.6082427536231885,0.3078787878787879,1.2348516218081436,0.6871555477608271,4228
2025,night,all,0.35,delta,-0.05155644787568698,-0.20928866233284654,0.10958425922747383,0.23637725838422563,4225
2025,night,all,0.35,def_cancel,0.444033386353623,0.4101455620067484,0.47330911598099207,0.04682250109284186,4225
2025,night,all,0.35,att_cancel,0.4681607650976335,0.4362889148967088,0.4987319550361376,0.04628839150439497,4225
2025,night,all,0.35,def_refill,0.34236121415402515,0.22905959915611812,0.47270695005171665,0.1806133068166038,4225
2025,night,all,0.35,att_refill,0.3103092099866754,0.20336967601057737,0.43990027618612454,0.1753377317832077,4225
2025,night,all,0.35,att_eff,-0.07184836519862259,-0.43794513679436375,0.17648650249452988,0.4554719342393578,4227
2025,night,all,0.35,def_eff,0.14463555318705557,-0.07631591064218844,0.45458511503816285,0.3935515386807645,4221
2025,night,all,0.35,att_large,0.0,0.0,0.0,0.0,4225
2025,night,all,0.35,def_large,0.0,0.0,0.0,0.0,4225
2025,night,all,0.35,balance,0.015834887482625484,-0.027003398266708944,0.06678508949642045,0.06952445349379496,4228
2025,night,all,0.35,volume,0.5923072071314439,0.29903726708074535,1.2237801553768566,0.6855025117094969,4228
2025,night,all,0.4,delta,-0.049238268132277344,-0.1985011733667575,0.1065002243362228,0.22609443862341017,4225
2025,night,all,0.4,def_cancel,0.44433495810482165,0.40868637669416663,0.47427042397589664,0.048616788199948115,4225
2025,night,all,0.4,att_cancel,0.46854537931827367,0.43735831281843623,0.4996529588525892,0.04617838846119568,4225
2025,night,all,0.4,def_refill,0.34424696164779905,0.23066227136849576,0.4809631657541065,0.18554551103455208,4225
2025,night,all,0.4,att_refill,0.31023646452294695,0.20448012439680552,0.43482578065146604,0.1707528956669092,4225
2025,night,all,0.4,att_eff,-0.07638245107813259,-0.43997757267988563,0.17345048949723618,0.45472799271840014,4227
2025,night,all,0.4,def_eff,0.15553756579750855,-0.09279722833847508,0.4682200429493949,0.4158764056989399,4221
2025,night,all,0.4,att_large,0.0,0.0,0.0,0.0,4225
2025,night,all,0.4,def_large,0.0,0.0,0.0,0.0,4225
2025,night,all,0.4,balance,0.015302843458659942,-0.028235375884194263,0.06597898475222223,0.06984014872973796,4228
2025,night,all,0.4,volume,0.5753034420289854,0.28804347826086957,1.2038341830402322,0.6788663489839604,4228
2025,night,all,0.45,delta,-0.04477332358189538,-0.20059775294209475,0.10552135483765301,0.22692298575222222,4226
2025,night,all,0.45,def_cancel,0.44490752746331436,0.4088824374660585,0.4757089417153177,0.049537808931993464,4226
2025,night,all,0.45,att_cancel,0.4675987485307575,0.43663485260528306,0.49866904443916904,0.04598531640762489,4226
2025,night,all,0.45,def_refill,0.3488372093023256,0.2371179156634596,0.48003021929845846,0.18006842374721932,4226
2025,night,all,0.45,att_refill,0.31037300932134015,0.20604256890337222,0.43659697859115026,0.17090764246684806,4226
2025,night,all,0.45,att_eff,-0.06201910750470836,-0.4312825757213655,0.2031423980100602,0.47029279001588264,4227
2025,night,all,0.45,def_eff,0.14679857907518212,-0.09808986617150138,0.4626144936874419,0.4156444476345021,4222
2025,night,all,0.45,att_large,0.0,0.0,0.0,0.0,4226
2025,night,all,0.45,def_large,0.0,0.0,0.0,0.0,4226
2025,night,all,0.45,balance,0.014437857633630813,-0.02866175309532188,0.06411415664453518,0.0687738396885523,4228
2025,night,all,0.45,volume,0.5662267080745341,0.2961809635722679,1.1669684002633312,0.6455058833884828,4228
2025,night,all,0.5,delta,-0.03987748744425524,-0.19279521268179067,0.11279219783282296,0.22652884396932071,4226
2025,night,all,0.5,def_cancel,0.4467344197858948,0.4112876303556006,0.47596765692031207,0.04794664682335911,4226
2025,night,all,0.5,att_cancel,0.46781015707557877,0.43478215469372533,0.49798008906431424,0.046847986931496596,4226
2025,night,all,0.5,def_refill,0.34784635761663557,0.2330948755378291,0.48310813575692985,0.18533229074803614,4226
2025,night,all,0.5,att_refill,0.309585784298368,0.20512820512820515,0.43557174397006876,0.17082545503473953,4226
2025,night,all,0.5,att_eff,-0.0468147828281024,-0.3946250773124762,0.2116311369854724,0.44941157472049564,4227
2025,night,all,0.5,def_eff,0.12743827600530386,-0.11961686496474606,0.43979804919403276,0.4146885946321563,4223
2025,night,all,0.5,att_large,0.0,0.0,0.0,0.0,4226
2025,night,all,0.5,def_large,0.0,0.0,0.0,0.0,4226
2025,night,all,0.5,balance,0.01579926690083563,-0.027999443768255118,0.06372420528348559,0.06799380952686487,4228
2025,night,all,0.5,volume,0.5669513457556936,0.29891304347826086,1.1545674132630652,0.6342878945773198,4228
2025,night,all,0.55,delta,-0.04153049289901099,-0.20164523195974776,0.11342400671177344,0.2335576268877103,4226
2025,night,all,0.55,def_cancel,0.44699136500104847,0.4118650822705829,0.47718592469408966,0.048421677111569146,4226
2025,night,all,0.55,att_cancel,0.46565273359940085,0.43346158075650687,0.49703485996917895,0.04712622625105418,4226
2025,night,all,0.55,def_refill,0.34757942945935044,0.22917435708133382,0.4786337750625769,0.18492173312175175,4226
2025,night,all,0.55,att_refill,0.3103327906778346,0.20638579617915517,0.44,0.17317583678342835,4226
2025,night,all,0.55,att_eff,-0.035174572122857864,-0.3958724025017159,0.2278812352135645,0.4623822370016904,4227
2025,night,all,0.55,def_eff,0.12594755588996612,-0.12983816914822155,0.4316458638864705,0.4162224114415805,4224
2025,night,all,0.55,att_large,0.0,0.0,0.0,0.0,4226
2025,night,all,0.55,def_large,0.0,0.0,0.0,0.0,4226
2025,night,all,0.55,balance,0.015775364416110677,-0.028100306348542856,0.06409341116021791,0.0683422665001933,4228
2025,night,all,0.55,volume,0.5667637698270109,0.28823243880452115,1.1633399209486166,0.6487082892098558,4228
2025,night,all,0.6,delta,-0.03902638361367336,-0.19457572402590334,0.11265954574644685,0.22775038530196454,4226
2025,night,all,0.6,def_cancel,0.4477882722683547,0.4124836051017815,0.4780226915136794,0.04858345916374935,4226
2025,night,all,0.6,att_cancel,0.4664366992952453,0.43493999502612946,0.49582696391328035,0.04513489168802883,4225
2025,night,all,0.6,def_refill,0.3451721383464805,0.23515670986069445,0.4781336451446795,0.18011633453223502,4226
2025,night,all,0.6,att_refill,0.30999710764360255,0.20605999464712724,0.4346162750037348,0.16942644948599522,4226
2025,night,all,0.6,att_eff,-0.022911720855451196,-0.3892570621365493,0.2298489111865094,0.4589369705878864,4227
2025,night,all,0.6,def_eff,0.12906567048582382,-0.12352825383476015,0.423425858927073,0.4054515291043982,4224
2025,night,all,0.6,att_large,0.0,0.0,0.0,0.0,4226
2025,night,all,0.6,def_large,0.0,0.0,0.0,0.0,4226
2025,night,all,0.6,balance,0.014773318571648004,-0.030000429320254554,0.06558889887520022,0.07085939821753505,4228
2025,night,all,0.6,volume,0.5719187926697809,0.2872321428571428,1.138926187189137,0.6313521455389134,4228
2025,night,all,0.65,delta,-0.03649605104791462,-0.1983880251903257,0.1224495685997421,0.23783364995557288,4226
2025,night,all,0.65,def_cancel,0.44712548543160413,0.41423715872159794,0.4773089542412739,0.04675448148233948,4226
2025,night,all,0.65,att_cancel,0.46508103131153317,0.4323704048493082,0.49568404284693984,0.04693375685517541,4224
2025,night,all,0.65,def_refill,0.3481093022454538,0.23913199281920702,0.47283763331149237,0.17324361785936646,4226
2025,night,all,0.65,att_refill,0.30917040754487723,0.20629473246957628,0.432410915639952,0.16761763022266546,4226
2025,night,all,0.65,att_eff,-0.02151358875277677,-0.38378663087413156,0.2341718504406835,0.45808634641572654,4227
2025,night,all,0.65,def_eff,0.11683656806103748,-0.12984217897113473,0.4275963589045943,0.4132235269649585,4225
2025,night,all,0.65,att_large,0.0,0.0,0.0,0.0,4226
2025,night,all,0.65,def_large,0.0,0.0,0.0,0.0,4226
2025,night,all,0.65,balance,0.014652886220764442,-0.030376740342971862,0.06381525787974791,0.06982357169956989,4228
2025,night,all,0.65,volume,0.5755072463768116,0.2889469226425748,1.1767070215686815,0.6580875455345491,4228
2025,night,all,0.7,delta,-0.03406533789164919,-0.19172447509262816,0.12309749250678567,0.23337432735316074,4226
2025,night,all,0.7,def_cancel,0.44799397982591876,0.41405888992044265,0.477895863468062,0.04732170018355772,4226
2025,night,all,0.7,att_cancel,0.46413032426315076,0.4333671916463336,0.4952119337832536,0.04584487927125281,4224
2025,night,all,0.7,def_refill,0.346014308633804,0.23195026065930638,0.47619047619047616,0.18105279135001467,4226
2025,night,all,0.7,att_refill,0.3124652946411276,0.20104632787350876,0.43524253524253526,0.17360727010305893,4226
2025,night,all,0.7,att_eff,-0.02241122072435033,-0.39696960422103533,0.2321021690823962,0.4663245169039522,4227
2025,night,all,0.7,def_eff,0.1108299069870077,-0.12693755702985407,0.41821174676579803,0.404113642546814,4225
2025,night,all,0.7,att_large,0.0,0.0,0.0,0.0,4226
2025,night,all,0.7,def_large,0.0,0.0,0.0,0.0,4226
2025,night,all,0.7,balance,0.014443995386537635,-0.02948279918100562,0.06428567409471135,0.06950961695753667,4228
2025,night,all,0.7,volume,0.5917005916517396,0.2932087675170679,1.2025691699604741,0.6740996311663501,4228
2025,night,all,0.75,delta,-0.03801708456697112,-0.19881188614308193,0.12504880489830633,0.24007464124639605,4226
2025,night,all,0.75,def_cancel,0.44845332358423745,0.4123006772052412,0.47866088575914306,0.049192148668570676,4226
2025,night,all,0.75,att_cancel,0.46294934468833776,0.431325893570662,0.49391265221977365,0.04639492857606499,4223
2025,night,all,0.75,def_refill,0.3495728726397097,0.23441884232086263,0.47770294701667254,0.18034403609770935,4226
2025,night,all,0.75,att_refill,0.3114579902837236,0.19933016218352587,0.4413381625411701,0.17939807291152277,4226
2025,night,all,0.75,att_eff,-0.01766601891800787,-0.38867455002254875,0.22691678029211398,0.45633160141932005,4227
2025,night,all,0.75,def_eff,0.10386999447854568,-0.13071239404686752,0.42881220259100794,0.41476990114001144,4225
2025,night,all,0.75,att_large,0.0,0.0,0.0,0.0,4226
2025,night,all,0.75,def_large,0.0,0.0,0.0,0.0,4226
2025,night,all,0.75,balance,0.01551084680521251,-0.03049415840713285,0.06358630813851057,0.06974089440003219,4228
2025,night,all,0.75,volume,0.5967197054153576,0.3017431521267838,1.1799139492753625,0.6509790935126603,4228
2025,night,all,0.8,delta,-0.04161026951955176,-0.19978701594077064,0.11986135758651287,0.23695209305210044,4226
2025,night,all,0.8,def_cancel,0.448102258049682,0.41278688914890904,0.4791728408499494,0.049211231802105515,4226
2025,night,all,0.8,att_cancel,0.4631194470375389,0.432053109971813,0.4934329076762396,0.04550022068526804,4223
2025,night,all,0.8,def_refill,0.34903791796136846,0.23374856014006956,0.47814121418409006,0.18116579247147555,4226
2025,night,all,0.8,att_refill,0.30889894419306185,0.20416901661637687,0.44182816955245735,0.17617431648338064,4226
2025,night,all,0.8,att_eff,-0.01947456065974646,-0.3701153844581264,0.23346396633865363,0.44742724299242403,4227
2025,night,all,0.8,def_eff,0.09994706093077187,-0.1383234885450424,0.39245711612781536,0.3934622718108657,4225
2025,night,all,0.8,att_large,0.0,0.0,0.0,0.0,4226
2025,night,all,0.8,def_large,0.0,0.0,0.0,0.0,4226
2025,night,all,0.8,balance,0.01512320653023125,-0.03194993601650201,0.06235896737664259,0.06991023231515538,4228
2025,night,all,0.8,volume,0.5882608695652174,0.3044977511244378,1.2225000000000001,0.6805057441627593,4228
2025,night,all,0.85,delta,-0.034407252013031145,-0.1929535059745427,0.1350170412609683,0.2431212359047524,4227
2025,night,all,0.85,def_cancel,0.44977606871283654,0.4131898393488348,0.4805278358536815,0.049916972946513476,4227
2025,night,all,0.85,att_cancel,0.46118312440054965,0.4286708109654949,0.4935001556427012,0.04805733482372595,4224
2025,night,all,0.85,def_refill,0.3464433891124,0.2353033120011012,0.47368421052631576,0.17670933915879508,4227
2025,night,all,0.85,att_refill,0.30966689918352935,0.20207933127874048,0.43967554795865305,0.17612766247584327,4227
2025,night,all,0.85,att_eff,0.0,-0.3595622001925734,0.2614333979301099,0.4603377302614406,4227
2025,night,all,0.85,def_eff,0.0705139623037927,-0.18808357972475973,0.39611686150961706,0.43306185413964177,4225
2025,night,all,0.85,att_large,0.0,0.0,0.0,0.0,4227
2025,night,all,0.85,def_large,0.0,0.0,0.0,0.0,4227
2025,night,all,0.85,balance,0.01568212493289901,-0.03251580955388982,0.06494079910231458,0.07224359425960296,4228
2025,night,all,0.85,volume,0.5863709785973885,0.30237348858038515,1.2103754940711462,0.6730926653007866,4228
2025,night,all,0.9,delta,-0.025123545969286912,-0.17828063798667632,0.13616219872927302,0.23309328147957695,4227
2025,night,all,0.9,def_cancel,0.45160137484647594,0.416282608411973,0.48416286940682146,0.05031894810589211,4227
2025,night,all,0.9,att_cancel,0.4577859085462612,0.426068488156592,0.4908939585501304,0.048054462856588896,4219
2025,night,all,0.9,def_refill,0.34298036096553225,0.2335835411333746,0.46782080984261215,0.17363770845755194,4227
2025,night,all,0.9,att_refill,0.3111934305184341,0.20396514247269545,0.44133237564370703,0.1759579193261761,4227
2025,night,all,0.9,att_eff,0.0,-0.34650382221022563,0.2939535058706889,0.47476451303255335,4227
2025,night,all,0.9,def_eff,0.0478733007362209,-0.22403118545854303,0.37254169602614207,0.4422334184467644,4225
2025,night,all,0.9,att_large,0.0,0.0,0.0,0.0,4227
2025,night,all,0.9,def_large,0.0,0.0,0.0,0.0,4227
2025,night,all,0.9,balance,0.01592867787343015,-0.033410839930973046,0.06683224037148151,0.07430917739247929,4228
2025,night,all,0.9,volume,0.58367910861517,0.30129076086956524,1.1955882352941176,0.662933635600113,4228
2025,night,all,0.95,delta,-0.0037133964491083303,-0.15782332531509358,0.15601830757590962,0.23264761518977256,4227
2025,night,all,0.95,def_cancel,0.45766865202662027,0.42234701903490934,0.4890874218430209,0.049473982808088623,4227
2025,night,all,0.95,att_cancel,0.45221975936415726,0.4207901886043201,0.4839925068171621,0.04685123662923796,4220
2025,night,all,0.95,def_refill,0.33709344897478655,0.226024444218721,0.4661555524912815,0.17800675186994847,4227
2025,night,all,0.95,att_refill,0.32070919833143274,0.2140455783511045,0.45591025023188214,0.17929182496721843,4227
2025,night,all,0.95,att_eff,0.05296732207392505,-0.25889221133237883,0.3540473098411305,0.4543658422338839,4227
2025,night,all,0.95,def_eff,0.0,-0.2815393086257017,0.3011785256049173,0.4319628126246249,4225
2025,night,all,0.95,att_large,0.0,0.0,0.0,0.0,4227
2025,night,all,0.95,def_large,0.0,0.0,0.0,0.0,4227
2025,night,all,0.95,balance,0.015401743726289677,-0.03291436134959271,0.06932652110848314,0.07579012784142021,4228
2025,night,all,0.95,volume,0.5623602484472049,0.29218154080854314,1.1388328157349896,0.6276139917912873,4228
2025,rth,all,-1.0,delta,0.09029059129688177,0.02041572704410152,0.15233935772071627,0.09779364764760175,1553
2025,rth,all,-1.0,def_cancel,0.46450316952252135,0.449374482861337,0.477180084297483,0.020612009960078552,1553
2025,rth,all,-1.0,att_cancel,0.4366160166261402,0.41746979897457753,0.45198773151481814,0.02558779283931846,1553
2025,rth,all,-1.0,def_refill,0.36583064689425393,0.30084309977364787,0.42373647263859615,0.09109960924013957,1553
2025,rth,all,-1.0,att_refill,0.46266088173759357,0.3870997109190162,0.5406578089317067,0.11383105857130503,1553
2025,rth,all,-1.0,att_eff,0.32363593998138995,0.13736336857701856,0.5327658021956699,0.2931078084645303,1588
2025,rth,all,-1.0,def_eff,-0.3133143140103074,-0.5725326231310444,-0.09978459880084743,0.35044330936263673,1436
2025,rth,all,-1.0,att_large,0.0402344782606538,0.0,0.13549714054482084,0.10044265422151286,1553
2025,rth,all,-1.0,def_large,0.0,0.0,0.05043071360116785,0.037383775834816786,1553
2025,rth,all,-1.0,balance,-0.006114578976065925,-0.0527324382185467,0.038559148725515115,0.06767352627432306,2095
2025,rth,all,-1.0,volume,0.8537518732605437,0.5207639983651544,1.350027468590264,0.6147245887510079,2095
2025,rth,all,-0.95,delta,0.08952981889537419,0.016928931957014056,0.15852639975242452,0.1049647648594592,1779
2025,rth,all,-0.95,def_cancel,0.46310691008527666,0.44762853465068414,0.4771912029595492,0.021914505788632365,1779
2025,rth,all,-0.95,att_cancel,0.43723913499237793,0.41912181635085527,0.45281255900402956,0.02497460537670444,1779
2025,rth,all,-0.95,def_refill,0.3726582141838842,0.3067368900292411,0.4347015579300454,0.09485890874781638,1779
2025,rth,all,-0.95,att_refill,0.47581365638618667,0.3959243760689999,0.5453898542365767,0.11079724104342241,1779
2025,rth,all,-0.95,att_eff,0.312383603933277,0.09968866587267113,0.5456271580932953,0.33056967547859467,1819
2025,rth,all,-0.95,def_eff,-0.34169955034528027,-0.6065614133192275,-0.08664121176264264,0.3854115652754521,1693
2025,rth,all,-0.95,att_large,0.028489889346014617,0.0,0.12720407545588183,0.09429508929272189,1779
2025,rth,all,-0.95,def_large,0.0,0.0,0.04789876425026662,0.035506867494637974,1779
2025,rth,all,-0.95,balance,-0.0060210725855795915,-0.05321492686529675,0.037366523973525294,0.06714710959141738,2095
2025,rth,all,-0.95,volume,0.9299229287090558,0.592547874225519,1.540223452581796,0.7025022819542454,2095
2025,rth,all,-0.9,delta,0.07351702665129589,0.010701963038188978,0.1476534969362027,0.10152078124389452,1899
2025,rth,all,-0.9,def_cancel,0.46132607423645733,0.44546436954127816,0.4753117546560091,0.02212556346533058,1899
2025,rth,all,-0.9,att_cancel,0.4393326860218078,0.4216207128005001,0.45449734732796276,0.02437111529092857,1899
2025,rth,all,-0.9,def_refill,0.3861859188763847,0.3135455459991744,0.45400406265110765,0.1041204719436125,1899
2025,rth,all,-0.9,att_refill,0.4754406009478621,0.39716898194920586,0.5460058053322332,0.11033122563604696,1899
2025,rth,all,-0.9,att_eff,0.2669294177192415,0.06387416918688492,0.49179069461791086,0.31721017452262856,1929
2025,rth,all,-0.9,def_eff,-0.27202184335134355,-0.5447137777409058,-0.05430010822028202,0.3635386727358219,1842
2025,rth,all,-0.9,att_large,0.030526747327464812,0.0,0.12103436909346392,0.08972154862376866,1899
2025,rth,all,-0.9,def_large,0.0,0.0,0.051404424293177514,0.038105577682118245,1899
2025,rth,all,-0.9,balance,-0.005322880714142463,-0.05213768636653993,0.03947138202107693,0.06790887204419338,2095
2025,rth,all,-0.9,volume,0.9658896707715507,0.606401077246453,1.5230046777644322,0.6794689403394953,2095
2025,rth,all,-0.85,delta,0.06628638769693129,-0.007789619388429391,0.14100301219996775,0.11029846670748492,1982
2025,rth,all,-0.85,def_cancel,0.4586133840752811,0.4440583822524813,0.4724775241319047,0.02106682125976531,1982
2025,rth,all,-0.85,att_cancel,0.4413374049113651,0.4211850206205077,0.45619001447831314,0.025948846447594827,1982
2025,rth,all,-0.85,def_refill,0.3911469060221224,0.3216931420294447,0.4612655127364735,0.10346358095406136,1982
2025,rth,all,-0.85,att_refill,0.4681275754324203,0.3950531075805756,0.5524787763055057,0.11669804946251304,1982
2025,rth,all,-0.85,att_eff,0.20915709780516226,-0.00241222478789555,0.4711801073409235,0.3510691861592432,1999
2025,rth,all,-0.85,def_eff,-0.22464218154567747,-0.5390367994041578,0.015589300402896428,0.41113869518684526,1935
2025,rth,all,-0.85,att_large,0.03014473393415128,0.0,0.1261601974752791,0.09352127314698228,1982
2025,rth,all,-0.85,def_large,0.0,0.0,0.04759827522970898,0.035284118035366185,1982
2025,rth,all,-0.85,balance,-0.001992758388248558,-0.050283937203222315,0.04272693064579842,0.06894801174871812,2095
2025,rth,all,-0.85,volume,0.9656683526011561,0.6066498073217726,1.5160301258315103,0.6741143947440605,2095
2025,rth,all,-0.8,delta,0.0532246247169496,-0.01886534844090002,0.12918772888706054,0.10975024264489293,2018
2025,rth,all,-0.8,def_cancel,0.45801329377199057,0.44149478928875235,0.4716402694213833,0.02234653827474497,2018
2025,rth,all,-0.8,att_cancel,0.44302677019631187,0.42382289145298363,0.45777467462967736,0.02516811206574776,2018
2025,rth,all,-0.8,def_refill,0.3928908588996048,0.3283150409168619,0.46571993402541806,0.1018568518225027,2018
2025,rth,all,-0.8,att_refill,0.46703729375594877,0.39089371843661636,0.5504176370790214,0.11825346081720163,2018
2025,rth,all,-0.8,att_eff,0.19357381093734072,-0.04964586719339405,0.4311450104487836,0.35640539484223693,2030
2025,rth,all,-0.8,def_eff,-0.1961151623209312,-0.4756685031727527,0.07381209796401868,0.4073243892785556,1984
2025,rth,all,-0.8,att_large,0.015802566729080585,0.0,0.1310382603010818,0.09713733157974928,2018
2025,rth,all,-0.8,def_large,0.0,0.0,0.055222053571519936,0.04093554749556704,2018
2025,rth,all,-0.8,balance,-0.001548383905889001,-0.04735353195542611,0.04467741672705971,0.06822160762230231,2095
2025,rth,all,-0.8,volume,0.9319694718120335,0.6143193637224801,1.4923439909570617,0.6508707392398678,2095
2025,rth,all,-0.75,delta,0.04519991831588939,-0.025836596586246693,0.1211547132129718,0.10896316515879799,2043
2025,rth,all,-0.75,def_cancel,0.45733383728814875,0.4409382380150671,0.4712437349901406,0.022465157134969244,2043
2025,rth,all,-0.75,att_cancel,0.44405066595013726,0.42591062408223035,0.45927516595875173,0.024732796053759363,2043
2025,rth,all,-0.75,def_refill,0.400805014872372,0.3292137051313007,0.47022804514844596,0.10453249815948498,2043
2025,rth,all,-0.75,att_refill,0.46721748416690384,0.38590957627667694,0.5486098200437534,0.12060803837440803,2043
2025,rth,all,-0.75,att_eff,0.15797685209654835,-0.07892497709119446,0.40120070933905133,0.35591229535229485,2051
2025,rth,all,-0.75,def_eff,-0.155800529355639,-0.4519437220271578,0.08349925733839876,0.3969184428210205,2025
2025,rth,all,-0.75,att_large,0.013573274250628231,0.0,0.11841676097971218,0.08778114231261096,2043
2025,rth,all,-0.75,def_large,0.0,0.0,0.05683033174022404,0.042127747768883644,2043
2025,rth,all,-0.75,balance,-0.0012088905919238572,-0.047695634285197665,0.04669935570730969,0.06997404743699581,2095
2025,rth,all,-0.75,volume,0.9226334868227686,0.5888496020404239,1.497898055701524,0.6738683867020757,2095
2025,rth,all,-0.7,delta,0.040147870504014686,-0.03212608552883267,0.11835662976337086,0.11155130859318275,2060
2025,rth,all,-0.7,def_cancel,0.4569151420089822,0.4402118783430711,0.47026211890253494,0.02227593814637796,2060
2025,rth,all,-0.7,att_cancel,0.4450000964475353,0.4262339821641813,0.46058125228312813,0.025461282519604774,2060
2025,rth,all,-0.7,def_refill,0.40715965538909354,0.33167779142275416,0.47829247012864723,0.10868397235425728,2060
2025,rth,all,-0.7,att_refill,0.4608497112725657,0.3824673975639732,0.5432647968049965,0.11919747905190758,2060
2025,rth,all,-0.7,att_eff,0.1393618347665672,-0.09400832454346847,0.38064816981911764,0.3518580388158533,2068
2025,rth,all,-0.7,def_eff,-0.13476229919381053,-0.43055626868534613,0.09989354215459226,0.3932170577019558,2046
2025,rth,all,-0.7,att_large,0.0,0.0,0.11688501075680821,0.08664567142832336,2060
2025,rth,all,-0.7,def_large,0.0,0.0,0.047099217638985676,0.03491417171162763,2060
2025,rth,all,-0.7,balance,0.0002732993900903603,-0.04418945728268678,0.04728859319747631,0.06781174979997263,2095
2025,rth,all,-0.7,volume,0.9196203971312353,0.589811266693243,1.4539511078998073,0.6405780883666155,2095
2025,rth,all,-0.65,delta,0.041243563674727535,-0.03697498874916991,0.11917226626123933,0.11575037435908765,2069
2025,rth,all,-0.65,def_cancel,0.45615871526944535,0.4399441967958793,0.4700811282121725,0.022340201198141736,2069
2025,rth,all,-0.65,att_cancel,0.446610893869879,0.4266191056550195,0.4611810101101082,0.025620388773231077,2069
2025,rth,all,-0.65,def_refill,0.40608616221050264,0.33403990461055216,0.4805010998506007,0.10857019661975428,2069
2025,rth,all,-0.65,att_refill,0.46152854502289725,0.3814462532119402,0.5431839620509015,0.1198945210073842,2069
2025,rth,all,-0.65,att_eff,0.13995924766465062,-0.09745711945109785,0.3636978691871103,0.3418495097392203,2073
2025,rth,all,-0.65,def_eff,-0.1357595074489398,-0.4327548101914716,0.11328502179817353,0.4047737820531098,2056
2025,rth,all,-0.65,att_large,0.0,0.0,0.11523853251119226,0.0854251538259394,2069
2025,rth,all,-0.65,def_large,0.0,0.0,0.06192257080650209,0.04590257287361163,2069
2025,rth,all,-0.65,balance,0.0015692917794281442,-0.0448295922598781,0.04693891788475902,0.06802706459943449,2095
2025,rth,all,-0.65,volume,0.9212410264777178,0.5780650555711402,1.4386971279174188,0.6379778149342318,2095
2025,rth,all,-0.6,delta,0.035481341246396896,-0.037718171116767285,0.11205845584388663,0.11102789248380572,2076
2025,rth,all,-0.6,def_cancel,0.45590346166293305,0.43887316157420864,0.4695816958379177,0.02276392458392073,2076
2025,rth,all,-0.6,att_cancel,0.44665946692403236,0.4260563150427759,0.46184206625405044,0.02652761394460677,2076
2025,rth,all,-0.6,def_refill,0.40855568299660927,0.3348143194841331,0.4802480210361767,0.10780852598372395,2076
2025,rth,all,-0.6,att_refill,0.45484069253627984,0.37803464631077366,0.5400534073434599,0.12010286214431891,2076
2025,rth,all,-0.6,att_eff,0.13282096909669097,-0.12189007202952651,0.35155489305133863,0.35095994446320616,2078
2025,rth,all,-0.6,def_eff,-0.13692200708116717,-0.4179028737988773,0.1313024323924234,0.40712031593128295,2069
2025,rth,all,-0.6,att_large,0.0,0.0,0.11330906663030892,0.08399486036346102,2076
2025,rth,all,-0.6,def_large,0.0,0.0,0.07508812408939348,0.055662063817193096,2076
2025,rth,all,-0.6,balance,0.004443675836656878,-0.044643847822260156,0.047003292678097296,0.06793709451472013,2095
2025,rth,all,-0.6,volume,0.9010897040969793,0.5615503715937241,1.4543669240201031,0.6618358431626234,2095
2025,rth,all,-0.55,delta,0.03242729999852016,-0.04127887080855999,0.10827263305987923,0.11086101102182301,2079
2025,rth,all,-0.55,def_cancel,0.4559033332328995,0.4395661848480888,0.4695012130114617,0.0221905323672149,2079
2025,rth,all,-0.55,att_cancel,0.44713301779310877,0.4282113443997964,0.46230904415935814,0.02527627854674702,2079
2025,rth,all,-0.55,def_refill,0.41159691699359785,0.3384710241433422,0.48267288452150087,0.10689537463169659,2079
2025,rth,all,-0.55,att_refill,0.4573192808631779,0.3782228246602529,0.5443463242538226,0.12314566315312798,2079
2025,rth,all,-0.55,att_eff,0.11568841017928974,-0.10845445845729006,0.34195080417155144,0.33388084701915605,2078
2025,rth,all,-0.55,def_eff,-0.11513953388810402,-0.391486227299118,0.1165718026344906,0.3766182579196506,2074
2025,rth,all,-0.55,att_large,0.0,0.0,0.11368472215382038,0.08427332998800621,2079
2025,rth,all,-0.55,def_large,0.0,0.0,0.07319364444259727,0.054257705294734816,2079
2025,rth,all,-0.55,balance,0.0034506725591146314,-0.042463164043126014,0.04980449269984368,0.06839707690360985,2095
2025,rth,all,-0.55,volume,0.8926504590275417,0.5649770914549446,1.4362516096620144,0.6458669519696588,2095
2025,rth,all,-0.5,delta,0.0344365236206717,-0.03809811773137518,0.11074010837452232,0.11033226546026502,2079
2025,rth,all,-0.5,def_cancel,0.456634735369939,0.44123625473270456,0.470029751910954,0.021344327040955832,2079
2025,rth,all,-0.5,att_cancel,0.44733132236367873,0.4288444391964029,0.4626529947641033,0.025061938893773467,2079
2025,rth,all,-0.5,def_refill,0.4125409272319194,0.3379286141737713,0.48438264275606235,0.1085648840491409,2079
2025,rth,all,-0.5,att_refill,0.4596134192692419,0.3791805266230751,0.5425820822384456,0.12112791372525612,2079
2025,rth,all,-0.5,att_eff,0.11840922103382015,-0.11634552778850994,0.3558589842716012,0.35004040923655383,2082
2025,rth,all,-0.5,def_eff,-0.11815310948562033,-0.39013877876234704,0.12163426489241397,0.3793721598626842,2076
2025,rth,all,-0.5,att_large,0.0,0.0,0.10463832785833553,0.0775673297689663,2079
2025,rth,all,-0.5,def_large,0.0,0.0,0.057565878640191824,0.04267300121585754,2079
2025,rth,all,-0.5,balance,0.006092776120741555,-0.03898726560142665,0.05096156366246163,0.06667815364261548,2095
2025,rth,all,-0.5,volume,0.8955207870164518,0.5606036272890659,1.4162545797571087,0.6342853613551096,2095
2025,rth,all,-0.45,delta,0.03104599615374876,-0.03198676028140681,0.10622061861546803,0.10245172638760182,2081
2025,rth,all,-0.45,def_cancel,0.45678390891329795,0.4399771852221035,0.46989828443259485,0.02218020697590167,2081
2025,rth,all,-0.45,att_cancel,0.4480592105279296,0.4277866328316629,0.46330460725135975,0.026329113728463187,2081
2025,rth,all,-0.45,def_refill,0.4148706051874716,0.3416123176410141,0.4869173694120393,0.10771315920757984,2081
2025,rth,all,-0.45,att_refill,0.45709048966300964,0.382283062198987,0.539945089067028,0.11687325935362564,2081
2025,rth,all,-0.45,att_eff,0.10409768083232347,-0.1273449449227662,0.33102086686254173,0.3397819212641275,2083
2025,rth,all,-0.45,def_eff,-0.09845066274318681,-0.3728178716133527,0.12832356106955162,0.37149105462038867,2078
2025,rth,all,-0.45,att_large,0.0,0.0,0.10406953869310047,0.0771456921372131,2081
2025,rth,all,-0.45,def_large,0.0,0.0,0.05405028182300731,0.04006692499852284,2081
2025,rth,all,-0.45,balance,0.008047767485784148,-0.037172320824411284,0.05031883642634182,0.06485630633858644,2095
2025,rth,all,-0.45,volume,0.8917920199178893,0.5678699944858534,1.4241607658959536,0.6347596526390662,2095
2025,rth,all,-0.4,delta,0.024885775115052095,-0.04642854416869273,0.10499433018417305,0.1122482389569057,2081
2025,rth,all,-0.4,def_cancel,0.45521551869612303,0.43973273729041257,0.46910912841209923,0.02177642040154682,2081
2025,rth,all,-0.4,att_cancel,0.44867999481495713,0.42943045254694917,0.4631352135963926,0.02498499707149253,2081
2025,rth,all,-0.4,def_refill,0.41799133812899664,0.34407921528300534,0.4933339080830584,0.11064098799114384,2081
2025,rth,all,-0.4,att_refill,0.45519675809484905,0.3746184117200748,0.5335740325186877,0.11783218739704442,2081
2025,rth,all,-0.4,att_eff,0.09874890224562952,-0.1170420467941632,0.3104992058229597,0.3169319885968294,2084
2025,rth,all,-0.4,def_eff,-0.09407990045917855,-0.34095582144647346,0.13244186630551277,0.35092489825944123,2079
2025,rth,all,-0.4,att_large,0.0,0.0,0.1064546229492228,0.07891373087414588,2081
2025,rth,all,-0.4,def_large,0.0,0.0,0.06514611372498477,0.048292152501841934,2081
2025,rth,all,-0.4,balance,0.007985380676292581,-0.03843446321029716,0.05138019319100087,0.06657869266219275,2095
2025,rth,all,-0.4,volume,0.8967842128969297,0.5641718850353243,1.4050840777719389,0.6233596684481947,2095
2025,rth,all,-0.35,delta,0.030153392938286765,-0.03784604787315596,0.10277567736570406,0.10424145681160861,2082
2025,rth,all,-0.35,def_cancel,0.4553941763671573,0.43992578042714975,0.46887606248094205,0.02146055007694018,2082
2025,rth,all,-0.35,att_cancel,0.4489625430026576,0.42934937337299683,0.46299248718532515,0.024939298600688154,2082
2025,rth,all,-0.35,def_refill,0.41736494174530975,0.3401042910474423,0.49061094316932075,0.11156905272192622,2082
2025,rth,all,-0.35,att_refill,0.45776042119423804,0.3769533121362689,0.5408219108019383,0.12147412799530719,2082
2025,rth,all,-0.35,att_eff,0.09936812766219676,-0.1309291690045724,0.3288531990303209,0.34083200002586606,2084
2025,rth,all,-0.35,def_eff,-0.09254352202107488,-0.35858840238962925,0.1307535609529587,0.3627442278299392,2080
2025,rth,all,-0.35,att_large,0.0,0.0,0.11461623151084525,0.08496384841426631,2082
2025,rth,all,-0.35,def_large,0.0,0.0,0.05944101779911376,0.04406302283107025,2082
2025,rth,all,-0.35,balance,0.007595271390247011,-0.035910474396364606,0.05378207341736731,0.06648817480632462,2095
2025,rth,all,-0.35,volume,0.9045870555263619,0.5523001160807354,1.4019949303515589,0.6298701365980901,2095
2025,rth,all,-0.3,delta,0.03545410366070618,-0.02984148271218943,0.10882142439799877,0.10278940482593639,2083
2025,rth,all,-0.3,def_cancel,0.4568696331552061,0.44076389978464237,0.4691093214209111,0.021012173192193284,2083
2025,rth,all,-0.3,att_cancel,0.44656042580180993,0.428711691318639,0.46220509417771793,0.024828319391459543,2083
2025,rth,all,-0.3,def_refill,0.40991422990977733,0.3402064151887948,0.4881086107355603,0.10963839551279873,2083
2025,rth,all,-0.3,att_refill,0.4578664158884662,0.3859604067670037,0.5360627925440274,0.11126937418608135,2083
2025,rth,all,-0.3,att_eff,0.13109312880976381,-0.10802145390754135,0.3586585772124063,0.3459451676204208,2085
2025,rth,all,-0.3,def_eff,-0.13844779710094707,-0.39480312769433856,0.11682922515988103,0.3792678672010523,2081
2025,rth,all,-0.3,att_large,0.0046054209642600145,0.0,0.11306139961103641,0.08381126731729904,2083
2025,rth,all,-0.3,def_large,0.0,0.0,0.060846355057222724,0.04510478506836377,2083
2025,rth,all,-0.3,balance,0.00968112010008888,-0.03456664483325393,0.052602451189238515,0.06461756562082466,2095
2025,rth,all,-0.3,volume,0.893368657675016,0.5743849779796312,1.4678076830443159,0.6622851779575127,2095
2025,rth,all,-0.25,delta,0.03862816432705064,-0.0315444590056911,0.11119104489470774,0.10580837946656697,2084
2025,rth,all,-0.25,def_cancel,0.4566317552614029,0.44107024576894877,0.46976214968125113,0.021269016984657052,2084
2025,rth,all,-0.25,att_cancel,0.4460607241961516,0.4287678225881049,0.46075031893631835,0.023708299739224187,2084
2025,rth,all,-0.25,def_refill,0.4074473689242021,0.3379340343217829,0.4833958058473937,0.10782933397005993,2084
2025,rth,all,-0.25,att_refill,0.45857845613228854,0.38526713810619834,0.5369968814152557,0.11247571779767039,2084
2025,rth,all,-0.25,att_eff,0.14483719189612307,-0.0765320402368737,0.3543699502495102,0.3194232694487649,2085
2025,rth,all,-0.25,def_eff,-0.14043861592940218,-0.40507559323285036,0.08308587275044589,0.36186913712623886,2082
2025,rth,all,-0.25,att_large,0.0,0.0,0.11226359794090456,0.08321986504144148,2084
2025,rth,all,-0.25,def_large,0.0,0.0,0.06949654582628069,0.05151708363697605,2084
2025,rth,all,-0.25,balance,0.009988207031260793,-0.035846249699117136,0.05530797244876082,0.06757169914594363,2095
2025,rth,all,-0.25,volume,0.9104596751995595,0.5558217425337187,1.4258626729724995,0.6449525058849376,2095
2025,rth,all,-0.2,delta,0.04367001984636285,-0.02907307843866114,0.1172559183187531,0.10847219922714176,2085
2025,rth,all,-0.2,def_cancel,0.45772207743405763,0.44130545404264987,0.4715409611717101,0.02241327437291346,2085
2025,rth,all,-0.2,att_cancel,0.4444948441834554,0.4254795230369883,0.45966808101917334,0.02534363082445145,2085
2025,rth,all,-0.2,def_refill,0.40555522113557735,0.33930163870001606,0.4810758746949654,0.1050958013305777,2085
2025,rth,all,-0.2,att_refill,0.46659084584908217,0.38595039553261407,0.5404486138733792,0.11452796022295413,2085
2025,rth,all,-0.2,att_eff,0.16677903278514228,-0.04685806367799032,0.3818862893333234,0.3178238347007515,2086
2025,rth,all,-0.2,def_eff,-0.1801999587434027,-0.42560660896911323,0.06467557588795599,0.3634412044900439,2084
2025,rth,all,-0.2,att_large,0.0,0.0,0.11192970766863575,0.08297235557348832,2085
2025,rth,all,-0.2,def_large,0.0,0.0,0.067691419650233,0.05017896193493921,2085
2025,rth,all,-0.2,balance,0.012142790641287518,-0.03333079419193168,0.057752223389187354,0.06751891592373538,2095
2025,rth,all,-0.2,volume,0.9103389385181293,0.5752030882722529,1.421780772214298,0.6275594395419164,2095
2025,rth,all,-0.15,delta,0.05038673986482379,-0.021879117682889686,0.12218211286151154,0.10679112716412248,2085
2025,rth,all,-0.15,def_cancel,0.4568799572512257,0.44168429103498963,0.47151808738438605,0.022115490251591124,2085
2025,rth,all,-0.15,att_cancel,0.4435477654051985,0.42529913128193464,0.4579577446093123,0.024209498389457143,2085
2025,rth,all,-0.15,def_refill,0.4053146001149114,0.33577927493279963,0.47841134136327235,0.10573170232058764,2085
2025,rth,all,-0.15,att_refill,0.4710176175323379,0.3926673232265943,0.5453488077655175,0.11318123390579928,2085
2025,rth,all,-0.15,att_eff,0.1771614245026479,-0.04183746455299134,0.3875722593955765,0.3183170674192497,2086
2025,rth,all,-0.15,def_eff,-0.19379730388358585,-0.4592007699521944,0.03726501149310444,0.3680250418423268,2084
2025,rth,all,-0.15,att_large,0.01614479339291965,0.0,0.11483421391510353,0.08512543655678542,2085
2025,rth,all,-0.15,def_large,0.0,0.0,0.05643081438319153,0.04183158960948223,2085
2025,rth,all,-0.15,balance,0.014517036374253747,-0.03258166259934657,0.0608942246949341,0.06929272594090487,2095
2025,rth,all,-0.15,volume,0.9368342800423726,0.5733984555869218,1.4468700735680513,0.6474956397191471,2095
2025,rth,all,-0.1,delta,0.06109753765585154,-0.009534263910424123,0.13184670255495617,0.10480427462222408,2085
2025,rth,all,-0.1,def_cancel,0.45842018465499806,0.44343310625717447,0.4710584302538034,0.02047837212500291,2085
2025,rth,all,-0.1,att_cancel,0.44093935780409693,0.42301693060352663,0.45623886643102307,0.024627083637877273,2085
2025,rth,all,-0.1,def_refill,0.4043909137012987,0.32888047730569187,0.4719737781924179,0.10607361073886291,2085
2025,rth,all,-0.1,att_refill,0.47646371418527106,0.39515885629839526,0.556499412474379,0.11960011577167064,2085
2025,rth,all,-0.1,att_eff,0.21923201427877062,0.011281363761010863,0.4386302265256666,0.3167893719530435,2086
2025,rth,all,-0.1,def_eff,-0.23213790468401588,-0.4943857531086724,0.0,0.3664831379604688,2084
2025,rth,all,-0.1,att_large,0.021785378689007994,0.0,0.12667041689863232,0.09389949362389349,2085
2025,rth,all,-0.1,def_large,0.0,0.0,0.049039532127352854,0.0363525071366589,2085
2025,rth,all,-0.1,balance,0.01590846258518806,-0.02940137934461437,0.06361932461039964,0.06895530315419868,2095
2025,rth,all,-0.1,volume,0.9456334296724471,0.565495599054125,1.476404937602041,0.6752478417701379,2095
2025,rth,all,-0.05,delta,0.09192310908187144,0.025164720449916265,0.1608736682013171,0.10059966475270632,2085
2025,rth,all,-0.05,def_cancel,0.4630514898854934,0.44854789927618705,0.47591836593632425,0.020289448969708825,2085
2025,rth,all,-0.05,att_cancel,0.43381247599866957,0.4147609973829574,0.44793507348108924,0.02459160570654695,2085
2025,rth,all,-0.05,def_refill,0.38169641105024826,0.31338317151651096,0.454212618892282,0.1043954391221431,2085
2025,rth,all,-0.05,att_refill,0.49496151581181236,0.4155291054377637,0.5757800217097389,0.11879237677685332,2085
2025,rth,all,-0.05,att_eff,0.32433514205581043,0.16176924661305317,0.5286648517184209,0.271975985993601,2086
2025,rth,all,-0.05,def_eff,-0.37805283693328573,-0.6260454921901478,-0.16430654889531895,0.3422823893957219,2084
2025,rth,all,-0.05,att_large,0.053896416262615966,0.0,0.1370192359576106,0.10157096809311386,2085
2025,rth,all,-0.05,def_large,0.0,0.0,0.04353377999557137,0.032271148995975815,2085
2025,rth,all,-0.05,balance,0.022952699427943726,-0.026220779496134196,0.07669696974069998,0.07629188231047751,2095
2025,rth,all,-0.05,volume,1.0039885440544132,0.6305093930635839,1.6010874277456648,0.7194796402387553,2095
2025,rth,all,0.0,delta,0.0912438805955286,0.01581275381939594,0.16895582683264335,0.11352340475407519,2086
2025,rth,all,0.0,def_cancel,0.4526664719467758,0.4342174904533324,0.4677419668940669,0.024851353921967734,2086
2025,rth,all,0.0,att_cancel,0.4337366642780849,0.4148325339363495,0.4502227402934251,0.026234400561212474,2086
2025,rth,all,0.0,def_refill,0.37271509016109394,0.3102233215400149,0.4397686666234781,0.09603064869048418,2086
2025,rth,all,0.0,att_refill,0.48058373165033647,0.39755573571717623,0.5620188570387732,0.12191484160236987,2086
2025,rth,all,0.0,att_eff,0.1992417897224962,0.00508065974951011,0.3965097730432024,0.2901624264593716,2087
2025,rth,all,0.0,def_eff,-0.24739810798875422,-0.5042270880500714,-0.017516863315631535,0.36079334672679014,2084
2025,rth,all,0.0,att_large,0.09601851516824852,0.0,0.19176745913394286,0.14215526992879382,2086
2025,rth,all,0.0,def_large,0.0,0.0,0.07304911358342221,0.054150566036636184,2086
2025,rth,all,0.0,balance,0.022304626862320143,-0.024480045140087794,0.07296621685940707,0.07223592438806144,2095
2025,rth,all,0.0,volume,1.2517693449774374,0.795735561973773,1.8750821071991592,0.8001086324873138,2095
2025,rth,all,0.05,delta,0.009690619915539185,-0.06857344469186491,0.09432095596876958,0.12075196490780911,2086
2025,rth,all,0.05,def_cancel,0.4426468390598994,0.4253248036379514,0.456440813945667,0.023065982437150186,2086
2025,rth,all,0.05,att_cancel,0.4509607253016894,0.43261509941038007,0.4664213243851733,0.02506021124892012,2086
2025,rth,all,0.05,def_refill,0.42542371575905497,0.35700286356254973,0.49855658228452276,0.10493233411562122,2086
2025,rth,all,0.05,att_refill,0.43520303501187446,0.3630202218890928,0.5122168732183635,0.110597962438303,2086
2025,rth,all,0.05,att_eff,-0.08927777764959811,-0.3320644487173073,0.1408626642342462,0.35057606593888324,2087
2025,rth,all,0.05,def_eff,0.0755343076787442,-0.1571690064626301,0.31659306517558233,0.3511950123337379,2084
2025,rth,all,0.05,att_large,0.03162601123074978,0.0,0.13389839822594185,0.09925752277682866,2086
2025,rth,all,0.05,def_large,0.0,0.0,0.08832916214267354,0.0654775108544652,2086
2025,rth,all,0.05,balance,0.0215437230068196,-0.022024543359810713,0.06748951499364715,0.06635586238210368,2095
2025,rth,all,0.05,volume,1.1119213459950454,0.7095738926153752,1.7255113240385656,0.7531041003878357,2095
2025,rth,all,0.1,delta,-0.01675834934977578,-0.0837343989387448,0.05465938943519989,0.1025899098398404,2086
2025,rth,all,0.1,def_cancel,0.4424989439772897,0.426517210684821,0.4565258405359063,0.02224509255084156,2086
2025,rth,all,0.1,att_cancel,0.4562410949129591,0.43890328251779004,0.4712808537480807,0.024001164737057577,2086
2025,rth,all,0.1,def_refill,0.4472850124790997,0.37265317329352826,0.5182809049532141,0.10795235853201322,2086
2025,rth,all,0.1,att_refill,0.42344168267458937,0.3499113420682682,0.4935183886740606,0.10645444522297438,2086
2025,rth,all,0.1,att_eff,-0.15870079028900083,-0.39587555539151215,0.06657967536420518,0.34281336601609885,2087
2025,rth,all,0.1,def_eff,0.14924913684676475,-0.07470147256587165,0.38731671690473835,0.34248939174989623,2085
2025,rth,all,0.1,att_large,0.0,0.0,0.10839746429603485,0.0803539394336804,2086
2025,rth,all,0.1,def_large,0.0,0.0,0.08466017741983667,0.06275772974042748,2086
2025,rth,all,0.1,balance,0.022355187700990323,-0.01959185922912973,0.06512022962215258,0.06279621115736272,2095
2025,rth,all,0.1,volume,0.9732083306866544,0.6381751036375314,1.6172692914022393,0.725792578031659,2095
2025,rth,all,0.15,delta,-0.03184767525999768,-0.09431249469051994,0.039349239021385395,0.0990820857760603,2086
2025,rth,all,0.15,def_cancel,0.44503667119941775,0.4270793040002318,0.4583519215395574,0.02318207378749117,2086
2025,rth,all,0.15,att_cancel,0.45820681928435836,0.4414498521378135,0.4726094132115459,0.023098266177711203,2086
2025,rth,all,0.15,def_refill,0.4542921751937821,0.3808501464965515,0.5305449644245617,0.1109672482787325,2086
2025,rth,all,0.15,att_refill,0.417517650944126,0.343938563144166,0.4881420666913699,0.10689659269622231,2086
2025,rth,all,0.15,att_eff,-0.16088298862038347,-0.41772335886303624,0.055958308282321026,0.35113540929974596,2087
2025,rth,all,0.15,def_eff,0.15841441363142497,-0.05353125549152933,0.3944076903314186,0.3320525914180489,2085
2025,rth,all,0.15,att_large,0.0,0.0,0.09323213025877729,0.06911203132600244,2086
2025,rth,all,0.15,def_large,0.0,0.0,0.09173622207293156,0.06800312977978618,2086
2025,rth,all,0.15,balance,0.022747371834854816,-0.02001473426891622,0.06465809161414611,0.06276710591776304,2095
2025,rth,all,0.15,volume,0.9398354102544855,0.5893523096034885,1.4768096426694695,0.6578631082772283,2095
2025,rth,all,0.2,delta,-0.03165551648629163,-0.09857392005753066,0.0349393609520426,0.09897203929545832,2087
2025,rth,all,0.2,def_cancel,0.4462969272519415,0.4281699604039644,0.46063056660100504,0.024062717714633555,2087
2025,rth,all,0.2,att_cancel,0.4589131248324806,0.44217463833938003,0.47241114292905817,0.022414013780339612,2087
2025,rth,all,0.2,def_refill,0.45587165874005964,0.3808720410838187,0.532576584966389,0.11245703771873264,2087
2025,rth,all,0.2,att_refill,0.4151417444129628,0.34498020719617983,0.48783868487878634,0.10589953868243626,2087
2025,rth,all,0.2,att_eff,-0.14369031965860657,-0.40304618029253786,0.08474642502738067,0.3615957044625045,2087
2025,rth,all,0.2,def_eff,0.14433754976278734,-0.07689651947797524,0.3911499654950758,0.34695810598447074,2085
2025,rth,all,0.2,att_large,0.0,0.0,0.08913618769697494,0.0660757507019829,2087
2025,rth,all,0.2,def_large,0.0,0.0,0.08801729030419687,0.06524632342787018,2087
2025,rth,all,0.2,balance,0.02053762493582979,-0.0213083931018236,0.06566503603087269,0.0644725197425473,2095
2025,rth,all,0.2,volume,0.8905962884088834,0.5569043533236995,1.4368427560199066,0.6522894015538971,2095
2025,rth,all,0.25,delta,-0.032206544718275866,-0.09824537455087547,0.03343554126461832,0.09761372558598502,2087
2025,rth,all,0.25,def_cancel,0.4474355419444235,0.4290880524659847,0.4619928964399719,0.024392026667151363,2087
2025,rth,all,0.25,att_cancel,0.4587646383223387,0.44391928576842715,0.47213306052822107,0.020914584699624848,2087
2025,rth,all,0.25,def_refill,0.454361310628277,0.3831883582904835,0.5298335181188186,0.10870656770076735,2087
2025,rth,all,0.25,att_refill,0.41646627894499977,0.3452506773111639,0.48912812928585075,0.1066548939767879,2087
2025,rth,all,0.25,att_eff,-0.14886704880755966,-0.4011758310005672,0.07777436500578286,0.3550409162389548,2087
2025,rth,all,0.25,def_eff,0.15088221303055993,-0.07476137138808103,0.3778232629597793,0.33549639314148283,2085
2025,rth,all,0.25,att_large,0.0,0.0,0.08839449035412524,0.06552593799416252,2087
2025,rth,all,0.25,def_large,0.0,0.0,0.09486241113537493,0.07032054198322826,2087
2025,rth,all,0.25,balance,0.020333753823856066,-0.01948169944040223,0.062173483512572264,0.060530157859877316,2095
2025,rth,all,0.25,volume,0.8628784510287401,0.5466278901734104,1.4138672021619998,0.6428756945801256,2095
2025,rth,all,0.3,delta,-0.026542714473954468,-0.09809660116624347,0.03946427695130033,0.10197248192553285,2087
2025,rth,all,0.3,def_cancel,0.44831347483245954,0.42972811349811446,0.4620555240588016,0.023963981142095747,2087
2025,rth,all,0.3,att_cancel,0.4585668484469886,0.44246030063889946,0.4725762787827315,0.022324668750060818,2087
2025,rth,all,0.3,def_refill,0.452720778099683,0.38235017533881666,0.5294813774817752,0.10906686593251186,2087
2025,rth,all,0.3,att_refill,0.4176226254541343,0.3497079993605382,0.48738289496395654,0.10205700192988758,2087
2025,rth,all,0.3,att_eff,-0.11870493254215905,-0.38124829431867163,0.10486151673586953,0.3603482661634849,2087
2025,rth,all,0.3,def_eff,0.14294914756876867,-0.08851395117772753,0.3629935094562913,0.3346978952068338,2086
2025,rth,all,0.3,att_large,0.0,0.0,0.089664575319267,0.06646743908025722,2087
2025,rth,all,0.3,def_large,0.0,0.0,0.09528460666923483,0.07063351124479973,2087
2025,rth,all,0.3,balance,0.01990471797084428,-0.022687684167796283,0.06511360740601939,0.0650862057626506,2095
2025,rth,all,0.3,volume,0.8489465059867879,0.536849710982659,1.3687255973872607,0.6166611463340265,2095
2025,rth,all,0.35,delta,-0.024413082420053533,-0.09164984878812757,0.044739241485244614,0.10110384749694008,2087
2025,rth,all,0.35,def_cancel,0.44965492228244314,0.4300160950754096,0.46364936917605243,0.024932004522344564,2087
2025,rth,all,0.35,att_cancel,0.45898186024556364,0.44228445138133304,0.47166573237347326,0.021780045212854125,2087
2025,rth,all,0.35,def_refill,0.45124561531122614,0.3778569508404886,0.5323962399008357,0.11455840553027957,2087
2025,rth,all,0.35,att_refill,0.4211337943864932,0.3490877282670532,0.4954975886760494,0.10853214263083487,2087
2025,rth,all,0.35,att_eff,-0.11595816502820891,-0.3659483572375115,0.14601508426751336,0.37951329985546695,2088
2025,rth,all,0.35,def_eff,0.1218410621277922,-0.12993109940235884,0.3558549380105339,0.3601082560510695,2086
2025,rth,all,0.35,att_large,0.0,0.0,0.075632410818397,0.05606553804180652,2087
2025,rth,all,0.35,def_large,0.0,0.0,0.08745089652099135,0.06482646146848876,2087
2025,rth,all,0.35,balance,0.018788518392541063,-0.019744055102971912,0.06341742004557474,0.06164675696704719,2095
2025,rth,all,0.35,volume,0.8216135341857884,0.5235131559192252,1.3235021120497998,0.5930236887550591,2095
2025,rth,all,0.4,delta,-0.02311756521803688,-0.09199606318169098,0.045397458167397035,0.10184842205269684,2088
2025,rth,all,0.4,def_cancel,0.4504235162215107,0.43366732950435305,0.46345826919100513,0.022083721042736905,2088
2025,rth,all,0.4,att_cancel,0.45903829658264145,0.44233297780834296,0.4722609611514011,0.022185310113460435,2088
2025,rth,all,0.4,def_refill,0.45750333579505387,0.3828756479967542,0.5304318684701583,0.10938192770452491,2088
2025,rth,all,0.4,att_refill,0.42084988465512896,0.3515125747983679,0.4972933128795062,0.10806578063835307,2088
2025,rth,all,0.4,att_eff,-0.11818179410015803,-0.35622251739228966,0.1449950859891274,0.37154751918563167,2089
2025,rth,all,0.4,def_eff,0.11913486154409254,-0.12379755444577478,0.34675953858605907,0.34881919424153734,2087
2025,rth,all,0.4,att_large,0.0,0.0,0.06164432126717827,0.04569630931592162,2088
2025,rth,all,0.4,def_large,0.0,0.0,0.07707348201172867,0.05713378948237856,2088
2025,rth,all,0.4,balance,0.01890707047303535,-0.021824904952657178,0.06328869574466044,0.06309384781120654,2095
2025,rth,all,0.4,volume,0.8023060470279271,0.5139812138728324,1.296189968367799,0.5798434058524586,2095
2025,rth,all,0.45,delta,-0.02523171261979668,-0.09295522580584034,0.04345241620369817,0.10111759971055487,2088
2025,rth,all,0.45,def_cancel,0.45173977303278195,0.43352068912901603,0.46489277782108407,0.023255810742822857,2088
2025,rth,all,0.45,att_cancel,0.45914660366388627,0.4430843702447847,0.4726281895194012,0.02190053319096851,2088
2025,rth,all,0.45,def_refill,0.45160368023696107,0.3798444765802449,0.5320244746370987,0.11280948706957286,2088
2025,rth,all,0.45,att_refill,0.42002755403528863,0.35294800084603617,0.4936098405089876,0.10427119322679869,2088
2025,rth,all,0.45,att_eff,-0.12178626292841728,-0.3702048004220052,0.14311855704492596,0.38052139174716915,2089
2025,rth,all,0.45,def_eff,0.11893214832305216,-0.12992916099555477,0.35946519743790856,0.36278306777869784,2087
2025,rth,all,0.45,att_large,0.0,0.0,0.06417821828263665,0.047574661440056815,2088
2025,rth,all,0.45,def_large,0.0,0.0,0.07716731517930195,0.05720334705656186,2088
2025,rth,all,0.45,balance,0.018357234859130215,-0.022159606054418954,0.06312716015516866,0.06322221364684033,2095
2025,rth,all,0.45,volume,0.795869917433724,0.5126083815028902,1.2497029543994862,0.5464007211983661,2095
2025,rth,all,0.5,delta,-0.022945222799098223,-0.08957906452287885,0.042379553301665915,0.09781958326504431,2088
2025,rth,all,0.5,def_cancel,0.4515870987843428,0.4334384617799042,0.46546963581914674,0.023744384017229465,2088
2025,rth,all,0.5,att_cancel,0.45938903065134606,0.4429173994980776,0.47238896950206183,0.02184697554038859,2087
2025,rth,all,0.5,def_refill,0.45630274755183375,0.3747380904376858,0.5246253028481229,0.11110986835466058,2088
2025,rth,all,0.5,att_refill,0.4198342604957118,0.34812349040312274,0.4926477057294277,0.10713433308102664,2088
2025,rth,all,0.5,att_eff,-0.10010416679676924,-0.35862978976101884,0.1518880574264557,0.37844169546884693,2089
2025,rth,all,0.5,def_eff,0.10458970090230779,-0.1334548820416043,0.3290612740466989,0.34285852934640715,2087
2025,rth,all,0.5,att_large,0.0,0.0,0.06679231724445267,0.049512466452522365,2088
2025,rth,all,0.5,def_large,0.0,0.0,0.0846085837178716,0.06271948385312943,2088
2025,rth,all,0.5,balance,0.018413052900570076,-0.02214505056439253,0.06213012489088822,0.062472331694055416,2095
2025,rth,all,0.5,volume,0.7792981945799865,0.4962858736436467,1.2486884743387634,0.5577484067421177,2095
2025,rth,all,0.55,delta,-0.02050998764109944,-0.08656707367579664,0.051047367241623634,0.10201218748511509,2089
2025,rth,all,0.55,def_cancel,0.452085621022586,0.4341441197796356,0.4667390892584124,0.024162319850835303,2089
2025,rth,all,0.55,att_cancel,0.4584116035860766,0.44222622055467753,0.4712639083630768,0.02152534307516625,2088
2025,rth,all,0.55,def_refill,0.4527161565715549,0.3781570746489234,0.5277095842708751,0.1108617565766877,2089
2025,rth,all,0.55,att_refill,0.42290747618227253,0.34626937512199285,0.5002442933127244,0.1141400431361983,2089
2025,rth,all,0.55,att_eff,-0.08050561636064334,-0.35609175244145014,0.16676213967912654,0.3875862802969434,2089
2025,rth,all,0.55,def_eff,0.09640883239293546,-0.15464856794163906,0.340789737476785,0.36726338429831284,2087
2025,rth,all,0.55,att_large,0.0,0.0,0.05623551618452657,0.04168681703819612,2089
2025,rth,all,0.55,def_large,0.0,0.0,0.0814326576087086,0.060365202082067165,2089
2025,rth,all,0.55,balance,0.01797690167351377,-0.021001016967972668,0.060265554979791365,0.06024208446832026,2095
2025,rth,all,0.55,volume,0.7676107899807322,0.48802938725265316,1.2195402817919074,0.5422615971380684,2095
2025,rth,all,0.6,delta,-0.01627056338323894,-0.08305459967494729,0.04700369559787222,0.09641089345650075,2089
2025,rth,all,0.6,def_cancel,0.45196070040192354,0.43465733290687547,0.4671829103958667,0.024110880273529436,2089
2025,rth,all,0.6,att_cancel,0.4579977353435385,0.4420352207439854,0.47034265789380997,0.020984015678150177,2088
2025,rth,all,0.6,def_refill,0.4496292613875925,0.3769020825218084,0.5282325977810183,0.11217977409874713,2089
2025,rth,all,0.6,att_refill,0.42555662379746145,0.3482576777577775,0.5016330218717227,0.11369558496215357,2089
2025,rth,all,0.6,att_eff,-0.06848776288403732,-0.35649753965029973,0.18112135977270644,0.3985314302616799,2089
2025,rth,all,0.6,def_eff,0.08107687313994662,-0.18621901426442225,0.33346014335602364,0.3852328818535552,2089
2025,rth,all,0.6,att_large,0.0,0.0,0.05706903330825865,0.04230469481709315,2089
2025,rth,all,0.6,def_large,0.0,0.0,0.07978410127312882,0.05914314401269742,2089
2025,rth,all,0.6,balance,0.018054366480504454,-0.0229617810173974,0.0605797041818843,0.06192845455840008,2095
2025,rth,all,0.6,volume,0.7633962978254887,0.4941164327002477,1.185886753805829,0.5128023136438706,2095
2025,rth,all,0.65,delta,-0.017982775444527824,-0.08826105895289081,0.051424261928601146,0.10354730977130613,2089
2025,rth,all,0.65,def_cancel,0.452756934258387,0.43648186130084476,0.4665301211248424,0.022274469847292522,2089
2025,rth,all,0.65,att_cancel,0.4569290997355286,0.44152815511066223,0.46991053077196737,0.02103956683565985,2088
2025,rth,all,0.65,def_refill,0.4502589705208165,0.3750692560996129,0.52863907422678,0.11383974657314094,2089
2025,rth,all,0.65,att_refill,0.4258455280439705,0.34684703916472015,0.501763562805248,0.11483804569349731,2089
2025,rth,all,0.65,att_eff,-0.05876249416797796,-0.342601497578462,0.19953858084650974,0.40188293434023104,2089
2025,rth,all,0.65,def_eff,0.07612531476462248,-0.17430037165099863,0.3128056504925053,0.3610867473265411,2089
2025,rth,all,0.65,att_large,0.0,0.0,0.05193076960920766,0.0384957521195016,2089
2025,rth,all,0.65,def_large,0.0,0.0,0.08184484747177456,0.060670754241493374,2089
2025,rth,all,0.65,balance,0.017444801926552306,-0.024603755430504706,0.06000942379589492,0.06272289045693079,2095
2025,rth,all,0.65,volume,0.7552565028901734,0.5003414633145035,1.1929070327552986,0.5133918231584842,2095
2025,rth,all,0.7,delta,-0.01706267041655384,-0.08172274895781467,0.04968902273678629,0.09741421178250628,2089
2025,rth,all,0.7,def_cancel,0.4535767552897476,0.43663136750623865,0.4672043540971906,0.022663444470683414,2089
2025,rth,all,0.7,att_cancel,0.45726947524744027,0.44068766607452464,0.47084996516033945,0.022359005993932396,2087
2025,rth,all,0.7,def_refill,0.44702173970105424,0.37173801067262374,0.5316679817337392,0.11855446335145697,2089
2025,rth,all,0.7,att_refill,0.43005950266373977,0.34989962113865053,0.5019472177160232,0.11271133919745939,2089
2025,rth,all,0.7,att_eff,-0.05233410698660317,-0.3415264383245436,0.20923355045724812,0.4082727863467693,2089
2025,rth,all,0.7,def_eff,0.07207666439889479,-0.19509448882898944,0.3251580578992242,0.3856579293759923,2089
2025,rth,all,0.7,att_large,0.0,0.0,0.05439288329454624,0.040320891990026864,2089
2025,rth,all,0.7,def_large,0.0,0.0,0.08006749504502658,0.05935322093775136,2089
2025,rth,all,0.7,balance,0.01782829694724324,-0.024040886631112077,0.06062338366034972,0.06276076374459733,2095
2025,rth,all,0.7,volume,0.7596098265895954,0.4991871387283237,1.2106811016098982,0.5274232489856,2095
2025,rth,all,0.75,delta,-0.013870095559394348,-0.08699951363138929,0.0546916134885629,0.10503419356556871,2089
2025,rth,all,0.75,def_cancel,0.453992127178023,0.43571135291036883,0.4678067336980955,0.023791979827818138,2089
2025,rth,all,0.75,att_cancel,0.4567362411707021,0.4407268425661522,0.4693018465178205,0.021182360231036538,2086
2025,rth,all,0.75,def_refill,0.4465889200122143,0.36983134217232494,0.5301568199624777,0.11884764847305612,2089
2025,rth,all,0.75,att_refill,0.42990216678242776,0.35388063990801766,0.5023890100789954,0.11008774660561729,2089
2025,rth,all,0.75,att_eff,-0.0485254659678003,-0.32377951934274,0.20926806136440257,0.39514275812241856,2089
2025,rth,all,0.75,def_eff,0.06758562078558884,-0.20942607665210738,0.3006876036909129,0.37814209069163846,2089
2025,rth,all,0.75,att_large,0.0,0.0,0.05867920109509047,0.04349829584513749,2089
2025,rth,all,0.75,def_large,0.0,0.0,0.08394486002394481,0.06222747221938089,2089
2025,rth,all,0.75,balance,0.019447925809858598,-0.024878175429098856,0.06381010720093763,0.06574372322463787,2095
2025,rth,all,0.75,volume,0.7709330979946772,0.48941431149900616,1.2086367389835597,0.5331522813080456,2095
2025,rth,all,0.8,delta,-0.014800545505183997,-0.08337904889918749,0.05747359766462382,0.10441263644463403,2089
2025,rth,all,0.8,def_cancel,0.4539045179972655,0.4354891617986676,0.4684906556127925,0.024463672212101502,2089
2025,rth,all,0.8,att_cancel,0.4558022139021808,0.4398934409324099,0.4693242594308944,0.021816766863220535,2087
2025,rth,all,0.8,def_refill,0.44231919141539144,0.36885896883042646,0.5245490806014894,0.11541149871835653,2089
2025,rth,all,0.8,att_refill,0.42638012793057944,0.35042274849201416,0.5041615446918872,0.11396500830235216,2089
2025,rth,all,0.8,att_eff,-0.03613883329398349,-0.3099832900319369,0.2307989305036607,0.4008763680767959,2089
2025,rth,all,0.8,def_eff,0.048831277741531204,-0.21114336009502713,0.3027006369797459,0.38090733660101783,2089
2025,rth,all,0.8,att_large,0.0,0.0,0.0620664554675072,0.04600923311156946,2089
2025,rth,all,0.8,def_large,0.0,0.0,0.08320955656762333,0.06168239923470966,2089
2025,rth,all,0.8,balance,0.019093947602584243,-0.02481762292704646,0.06484648255677494,0.0664670907960129,2095
2025,rth,all,0.8,volume,0.7622628376900807,0.5015101901658189,1.2512866681091772,0.5558016886162775,2095
2025,rth,all,0.85,delta,-0.010461152746315476,-0.07985411504891862,0.06271061850247638,0.10568178914113786,2090
2025,rth,all,0.85,def_cancel,0.4538557317176793,0.4365065928181648,0.4687043745909244,0.023867888638072363,2090
2025,rth,all,0.85,att_cancel,0.45475430882242207,0.43934900493791096,0.4687256005300135,0.02177657197338958,2088
2025,rth,all,0.85,def_refill,0.4403229951141387,0.37010795330785823,0.5238005672038779,0.11393077382951793,2090
2025,rth,all,0.85,att_refill,0.4298496797898653,0.3540606649472658,0.5089944252431935,0.11485082305109541,2090
2025,rth,all,0.85,att_eff,-3.1225022567581508e-18,-0.295049779670437,0.24162082356767098,0.39782846793039883,2089
2025,rth,all,0.85,def_eff,0.010195546814244769,-0.24177703182685317,0.2764376677138102,0.3841472939515666,2090
2025,rth,all,0.85,att_large,0.0,0.0,0.06963609805756911,0.051620532288783626,2090
2025,rth,all,0.85,def_large,0.0,0.0,0.0854081180317275,0.06331217052018347,2090
2025,rth,all,0.85,balance,0.02115313164421235,-0.026017605593020965,0.06480507375079955,0.06732592983233544,2095
2025,rth,all,0.85,volume,0.7631221901091844,0.49793713872832374,1.2321772639691715,0.5442847481399908,2095
2025,rth,all,0.9,delta,-0.007677064111000974,-0.0741977747335754,0.07104566015605188,0.10766748323916031,2090
2025,rth,all,0.9,def_cancel,0.4554259096402884,0.4370413224884276,0.46918753439981764,0.023829660423565643,2090
2025,rth,all,0.9,att_cancel,0.4534920911244863,0.438204896020931,0.46740363941426005,0.021644731944647194,2088
2025,rth,all,0.9,def_refill,0.4398618355835963,0.3629390812677222,0.5266040041552131,0.12132314520940768,2090
2025,rth,all,0.9,att_refill,0.4332028895135015,0.3585713981185711,0.5115545726485765,0.11340487363232427,2090
2025,rth,all,0.9,att_eff,0.0062206676753606424,-0.2564980680869589,0.27726224425690504,0.39567109884645213,2090
2025,rth,all,0.9,def_eff,0.00855662683047567,-0.2844078147490897,0.24840825032197605,0.3949711379325914,2090
2025,rth,all,0.9,att_large,0.0,0.0,0.07745561822495142,0.057417063176390976,2090
2025,rth,all,0.9,def_large,0.0,0.0,0.09022101894584185,0.06687992508957884,2090
2025,rth,all,0.9,balance,0.02370635360027885,-0.02462632465269981,0.06950783991716836,0.06978070020005053,2095
2025,rth,all,0.9,volume,0.772863279329751,0.49083363439306354,1.2141633734558697,0.5361969896684998,2095
2025,rth,all,0.95,delta,0.004556790584803048,-0.06331659976782673,0.07947279124588257,0.10584832543640423,2090
2025,rth,all,0.95,def_cancel,0.45675223154986333,0.4403268694679144,0.47044551698664727,0.02232664753056552,2090
2025,rth,all,0.95,att_cancel,0.4512948092358095,0.4367470918847182,0.4649009323923207,0.020870156047147887,2087
2025,rth,all,0.95,def_refill,0.43357464064438767,0.35599682220169837,0.5157746718268983,0.11844169727590802,2090
2025,rth,all,0.95,att_refill,0.4394053020214357,0.36372153126372,0.5155942689091736,0.11258171804703752,2090
2025,rth,all,0.95,att_eff,0.05460165905967163,-0.19429188757547064,0.30906953760908024,0.37313671251634606,2090
2025,rth,all,0.95,def_eff,-0.03996229568385136,-0.32002332992463434,0.18246383684333048,0.3724886336308116,2090
2025,rth,all,0.95,att_large,0.0,0.0,0.08341156956359042,0.06183214941704256,2090
2025,rth,all,0.95,def_large,0.0,0.0,0.08717444251512758,0.06462152892151786,2090
2025,rth,all,0.95,balance,0.02582390876900697,-0.02367499156941162,0.07409319134847138,0.07247456109553967,2095
2025,rth,all,0.95,volume,0.7364987613542526,0.48377632122213043,1.1740462203353321,0.5116900660587114,2095
