session,part,curve,q20,q80,slope_sd,prior_sessions
2024-02-20,night,delta,-0.6089934406678593,0.647340488968396,0.25432823738885263,20
2024-02-20,night,def_cancel,0.3294472921259033,0.546908286752843,0.05292995205467086,20
2024-02-20,night,att_cancel,0.3292059285898371,0.5661096429170513,0.054002578789105804,20
2024-02-20,night,def_refill,0.04989130434782609,0.895108695652174,0.16628066018164464,20
2024-02-20,night,att_refill,0.0778030303030303,0.8981818181818182,0.16574897384421397,20
2024-02-20,night,def_hidden,0.0,0.00024031007751937987,0.013494778004615718,20
2024-02-20,night,att_eff,-1.0826339781035923,0.8469768273918894,0.3122006021563579,20
2024-02-20,night,def_eff,-0.8651231940831314,0.95064588174785,0.30937559115724644,20
2024-02-20,night,att_large,0.0,0.7579297595141609,0.1924648369585531,20
2024-02-20,night,def_large,0.0,0.66240625,0.16634163711255118,20
2024-02-20,night,balance,-0.040225879204557724,0.12557485412069536,0.01666189359309625,20
2024-02-20,night,volume,0.032214331239005245,9.052227078160474,1.1848746220843083,20
2024-02-21,night,delta,-0.6080474060822898,0.6445023852116876,0.25273604833519503,21
2024-02-21,night,def_cancel,0.33098411894305485,0.5471644245557016,0.052375391205044176,21
2024-02-21,night,att_cancel,0.32972431746145026,0.5658504484812448,0.05375554900608278,21
2024-02-21,night,def_refill,0.050869565217391305,0.8916847826086958,0.16540233675449637,21
2024-02-21,night,att_refill,0.08026515151515153,0.8952272727272728,0.16414459920428018,21
2024-02-21,night,def_hidden,0.0,0.00024031007751937987,0.014026649488959797,21
2024-02-21,night,att_eff,-1.0606315743921273,0.8447765870207431,0.3117801552161583,21
2024-02-21,night,def_eff,-0.8586842966511068,0.9291828903077675,0.3102023335126974,21
2024-02-21,night,att_large,0.0,0.7549729464081238,0.18796639506351273,21
2024-02-21,night,def_large,0.0,0.6614270833333333,0.16252400234545128,21
2024-02-21,night,balance,-0.04634920174213808,0.1260458789312785,0.016747933820949443,21
2024-02-21,night,volume,0.032214331239005245,8.47236911585838,1.1532937792511213,21
2024-02-22,night,delta,-0.6080474060822898,0.6388261776982707,0.25290963128338456,22
2024-02-22,night,def_cancel,0.3304718433373377,0.5476767001614187,0.05222027284894381,22
2024-02-22,night,att_cancel,0.32868753971822395,0.5661096429170513,0.05397499825269512,22
2024-02-22,night,def_refill,0.052336956521739135,0.8892391304347826,0.16506398359481564,22
2024-02-22,night,att_refill,0.08321969696969697,0.89375,0.16347522993885735,22
2024-02-22,night,def_hidden,0.0,0.00024031007751937987,0.014162863321089573,22
2024-02-22,night,att_eff,-1.0606315743921273,0.8447765870207431,0.31088358199952076,22
2024-02-22,night,def_eff,-0.8586842966511068,0.927036591163759,0.3099830127219518,22
2024-02-22,night,att_large,0.0,0.7480737158273707,0.1852189883697278,22
2024-02-22,night,def_large,0.0,0.6579999999999999,0.1613782366523956,22
2024-02-22,night,balance,-0.04493612731038876,0.12557485412069536,0.016667021730433745,22
2024-02-22,night,volume,0.032214331239005245,7.9569398160342955,1.1256789251533235,22
2024-02-23,night,delta,-0.6042632677400119,0.6388261776982707,0.2507557936759697,23
2024-02-23,night,def_cancel,0.3307279811401963,0.5474205623585601,0.05202032437775671,23
2024-02-23,night,att_cancel,0.3294651230256437,0.5666280317886645,0.05397130143089209,23
2024-02-23,night,def_refill,0.05478260869565218,0.8892391304347826,0.16476001996578463,23
2024-02-23,night,att_refill,0.08321969696969697,0.8893181818181819,0.16288073214786325,23
2024-02-23,night,def_hidden,0.0,0.00024031007751937987,0.01570210040471583,23
2024-02-23,night,att_eff,-1.0606315743921273,0.8491770677630361,0.3086719717850667,23
2024-02-23,night,def_eff,-0.8887324846672222,0.9356217877397923,0.3078177633774912,23
2024-02-23,night,att_large,0.0,0.7465953092743522,0.18336585364652352,23
2024-02-23,night,def_large,0.0,0.6486979166666667,0.15949967220541092,23
2024-02-23,night,balance,-0.04634920174213808,0.12416177968894604,0.016634822874140573,23
2024-02-23,night,volume,0.032214331239005245,7.763653828600264,1.1030054556293896,23
2024-02-26,night,delta,-0.6042632677400119,0.6416642814549791,0.24865825160457428,24
2024-02-26,night,def_cancel,0.33098411894305485,0.546908286752843,0.0515288501369558,24
2024-02-26,night,att_cancel,0.3292059285898371,0.5655912540454382,0.05368925925227801,24
2024-02-26,night,def_refill,0.05527173913043479,0.8892391304347826,0.16342663521766773,24
2024-02-26,night,att_refill,0.08715909090909091,0.8893181818181819,0.1614094393383687,24
2024-02-26,night,def_hidden,0.0,0.00024031007751937987,0.015449939197237137,24
2024-02-26,night,att_eff,-1.0430296514229553,0.8447765870207431,0.30762067833372725,24
2024-02-26,night,def_eff,-0.8887324846672222,0.9356217877397923,0.3079565030958045,24
2024-02-26,night,att_large,0.0,0.7465953092743522,0.1820072166366063,24
2024-02-26,night,def_large,0.0,0.6482083333333333,0.15759003345074782,24
2024-02-26,night,balance,-0.04587817693155499,0.13311125109002497,0.01648213523810649,24
2024-02-26,night,volume,0.032214331239005245,7.4415105162102115,1.0806908252361567,24
2024-02-27,night,delta,-0.6080474060822898,0.6445023852116876,0.24646412670765486,25
2024-02-27,night,def_cancel,0.33098411894305485,0.5458837355414086,0.05083874184208252,25
2024-02-27,night,att_cancel,0.3302427063330634,0.5658504484812448,0.05311647095126647,25
2024-02-27,night,def_refill,0.05527173913043479,0.8892391304347826,0.16212022104515497,25
2024-02-27,night,att_refill,0.08666666666666667,0.8893181818181819,0.159866893241366,25
2024-02-27,night,def_hidden,0.0,0.00024031007751937987,0.015749434960551496,25
2024-02-27,night,att_eff,-1.0826339781035923,0.8469768273918894,0.3078245126893385,25
2024-02-27,night,def_eff,-0.8887324846672222,0.9356217877397923,0.30840032375986914,25
2024-02-27,night,att_large,0.0,0.7500449245647288,0.17995133450390433,25
2024-02-27,night,def_large,0.0,0.6413541666666667,0.15404724189085237,25
2024-02-27,night,balance,-0.04540715212097185,0.1321692014688588,0.016719818476001153,25
2024-02-27,night,volume,0.032214331239005245,7.18379586629817,1.0575177694993743,25
2024-02-28,night,delta,-0.6080474060822898,0.6388261776982707,0.24385065475128068,26
2024-02-28,night,def_cancel,0.3304718433373377,0.5461398733442672,0.050537563296291686,26
2024-02-28,night,att_cancel,0.32972431746145026,0.5655912540454382,0.05274142347920513,26
2024-02-28,night,def_refill,0.0557608695652174,0.8858152173913044,0.16059837610125793,26
2024-02-28,night,att_refill,0.08666666666666667,0.8868560606060607,0.1587548882279668,26
2024-02-28,night,def_hidden,0.0,0.00024031007751937987,0.015354906436909883,26
2024-02-28,night,att_eff,-1.1046363818150573,0.8491770677630361,0.31025662443980556,26
2024-02-28,night,def_eff,-0.8908787838112304,0.9356217877397923,0.3114831060602594,26
2024-02-28,night,att_large,0.0,0.7436384961683152,0.1776145091439104,26
2024-02-28,night,def_large,0.0,0.6452708333333332,0.15232013175753084,26
2024-02-28,night,balance,-0.04540715212097185,0.13028510222652645,0.01654274820067698,26
2024-02-28,night,volume,0.032214331239005245,7.054938541342149,1.081814780288286,26
2024-02-29,night,delta,-0.6080474060822898,0.6388261776982707,0.24405568572174502,27
2024-02-29,night,def_cancel,0.3304718433373377,0.5471644245557016,0.05082572122165875,27
2024-02-29,night,att_cancel,0.3292059285898371,0.5666280317886645,0.053077788587441777,27
2024-02-29,night,def_refill,0.05527173913043479,0.8843478260869566,0.16038596743616096,27
2024-02-29,night,att_refill,0.08568181818181819,0.8858712121212121,0.15901574162287385,27
2024-02-29,night,def_hidden,0.0,0.00024031007751937987,0.015208875224800002,27
2024-02-29,night,att_eff,-1.1024361414439108,0.8491770677630361,0.3125566518223934,27
2024-02-29,night,def_eff,-0.8887324846672222,0.9356217877397923,0.3134553830317444,27
2024-02-29,night,att_large,0.0,0.7426528917996361,0.17671280825399352,27
2024-02-29,night,def_large,0.0,0.6452708333333332,0.1527899649396067,27
2024-02-29,night,balance,-0.04634920174213808,0.12934305260536016,0.016527794068794396,27
2024-02-29,night,volume,0.032214331239005245,6.926081216386128,1.0688359167234496,27
2024-03-01,night,delta,-0.6080474060822898,0.633149970184854,0.2447901080710527,28
2024-03-01,night,def_cancel,0.3312402567459134,0.5481889757671359,0.05097299277019867,28
2024-03-01,night,att_cancel,0.3302427063330634,0.5668872262244711,0.05325930560618729,28
2024-03-01,night,def_refill,0.05673913043478261,0.8823913043478262,0.1602312760079672,28
2024-03-01,night,att_refill,0.0846969696969697,0.8839015151515152,0.15849206893999473,28
2024-03-01,night,def_hidden,0.0,0.00024031007751937987,0.01492524619392234,28
2024-03-01,night,att_eff,-1.098035660701618,0.8447765870207431,0.3130933567614741,28
2024-03-01,night,def_eff,-0.8887324846672222,0.9356217877397923,0.31359959855852526,28
2024-03-01,night,att_large,0.0,0.7416672874309571,0.17634310222344876,28
2024-03-01,night,def_large,0.0,0.6452708333333332,0.15400923092778143,28
2024-03-01,night,balance,-0.0496463754162198,0.13028510222652645,0.017184954534564936,28
2024-03-01,night,volume,0.032214331239005245,6.9582955476251325,1.0714618156217983,28
2024-03-04,night,delta,-0.6080474060822898,0.633149970184854,0.24699225443384704,29
2024-03-04,night,def_cancel,0.3312402567459134,0.5481889757671359,0.051262338002938154,29
2024-03-04,night,att_cancel,0.33050190076887,0.5668872262244711,0.05384463981335909,29
2024-03-04,night,def_refill,0.05673913043478261,0.8823913043478262,0.16166902422681187,29
2024-03-04,night,att_refill,0.08420454545454546,0.8839015151515152,0.16019386260862312,29
2024-03-04,night,def_hidden,0.0,0.00024031007751937987,0.015154221646676971,29
2024-03-04,night,att_eff,-1.093635179959325,0.8447765870207431,0.31271859475695074,29
2024-03-04,night,def_eff,-0.8887324846672222,0.9356217877397923,0.3131705187586507,29
2024-03-04,night,att_large,0.0,0.7416672874309571,0.17720473525931865,29
2024-03-04,night,def_large,0.0,0.6457604166666666,0.15639099645358573,29
2024-03-04,night,balance,-0.0496463754162198,0.13028510222652645,0.017158413074898578,29
2024-03-04,night,volume,0.032214331239005245,7.087152872581154,1.0704974742348352,29
2024-03-05,night,delta,-0.6080474060822898,0.6312579010137149,0.24855222375257371,30
2024-03-05,night,def_cancel,0.3307279811401963,0.5479328379642773,0.05171408649379018,30
2024-03-05,night,att_cancel,0.32972431746145026,0.5666280317886645,0.05420744193964163,30
2024-03-05,night,def_refill,0.05625,0.8823913043478262,0.1631824375369281,30
2024-03-05,night,att_refill,0.0846969696969697,0.8858712121212121,0.16133408978074626,30
2024-03-05,night,def_hidden,0.0,0.00024031007751937987,0.015135103945909067,30
2024-03-05,night,att_eff,-1.093635179959325,0.8425763466495964,0.312275773928285,30
2024-03-05,night,def_eff,-0.8844398863792058,0.9291828903077675,0.3125013319804213,30
2024-03-05,night,att_large,0.0,0.7436384961683152,0.17948666979996405,30
2024-03-05,night,def_large,0.0,0.6511458333333333,0.15879300494433837,30
2024-03-05,night,balance,-0.049175350605636714,0.12934305260536016,0.017067583223580356,30
2024-03-05,night,volume,0.032214331239005245,7.18379586629817,1.0676218207714356,30
2024-03-06,night,delta,-0.6080474060822898,0.6312579010137149,0.24816477249364322,31
2024-03-06,night,def_cancel,0.33098411894305485,0.5476767001614187,0.051696661329476874,31
2024-03-06,night,att_cancel,0.3302427063330634,0.5666280317886645,0.05411899169226097,31
2024-03-06,night,def_refill,0.05625,0.8833695652173914,0.16290529732542916,31
2024-03-06,night,att_refill,0.0846969696969697,0.8868560606060607,0.16099089636507138,31
2024-03-06,night,def_hidden,0.0,0.00024031007751937987,0.01494351795141218,31
2024-03-06,night,att_eff,-1.0914349395881784,0.8227741833092779,0.31263675840179456,31
2024-03-06,night,def_eff,-0.8801472880911894,0.927036591163759,0.31263389958057564,31
2024-03-06,night,att_large,0.0,0.7416672874309571,0.17863643307271668,31
2024-03-06,night,def_large,0.0,0.6531041666666666,0.1580570226663149,31
2024-03-06,night,balance,-0.049175350605636714,0.12887202779477713,0.016962788476600987,31
2024-03-06,night,volume,0.032214331239005245,7.022724210103143,1.0560790055346165,31
2024-03-07,night,delta,-0.6042632677400119,0.6312579010137149,0.24789385114377796,32
2024-03-07,night,def_cancel,0.3304718433373377,0.5476767001614187,0.051581932361074626,32
2024-03-07,night,att_cancel,0.32998351189725683,0.5663688373528579,0.05391172993095159,32
2024-03-07,night,def_refill,0.05625,0.8833695652173914,0.16267156006788885,32
2024-03-07,night,att_refill,0.08420454545454546,0.8863636363636365,0.1603582431047184,32
2024-03-07,night,def_hidden,0.0,0.00024031007751937987,0.014787531575226292,32
2024-03-07,night,att_eff,-1.093635179959325,0.8227741833092779,0.31290998251942526,32
2024-03-07,night,def_eff,-0.8780009889471809,0.927036591163759,0.31301953094326895,32
2024-03-07,night,att_large,0.0,0.7421600896152967,0.17856570628331775,32
2024-03-07,night,def_large,0.0,0.6560416666666666,0.1574179305589609,32
2024-03-07,night,balance,-0.048233300984470484,0.128401002984194,0.016927241811770515,32
2024-03-07,night,volume,0.032214331239005245,6.926081216386128,1.0471964433815941,32
2024-03-08,night,delta,-0.6042632677400119,0.6303118664281455,0.24564341355766625,33
2024-03-08,night,def_cancel,0.3317525323516306,0.5476767001614187,0.051036558287169645,33
2024-03-08,night,att_cancel,0.33102028964048313,0.5671464206602777,0.053466440028322536,33
2024-03-08,night,def_refill,0.05771739130434783,0.8819021739130436,0.16132768940129255,33
2024-03-08,night,att_refill,0.08321969696969697,0.8848863636363636,0.158942617588641,33
2024-03-08,night,def_hidden,0.0,0.00024031007751937987,0.014948483586757452,33
2024-03-08,night,att_eff,-1.098035660701618,0.8227741833092779,0.31162588865369484,33
2024-03-08,night,def_eff,-0.8651231940831314,0.927036591163759,0.3120272839049301,33
2024-03-08,night,att_large,0.0,0.7416672874309571,0.175726750579968,33
2024-03-08,night,def_large,0.0,0.6482083333333333,0.15465715780596817,33
2024-03-08,night,balance,-0.04870432579505363,0.12698792855244467,0.016828957146251787,33
2024-03-08,night,volume,0.032214331239005245,6.765009560191102,1.0287815231006683,33
2024-03-11,night,delta,-0.6042632677400119,0.6284197972570065,0.24929561167726302,34
2024-03-11,night,def_cancel,0.33252094576020635,0.5479328379642773,0.0513761759432821,34
2024-03-11,night,att_cancel,0.33205706738370944,0.5666280317886645,0.05379718128192824,34
2024-03-11,night,def_refill,0.05869565217391305,0.8804347826086957,0.16404919956386288,34
2024-03-11,night,att_refill,0.08321969696969697,0.8839015151515152,0.16164363428296785,34
2024-03-11,night,def_hidden,0.0,0.00024031007751937987,0.015544865175303428,34
2024-03-11,night,att_eff,-1.098035660701618,0.8205739429381316,0.31037524218914486,34
2024-03-11,night,def_eff,-0.8586842966511068,0.927036591163759,0.31046462112771767,34
2024-03-11,night,att_large,0.0,0.7387104743249201,0.17766931210746292,34
2024-03-11,night,def_large,0.0,0.6482083333333333,0.15695333040564557,34
2024-03-11,night,balance,-0.04870432579505363,0.12651690374186153,0.01681237785843358,34
2024-03-11,night,volume,0.032214331239005245,7.924725484795291,1.0765344671550552,34
2024-03-12,night,delta,-0.5919648181276089,0.6170673822301729,0.24448919786056372,35
2024-03-12,night,def_cancel,0.3353384615916508,0.5456275977385501,0.04999143015611097,35
2024-03-12,night,att_cancel,0.33542659504919503,0.5635176985589856,0.05235542767496146,35
2024-03-12,night,def_refill,0.06407608695652174,0.875054347826087,0.16018076729726924,35
2024-03-12,night,att_refill,0.08666666666666667,0.8804545454545455,0.15828081140897954,35
2024-03-12,night,def_hidden,0.0,0.00024031007751937987,0.016507777928991798,35
2024-03-12,night,att_eff,-1.0914349395881784,0.8029720199689594,0.30835328590918926,35
2024-03-12,night,def_eff,-0.8586842966511068,0.9291828903077675,0.3091475304045936,35
2024-03-12,night,att_large,0.0,0.7303328371911485,0.1726490389771892,35
2024-03-12,night,def_large,0.0,0.6364583333333332,0.15168421074430996,35
2024-03-12,night,balance,-0.0496463754162198,0.12463280449952918,0.017060796767490394,35
2024-03-12,night,volume,0.032214331239005245,7.570367841166233,1.0430723710600625,35
2024-03-13,night,delta,-0.5900727489564699,0.6170673822301729,0.2449905783146259,36
2024-03-13,night,def_cancel,0.335850737197368,0.5453714599356915,0.04987468391417352,36
2024-03-13,night,att_cancel,0.33620417835661476,0.5629993096873723,0.05220211181514396,36
2024-03-13,night,def_refill,0.06554347826086956,0.875054347826087,0.16046224877534732,36
2024-03-13,night,att_refill,0.08765151515151516,0.8789772727272728,0.15874414296518233,36
2024-03-13,night,def_hidden,0.0,0.00024031007751937987,0.017450503240063205,36
2024-03-13,night,att_eff,-1.093635179959325,0.8007717795978131,0.3083867501778083,36
2024-03-13,night,def_eff,-0.8586842966511068,0.9334754885957839,0.30868142258153247,36
2024-03-13,night,att_large,0.0,0.7288544306381299,0.17253580680262778,36
2024-03-13,night,def_large,0.0,0.6349895833333333,0.15270893795999962,36
2024-03-13,night,balance,-0.050117400226802944,0.12416177968894604,0.01705188887504378,36
2024-03-13,night,volume,0.032214331239005245,8.440154784619374,1.0481421548528567,36
2024-03-14,night,delta,-0.5872346451997615,0.6151753130590341,0.2433697761987384,37
2024-03-14,night,def_cancel,0.3368752884088023,0.5446030465271157,0.049421136715993394,37
2024-03-14,night,att_cancel,0.3367225672282279,0.5622217263799526,0.05174785776837396,37
2024-03-14,night,def_refill,0.06505434782608696,0.872608695652174,0.15960830882920765,37
2024-03-14,night,att_refill,0.08863636363636364,0.8779924242424243,0.1577697904559931,37
2024-03-14,night,def_hidden,0.0,0.00024031007751937987,0.017254150582690964,37
2024-03-14,night,att_eff,-1.098035660701618,0.8007717795978131,0.3079167238181258,37
2024-03-14,night,def_eff,-0.8586842966511068,0.9291828903077675,0.30857381588057753,37
2024-03-14,night,att_large,0.0,0.7258976175320929,0.17060032802640143,37
2024-03-14,night,def_large,0.0,0.6340104166666666,0.15156768269409238,37
2024-03-14,night,balance,-0.050117400226802944,0.13264022627944194,0.016970224790040154,37
2024-03-14,night,volume,0.032214331239005245,8.279083128424348,1.0375996861926615,37
2024-03-15,night,delta,-0.5872346451997615,0.613283243887895,0.24309648395089675,38
2024-03-15,night,def_cancel,0.3368752884088023,0.5446030465271157,0.04934259856626897,38
2024-03-15,night,att_cancel,0.3369817616640345,0.561962531944146,0.05163970470878067,38
2024-03-15,night,def_refill,0.06554347826086956,0.8735869565217392,0.15946116921768505,38
2024-03-15,night,att_refill,0.0881439393939394,0.8779924242424243,0.15767069790765534,38
2024-03-15,night,def_hidden,0.0,0.00024031007751937987,0.01720072984753627,38
2024-03-15,night,att_eff,-1.1046363818150573,0.8029720199689594,0.3083671268280341,38
2024-03-15,night,def_eff,-0.8586842966511068,0.9356217877397923,0.3093023521708801,38
2024-03-15,night,att_large,0.0,0.7254048153477535,0.17052241383503186,38
2024-03-15,night,def_large,0.0,0.6349895833333333,0.15164545109781277,38
2024-03-15,night,balance,-0.0496463754162198,0.1321692014688588,0.016941950585076564,38
2024-03-15,night,volume,0.032214331239005245,8.214654465946337,1.034244828085035,38
2024-03-18,night,delta,-0.5834505068574836,0.6104451401311866,0.23978094565270447,39
2024-03-18,night,def_cancel,0.3371314262116609,0.5435784953156814,0.048705138940891984,39
2024-03-18,night,att_cancel,0.3377593449714542,0.5614441430725329,0.050936578815278556,39
2024-03-18,night,def_refill,0.06652173913043478,0.8696739130434783,0.15729376170986556,39
2024-03-18,night,att_refill,0.08863636363636364,0.8750378787878789,0.15554324927388782,39
2024-03-18,night,def_hidden,0.0,0.00024031007751937987,0.016886845212159596,39
2024-03-18,night,att_eff,-1.1068366221862038,0.8183737025669848,0.30870846094177756,39
2024-03-18,night,def_eff,-0.8586842966511068,0.9356217877397923,0.3094028256858587,39
2024-03-18,night,att_large,0.0,0.7244192109790745,0.16772307065771994,39
2024-03-18,night,def_large,0.0,0.62715625,0.14873464691704177,39
2024-03-18,night,balance,-0.049175350605636714,0.13122715184769262,0.016929149535956593,39
2024-03-18,night,volume,0.032214331239005245,7.892511153556285,1.0164354571015661,39
2024-03-19,night,delta,-0.5825044722719142,0.6094991055456171,0.23864517446796396,40
2024-03-19,night,def_cancel,0.33764370181737813,0.5433223575128228,0.04843607919568188,40
2024-03-19,night,att_cancel,0.338536928278874,0.5617033375083395,0.05073584598112731,40
2024-03-19,night,def_refill,0.0675,0.8691847826086957,0.15641574471755917,40
2024-03-19,night,att_refill,0.08912878787878788,0.8750378787878789,0.15470531486407216,40
2024-03-19,night,def_hidden,0.0,0.00024031007751937987,0.016840125090175323,40
2024-03-19,night,att_eff,-1.1068366221862038,0.8029720199689594,0.3079438204991413,40
2024-03-19,night,def_eff,-0.8586842966511068,0.9356217877397923,0.30878511757821814,40
2024-03-19,night,att_large,0.0,0.7209695956886979,0.1666510271847338,40
2024-03-19,night,def_large,0.0,0.62715625,0.1476357395503955,40
2024-03-19,night,balance,-0.049175350605636714,0.13311125109002497,0.016956774100657348,40
2024-03-19,night,volume,0.032214331239005245,7.763653828600264,1.0079301718086218,40
2024-03-20,night,delta,-0.5815584376863447,0.6085530709600477,0.23896390189984731,41
2024-03-20,night,def_cancel,0.3381559774230952,0.5433223575128228,0.048388455373321454,41
2024-03-20,night,att_cancel,0.33905531715048715,0.5614441430725329,0.05067891716882643,41
2024-03-20,night,def_refill,0.0670108695652174,0.8667391304347827,0.15628305237399903,41
2024-03-20,night,att_refill,0.08765151515151516,0.8730681818181819,0.15472444180157524,41
2024-03-20,night,def_hidden,0.0,0.00024031007751937987,0.017081812095561356,41
2024-03-20,night,att_eff,-1.1046363818150573,0.8007717795978131,0.3084999750777448,41
2024-03-20,night,def_eff,-0.8586842966511068,0.9356217877397923,0.30915766058511207,41
2024-03-20,night,att_large,0.0,0.7194911891356793,0.16634418492877784,41
2024-03-20,night,def_large,0.0,0.6242187499999999,0.14735398260868923,41
2024-03-20,night,balance,-0.04870432579505363,0.13499535033235743,0.017093731549393466,41
2024-03-20,night,volume,0.032214331239005245,7.699225166122254,0.9967122414785943,41
2024-03-21,night,delta,-0.5806124031007752,0.6076070363744783,0.23822358458912038,42
2024-03-21,night,def_cancel,0.3384121152259538,0.5430662197099642,0.048227050369501374,42
2024-03-21,night,att_cancel,0.3395737060221003,0.5614441430725329,0.05051300310814858,42
2024-03-21,night,def_refill,0.0670108695652174,0.8667391304347827,0.1556950815575624,42
2024-03-21,night,att_refill,0.08765151515151516,0.8730681818181819,0.1542191528193214,42
2024-03-21,night,def_hidden,0.0,0.00024031007751937987,0.017190287335857625,42
2024-03-21,night,att_eff,-1.1046363818150573,0.8029720199689594,0.30836674135265735,42
2024-03-21,night,def_eff,-0.8586842966511068,0.9356217877397923,0.3088629138967975,42
2024-03-21,night,att_large,0.0,0.7170271782139819,0.1655710411408054,42
2024-03-21,night,def_large,0.0,0.6266666666666666,0.14723339189281703,42
2024-03-21,night,balance,-0.048233300984470484,0.13782149919585607,0.017093267653782104,42
2024-03-21,night,volume,0.032214331239005245,7.634796503644243,0.991583041619153,42
2024-03-22,night,delta,-0.5806124031007752,0.6076070363744783,0.23836294273419287,43
2024-03-22,night,def_cancel,0.3384121152259538,0.5428100819071056,0.04817905353521695,43
2024-03-22,night,att_cancel,0.33879612271468057,0.5614441430725329,0.050501297775102254,43
2024-03-22,night,def_refill,0.0670108695652174,0.8667391304347827,0.1557177709716977,43
2024-03-22,night,att_refill,0.08765151515151516,0.8730681818181819,0.1543146189024477,43
2024-03-22,night,def_hidden,0.0,0.00024031007751937987,0.01732181964113527,43
2024-03-22,night,att_eff,-1.1046363818150573,0.8029720199689594,0.3083780903829253,43
2024-03-22,night,def_eff,-0.8586842966511068,0.9356217877397923,0.3092386859729047,43
2024-03-22,night,att_large,0.0,0.7170271782139819,0.16587104297294508,43
2024-03-22,night,def_large,0.0,0.6266666666666666,0.14715841096473908,43
2024-03-22,night,balance,-0.049175350605636714,0.13782149919585607,0.01707148321655298,43
2024-03-22,night,volume,0.032214331239005245,7.602582172405238,0.9894534469061228,43
2024-03-25,night,delta,-0.5834505068574836,0.6038228980322005,0.23813039960188487,42
2024-03-25,night,def_cancel,0.3384121152259538,0.5430662197099642,0.04797300561350745,42
2024-03-25,night,att_cancel,0.338536928278874,0.5617033375083395,0.050440471555448646,42
2024-03-25,night,def_refill,0.0675,0.8667391304347827,0.15589962905130453,42
2024-03-25,night,att_refill,0.0906060606060606,0.8750378787878789,0.15454144290668284,42
2024-03-25,night,def_hidden,0.0,0.00024031007751937987,0.017522949829360427,42
2024-03-25,night,att_eff,-1.1134373432996434,0.8029720199689594,0.30860467483290904,42
2024-03-25,night,def_eff,-0.8586842966511068,0.9334754885957839,0.3101660699942892,42
2024-03-25,night,att_large,0.0,0.7194911891356793,0.16599995586964084,42
2024-03-25,night,def_large,0.0,0.6237291666666667,0.1463846778108124,42
2024-03-25,night,balance,-0.049175350605636714,0.1406476480593547,0.016872318279097836,42
2024-03-25,night,volume,0.032214331239005245,7.763653828600264,1.0013931519949855,42
2024-03-26,night,delta,-0.5843965414430531,0.6047689326177699,0.23847852755183852,42
2024-03-26,night,def_cancel,0.3386682530288124,0.5433223575128228,0.04791512241975459,42
2024-03-26,night,att_cancel,0.33827773384306736,0.5609257542009197,0.050520743536676446,42
2024-03-26,night,def_refill,0.0675,0.8657608695652175,0.15601591770516754,42
2024-03-26,night,att_refill,0.08912878787878788,0.8750378787878789,0.1546691040397098,42
2024-03-26,night,def_hidden,0.0,0.00024031007751937987,0.017534558049339274,42
2024-03-26,night,att_eff,-1.1134373432996434,0.8183737025669848,0.3093343994510388,42
2024-03-26,night,def_eff,-0.8629768949391232,0.9356217877397923,0.3114308121070568,42
2024-03-26,night,att_large,0.0,0.7194911891356793,0.16560586008542844,42
2024-03-26,night,def_large,0.0,0.62715625,0.14610542102526874,42
2024-03-26,night,balance,-0.049175350605636714,0.14347379692285334,0.016891629146535282,42
2024-03-26,night,volume,0.032214331239005245,7.763653828600264,1.0027134549095609,42
2024-03-27,night,delta,-0.5853425760286226,0.6094991055456171,0.23699494709128724,42
2024-03-27,night,def_cancel,0.33892439083167103,0.542553944104247,0.04720740668162732,42
2024-03-27,night,att_cancel,0.33827773384306736,0.5601481708935,0.049900625602915125,42
2024-03-27,night,def_refill,0.0675,0.8682065217391305,0.15461403994714185,42
2024-03-27,night,att_refill,0.0881439393939394,0.8750378787878789,0.15327414422334548,42
2024-03-27,night,def_hidden,0.0,0.00024031007751937987,0.017341314133504288,42
2024-03-27,night,att_eff,-1.1134373432996434,0.8227741833092779,0.31074068739859223,42
2024-03-27,night,def_eff,-0.8651231940831314,0.9356217877397923,0.3131700630388276,42
2024-03-27,night,att_large,0.0,0.7165343760296423,0.16384473996890825,42
2024-03-27,night,def_large,0.0,0.62715625,0.14480643770061502,42
2024-03-27,night,balance,-0.04870432579505363,0.14394482173343648,0.01684978676028193,42
2024-03-27,night,volume,0.032214331239005245,7.473724847449217,0.9987433948494462,42
2024-03-28,night,delta,-0.5853425760286226,0.6094991055456171,0.23732573226316672,43
2024-03-28,night,def_cancel,0.3386682530288124,0.542553944104247,0.047360564349993084,43
2024-03-28,night,att_cancel,0.33750015053564764,0.5601481708935,0.050096092027652285,43
2024-03-28,night,def_refill,0.0675,0.8686956521739131,0.15513334091926487,43
2024-03-28,night,att_refill,0.0881439393939394,0.8750378787878789,0.15394460702060148,43
2024-03-28,night,def_hidden,0.0,0.00024031007751937987,0.017269187384761443,43
2024-03-28,night,att_eff,-1.1134373432996434,0.8227741833092779,0.3114745855461466,43
2024-03-28,night,def_eff,-0.8651231940831314,0.9356217877397923,0.3137243405801527,43
2024-03-28,night,att_large,0.0,0.7165343760296423,0.16439142097615966,43
2024-03-28,night,def_large,0.0,0.6266666666666666,0.14524741666002675,43
2024-03-28,night,balance,-0.048233300984470484,0.14347379692285334,0.016852065029662345,43
2024-03-28,night,volume,0.032214331239005245,7.570367841166233,1.0498301339736706,43
2024-04-01,night,delta,-0.5919648181276089,0.6085530709600477,0.2379614553699343,41
2024-04-01,night,def_cancel,0.3384121152259538,0.5422978063013884,0.04740109204298818,41
2024-04-01,night,att_cancel,0.3377593449714542,0.5593705875860803,0.05002311803681724,41
2024-04-01,night,def_refill,0.06505434782608696,0.8682065217391305,0.15556295001118423,41
2024-04-01,night,att_refill,0.08666666666666667,0.8750378787878789,0.15388236044256284,41
2024-04-01,night,def_hidden,0.0,0.00024031007751937987,0.017520891183485626,41
2024-04-01,night,att_eff,-1.1134373432996434,0.8139732218246918,0.3093949914439527,41
2024-04-01,night,def_eff,-0.8758546898031727,0.9356217877397923,0.311744638495876,41
2024-04-01,night,att_large,0.0,0.7170271782139819,0.16325772225649376,41
2024-04-01,night,def_large,0.0,0.62715625,0.14489244653736258,41
2024-04-01,night,balance,-0.049175350605636714,0.1453578961651858,0.01686923914792789,41
2024-04-01,night,volume,0.032214331239005245,7.763653828600264,1.0631330791866618,41
2024-04-02,night,delta,-0.5891267143709005,0.6076070363744783,0.23482948961371572,41
2024-04-02,night,def_cancel,0.34020507984596393,0.5415293928928127,0.0463453364325931,41
2024-04-02,night,att_cancel,0.338536928278874,0.5588521987144671,0.04942116487209206,41
2024-04-02,night,def_refill,0.0675,0.8667391304347827,0.1535574979742684,41
2024-04-02,night,att_refill,0.08765151515151516,0.8750378787878789,0.15237028325635235,41
2024-04-02,night,def_hidden,0.0,0.00024031007751937987,0.0175373926010869,41
2024-04-02,night,att_eff,-1.1134373432996434,0.8095727410823992,0.3098369854235283,41
2024-04-02,night,def_eff,-0.8758546898031727,0.9356217877397923,0.3122254893532274,41
2024-04-02,night,att_large,0.0,0.7170271782139819,0.16159358379454647,41
2024-04-02,night,def_large,0.0,0.6261770833333333,0.14243466169260846,41
2024-04-02,night,balance,-0.0496463754162198,0.1430027721122702,0.01690411403452312,41
2024-04-02,night,volume,0.032214331239005245,7.667010834883248,0.9648751249785893,41
2024-04-03,night,delta,-0.586288610614192,0.6047689326177699,0.22502197250979455,41
2024-04-03,night,def_cancel,0.3414857688602569,0.5410171172870955,0.044347308369581596,41
2024-04-03,night,att_cancel,0.3393145115862937,0.5572970320996277,0.04737495672492479,41
2024-04-03,night,def_refill,0.06652173913043478,0.8652717391304349,0.147947455416864,41
2024-04-03,night,att_refill,0.08863636363636364,0.8730681818181819,0.14696411080265775,41
2024-04-03,night,def_hidden,0.0,0.00024031007751937987,0.017391361326117297,41
2024-04-03,night,att_eff,-1.1112371029284969,0.8051722603401061,0.30891736214151094,41
2024-04-03,night,def_eff,-0.860830595795115,0.9356217877397923,0.31231083217916755,41
2024-04-03,night,att_large,0.0,0.7120991563705867,0.1542280725097455,41
2024-04-03,night,def_large,0.0,0.6222604166666666,0.1358982590490168,41
2024-04-03,night,balance,-0.0477622761738874,0.1453578961651858,0.016315558790978714,41
2024-04-03,night,volume,0.032214331239005245,6.249580260367018,0.8149514782003876,41
2024-04-04,night,delta,-0.586288610614192,0.6057149672033393,0.22724151358464792,42
2024-04-04,night,def_cancel,0.3412296310573983,0.5417855306956713,0.04484156967954143,42
2024-04-04,night,att_cancel,0.33879612271468057,0.558333809842854,0.04794831717889696,42
2024-04-04,night,def_refill,0.06652173913043478,0.8638043478260871,0.14948861328998278,42
2024-04-04,night,att_refill,0.08666666666666667,0.8720833333333334,0.14841609137158124,42
2024-04-04,night,def_hidden,0.0,0.00024031007751937987,0.0178956878733966,42
2024-04-04,night,att_eff,-1.1134373432996434,0.8007717795978131,0.3095423398327605,42
2024-04-04,night,def_eff,-0.8758546898031727,0.9356217877397923,0.31273180285905094,42
2024-04-04,night,att_large,0.0,0.7125919585549263,0.1564490439180992,42
2024-04-04,night,def_large,0.0,0.62128125,0.13776833103047978,42
2024-04-04,night,balance,-0.04682022655272117,0.1444158465440195,0.016373892403221086,42
2024-04-04,night,volume,0.032214331239005245,6.378437585323039,0.8609838407193171,42
2024-04-05,night,delta,-0.5853425760286226,0.6047689326177699,0.2260041437718358,43
2024-04-05,night,def_cancel,0.34174190666311544,0.5415293928928127,0.04458282305468831,43
2024-04-05,night,att_cancel,0.33827773384306736,0.558333809842854,0.0476700147585636,43
2024-04-05,night,def_refill,0.0670108695652174,0.8638043478260871,0.14880439872603773,43
2024-04-05,night,att_refill,0.08617424242424243,0.8720833333333334,0.14766018647125315,43
2024-04-05,night,def_hidden,0.0,0.00024031007751937987,0.017840953955277298,43
2024-04-05,night,att_eff,-1.1178378240419364,0.8007717795978131,0.3094645090751877,43
2024-04-05,night,def_eff,-0.8651231940831314,0.9356217877397923,0.3127052136044179,43
2024-04-05,night,att_large,0.0,0.7120991563705867,0.15555687241791608,43
2024-04-05,night,def_large,0.0,0.6188333333333332,0.13676671656653544,43
2024-04-05,night,balance,-0.04682022655272117,0.1444158465440195,0.016335288789891596,43
2024-04-05,night,volume,0.032214331239005245,6.2817945916060225,0.853879529359837,43
2024-04-08,night,delta,-0.5853425760286226,0.6094991055456171,0.23431688705578094,41
2024-04-08,night,def_cancel,0.34097349325453974,0.5430662197099642,0.046576128686668036,41
2024-04-08,night,att_cancel,0.3367225672282279,0.5585930042786605,0.04984187822545864,41
2024-04-08,night,def_refill,0.0675,0.8574456521739131,0.1523635419493018,41
2024-04-08,night,att_refill,0.08666666666666667,0.8671590909090909,0.152010454915511,41
2024-04-08,night,def_hidden,0.0,0.00024031007751937987,0.021450793677756864,41
2024-04-08,night,att_eff,-1.1134373432996434,0.8007717795978131,0.3079240597046209,41
2024-04-08,night,def_eff,-0.8586842966511068,0.9356217877397923,0.3113198086756037,41
2024-04-08,night,att_large,0.0,0.7160415738453029,0.16122036056917255,41
2024-04-08,night,def_large,0.0,0.6340104166666666,0.1441095868043399,41
2024-04-08,night,balance,-0.0477622761738874,0.14865506983926746,0.016617856224629104,41
2024-04-08,night,volume,0.032214331239005245,7.344867522493196,0.9035456774672652,41
2024-04-09,night,delta,-0.5796663685152057,0.6094991055456171,0.23489779878966371,41
2024-04-09,night,def_cancel,0.3414857688602569,0.5446030465271157,0.047182729532351905,41
2024-04-09,night,att_cancel,0.33750015053564764,0.5593705875860803,0.05019605983813647,41
2024-04-09,night,def_refill,0.06847826086956522,0.8530434782608697,0.15230280728221446,41
2024-04-09,night,att_refill,0.08666666666666667,0.8656818181818182,0.15262517606656345,41
2024-04-09,night,def_hidden,0.0,0.00024031007751937987,0.02186550277438369,41
2024-04-09,night,att_eff,-1.0914349395881784,0.8007717795978131,0.3065579622241957,41
2024-04-09,night,def_eff,-0.8543916983630901,0.9227439928757426,0.3107167620010203,41
2024-04-09,night,att_large,0.0,0.7145631672922843,0.16184993901232178,41
2024-04-09,night,def_large,0.0,0.62715625,0.14302544455106742,41
2024-04-09,night,balance,-0.050117400226802944,0.1467709705969351,0.016575925881716937,41
2024-04-09,night,volume,0.06442866247801049,7.216010197537175,0.8872136883878287,41
2024-04-10,night,delta,-0.5806124031007752,0.6094991055456171,0.2372748948663571,41
2024-04-10,night,def_cancel,0.3412296310573983,0.5453714599356915,0.04756429298502947,41
2024-04-10,night,att_cancel,0.33827773384306736,0.5609257542009197,0.05079155045213046,41
2024-04-10,night,def_refill,0.06798913043478261,0.8520652173913044,0.15391409012282628,41
2024-04-10,night,att_refill,0.08568181818181819,0.8637121212121213,0.15397803608450975,41
2024-04-10,night,def_hidden,0.0,0.00024031007751937987,0.021870164293095348,41
2024-04-10,night,att_eff,-1.098035660701618,0.7743688951440548,0.3070921030891243,41
2024-04-10,night,def_eff,-0.8458065017870573,0.924890292019751,0.31112035687115386,41
2024-04-10,night,att_large,0.0,0.7165343760296423,0.16359977177769283,41
2024-04-10,night,def_large,0.0,0.6325416666666667,0.14444263289159304,41
2024-04-10,night,balance,-0.05105944984796912,0.15195224351334924,0.016684355597277396,41
2024-04-10,night,volume,0.06442866247801049,7.24822452877618,0.8908541669836179,41
2024-04-11,night,delta,-0.5806124031007752,0.6094991055456171,0.24128776229545432,42
2024-04-11,night,def_cancel,0.34097349325453974,0.5456275977385501,0.04828389824831584,42
2024-04-11,night,att_cancel,0.33827773384306736,0.5609257542009197,0.0516322700005081,42
2024-04-11,night,def_refill,0.06896739130434783,0.8520652173913044,0.15620085049512203,42
2024-04-11,night,att_refill,0.08666666666666667,0.863219696969697,0.1562535691218348,42
2024-04-11,night,def_hidden,0.0,0.00024031007751937987,0.02212065168260485,42
2024-04-11,night,att_eff,-1.098035660701618,0.7743688951440548,0.30665218431039054,42
2024-04-11,night,def_eff,-0.8500991000750737,0.927036591163759,0.31028690631680717,42
2024-04-11,night,att_large,0.0,0.7155487716609633,0.1661348505249322,42
2024-04-11,night,def_large,0.0,0.6340104166666666,0.1494576881453935,42
2024-04-11,night,balance,-0.051530474658552206,0.15713351642976336,0.01690073123916457,42
2024-04-11,night,volume,0.06442866247801049,8.6012264408144,0.9580218050814419,42
2024-04-12,night,delta,-0.5777742993440669,0.6076070363744783,0.24069260579688326,43
2024-04-12,night,def_cancel,0.3414857688602569,0.5456275977385501,0.048341845409941055,43
2024-04-12,night,att_cancel,0.33905531715048715,0.5609257542009197,0.051599853884195385,43
2024-04-12,night,def_refill,0.07141304347826087,0.8491304347826087,0.15592187792563808,43
2024-04-12,night,att_refill,0.08617424242424243,0.8602651515151516,0.1560151832651928,43
2024-04-12,night,def_hidden,0.0,0.00024031007751937987,0.02307828219834699,43
2024-04-12,night,att_eff,-1.0914349395881784,0.7633676932883224,0.3059112636916522,43
2024-04-12,night,def_eff,-0.8458065017870573,0.9205976937317346,0.30903036245002435,43
2024-04-12,night,att_large,0.0,0.7145631672922843,0.16572646734641314,43
2024-04-12,night,def_large,0.0,0.6345,0.14859409365053403,43
2024-04-12,night,balance,-0.05105944984796912,0.15524941718743102,0.01697355064246984,43
2024-04-12,night,volume,0.06442866247801049,8.66565510329241,0.98041872785244,43
2024-04-15,night,delta,-0.5673679189028027,0.5962546213476445,0.23730821056423207,41
2024-04-15,night,def_cancel,0.3430225956774084,0.5446030465271157,0.048184426995577824,41
2024-04-15,night,att_cancel,0.34086967820113323,0.5606665597651131,0.05148363867151317,41
2024-04-15,night,def_refill,0.07923913043478262,0.8378804347826088,0.1537632287109195,41
2024-04-15,night,att_refill,0.08765151515151516,0.848939393939394,0.15360448391671072,41
2024-04-15,night,def_hidden,0.0,0.00024031007751937987,0.02350268737922042,41
2024-04-15,night,att_eff,-1.0958354203304714,0.7501662510614433,0.30578830579992494,41
2024-04-15,night,def_eff,-0.8415139034990406,0.9205976937317346,0.3083135422362189,41
2024-04-15,night,att_large,0.0,0.7037215192368151,0.15933614910458718,41
2024-04-15,night,def_large,0.0,0.6207916666666666,0.14567184016433496,41
2024-04-15,night,balance,-0.05105944984796912,0.1576045412403465,0.017171138512060494,41
2024-04-15,night,volume,0.06442866247801049,8.762298097009428,0.9848830131734089,41
2024-04-16,night,delta,-0.5654758497316636,0.5943625521765057,0.23774726678209052,41
2024-04-16,night,def_cancel,0.34353487128312554,0.5453714599356915,0.048435308379917594,41
2024-04-16,night,att_cancel,0.34086967820113323,0.5604073653293066,0.051716905087970784,41
2024-04-16,night,def_refill,0.07923913043478262,0.8359239130434784,0.15338886619949438,41
2024-04-16,night,att_refill,0.08912878787878788,0.8464772727272728,0.15324159474294075,41
2024-04-16,night,def_hidden,0.0,0.00024031007751937987,0.0229800374363597,41
2024-04-16,night,att_eff,-1.0760332569901527,0.7391650492057109,0.303937500398791,41
2024-04-16,night,def_eff,-0.8307824077789994,0.8862569074276023,0.30661209114902416,41
2024-04-16,night,att_large,0.0,0.7002719039464386,0.15922160852140094,41
2024-04-16,night,def_large,0.0,0.6193229166666666,0.1452569959785019,41
2024-04-16,night,balance,-0.05294354909030152,0.15713351642976336,0.017248873500443893,41
2024-04-16,night,volume,0.09664299371701573,8.697869434531416,1.0331365188166601,41
2024-04-17,night,delta,-0.5616917113893858,0.5877403100775194,0.23480378490226952,41
2024-04-17,night,def_cancel,0.3414857688602569,0.5471644245557016,0.048932105040239454,41
2024-04-17,night,att_cancel,0.338536928278874,0.561962531944146,0.051891131925788044,41
2024-04-17,night,def_refill,0.07972826086956522,0.8295652173913044,0.15061372388361535,41
2024-04-17,night,att_refill,0.08715909090909091,0.8395833333333333,0.15075916754924942,41
2024-04-17,night,def_hidden,0.0,0.00024031007751937987,0.02243679053506512,41
2024-04-17,night,att_eff,-1.0606315743921273,0.7193628858653924,0.3011598116492272,41
2024-04-17,night,def_eff,-0.8221972112029665,0.8798180099955775,0.30430974175103165,41
2024-04-17,night,att_large,0.0,0.6958366842873831,0.1564107568482227,41
2024-04-17,night,def_large,0.0,0.6154062499999999,0.14255478423260778,41
2024-04-17,night,balance,-0.052472524279718435,0.15242326832393238,0.017416965426555457,41
2024-04-17,night,volume,0.09664299371701573,7.9891541472733,1.0056623873406705,41
2024-04-18,night,delta,-0.5626377459749553,0.5877403100775194,0.23734510014482504,42
2024-04-18,night,def_cancel,0.3412296310573983,0.5476767001614187,0.049617129414179055,42
2024-04-18,night,att_cancel,0.3380185394072608,0.5627401152515658,0.05270812828643741,42
2024-04-18,night,def_refill,0.07923913043478262,0.8285869565217392,0.15212038241733916,42
2024-04-18,night,att_refill,0.08666666666666667,0.8390909090909091,0.15243442196768542,42
2024-04-18,night,def_hidden,0.0,0.00024031007751937987,0.022378463180331674,42
2024-04-18,night,att_eff,-1.0540308532786877,0.7193628858653924,0.3011770177608647,42
2024-04-18,night,def_eff,-0.8157583137709417,0.8798180099955775,0.3043726077787685,42
2024-04-18,night,att_large,0.0,0.6958366842873831,0.15861351180183306,42
2024-04-18,night,def_large,0.0,0.6173645833333333,0.14463599276152297,42
2024-04-18,night,balance,-0.05200149946913535,0.1514812187027661,0.01745415857952044,42
2024-04-18,night,volume,0.09664299371701573,8.343511790902358,1.038452744948371,42
2024-04-19,night,delta,-0.5626377459749553,0.5877403100775194,0.23690890655292315,43
2024-04-19,night,def_cancel,0.3412296310573983,0.5476767001614187,0.04953465965529824,43
2024-04-19,night,att_cancel,0.33827773384306736,0.5627401152515658,0.052597950631267466,43
2024-04-19,night,def_refill,0.07972826086956522,0.827608695652174,0.15192943254329275,43
2024-04-19,night,att_refill,0.08666666666666667,0.8390909090909091,0.15210360410434778,43
2024-04-19,night,def_hidden,0.0,0.00024031007751937987,0.022804616801826744,43
2024-04-19,night,att_eff,-1.0562310936498343,0.7193628858653924,0.3011495539002085,43
2024-04-19,night,def_eff,-0.8157583137709417,0.8798180099955775,0.30438508557261373,43
2024-04-19,night,att_large,0.0,0.6953438821030435,0.15843545149199376,43
2024-04-19,night,def_large,0.0,0.616875,0.1443252389729877,43
2024-04-19,night,balance,-0.05200149946913535,0.1514812187027661,0.017444554632095093,43
2024-04-19,night,volume,0.09664299371701573,8.279083128424348,1.0345929636424351,43
2024-04-22,night,delta,-0.5607456768038164,0.5839561717352415,0.2401842990463389,41
2024-04-22,night,def_cancel,0.3368752884088023,0.5471644245557016,0.05069340418231208,41
2024-04-22,night,att_cancel,0.3346490117417753,0.561962531944146,0.05346887797257479,41
2024-04-22,night,def_refill,0.07532608695652175,0.8236956521739132,0.15294588310210824,41
2024-04-22,night,att_refill,0.08075757575757576,0.8336742424242425,0.15337763648806954,41
2024-04-22,night,def_hidden,0.0,0.00024031007751937987,0.023713427606271903,41
2024-04-22,night,att_eff,-1.0166267669691973,0.6797585591847555,0.2982917788526697,41
2024-04-22,night,def_eff,-0.7857101257548262,0.8540624202674785,0.30058379266172397,41
2024-04-22,night,att_large,0.0,0.692879871181346,0.16305405670780446,41
2024-04-22,night,def_large,0.0,0.6154062499999999,0.14599466560091207,41
2024-04-22,night,balance,-0.052472524279718435,0.16514093820967624,0.017986628079012038,41
2024-04-22,night,volume,0.09664299371701573,8.536797778336389,1.0519029020366657,41
2024-04-23,night,delta,-0.5607456768038164,0.5773339296362552,0.23852186724558772,41
2024-04-23,night,def_cancel,0.3381559774230952,0.546908286752843,0.05018783284277259,41
2024-04-23,night,att_cancel,0.33542659504919503,0.5614441430725329,0.05300023030451038,41
2024-04-23,night,def_refill,0.07385869565217391,0.8183152173913044,0.151240919685462,41
2024-04-23,night,att_refill,0.0787878787878788,0.8302272727272728,0.15187094836575016,41
2024-04-23,night,def_hidden,0.0,0.00024031007751937987,0.023037376414560256,41
2024-04-23,night,att_eff,-1.0100260458557577,0.6819587995559018,0.29789798668537465,41
2024-04-23,night,def_eff,-0.7621008351707355,0.824014232251363,0.30013218161915795,41
2024-04-23,night,att_large,0.0,0.6849950362319139,0.1610373516823703,41
2024-04-23,night,def_large,0.0,0.6178541666666666,0.14524254525845617,41
2024-04-23,night,balance,-0.05529867314321707,0.16890913669434104,0.01811063110390788,41
2024-04-23,night,volume,0.09664299371701573,8.40794045338037,1.0451531749274907,41
2024-04-24,night,delta,-0.5579075730471079,0.5744958258795467,0.23901463559584393,41
2024-04-24,night,def_cancel,0.3384121152259538,0.546908286752843,0.05026292259826673,41
2024-04-24,night,att_cancel,0.33620417835661476,0.5617033375083395,0.052913412591238836,41
2024-04-24,night,def_refill,0.07336956521739131,0.8158695652173914,0.15126570424441893,41
2024-04-24,night,att_refill,0.07681818181818183,0.8287500000000001,0.1519433521273357,41
2024-04-24,night,def_hidden,0.0,0.00024031007751937987,0.02309738942472748,41
2024-04-24,night,att_eff,-1.0100260458557577,0.6841590399270485,0.29791315266687807,41
2024-04-24,night,def_eff,-0.7556619377387106,0.824014232251363,0.2996050005550629,41
2024-04-24,night,att_large,0.0,0.6845022340475744,0.1607440609766601,41
2024-04-24,night,def_large,0.0,0.6188333333333332,0.14529650724446416,41
2024-04-24,night,balance,-0.05529867314321707,0.16749606226259173,0.018263901685852194,41
2024-04-24,night,volume,0.09664299371701573,8.440154784619374,1.0489758035402483,41
2024-04-25,night,delta,-0.5579075730471079,0.5744958258795467,0.23962299275681337,42
2024-04-25,night,def_cancel,0.3381559774230952,0.546908286752843,0.050466224204835736,42
2024-04-25,night,att_cancel,0.33620417835661476,0.5617033375083395,0.05312962732867071,42
2024-04-25,night,def_refill,0.07336956521739131,0.8158695652173914,0.1516080900179971,42
2024-04-25,night,att_refill,0.07681818181818183,0.8292424242424243,0.15233119405089626,42
2024-04-25,night,def_hidden,0.0,0.00024031007751937987,0.02314163604324141,42
2024-04-25,night,att_eff,-1.0100260458557577,0.6841590399270485,0.29802363373609847,42
2024-04-25,night,def_eff,-0.7556619377387106,0.824014232251363,0.2998403346899695,42
2024-04-25,night,att_large,0.0,0.6840094318632349,0.16097231088063907,42
2024-04-25,night,def_large,0.0,0.6198125,0.14583635518649385,42
2024-04-25,night,balance,-0.05529867314321707,0.16749606226259173,0.018273775350838767,42
2024-04-25,night,volume,0.09664299371701573,8.440154784619374,1.0476020022854626,42
2024-04-26,night,delta,-0.5579075730471079,0.5754418604651164,0.23941681999757414,43
2024-04-26,night,def_cancel,0.3384121152259538,0.546908286752843,0.050402915244294626,43
2024-04-26,night,att_cancel,0.33620417835661476,0.5617033375083395,0.0530850320096782,43
2024-04-26,night,def_refill,0.07336956521739131,0.8148913043478262,0.15149739471024765,43
2024-04-26,night,att_refill,0.07681818181818183,0.8287500000000001,0.15216400245536107,43
2024-04-26,night,def_hidden,0.0,0.00024031007751937987,0.02319084354368181,43
2024-04-26,night,att_eff,-1.0100260458557577,0.6819587995559018,0.29804249581864367,43
2024-04-26,night,def_eff,-0.7556619377387106,0.824014232251363,0.3000496498372661,43
2024-04-26,night,att_large,0.0,0.6835166296788954,0.16089372446566597,43
2024-04-26,night,def_large,0.0,0.6188333333333332,0.14568511978867563,43
2024-04-26,night,balance,-0.05529867314321707,0.1684381118837579,0.018285085673709494,43
2024-04-26,night,volume,0.09664299371701573,8.440154784619374,1.0470513346323145,43
2024-04-29,night,delta,-0.55412343470483,0.5707116875372689,0.24497235080882468,41
2024-04-29,night,def_cancel,0.3396928042402468,0.5471644245557016,0.05141362658708489,41
2024-04-29,night,att_cancel,0.3369817616640345,0.5614441430725329,0.054114241338177625,41
2024-04-29,night,def_refill,0.07385869565217391,0.8055978260869566,0.15368484958560844,41
2024-04-29,night,att_refill,0.07681818181818183,0.8253030303030303,0.15438418536914086,41
2024-04-29,night,def_hidden,0.0,0.00024031007751937987,0.024137627831788005,41
2024-04-29,night,att_eff,-0.9858234017731462,0.6687573573290231,0.29359976265914695,41
2024-04-29,night,def_eff,-0.7449304420186693,0.8132827365313218,0.2955088895316692,41
2024-04-29,night,att_large,0.0,0.6790814100198398,0.16398377402641065,41
2024-04-29,night,def_large,0.0,0.6207916666666666,0.14976938505694243,41
2024-04-29,night,balance,-0.05576969795380016,0.17173528555783968,0.018837071352263906,41
2024-04-29,night,volume,0.12885732495602098,9.567656377984557,1.070774345941421,41
2024-05-01,night,delta,-0.5512853309481217,0.5716577221228385,0.24366012479747506,40
2024-05-01,night,def_cancel,0.3394366664373882,0.5466521489499844,0.05128758396567635,40
2024-05-01,night,att_cancel,0.3367225672282279,0.5611849486367263,0.05378611048142686,40
2024-05-01,night,def_refill,0.07336956521739131,0.8055978260869566,0.15269782824711356,40
2024-05-01,night,att_refill,0.07731060606060607,0.8248106060606061,0.1535662113468806,40
2024-05-01,night,def_hidden,0.0,0.00024031007751937987,0.024445838268795372,40
2024-05-01,night,att_eff,-0.9858234017731462,0.6665571169578763,0.2927369825691201,40
2024-05-01,night,def_eff,-0.7406378437306529,0.8132827365313218,0.29494961649546886,40
2024-05-01,night,att_large,0.0,0.6785886078355003,0.16348876753639066,40
2024-05-01,night,def_large,0.0,0.6207916666666666,0.14799934582771368,40
2024-05-01,night,balance,-0.05388559871146775,0.1722063103684227,0.018570504229864424,40
2024-05-01,night,volume,0.12885732495602098,9.567656377984557,1.0694666738565413,40
2024-05-02,night,delta,-0.5512853309481217,0.5716577221228385,0.24342467357527756,41
2024-05-02,night,def_cancel,0.3394366664373882,0.546908286752843,0.05123653592830998,41
2024-05-02,night,att_cancel,0.3367225672282279,0.5611849486367263,0.05373148712041229,41
2024-05-02,night,def_refill,0.07288043478260871,0.805108695652174,0.15254565010638543,41
2024-05-02,night,att_refill,0.0778030303030303,0.8238257575757576,0.15340903084275037,41
2024-05-02,night,def_hidden,0.0,0.00024031007751937987,0.024419797659087323,41
2024-05-02,night,att_eff,-0.9924241228865858,0.6687573573290231,0.29264166970279226,41
2024-05-02,night,def_eff,-0.7427841428746611,0.8154290356753302,0.29540503270282226,41
2024-05-02,night,att_large,0.0,0.6780958056511608,0.16331461444126372,41
2024-05-02,night,def_large,0.0,0.6203020833333333,0.1478417151166491,41
2024-05-02,night,balance,-0.05388559871146775,0.1722063103684227,0.01856055923628262,41
2024-05-02,night,volume,0.12885732495602098,9.535442046745553,1.068112773217795,41
2024-05-03,night,delta,-0.5512853309481217,0.5716577221228385,0.24356630962589634,42
2024-05-03,night,def_cancel,0.3396928042402468,0.546908286752843,0.05131524096830367,42
2024-05-03,night,att_cancel,0.3369817616640345,0.5614441430725329,0.053825905555342606,42
2024-05-03,night,def_refill,0.07239130434782609,0.8041304347826087,0.15260658784522843,42
2024-05-03,night,att_refill,0.07681818181818183,0.8238257575757576,0.1535748928277638,42
2024-05-03,night,def_hidden,0.0,0.00024031007751937987,0.024294074225649876,42
2024-05-03,night,att_eff,-0.9946243632577323,0.6687573573290231,0.2926743183029249,42
2024-05-03,night,def_eff,-0.7427841428746611,0.8132827365313218,0.29544013706094185,42
2024-05-03,night,att_large,0.0,0.6776030034668213,0.1632342357452171,42
2024-05-03,night,def_large,0.0,0.6203020833333333,0.14804025528723685,42
2024-05-03,night,balance,-0.05435662352205084,0.17126426074725654,0.01856783048306252,42
2024-05-03,night,volume,0.12885732495602098,9.503227715506547,1.0633167588748071,42
2024-05-06,night,delta,-0.5503392963625522,0.5707116875372689,0.24338698741980694,40
2024-05-06,night,def_cancel,0.34097349325453974,0.5474205623585601,0.051213854369707934,40
2024-05-06,night,att_cancel,0.33750015053564764,0.5617033375083395,0.05390019097929054,40
2024-05-06,night,def_refill,0.07336956521739131,0.7943478260869565,0.15174498854282872,40
2024-05-06,night,att_refill,0.07681818181818183,0.8149621212121213,0.15330163563216673,40
2024-05-06,night,def_hidden,0.0,0.00024031007751937987,0.024695967096910458,40
2024-05-06,night,att_eff,-0.9946243632577323,0.6731578380713161,0.29147722449555863,40
2024-05-06,night,def_eff,-0.749223040306686,0.8197216339633466,0.29444837246632694,40
2024-05-06,night,att_large,0.0,0.6707037728860682,0.16185999869749296,40
2024-05-06,night,def_large,0.0,0.6114895833333333,0.14776168795096392,40
2024-05-06,night,balance,-0.05482764833263398,0.17361938480017203,0.018812518313406655,40
2024-05-06,night,volume,0.12885732495602098,10.276371665242673,1.0883995169716,40
2024-05-07,night,delta,-0.5484472271914133,0.5735497912939773,0.24393499364315346,40
2024-05-07,night,def_cancel,0.34020507984596393,0.5474205623585601,0.05137294228062639,40
2024-05-07,night,att_cancel,0.3367225672282279,0.5611849486367263,0.054064078139154016,40
2024-05-07,night,def_refill,0.07239130434782609,0.7953260869565218,0.15165843370484314,40
2024-05-07,night,att_refill,0.0753409090909091,0.8149621212121213,0.15355208965244416,40
2024-05-07,night,def_hidden,0.0,0.00024031007751937987,0.024962336922703103,40
2024-05-07,night,att_eff,-0.9968246036288788,0.6753580784424624,0.29212628432817367,40
2024-05-07,night,def_eff,-0.7449304420186693,0.824014232251363,0.2949548431549528,40
2024-05-07,night,att_large,0.0,0.6687325641487102,0.16241383598317954,40
2024-05-07,night,def_large,0.0,0.6134479166666666,0.1486446364885498,40
2024-05-07,night,balance,-0.05435662352205084,0.17503245923192134,0.018918128086404203,40
2024-05-07,night,volume,0.12885732495602098,10.4374433214377,1.095486637345005,40
2024-05-08,night,delta,-0.5465551580202743,0.5744958258795467,0.24039721384298404,40
2024-05-08,night,def_cancel,0.3396928042402468,0.5471644245557016,0.050947677951668886,40
2024-05-08,night,att_cancel,0.33646337279242133,0.5611849486367263,0.05357855393046558,40
2024-05-08,night,def_refill,0.07239130434782609,0.7972826086956523,0.14879385322254246,40
2024-05-08,night,att_refill,0.07583333333333334,0.8154545454545455,0.15101205148030625,40
2024-05-08,night,def_hidden,0.0,0.00024031007751937987,0.02497613630251718,40
2024-05-08,night,att_eff,-0.9968246036288788,0.6841590399270485,0.2927279624453019,40
2024-05-08,night,def_eff,-0.749223040306686,0.8218679331073546,0.29535423031434294,40
2024-05-08,night,att_large,0.0,0.6751389925451238,0.16059677426353242,40
2024-05-08,night,def_large,0.0,0.6119791666666666,0.14643722031564854,40
2024-05-08,night,balance,-0.05435662352205084,0.1755034840425045,0.01890336161623258,40
2024-05-08,night,volume,0.12885732495602098,9.406584721789532,1.053493812011456,40
2024-05-09,night,delta,-0.5475011926058437,0.5744958258795467,0.24032497172728548,41
2024-05-09,night,def_cancel,0.3394366664373882,0.546908286752843,0.05093408293088898,41
2024-05-09,night,att_cancel,0.33620417835661476,0.5617033375083395,0.0535598755557447,41
2024-05-09,night,def_refill,0.07239130434782609,0.8002173913043479,0.14884026163468897,41
2024-05-09,night,att_refill,0.0753409090909091,0.8154545454545455,0.1509646885497422,41
2024-05-09,night,def_hidden,0.0,0.00024031007751937987,0.024962102061976372,41
2024-05-09,night,att_eff,-0.9968246036288788,0.6841590399270485,0.29274342317742785,41
2024-05-09,night,def_eff,-0.749223040306686,0.8218679331073546,0.2955017559264033,41
2024-05-09,night,att_large,0.0,0.6746461903607843,0.16050653459412328,41
2024-05-09,night,def_large,0.0,0.6129583333333333,0.14642285000536562,41
2024-05-09,night,balance,-0.05482764833263398,0.1755034840425045,0.01889660846432303,41
2024-05-09,night,volume,0.12885732495602098,9.406584721789532,1.052866525232792,41
2024-05-10,night,delta,-0.5475011926058437,0.5744958258795467,0.24051563157105116,42
2024-05-10,night,def_cancel,0.3394366664373882,0.5471644245557016,0.05096159318302275,42
2024-05-10,night,att_cancel,0.33620417835661476,0.5617033375083395,0.05360454781033693,42
2024-05-10,night,def_refill,0.07190217391304349,0.8002173913043479,0.1489518931201485,42
2024-05-10,night,att_refill,0.0753409090909091,0.8159469696969698,0.15116532631173346,42
2024-05-10,night,def_hidden,0.0,0.00024031007751937987,0.024946403324613523,42
2024-05-10,night,att_eff,-0.9968246036288788,0.6841590399270485,0.2931183037896201,42
2024-05-10,night,def_eff,-0.749223040306686,0.8218679331073546,0.2957337855398069,42
2024-05-10,night,att_large,0.0,0.6746461903607843,0.1605830736945873,42
2024-05-10,night,def_large,0.0,0.6129583333333333,0.1463890443520981,42
2024-05-10,night,balance,-0.05435662352205084,0.1755034840425045,0.018890757651512085,42
2024-05-10,night,volume,0.12885732495602098,9.406584721789532,1.0530478968705828,42
2024-05-13,night,delta,-0.559799642218247,0.58679427549195,0.24508483509514362,40
2024-05-13,night,def_cancel,0.335850737197368,0.5494696647814288,0.05274259310283673,40
2024-05-13,night,att_cancel,0.33231626181951607,0.5645544763022119,0.055398857787692095,40
2024-05-13,night,def_refill,0.0675,0.8002173913043479,0.15181152966703645,40
2024-05-13,night,att_refill,0.07140151515151516,0.8208712121212122,0.1538223668958876,40
2024-05-13,night,def_hidden,0.0,0.00024031007751937987,0.024608427591758058,40
2024-05-13,night,att_eff,-0.9726219595462673,0.6951602417827809,0.2939371452782127,40
2024-05-13,night,def_eff,-0.7449304420186693,0.8132827365313218,0.2964955133996323,40
2024-05-13,night,att_large,0.0,0.6800670143885189,0.16462964968496943,40
2024-05-13,night,def_large,0.0,0.6237291666666667,0.15000300110587847,40
2024-05-13,night,balance,-0.05529867314321707,0.1693801615049242,0.018962686539730315,40
2024-05-13,night,volume,0.12885732495602098,9.2132987343555,1.0831902541590919,40
2024-05-14,night,delta,-0.5607456768038164,0.5877403100775194,0.2464641827885466,40
2024-05-14,night,def_cancel,0.3353384615916508,0.5497258025842874,0.0531368898354563,40
2024-05-14,night,att_cancel,0.3315386785120963,0.5648136707380185,0.05577200593522511,40
2024-05-14,night,def_refill,0.06652173913043478,0.8041304347826087,0.15296582246984924,40
2024-05-14,night,att_refill,0.07140151515151516,0.8223484848484849,0.15473706053850253,40
2024-05-14,night,def_hidden,0.0,0.00024031007751937987,0.024591391999440708,40
2024-05-14,night,att_eff,-0.9572202769482419,0.6863592802981948,0.2930909780014476,40
2024-05-14,night,def_eff,-0.7406378437306529,0.8046975399552889,0.2954393714568828,40
2024-05-14,night,att_large,0.0,0.6820382231258769,0.16587251204187373,40
2024-05-14,night,def_large,0.0,0.6251979166666666,0.1509072673877708,40
2024-05-14,night,balance,-0.05529867314321707,0.1693801615049242,0.018964537423464774,40
2024-05-14,night,volume,0.12885732495602098,9.2132987343555,1.08546968050591,40
2024-05-15,night,delta,-0.5626377459749553,0.5905784138342278,0.24941796833843066,40
2024-05-15,night,def_cancel,0.33457004818307506,0.5510064915985803,0.05446291627276442,40
2024-05-15,night,att_cancel,0.33050190076887,0.5653320596096316,0.05653758960806806,40
2024-05-15,night,def_refill,0.06554347826086956,0.8065760869565218,0.15497110606270836,40
2024-05-15,night,att_refill,0.07140151515151516,0.8253030303030303,0.15665278874009808,40
2024-05-15,night,def_hidden,0.0,0.00024031007751937987,0.02496239532469347,40
2024-05-15,night,att_eff,-0.9330176328656303,0.6885595206693416,0.3108921153332366,40
2024-05-15,night,def_eff,-0.7406378437306529,0.7832345485152064,0.3141116611391753,40
2024-05-15,night,att_large,0.0,0.6825310253102164,0.16817799815212164,40
2024-05-15,night,def_large,0.0,0.6325416666666667,0.1531451711243282,40
2024-05-15,night,balance,-0.05671174757496639,0.1707932359366734,0.019928786942060635,40
2024-05-15,night,volume,0.12885732495602098,9.503227715506547,1.1364777733631422,40
2024-05-16,night,delta,-0.5626377459749553,0.5915244484197972,0.250515950291607,41
2024-05-16,night,def_cancel,0.3340577725773579,0.5512626294014389,0.05476007610958223,41
2024-05-16,night,att_cancel,0.32998351189725683,0.5653320596096316,0.05674831282325192,41
2024-05-16,night,def_refill,0.06554347826086956,0.8085326086956522,0.15558810068395534,41
2024-05-16,night,att_refill,0.06992424242424243,0.8277651515151515,0.15733976634650587,41
2024-05-16,night,def_hidden,0.0,0.00024031007751937987,0.02504091607591434,41
2024-05-16,night,att_eff,-0.9330176328656303,0.6863592802981948,0.31114716140878956,41
2024-05-16,night,def_eff,-0.7406378437306529,0.7810882493711979,0.3141990725073145,41
2024-05-16,night,att_large,0.0,0.6835166296788954,0.16891526247852143,41
2024-05-16,night,def_large,0.0,0.6335208333333333,0.1539044041714202,41
2024-05-16,night,balance,-0.05671174757496639,0.1707932359366734,0.01991237065331896,41
2024-05-16,night,volume,0.12885732495602098,9.471013384267541,1.1352861237433438,41
2024-05-17,night,delta,-0.5626377459749553,0.5915244484197972,0.24960252112962011,42
2024-05-17,night,def_cancel,0.3340577725773579,0.5510064915985803,0.05454850652436168,42
2024-05-17,night,att_cancel,0.32998351189725683,0.5653320596096316,0.05653750657282278,42
2024-05-17,night,def_refill,0.06554347826086956,0.81,0.15508237600655445,42
2024-05-17,night,att_refill,0.07041666666666667,0.8302272727272728,0.15690000518665406,42
2024-05-17,night,def_hidden,0.0,0.00024031007751937987,0.024906234657032154,42
2024-05-17,night,att_eff,-0.9418185943502162,0.6907597610404879,0.3113623920972234,42
2024-05-17,night,def_eff,-0.7406378437306529,0.7896734459472312,0.31428841475015024,42
2024-05-17,night,att_large,0.0,0.6830238274945559,0.1684481158195614,42
2024-05-17,night,def_large,0.0,0.6345,0.15339686030526017,42
2024-05-17,night,balance,-0.0562407227643833,0.17032221112609036,0.019852967429157455,42
2024-05-17,night,volume,0.12885732495602098,9.374370390550526,1.1293896865951043,42
2024-05-20,night,delta,-0.5607456768038164,0.5962546213476445,0.25005042214038614,40
2024-05-20,night,def_cancel,0.3335454969716407,0.5522871806128733,0.05483646488935298,40
2024-05-20,night,att_cancel,0.32894673415403053,0.5653320596096316,0.0568751730042879,40
2024-05-20,night,def_refill,0.06652173913043478,0.8168478260869566,0.1559342462248562,40
2024-05-20,night,att_refill,0.06943181818181819,0.8317045454545455,0.15738292577025417,40
2024-05-20,night,def_hidden,0.0,0.00024031007751937987,0.024791541701598616,40
2024-05-20,night,att_eff,-0.9440188347213627,0.7061614436385133,0.31125743251248605,40
2024-05-20,night,def_eff,-0.7406378437306529,0.7918197450912392,0.31475759727690095,40
2024-05-20,night,att_large,0.0,0.687951849337951,0.16934395666527066,40
2024-05-20,night,def_large,0.0,0.6345,0.15338880492499438,40
2024-05-20,night,balance,-0.0562407227643833,0.1693801615049242,0.0196688947196586,40
2024-05-20,night,volume,0.09664299371701573,9.503227715506547,1.1413628095918742,40
2024-05-21,night,delta,-0.5626377459749553,0.5972006559332141,0.24980492471426874,40
2024-05-21,night,def_cancel,0.3332893591687821,0.5525433184157319,0.054888285233399045,40
2024-05-21,night,att_cancel,0.3294651230256437,0.5655912540454382,0.056908844204728054,40
2024-05-21,night,def_refill,0.06652173913043478,0.8183152173913044,0.15570706675804835,40
2024-05-21,night,att_refill,0.06943181818181819,0.8336742424242425,0.1571528818681182,40
2024-05-21,night,def_hidden,0.0,0.00024031007751937987,0.024729972600439163,40
2024-05-21,night,att_eff,-0.9418185943502162,0.7061614436385133,0.3113149794695256,40
2024-05-21,night,def_eff,-0.7406378437306529,0.7961123433792556,0.3142716172858688,40
2024-05-21,night,att_large,0.0,0.6869662449692719,0.16893002483552783,40
2024-05-21,night,def_large,0.0,0.63596875,0.15353513840140748,40
2024-05-21,night,balance,-0.05529867314321707,0.16985118631550722,0.019697656536050212,40
2024-05-21,night,volume,0.12885732495602098,9.567656377984557,1.1431160219278302,40
2024-05-22,night,delta,-0.5607456768038164,0.5972006559332141,0.250260804465007,40
2024-05-22,night,def_cancel,0.3335454969716407,0.5527994562185904,0.054991898994392385,40
2024-05-22,night,att_cancel,0.3294651230256437,0.5663688373528579,0.05705757758589143,40
2024-05-22,night,def_refill,0.06652173913043478,0.8183152173913044,0.15615029423653315,40
2024-05-22,night,att_refill,0.06893939393939394,0.8336742424242425,0.15732861279289811,40
2024-05-22,night,def_hidden,0.0,0.00024031007751937987,0.024841658781730325,40
2024-05-22,night,att_eff,-0.9440188347213627,0.70836168400966,0.31201134892002663,40
2024-05-22,night,def_eff,-0.7427841428746611,0.7961123433792556,0.31476061158607815,40
2024-05-22,night,att_large,0.0,0.6869662449692719,0.1686076086648986,40
2024-05-22,night,def_large,0.0,0.6364583333333332,0.15399354594783932,40
2024-05-22,night,balance,-0.05576969795380016,0.17032221112609036,0.019734239875136984,40
2024-05-22,night,volume,0.09664299371701573,9.632085040462568,1.1475054500794781,40
2024-05-23,night,delta,-0.5607456768038164,0.5972006559332141,0.24969348059099788,41
2024-05-23,night,def_cancel,0.3338016347744993,0.5527994562185904,0.054823877633323616,41
2024-05-23,night,att_cancel,0.3302427063330634,0.5661096429170513,0.05687058073612249,41
2024-05-23,night,def_refill,0.06505434782608696,0.8183152173913044,0.15574297818162017,41
2024-05-23,night,att_refill,0.06893939393939394,0.8336742424242425,0.15726234903350853,41
2024-05-23,night,def_hidden,0.0,0.00024031007751937987,0.024713888995671163,41
2024-05-23,night,att_eff,-0.9528197962059488,0.70836168400966,0.3122619300345524,41
2024-05-23,night,def_eff,-0.7449304420186693,0.8004049416672725,0.31511027729262947,41
2024-05-23,night,att_large,0.0,0.687951849337951,0.16845760762127618,41
2024-05-23,night,def_large,0.0,0.6354791666666666,0.15372048294095642,41
2024-05-23,night,balance,-0.05529867314321707,0.1693801615049242,0.019665919886233413,41
2024-05-23,night,volume,0.09664299371701573,9.535442046745553,1.1413609864492698,41
2024-05-24,night,delta,-0.5616917113893858,0.6047689326177699,0.24903800791087383,42
2024-05-24,night,def_cancel,0.3340577725773579,0.5522871806128733,0.054470458141142285,42
2024-05-24,night,att_cancel,0.33050190076887,0.5655912540454382,0.056601569828103,42
2024-05-24,night,def_refill,0.06652173913043478,0.8183152173913044,0.15506564397878544,42
2024-05-24,night,att_refill,0.07041666666666667,0.8336742424242425,0.15691089630018812,42
2024-05-24,night,def_hidden,0.0,0.00024031007751937987,0.024695426985535625,42
2024-05-24,night,att_eff,-0.9550200365770953,0.7127621647519531,0.31200258901019046,42
2024-05-24,night,def_eff,-0.7535156385947024,0.8046975399552889,0.3148705808701591,42
2024-05-24,night,att_large,0.0,0.7002719039464386,0.16821296133127586,42
2024-05-24,night,def_large,0.0,0.6364583333333332,0.15339437117294016,42
2024-05-24,night,balance,-0.05529867314321707,0.1684381118837579,0.01953512324396671,42
2024-05-24,night,volume,0.09664299371701573,9.309941728072516,1.1276747554964588,42
2024-05-27,night,delta,-0.5607456768038164,0.5962546213476445,0.24961443671082095,40
2024-05-27,night,def_cancel,0.3350823237887922,0.5533117318243076,0.05471411119921666,40
2024-05-27,night,att_cancel,0.33179787294790286,0.5658504484812448,0.05655510585417241,40
2024-05-27,night,def_refill,0.06554347826086956,0.8183152173913044,0.15525559574680683,40
2024-05-27,night,att_refill,0.07238636363636364,0.8376136363636364,0.15637579219357547,40
2024-05-27,night,def_hidden,0.0,0.00024031007751937987,0.025295225774809554,40
2024-05-27,night,att_eff,-0.9550200365770953,0.7149624051230994,0.30926130615430325,40
2024-05-27,night,def_eff,-0.7535156385947024,0.7896734459472312,0.3118889705038176,40
2024-05-27,night,att_large,0.0,0.7027359148681361,0.1689239880299073,40
2024-05-27,night,def_large,0.0,0.6320520833333333,0.15388376732474696,40
2024-05-27,night,balance,-0.05765379719613262,0.16561196302025927,0.019525104801643302,40
2024-05-27,night,volume,0.09664299371701573,9.2132987343555,1.0803215355381028,40
2024-05-28,night,delta,-0.5531774001192606,0.5924704830053666,0.24909505420929812,40
2024-05-28,night,def_cancel,0.3355945993945094,0.553055594021449,0.054709177411001626,40
2024-05-28,night,att_cancel,0.33205706738370944,0.5666280317886645,0.05661631965197885,40
2024-05-28,night,def_refill,0.06407608695652174,0.8144021739130436,0.15480072270346062,40
2024-05-28,night,att_refill,0.07386363636363637,0.8336742424242425,0.15607244790667146,40
2024-05-28,night,def_hidden,0.0,0.00024031007751937987,0.02538035420395435,40
2024-05-28,night,att_eff,-0.9616207576905347,0.7149624051230994,0.3098371821467888,40
2024-05-28,night,def_eff,-0.7621008351707355,0.8111364373873133,0.3128281872053094,40
2024-05-28,night,att_large,0.0,0.6914014646283275,0.1688141387907516,40
2024-05-28,night,def_large,0.0,0.62715625,0.15375182254799338,40
2024-05-28,night,balance,-0.058124822006715704,0.16561196302025927,0.01957352448494997,40
2024-05-28,night,volume,0.09664299371701573,9.27772739683351,1.083314218675777,40
2024-05-29,night,delta,-0.5579075730471079,0.5924704830053666,0.2493255623630721,41
2024-05-29,night,def_cancel,0.33610687500022657,0.5535678696271662,0.05481586627253063,41
2024-05-29,night,att_cancel,0.33231626181951607,0.5676648095318908,0.05659600829216078,41
2024-05-29,night,def_refill,0.06407608695652174,0.816358695652174,0.1549713776631141,41
2024-05-29,night,att_refill,0.07386363636363637,0.8336742424242425,0.15626742977228214,41
2024-05-29,night,def_hidden,0.0,0.00024031007751937987,0.02500539001902342,41
2024-05-29,night,att_eff,-0.9616207576905347,0.7149624051230994,0.3106068152032208,41
2024-05-29,night,def_eff,-0.7642471343147437,0.8004049416672725,0.31364461625137546,41
2024-05-29,night,att_large,0.0,0.6904158602596485,0.1682862462748942,41
2024-05-29,night,def_large,0.0,0.6251979166666666,0.15253691591085977,41
2024-05-29,night,balance,-0.059066871627881934,0.16419888858850995,0.01939951872501503,41
2024-05-29,night,volume,0.09664299371701573,8.987798415682464,1.0668517186902293,41
2024-05-30,night,delta,-0.5560155038759691,0.5924704830053666,0.24831166207578137,42
2024-05-30,night,def_cancel,0.3366191506059437,0.5540801452328834,0.05467696695865331,42
2024-05-30,night,att_cancel,0.33257545625532264,0.568183198403504,0.056431655326816946,42
2024-05-30,night,def_refill,0.06652173913043478,0.8158695652173914,0.15480331901225738,42
2024-05-30,night,att_refill,0.07484848484848486,0.8336742424242425,0.15616569179431058,42
2024-05-30,night,def_hidden,0.0,0.00024031007751937987,0.024436864012937085,42
2024-05-30,night,att_eff,-0.9550200365770953,0.7149624051230994,0.30940795506224095,42
2024-05-30,night,def_eff,-0.7578082368827188,0.7918197450912392,0.3121453283280793,42
2024-05-30,night,att_large,0.0,0.6914014646283275,0.16725295737929805,42
2024-05-30,night,def_large,0.0,0.6237291666666667,0.15076094977862803,42
2024-05-30,night,balance,-0.058124822006715704,0.16137273972501132,0.019247764992120123,42
2024-05-30,night,volume,0.09664299371701573,8.633440772053406,1.0463336974191897,42
2024-05-31,night,delta,-0.5616917113893858,0.5915244484197972,0.24576854922910618,43
2024-05-31,night,def_cancel,0.3371314262116609,0.5545924208386005,0.05400555081117032,43
2024-05-31,night,att_cancel,0.33335303956274237,0.5697383650183435,0.055758927070520894,43
2024-05-31,night,def_refill,0.06652173913043478,0.8183152173913044,0.1533463607581,43
2024-05-31,night,att_refill,0.0753409090909091,0.8385984848484849,0.15465475465325856,43
2024-05-31,night,def_hidden,0.0,0.00024031007751937987,0.023854965075718566,43
2024-05-31,night,att_eff,-0.9616207576905347,0.7149624051230994,0.3093616276652282,43
2024-05-31,night,def_eff,-0.7771249291787932,0.8046975399552889,0.3120122734207815,43
2024-05-31,night,att_large,0.0,0.6948510799187041,0.1659876506591125,43
2024-05-31,night,def_large,0.0,0.6251979166666666,0.14861594862023156,43
2024-05-31,night,balance,-0.05765379719613262,0.15948864048267897,0.019043654190329024,43
2024-05-31,night,volume,0.09664299371701573,8.246868797185343,1.0214175334144162,43
2024-06-03,night,delta,-0.5607456768038164,0.5915244484197972,0.24695443445945578,41
2024-06-03,night,def_cancel,0.3381559774230952,0.556129247655752,0.05454921741072882,41
2024-06-03,night,att_cancel,0.33438981730596873,0.5707751427615698,0.05619888966904597,41
2024-06-03,night,def_refill,0.06798913043478261,0.8183152173913044,0.15396819025212835,41
2024-06-03,night,att_refill,0.07681818181818183,0.8390909090909091,0.1555386963619703,41
2024-06-03,night,def_hidden,0.0,0.00024031007751937987,0.024202263446988167,41
2024-06-03,night,att_eff,-0.9550200365770953,0.7347645684634179,0.3087931346884065,41
2024-06-03,night,def_eff,-0.7814175274668096,0.8046975399552889,0.3114250429563482,41
2024-06-03,night,att_large,0.0,0.6953438821030435,0.16586231232333606,41
2024-06-03,night,def_large,0.0,0.6251979166666666,0.14893748858433048,41
2024-06-03,night,balance,-0.05953789643846502,0.15807556605092965,0.018884042857684573,41
2024-06-03,night,volume,0.12885732495602098,8.343511790902358,0.9836533903852034,41
2024-06-04,night,delta,-0.5626377459749553,0.5915244484197972,0.24676386090425592,41
2024-06-04,night,def_cancel,0.3373875640145195,0.5563853854586106,0.0546334193058811,41
2024-06-04,night,att_cancel,0.33516740061338846,0.5720711149406027,0.056329777049190635,41
2024-06-04,night,def_refill,0.06847826086956522,0.8183152173913044,0.1539588641730997,41
2024-06-04,night,att_refill,0.07681818181818183,0.8390909090909091,0.15574258939275995,41
2024-06-04,night,def_hidden,0.0,0.00024031007751937987,0.023868634314370987,41
2024-06-04,night,att_eff,-0.9550200365770953,0.7303640877211248,0.3091141229985937,41
2024-06-04,night,def_eff,-0.7814175274668096,0.8025512408112805,0.3114732053095326,41
2024-06-04,night,att_large,0.0,0.6948510799187041,0.165392061626676,41
2024-06-04,night,def_large,0.0,0.62715625,0.14898030119823957,41
2024-06-04,night,balance,-0.06047994605963125,0.1576045412403465,0.018781989548201625,41
2024-06-04,night,volume,0.12885732495602098,8.214654465946337,0.9743857838191785,41
2024-06-05,night,delta,-0.559799642218247,0.5820641025641027,0.2433880445553485,41
2024-06-05,night,def_cancel,0.33892439083167103,0.5584344878814793,0.05474108079105951,41
2024-06-05,night,att_cancel,0.3367225672282279,0.5746630592986685,0.056643574565568934,41
2024-06-05,night,def_refill,0.06994565217391305,0.8183152173913044,0.1531606870033199,41
2024-06-05,night,att_refill,0.07829545454545454,0.8400757575757576,0.1548021356340899,41
2024-06-05,night,def_hidden,0.0,0.00024031007751937987,0.0215888052114993,41
2024-06-05,night,att_eff,-0.9528197962059488,0.7215631262365387,0.3104373347686576,41
2024-06-05,night,def_eff,-0.7814175274668096,0.8004049416672725,0.3121051649891163,41
2024-06-05,night,att_large,0.0,0.6815454209415374,0.1618048015544899,41
2024-06-05,night,def_large,0.0,0.6198125,0.14543063035033008,41
2024-06-05,night,balance,-0.06000892124904811,0.15195224351334924,0.018495004491423533,41
2024-06-05,night,volume,0.12885732495602098,7.505939178688222,0.9447029686916988,41
2024-06-06,night,delta,-0.5579075730471079,0.5858482409063805,0.24353077774999185,42
2024-06-06,night,def_cancel,0.33892439083167103,0.5581783500786207,0.054575592281789854,42
2024-06-06,night,att_cancel,0.3367225672282279,0.5746630592986685,0.05650425154426201,42
2024-06-06,night,def_refill,0.06994565217391305,0.8236956521739132,0.15352271185884014,42
2024-06-06,night,att_refill,0.07977272727272727,0.8445075757575758,0.15504129388214022,42
2024-06-06,night,def_hidden,0.0,0.00024031007751937987,0.021590296164638575,42
2024-06-06,night,att_eff,-0.9528197962059488,0.7149624051230994,0.31043373354829884,42
2024-06-06,night,def_eff,-0.7814175274668096,0.8004049416672725,0.3123343830435302,42
2024-06-06,night,att_large,0.0,0.689923058075309,0.16262067795285998,42
2024-06-06,night,def_large,0.0,0.6242187499999999,0.14581915181060714,42
2024-06-06,night,balance,-0.06047994605963125,0.15053916908159992,0.01843994692108892,42
2024-06-06,night,volume,0.12885732495602098,7.505939178688222,0.9878930757404641,42
2024-06-07,night,delta,-0.5579075730471079,0.5877403100775194,0.24306262389664723,43
2024-06-07,night,def_cancel,0.33918052863452963,0.5579222122757621,0.05445049461323337,43
2024-06-07,night,att_cancel,0.3369817616640345,0.5746630592986685,0.056338074739107326,43
2024-06-07,night,def_refill,0.06994565217391305,0.8236956521739132,0.15334223729347415,43
2024-06-07,night,att_refill,0.08026515151515153,0.8450000000000001,0.1548600901023565,43
2024-06-07,night,def_hidden,0.0,0.00024031007751937987,0.021439621242426352,43
2024-06-07,night,att_eff,-0.9550200365770953,0.7149624051230994,0.3105974139876601,43
2024-06-07,night,def_eff,-0.7814175274668096,0.8046975399552889,0.3124868232820979,43
2024-06-07,night,att_large,0.0,0.6914014646283275,0.16259895631727478,43
2024-06-07,night,def_large,0.0,0.6217708333333333,0.1453821701747562,43
2024-06-07,night,balance,-0.06000892124904811,0.14959711946043375,0.018381140559308583,43
2024-06-07,night,volume,0.09664299371701573,7.473724847449217,0.9835869965559964,43
2024-06-10,night,delta,-0.5616917113893858,0.581118067978533,0.24070894849995295,41
2024-06-10,night,def_cancel,0.3386682530288124,0.5576660744729036,0.05437604099844485,41
2024-06-10,night,att_cancel,0.3359449839208082,0.5741446704270553,0.056072320253641124,41
2024-06-10,night,def_refill,0.06896739130434783,0.827608695652174,0.15198650110196704,41
2024-06-10,night,att_refill,0.0787878787878788,0.8464772727272728,0.15324923245539723,41
2024-06-10,night,def_hidden,0.0,0.00024031007751937987,0.02137256576904959,41
2024-06-10,night,att_eff,-0.9594205173193882,0.7303640877211248,0.3119010186095834,41
2024-06-10,night,def_eff,-0.7792712283228014,0.8046975399552889,0.31385173706639313,41
2024-06-10,night,att_large,0.0,0.6923870689970065,0.16069407937557503,41
2024-06-10,night,def_large,0.0,0.6251979166666666,0.14322591416083502,41
2024-06-10,night,balance,-0.058124822006715704,0.1430027721122702,0.018407179156394775,41
2024-06-10,night,volume,0.09664299371701573,7.119367203820159,0.9600784113457145,41
2024-06-11,night,delta,-0.5626377459749553,0.5820641025641027,0.2397772679785804,41
2024-06-11,night,def_cancel,0.3386682530288124,0.5586906256843379,0.05431187717697774,41
2024-06-11,night,att_cancel,0.3356857894850016,0.574922253734475,0.0560739739531947,41
2024-06-11,night,def_refill,0.06798913043478261,0.827608695652174,0.1510828102986799,41
2024-06-11,night,att_refill,0.07977272727272727,0.848939393939394,0.15246637749766884,41
2024-06-11,night,def_hidden,0.0,0.00024031007751937987,0.01996075385399167,41
2024-06-11,night,att_eff,-0.9594205173193882,0.7347645684634179,0.31291377481715416,41
2024-06-11,night,def_eff,-0.7814175274668096,0.8046975399552889,0.3152648704402681,41
2024-06-11,night,att_large,0.0,0.68893745370663,0.1592317625389926,41
2024-06-11,night,def_large,0.0,0.62128125,0.14275382621519705,41
2024-06-11,night,balance,-0.058124822006715704,0.14347379692285334,0.018312388732880013,41
2024-06-11,night,volume,0.09664299371701573,6.926081216386128,0.9250873980477146,41
2024-06-12,night,delta,-0.559799642218247,0.5830101371496721,0.2370922422256817,41
2024-06-12,night,def_cancel,0.3396928042402468,0.5586906256843379,0.053371920091206504,41
2024-06-12,night,att_cancel,0.33724095609984106,0.5741446704270553,0.05495005779958788,41
2024-06-12,night,def_refill,0.06994565217391305,0.8261413043478262,0.1492336447530017,41
2024-06-12,night,att_refill,0.08026515151515153,0.8464772727272728,0.1507434905485934,41
2024-06-12,night,def_hidden,0.0,0.00024031007751937987,0.019703071185968615,41
2024-06-12,night,att_eff,-0.9594205173193882,0.7347645684634179,0.31210840566546183,41
2024-06-12,night,def_eff,-0.783563826610818,0.8025512408112805,0.31491310606864903,41
2024-06-12,night,att_large,0.0,0.6869662449692719,0.15681645910428985,41
2024-06-12,night,def_large,0.0,0.6144270833333333,0.13988387117810355,41
2024-06-12,night,balance,-0.057182772385549474,0.1453578961651858,0.0182939493195125,41
2024-06-12,night,volume,0.09664299371701573,6.475080579040054,0.9121210704326995,41
2024-06-13,night,delta,-0.5607456768038164,0.5849022063208109,0.2368779946782625,42
2024-06-13,night,def_cancel,0.3396928042402468,0.5586906256843379,0.05331295350952838,42
2024-06-13,night,att_cancel,0.33724095609984106,0.5741446704270553,0.054890407513964116,42
2024-06-13,night,def_refill,0.06945652173913044,0.8261413043478262,0.14910926038358574,42
2024-06-13,night,att_refill,0.08026515151515153,0.8464772727272728,0.15060046577582614,42
2024-06-13,night,def_hidden,0.0,0.00024031007751937987,0.019677079390858755,42
2024-06-13,night,att_eff,-0.9616207576905347,0.7347645684634179,0.31228123155230647,42
2024-06-13,night,def_eff,-0.7900027240428427,0.8046975399552889,0.3150993445235805,42
2024-06-13,night,att_large,0.0,0.6869662449692719,0.1566822770540071,42
2024-06-13,night,def_large,0.0,0.6139374999999999,0.13969917509024812,42
2024-06-13,night,balance,-0.058124822006715704,0.1453578961651858,0.018352730419485205,42
2024-06-13,night,volume,0.09664299371701573,6.475080579040054,0.9108251677591727,42
2024-06-14,night,delta,-0.5569615384615385,0.5839561717352415,0.23477034795681145,43
2024-06-14,night,def_cancel,0.33994894204310533,0.5584344878814793,0.05291297866022879,43
2024-06-14,night,att_cancel,0.33827773384306736,0.5736262815554422,0.05448806496635206,43
2024-06-14,night,def_refill,0.06994565217391305,0.8236956521739132,0.1478371477632147,43
2024-06-14,night,att_refill,0.08174242424242424,0.8464772727272728,0.14909734862889262,43
2024-06-14,night,def_hidden,0.0,0.00024031007751937987,0.019310191587201087,43
2024-06-14,night,att_eff,-0.9616207576905347,0.7501662510614433,0.3112847599394034,43
2024-06-14,night,def_eff,-0.8050268180509004,0.8175753348193382,0.3147505605518117,43
2024-06-14,night,att_large,0.0,0.6830238274945559,0.15561113926429976,43
2024-06-14,night,def_large,0.0,0.6100208333333332,0.13880640117473933,43
2024-06-14,night,balance,-0.057182772385549474,0.1444158465440195,0.01853113554968906,43
2024-06-14,night,volume,0.09664299371701573,6.57172357275707,0.9170321407855494,43
2024-06-17,night,delta,-0.5626377459749553,0.5896323792486584,0.24055286127124892,41
2024-06-17,night,def_cancel,0.3430225956774084,0.5579222122757621,0.05298211131710274,41
2024-06-17,night,att_cancel,0.34268403925177926,0.5741446704270553,0.054733520765250246,41
2024-06-17,night,def_refill,0.06798913043478261,0.8334782608695653,0.15158292398212939,41
2024-06-17,night,att_refill,0.07977272727272727,0.850909090909091,0.15272432815215042,41
2024-06-17,night,def_hidden,0.0,0.00024031007751937987,0.021195307845804093,41
2024-06-17,night,att_eff,-0.9792226806597069,0.7699684144017618,0.3159434826716533,41
2024-06-17,night,def_eff,-0.8179046129149499,0.8519161211234705,0.3192969312813141,41
2024-06-17,night,att_large,0.0,0.6948510799187041,0.1607295876509252,41
2024-06-17,night,def_large,0.0,0.6144270833333333,0.1427190901042063,41
2024-06-17,night,balance,-0.05529867314321707,0.14488687135460265,0.018340673741082822,41
2024-06-17,night,volume,0.06442866247801049,6.861652553908117,0.828700843928387,41
2024-06-18,night,delta,-0.5579075730471079,0.5877403100775194,0.23924430403335578,41
2024-06-18,night,def_cancel,0.34379100908598414,0.5579222122757621,0.052687177318810896,41
2024-06-18,night,att_cancel,0.343461622559199,0.5738854759912487,0.054461544221461246,41
2024-06-18,night,def_refill,0.06847826086956522,0.8334782608695653,0.15075038093835422,41
2024-06-18,night,att_refill,0.08075757575757576,0.8504166666666667,0.152080833709037,41
2024-06-18,night,def_hidden,0.0,0.00024031007751937987,0.02039639191303198,41
2024-06-18,night,att_eff,-0.9924241228865858,0.7787693758863479,0.31577249133138935,41
2024-06-18,night,def_eff,-0.8264898094909829,0.8519161211234705,0.31948846027812855,41
2024-06-18,night,att_large,0.0,0.6914014646283275,0.15944701655016003,41
2024-06-18,night,def_large,0.0,0.6114895833333333,0.141893518938291,41
2024-06-18,night,balance,-0.0562407227643833,0.1444158465440195,0.0182996884478009,41
2024-06-18,night,volume,0.06442866247801049,6.829438222669112,0.8232332237523426,41
2024-06-19,night,delta,-0.5616917113893858,0.5953085867620751,0.23631872781931534,41
2024-06-19,night,def_cancel,0.3512190053688832,0.5592029012900551,0.05205795770364031,41
2024-06-19,night,att_cancel,0.35123745563339637,0.5756998370418948,0.053690168235281346,41
2024-06-19,night,def_refill,0.07336956521739131,0.836413043478261,0.15029934613872187,41
2024-06-19,night,att_refill,0.0846969696969697,0.8573106060606062,0.15192468019547076,41
2024-06-19,night,def_hidden,0.0,0.00024031007751937987,0.019260194824991424,41
2024-06-19,night,att_eff,-1.0188270073403438,0.7809696162574946,0.31893904651087807,41
2024-06-19,night,def_eff,-0.8522453992190819,0.8690865142755362,0.32300537387506456,41
2024-06-19,night,att_large,0.0,0.6948510799187041,0.15653147784866048,41
2024-06-19,night,def_large,0.0,0.6154062499999999,0.14188012647062803,41
2024-06-19,night,balance,-0.05294354909030152,0.13169817665827577,0.017732612547640563,41
2024-06-19,night,volume,0.06442866247801049,6.6039379039960755,0.8173610039109108,41
2024-06-20,night,delta,-0.5626377459749553,0.5962546213476445,0.23569082360668128,42
2024-06-20,night,def_cancel,0.35070672976316597,0.5594590390929137,0.05191412262789485,42
2024-06-20,night,att_cancel,0.351496650069203,0.5759590314777014,0.053540611261542206,42
2024-06-20,night,def_refill,0.07336956521739131,0.8334782608695653,0.14989424232357507,42
2024-06-20,night,att_refill,0.08518939393939394,0.8548484848484849,0.15158305168031055,42
2024-06-20,night,def_hidden,0.0,0.00024031007751937987,0.019198420240214044,42
2024-06-20,night,att_eff,-1.0232274880826369,0.7853700969997877,0.31989150428474383,42
2024-06-20,night,def_eff,-0.8522453992190819,0.8969884031476436,0.32393577423447617,42
2024-06-20,night,att_large,0.0,0.6948510799187041,0.1560850160508029,42
2024-06-20,night,def_large,0.0,0.6144270833333333,0.14142452808808328,42
2024-06-20,night,balance,-0.05435662352205084,0.13169817665827577,0.01769139997804874,42
2024-06-20,night,volume,0.06442866247801049,6.57172357275707,0.8142652135392511,42
2024-06-21,night,delta,-0.5654758497316636,0.5924704830053666,0.23452844931377537,43
2024-06-21,night,def_cancel,0.35070672976316597,0.5592029012900551,0.05166762655057252,43
2024-06-21,night,att_cancel,0.351496650069203,0.5756998370418948,0.053272874477311036,43
2024-06-21,night,def_refill,0.07336956521739131,0.836413043478261,0.1491338664646855,43
2024-06-21,night,att_refill,0.0846969696969697,0.8573106060606062,0.15088888551754046,43
2024-06-21,night,def_hidden,0.0,0.00024031007751937987,0.019077764943738734,43
2024-06-21,night,att_eff,-1.0188270073403438,0.7941710584843733,0.3193355833736449,43
2024-06-21,night,def_eff,-0.8543916983630901,0.899134702291652,0.3234851748944027,43
2024-06-21,night,att_large,0.0,0.6923870689970065,0.1552148542274288,43
2024-06-21,night,def_large,0.0,0.6173645833333333,0.14088026597700515,43
2024-06-21,night,balance,-0.05388559871146775,0.13122715184769262,0.01762247177081981,43
2024-06-21,night,volume,0.06442866247801049,6.507294910279059,0.8094593542336288,43
2024-06-24,night,delta,-0.5654758497316636,0.5962546213476445,0.23755770832603,41
2024-06-24,night,def_cancel,0.34942604074887307,0.5609958659100652,0.052607190190125566,41
2024-06-24,night,att_cancel,0.3499414834543635,0.5777733925283475,0.05423687826081163,41
2024-06-24,night,def_refill,0.07679347826086957,0.8422826086956522,0.15133294016052581,41
2024-06-24,night,att_refill,0.08912878787878788,0.8573106060606062,0.15340459820666552,41
2024-06-24,night,def_hidden,0.0,0.00024031007751937987,0.0202405086645869,41
2024-06-24,night,att_eff,-1.0210272477114903,0.7941710584843733,0.3216216008431891,41
2024-06-24,night,def_eff,-0.8737083906591645,0.9055735997236765,0.32572381989239335,41
2024-06-24,night,att_large,0.0,0.6973150908404016,0.1572028455245773,41
2024-06-24,night,def_large,0.0,0.6114895833333333,0.14176959005035114,41
2024-06-24,night,balance,-0.049175350605636714,0.12180665563603055,0.01732881501485683,41
2024-06-24,night,volume,0.06442866247801049,6.732795228952096,0.8224323446633892,41
2024-06-25,night,delta,-0.5616917113893858,0.5905784138342278,0.23390181914061667,41
2024-06-25,night,def_cancel,0.3501944541574488,0.5609958659100652,0.05188707610278002,41
2024-06-25,night,att_cancel,0.3509782611975898,0.5782917813999606,0.05343204124282647,41
2024-06-25,night,def_refill,0.07679347826086957,0.8393478260869566,0.14913528837191029,41
2024-06-25,night,att_refill,0.08912878787878788,0.8573106060606062,0.15112678557274736,41
2024-06-25,night,def_hidden,0.0,0.00024031007751937987,0.019799053712235466,41
2024-06-25,night,att_eff,-1.0342286899383693,0.8029720199689594,0.3192658270162033,41
2024-06-25,night,def_eff,-0.8801472880911894,0.9055735997236765,0.32233621301040244,41
2024-06-25,night,att_large,0.0,0.689923058075309,0.15381848184714025,41
2024-06-25,night,def_large,0.0,0.6021875,0.13868520430984352,41
2024-06-25,night,balance,-0.0477622761738874,0.11898050677253191,0.017199144585878793,41
2024-06-25,night,volume,0.06442866247801049,6.410651916562044,0.7983110254029012,41
2024-06-26,night,delta,-0.559799642218247,0.5915244484197972,0.2305846850844738,41
2024-06-26,night,def_cancel,0.3499383163545902,0.5612520037129237,0.05167979793164187,41
2024-06-26,night,att_cancel,0.35045987232597664,0.5782917813999606,0.052996537750965106,41
2024-06-26,night,def_refill,0.07679347826086957,0.841304347826087,0.14787054797209187,41
2024-06-26,night,att_refill,0.08962121212121213,0.8573106060606062,0.14981789940955312,41
2024-06-26,night,def_hidden,0.0,0.00024031007751937987,0.01907973190336815,41
2024-06-26,night,att_eff,-1.0342286899383693,0.8117729814535455,0.3210614122928874,41
2024-06-26,night,def_eff,-0.8887324846672222,0.9055735997236765,0.32397570733293907,41
2024-06-26,night,att_large,0.0,0.68893745370663,0.15180865239222452,41
2024-06-26,night,def_large,0.0,0.6002291666666666,0.13586269466712886,41
2024-06-26,night,balance,-0.04870432579505363,0.11898050677253191,0.016625941569518403,41
2024-06-26,night,volume,0.06442866247801049,5.637507966825918,0.7616054736593355,41
2024-06-27,night,delta,-0.5607456768038164,0.5915244484197972,0.22987777298056522,42
2024-06-27,night,def_cancel,0.3501944541574488,0.5609958659100652,0.0514585039421511,42
2024-06-27,night,att_cancel,0.35020067789017006,0.5782917813999606,0.05282429588097001,42
2024-06-27,night,def_refill,0.07679347826086957,0.8403260869565218,0.1475415407036562,42
2024-06-27,night,att_refill,0.0906060606060606,0.8573106060606062,0.14947009095624872,42
2024-06-27,night,def_hidden,0.0,0.00024031007751937987,0.01899040892505388,42
2024-06-27,night,att_eff,-1.0408294110518088,0.8117729814535455,0.3213596849203234,42
2024-06-27,night,def_eff,-0.8930250829552389,0.9055735997236765,0.32410072749172847,42
2024-06-27,night,att_large,0.0,0.6864734427849324,0.1511100313052305,42
2024-06-27,night,def_large,0.0,0.6002291666666666,0.13530652235843524,42
2024-06-27,night,balance,-0.049175350605636714,0.11898050677253191,0.016586555426394475,42
2024-06-27,night,volume,0.06442866247801049,5.6052936355869125,0.7578765978765165,42
2024-06-28,night,delta,-0.5579075730471079,0.5896323792486584,0.22895479075716793,43
2024-06-28,night,def_cancel,0.35045059196030737,0.5609958659100652,0.051317064127792494,43
2024-06-28,night,att_cancel,0.35020067789017006,0.5782917813999606,0.052669873731281035,43
2024-06-28,night,def_refill,0.07679347826086957,0.8393478260869566,0.14707520941729976,43
2024-06-28,night,att_refill,0.0906060606060606,0.8573106060606062,0.1490216826059378,43
2024-06-28,night,def_hidden,0.0,0.00024031007751937987,0.018972346120648253,43
2024-06-28,night,att_eff,-1.0386291706806623,0.8095727410823992,0.32177084806407885,43
2024-06-28,night,def_eff,-0.8930250829552389,0.9098661980116933,0.32466246572419327,43
2024-06-28,night,att_large,0.0,0.6840094318632349,0.1504830147938952,43
2024-06-28,night,def_large,0.0,0.5982708333333333,0.13443614043359722,43
2024-06-28,night,balance,-0.04870432579505363,0.11850948196194877,0.01657648658181433,43
2024-06-28,night,volume,0.06442866247801049,5.573079304347908,0.7532307382599025,43
2024-07-01,night,delta,-0.5588536076326774,0.5877403100775194,0.2278599558994227,42
2024-07-01,night,def_cancel,0.35045059196030737,0.5607397281072066,0.051048711826358305,42
2024-07-01,night,att_cancel,0.35045987232597664,0.578032586964154,0.052397254353611436,42
2024-07-01,night,def_refill,0.0777717391304348,0.8393478260869566,0.14653805228102454,42
2024-07-01,night,att_refill,0.0906060606060606,0.8573106060606062,0.1485484226910739,42
2024-07-01,night,def_hidden,0.0,0.00024031007751937987,0.018843147158165242,42
2024-07-01,night,att_eff,-1.0408294110518088,0.7985715392266663,0.3215536054833125,42
2024-07-01,night,def_eff,-0.8930250829552389,0.9098661980116933,0.32415868214063714,42
2024-07-01,night,att_large,0.0,0.6835166296788954,0.1497632170571396,42
2024-07-01,night,def_large,0.0,0.5968020833333333,0.1335853012149129,42
2024-07-01,night,balance,-0.048233300984470484,0.1175674323407826,0.0165264469979236,42
2024-07-01,night,volume,0.06442866247801049,5.540864973108902,0.7495690271446624,42
2024-07-02,night,delta,-0.5579075730471079,0.5877403100775194,0.2279799166022975,42
2024-07-02,night,def_cancel,0.34968217855173167,0.5607397281072066,0.05100121395489223,42
2024-07-02,night,att_cancel,0.35020067789017006,0.578032586964154,0.052385372542655594,42
2024-07-02,night,def_refill,0.07875,0.841304347826087,0.14637711658447106,42
2024-07-02,night,att_refill,0.09306818181818183,0.8573106060606062,0.14826550094086383,42
2024-07-02,night,def_hidden,0.0,0.00024031007751937987,0.019038972729549287,42
2024-07-02,night,att_eff,-1.0408294110518088,0.8161734621958385,0.3229443560600196,42
2024-07-02,night,def_eff,-0.8973176812432553,0.9098661980116933,0.32504955815963404,42
2024-07-02,night,att_large,0.0,0.6830238274945559,0.1500843384192488,42
2024-07-02,night,def_large,0.0,0.5938645833333333,0.13275103437204266,42
2024-07-02,night,balance,-0.04682022655272117,0.12416177968894604,0.016462856035882722,42
2024-07-02,night,volume,0.06442866247801049,5.508650641869897,0.7480086224528357,42
2024-07-03,night,delta,-0.55412343470483,0.5877403100775194,0.22468644325642625,42
2024-07-03,night,def_cancel,0.3501944541574488,0.5609958659100652,0.05040103523893882,42
2024-07-03,night,att_cancel,0.3509782611975898,0.5775141980925409,0.05171051450339645,42
2024-07-03,night,def_refill,0.08021739130434784,0.8422826086956522,0.1448005542334235,42
2024-07-03,night,att_refill,0.09651515151515153,0.8573106060606062,0.1469923216801496,42
2024-07-03,night,def_hidden,0.0,0.00024031007751937987,0.01868376847348872,42
2024-07-03,night,att_eff,-1.0342286899383693,0.8161734621958385,0.3222606561282078,42
2024-07-03,night,def_eff,-0.8994639803872635,0.9163050954437177,0.3245337503666159,42
2024-07-03,night,att_large,0.0,0.6790814100198398,0.1475056479969453,42
2024-07-03,night,def_large,0.0,0.58603125,0.1299567186792176,42
2024-07-03,night,balance,-0.04634920174213808,0.12321973006777986,0.016319087884368175,42
2024-07-03,night,volume,0.06442866247801049,5.186507329479844,0.7128031486057645,42
2024-07-04,night,delta,-0.5579075730471079,0.5858482409063805,0.22498020115741957,43
2024-07-04,night,def_cancel,0.3484014895374387,0.5615081415157823,0.05063285425178969,43
2024-07-04,night,att_cancel,0.34812712240371746,0.5767366147851212,0.05178350292802368,43
2024-07-04,night,def_refill,0.0782608695652174,0.8437500000000001,0.14550460505579726,43
2024-07-04,night,att_refill,0.09553030303030303,0.8637121212121213,0.14779422184762203,43
2024-07-04,night,def_hidden,0.0,0.00024031007751937987,0.018899572228924695,43
2024-07-04,night,att_eff,-1.0408294110518088,0.8161734621958385,0.32023362240706804,43
2024-07-04,night,def_eff,-0.8973176812432553,0.9184513945877262,0.32247331627804426,43
2024-07-04,night,att_large,0.0,0.6805598165728584,0.14726042015934265,43
2024-07-04,night,def_large,0.0,0.5977812499999999,0.1322677580849172,43
2024-07-04,night,balance,-0.04634920174213808,0.12180665563603055,0.016183068932921686,43
2024-07-04,night,volume,0.06442866247801049,5.21872166071885,0.7069953564662542,43
2024-07-05,night,delta,-0.5579075730471079,0.5877403100775194,0.22444929212045484,44
2024-07-05,night,def_cancel,0.3484014895374387,0.5612520037129237,0.05048884723518184,44
2024-07-05,night,att_cancel,0.34838631683952404,0.5764774203493146,0.051646072968404566,44
2024-07-05,night,def_refill,0.0777717391304348,0.8437500000000001,0.1451802898932929,44
2024-07-05,night,att_refill,0.09602272727272727,0.8656818181818182,0.14743044214685425,44
2024-07-05,night,def_hidden,0.0,0.00024031007751937987,0.01884737249644629,44
2024-07-05,night,att_eff,-1.0408294110518088,0.8227741833092779,0.3202268801164486,44
2024-07-05,night,def_eff,-0.8930250829552389,0.9205976937317346,0.3221136779028928,44
2024-07-05,night,att_large,0.0,0.6830238274945559,0.14698205731417452,44
2024-07-05,night,def_large,0.0,0.6021875,0.13212741648856774,44
2024-07-05,night,balance,-0.04634920174213808,0.12180665563603055,0.016129468161434717,44
2024-07-05,night,volume,0.06442866247801049,5.186507329479844,0.7044295941135809,44
2024-07-08,night,delta,-0.5579075730471079,0.5801720333929636,0.22501155678439982,42
2024-07-08,night,def_cancel,0.34891376514315586,0.5615081415157823,0.050822094370662804,42
2024-07-08,night,att_cancel,0.34916390014694376,0.5767366147851212,0.051879676300825614,42
2024-07-08,night,def_refill,0.07923913043478262,0.8437500000000001,0.14581216769611474,42
2024-07-08,night,att_refill,0.09996212121212122,0.865189393939394,0.14786816811550685,42
2024-07-08,night,def_hidden,0.0,0.00024031007751937987,0.018255401886730395,42
2024-07-08,night,att_eff,-1.0430296514229553,0.8205739429381316,0.3207317929841485,42
2024-07-08,night,def_eff,-0.8973176812432553,0.9205976937317346,0.32308113628331503,42
2024-07-08,night,att_large,0.0,0.6805598165728584,0.14714008846031656,42
2024-07-08,night,def_large,0.0,0.6002291666666666,0.13205362534656553,42
2024-07-08,night,balance,-0.048233300984470484,0.11568333309845014,0.01610561159008801,42
2024-07-08,night,volume,0.06442866247801049,5.250935991957855,0.7090982540884047,42
2024-07-09,night,delta,-0.5579075730471079,0.5801720333929636,0.22328019005570085,42
2024-07-09,night,def_cancel,0.34916990294601447,0.5612520037129237,0.05040576494479858,42
2024-07-09,night,att_cancel,0.34942309458275034,0.5764774203493146,0.05143738849266171,42
2024-07-09,night,def_refill,0.07923913043478262,0.8437500000000001,0.1447774783404867,42
2024-07-09,night,att_refill,0.09996212121212122,0.8656818181818182,0.1466959909507668,42
2024-07-09,night,def_hidden,0.0,0.00024031007751937987,0.018095584454042007,42
2024-07-09,night,att_eff,-1.0694325358767134,0.8205739429381316,0.32025128863959335,42
2024-07-09,night,def_eff,-0.8994639803872635,0.9420606851718167,0.3229546168362939,42
2024-07-09,night,att_large,0.0,0.6815454209415374,0.14629756899427238,42
2024-07-09,night,def_large,0.0,0.6002291666666666,0.13127769872093312,42
2024-07-09,night,balance,-0.0477622761738874,0.115212308287867,0.016059509806479043,42
2024-07-09,night,volume,0.06442866247801049,5.186507329479844,0.7020145570548878,42
2024-07-10,night,delta,-0.5626377459749553,0.5763878950506858,0.22230648525518568,42
2024-07-10,night,def_cancel,0.34916990294601447,0.5607397281072066,0.050007426422769466,42
2024-07-10,night,att_cancel,0.3499414834543635,0.5756998370418948,0.051058641462221985,42
2024-07-10,night,def_refill,0.07923913043478262,0.8457065217391305,0.14425688567018657,42
2024-07-10,night,att_refill,0.10143939393939394,0.8686363636363637,0.14605461162737507,42
2024-07-10,night,def_hidden,0.0,0.00024031007751937987,0.01794336067368434,42
2024-07-10,night,att_eff,-1.0694325358767134,0.8205739429381316,0.31998694699198993,42
2024-07-10,night,def_eff,-0.8973176812432553,0.9227439928757426,0.3224147726415709,42
2024-07-10,night,att_large,0.0,0.6820382231258769,0.14620644359233156,42
2024-07-10,night,def_large,0.0,0.6061041666666667,0.13074031422538646,42
2024-07-10,night,balance,-0.04682022655272117,0.11709640753019945,0.01597111086933796,42
2024-07-10,night,volume,0.06442866247801049,5.122078667001834,0.6972337648239274,42
2024-07-11,night,delta,-0.5626377459749553,0.5773339296362552,0.22167491158215424,43
2024-07-11,night,def_cancel,0.34942604074887307,0.560483590304348,0.04981692271134828,43
2024-07-11,night,att_cancel,0.34942309458275034,0.5754406426060882,0.050893500467929675,43
2024-07-11,night,def_refill,0.07923913043478262,0.8476630434782609,0.14382581717445334,43
2024-07-11,night,att_refill,0.10193181818181819,0.8686363636363637,0.1455649438954623,43
2024-07-11,night,def_hidden,0.0,0.00024031007751937987,0.017852526406801798,43
2024-07-11,night,att_eff,-1.0694325358767134,0.8161734621958385,0.3194506145565573,43
2024-07-11,night,def_eff,-0.8973176812432553,0.9227439928757426,0.32204315320198756,43
2024-07-11,night,att_large,0.0,0.6820382231258769,0.14601563634988432,43
2024-07-11,night,def_large,0.0,0.6105104166666666,0.13065398179521476,43
2024-07-11,night,balance,-0.04682022655272117,0.11709640753019945,0.015915284840897978,43
2024-07-11,night,volume,0.06442866247801049,5.089864335762829,0.6940614718543165,43
2024-07-12,night,delta,-0.5654758497316636,0.5773339296362552,0.2283001824700883,44
2024-07-12,night,def_cancel,0.3484014895374387,0.5607397281072066,0.051274844807270695,44
2024-07-12,night,att_cancel,0.34838631683952404,0.5754406426060882,0.05237871295499623,44
2024-07-12,night,def_refill,0.07923913043478262,0.8481521739130435,0.14909636951936062,44
2024-07-12,night,att_refill,0.10193181818181819,0.8706060606060606,0.15115348992938468,44
2024-07-12,night,def_hidden,0.0,0.00024031007751937987,0.019490318292617447,44
2024-07-12,night,att_eff,-1.0584313340209808,0.8161734621958385,0.31755731709197516,44
2024-07-12,night,def_eff,-0.8887324846672222,0.9227439928757426,0.3204317648254682,44
2024-07-12,night,att_large,0.0,0.6884446515222905,0.15451772009738177,44
2024-07-12,night,def_large,0.0,0.6251979166666666,0.1397961723121014,44
2024-07-12,night,balance,-0.04634920174213808,0.11615435790903328,0.01587208459852417,44
2024-07-12,night,volume,0.06442866247801049,5.863008285498955,0.7645056327276758,44
2024-07-15,night,delta,-0.5616917113893858,0.5744958258795467,0.22377510959987285,42
2024-07-15,night,def_cancel,0.35096286756602457,0.5599713146986308,0.04960300821421749,42
2024-07-15,night,att_cancel,0.3509782611975898,0.5756998370418948,0.051316380900584026,42
2024-07-15,night,def_refill,0.08021739130434784,0.8447282608695653,0.1459390200550079,42
2024-07-15,night,att_refill,0.10340909090909091,0.8681439393939394,0.14807122236911316,42
2024-07-15,night,def_hidden,0.0,0.00024031007751937987,0.019147714987452016,42
2024-07-15,night,att_eff,-1.093635179959325,0.8161734621958385,0.30302517876283974,42
2024-07-15,night,def_eff,-0.8994639803872635,0.9442069843158252,0.30564539909798005,42
2024-07-15,night,att_large,0.0,0.6835166296788954,0.15019303084446434,42
2024-07-15,night,def_large,0.0,0.6178541666666666,0.13607659403150685,42
2024-07-15,night,balance,-0.0477622761738874,0.12086460601486426,0.014860649319690868,42
2024-07-15,night,volume,0.06442866247801049,5.701936629303928,0.7065103258454134,42
2024-07-16,night,delta,-0.5645298151460942,0.5744958258795467,0.22421205910473846,42
2024-07-16,night,def_cancel,0.3512190053688832,0.5602274525014894,0.049633061055915875,42
2024-07-16,night,att_cancel,0.35045987232597664,0.5759590314777014,0.05136588526792452,42
2024-07-16,night,def_refill,0.08021739130434784,0.8447282608695653,0.14612422883109008,42
2024-07-16,night,att_refill,0.10340909090909091,0.8681439393939394,0.14808288605602624,42
2024-07-16,night,def_hidden,0.0,0.00024031007751937987,0.019422529464769005,42
2024-07-16,night,att_eff,-1.093635179959325,0.8161734621958385,0.30286242925134954,42
2024-07-16,night,def_eff,-0.8994639803872635,0.9442069843158252,0.3056690805080733,42
2024-07-16,night,att_large,0.0,0.6835166296788954,0.1508228244933772,42
2024-07-16,night,def_large,0.0,0.6173645833333333,0.13638345757132236,42
2024-07-16,night,balance,-0.0477622761738874,0.12086460601486426,0.014936811228242228,42
2024-07-16,night,volume,0.06442866247801049,5.734150960542934,0.7072960774371918,42
2024-07-17,night,delta,-0.5645298151460942,0.5707116875372689,0.22361418914795203,42
2024-07-17,night,def_cancel,0.3517312809746003,0.5609958659100652,0.04959462763849242,42
2024-07-17,night,att_cancel,0.3509782611975898,0.576218225913508,0.051226518592157565,42
2024-07-17,night,def_refill,0.08021739130434784,0.8422826086956522,0.14547101634481296,42
2024-07-17,night,att_refill,0.10488636363636364,0.8681439393939394,0.14767224150508532,42
2024-07-17,night,def_hidden,0.0,0.00024031007751937987,0.019433714802296168,42
2024-07-17,night,att_eff,-1.093635179959325,0.8095727410823992,0.30286658942722844,42
2024-07-17,night,def_eff,-0.8994639803872635,0.9420606851718167,0.30547148304817107,42
2024-07-17,night,att_large,0.0,0.6795742122041794,0.1504258186640528,42
2024-07-17,night,def_large,0.0,0.6193229166666666,0.13643955717359013,42
2024-07-17,night,balance,-0.048233300984470484,0.11898050677253191,0.014921930276708654,42
2024-07-17,night,volume,0.06442866247801049,5.766365291781939,0.7074109878604562,42
2024-07-18,night,delta,-0.5645298151460942,0.5659815146094216,0.22668138150401634,43
2024-07-18,night,def_cancel,0.3512190053688832,0.5620204171214995,0.050447020973237756,43
2024-07-18,night,att_cancel,0.35123745563339637,0.5767366147851212,0.05221466264352905,43
2024-07-18,night,def_refill,0.08070652173913044,0.8403260869565218,0.14764277636844825,43
2024-07-18,night,att_refill,0.10488636363636364,0.8671590909090909,0.14927544153703534,43
2024-07-18,night,def_hidden,0.0,0.00024031007751937987,0.019265455957669066,43
2024-07-18,night,att_eff,-1.0474301321652484,0.7853700969997877,0.30307299488760886,43
2024-07-18,night,def_eff,-0.8887324846672222,0.9205976937317346,0.30498518949946596,43
2024-07-18,night,att_large,0.0,0.6810526187571979,0.15375360900617316,43
2024-07-18,night,def_large,0.0,0.6251979166666666,0.13935895495546427,43
2024-07-18,night,balance,-0.04729125136330431,0.11850948196194877,0.015010530637668777,43
2024-07-18,night,volume,0.06442866247801049,5.798579623020944,0.736097916782655,43
2024-07-19,night,delta,-0.5645298151460942,0.566927549194991,0.22486873582542827,44
2024-07-19,night,def_cancel,0.35045059196030737,0.5620204171214995,0.0500042881436599,44
2024-07-19,night,att_cancel,0.35201503894081615,0.5764774203493146,0.051724683880629,44
2024-07-19,night,def_refill,0.08168478260869566,0.838858695652174,0.14636033598941758,44
2024-07-19,night,att_refill,0.10685606060606061,0.8637121212121213,0.14792963968284395,44
2024-07-19,night,def_hidden,0.0,0.00024031007751937987,0.01895404784622849,44
2024-07-19,night,att_eff,-1.0650320551344203,0.7985715392266663,0.3024326347729681,44
2024-07-19,night,def_eff,-0.8887324846672222,0.9227439928757426,0.3048065436557202,44
2024-07-19,night,att_large,0.0,0.6815454209415374,0.15294758120965812,44
2024-07-19,night,def_large,0.0,0.6237291666666667,0.13796549370499092,44
2024-07-19,night,balance,-0.04870432579505363,0.11850948196194877,0.014975886067642078,44
2024-07-19,night,volume,0.06442866247801049,5.701936629303928,0.7254076737052081,44
2024-07-22,night,delta,-0.5579075730471079,0.5631434108527131,0.2275028608688072,42
2024-07-22,night,def_cancel,0.3499383163545902,0.5640695195443682,0.051487066382999255,42
2024-07-22,night,att_cancel,0.3509782611975898,0.5769958092209277,0.05302857812398372,42
2024-07-22,night,def_refill,0.08315217391304348,0.8334782608695653,0.14755103670241942,42
2024-07-22,night,att_refill,0.10685606060606061,0.8597727272727274,0.14847928211257436,42
2024-07-22,night,def_hidden,0.0,0.00024031007751937987,0.018710059894878568,42
2024-07-22,night,att_eff,-1.0386291706806623,0.7853700969997877,0.30145288113017454,42
2024-07-22,night,def_eff,-0.8887324846672222,0.9098661980116933,0.3041611261422701,42
2024-07-22,night,att_large,0.0,0.6761245969138028,0.15518206634994122,42
2024-07-22,night,def_large,0.0,0.6198125,0.1395707826146849,42
2024-07-22,night,balance,-0.0496463754162198,0.11850948196194877,0.015514220597971883,42
2024-07-22,night,volume,0.06442866247801049,5.798579623020944,0.724173595316233,42
2024-07-23,night,delta,-0.55412343470483,0.5536830649970186,0.22444233736297498,42
2024-07-23,night,def_cancel,0.35070672976316597,0.5645817951500854,0.05116648152962456,42
2024-07-23,night,att_cancel,0.3522742333766227,0.5772550036567343,0.052531516320931726,42
2024-07-23,night,def_refill,0.08070652173913044,0.8334782608695653,0.14614087935592027,42
2024-07-23,night,att_refill,0.10636363636363637,0.8573106060606062,0.1465098595575072,42
2024-07-23,night,def_hidden,0.0,0.00024031007751937987,0.01828139897939059,42
2024-07-23,night,att_eff,-1.0364289303095158,0.7809696162574946,0.3014516404328931,42
2024-07-23,night,def_eff,-0.886586185523214,0.9098661980116933,0.3042389932565241,42
2024-07-23,night,att_large,0.0,0.6667613554113522,0.1535258446792209,42
2024-07-23,night,def_large,0.0,0.6129583333333333,0.13747539116942115,42
2024-07-23,night,balance,-0.051530474658552206,0.12274870525719672,0.015592139288067521,42
2024-07-23,night,volume,0.06442866247801049,5.637507966825918,0.7130831429801162,42
2024-07-24,night,delta,-0.5512853309481217,0.5489528920691711,0.2233746683390345,42
2024-07-24,night,def_cancel,0.3514751431717418,0.5643256573472268,0.0510105349341695,42
2024-07-24,night,att_cancel,0.3533110111198491,0.578032586964154,0.052468461717632364,42
2024-07-24,night,def_refill,0.08315217391304348,0.8285869565217392,0.14537457284992047,42
2024-07-24,night,att_refill,0.10636363636363637,0.8543560606060606,0.14585384687602512,42
2024-07-24,night,def_hidden,0.0,0.00024031007751937987,0.017797364206482365,42
2024-07-24,night,att_eff,-1.0474301321652484,0.7853700969997877,0.3009465940069723,42
2024-07-24,night,def_eff,-0.8887324846672222,0.9205976937317346,0.30472968391148675,42
2024-07-24,night,att_large,0.0,0.6667613554113522,0.15283951864079862,42
2024-07-24,night,def_large,0.0,0.6119791666666666,0.1370159517564692,42
2024-07-24,night,balance,-0.05058842503738603,0.12651690374186153,0.01559465816907974,42
2024-07-24,night,volume,0.06442866247801049,5.637507966825918,0.7100504558309448,42
2024-07-25,night,delta,-0.5493932617769828,0.5489528920691711,0.22333579208191862,43
2024-07-25,night,def_cancel,0.3517312809746003,0.5640695195443682,0.05099625583263603,43
2024-07-25,night,att_cancel,0.3533110111198491,0.5775141980925409,0.052503670262275655,43
2024-07-25,night,def_refill,0.08315217391304348,0.827608695652174,0.1452601903103747,43
2024-07-25,night,att_refill,0.10636363636363637,0.8533712121212121,0.14565930338341124,43
2024-07-25,night,def_hidden,0.0,0.00024031007751937987,0.01765059338031748,43
2024-07-25,night,att_eff,-1.0342286899383693,0.7809696162574946,0.29987357970296963,43
2024-07-25,night,def_eff,-0.8758546898031727,0.9098661980116933,0.30357840784167534,43
2024-07-25,night,att_large,0.0,0.6667613554113522,0.15304768617287198,43
2024-07-25,night,def_large,0.0,0.6144270833333333,0.13790451139276688,43
2024-07-25,night,balance,-0.05058842503738603,0.12698792855244467,0.01565993103297914,43
2024-07-25,night,volume,0.06442866247801049,5.573079304347908,0.7055313200680412,43
2024-07-26,night,delta,-0.5465551580202743,0.5470608228980323,0.22958461696068802,44
2024-07-26,night,def_cancel,0.35198741877745887,0.5663747597700955,0.05287756342981075,44
2024-07-26,night,att_cancel,0.3540885944272688,0.5790693647073804,0.05428395040361647,44
2024-07-26,night,def_refill,0.08461956521739131,0.8236956521739132,0.14855829970541815,44
2024-07-26,night,att_refill,0.10685606060606061,0.848939393939394,0.1489222766747881,44
2024-07-26,night,def_hidden,0.0,0.00024031007751937987,0.019297381900535333,44
2024-07-26,night,att_eff,-1.0100260458557577,0.7677681740306155,0.2973223398368341,44
2024-07-26,night,def_eff,-0.8522453992190819,0.8905495057156187,0.30108393122362254,44
2024-07-26,night,att_large,0.0,0.6667613554113522,0.1584112647637007,44
2024-07-26,night,def_large,0.0,0.6129583333333333,0.14317202666996168,44
2024-07-26,night,balance,-0.05058842503738603,0.12651690374186153,0.016372387576088155,44
2024-07-26,night,volume,0.06442866247801049,6.314008922845028,0.7278442190402974,44
2024-07-29,night,delta,-0.5437170542635659,0.5442227191413238,0.22925118008105666,42
2024-07-29,night,def_cancel,0.3527558321860347,0.566630897572954,0.05288140241370785,42
2024-07-29,night,att_cancel,0.35460698329888196,0.5785509758357672,0.054366618904329346,42
2024-07-29,night,def_refill,0.08608695652173914,0.8236956521739132,0.14840789038936925,42
2024-07-29,night,att_refill,0.1078409090909091,0.8494318181818182,0.1485943378571029,42
2024-07-29,night,def_hidden,0.0,0.00024031007751937987,0.019757546463748093,42
2024-07-29,night,att_eff,-1.0210272477114903,0.7787693758863479,0.29711327152456113,42
2024-07-29,night,def_eff,-0.8586842966511068,0.8969884031476436,0.301044006869876,42
2024-07-29,night,att_large,0.0,0.6667613554113522,0.15959597707277004,42
2024-07-29,night,def_large,0.0,0.616875,0.14501376636000485,42
2024-07-29,night,balance,-0.0496463754162198,0.13405330071119126,0.016470692965987736,42
2024-07-29,night,volume,0.06442866247801049,6.507294910279059,0.7397149371301709,42
2024-07-30,night,delta,-0.5361487775790101,0.5432766845557544,0.2295555708144466,42
2024-07-30,night,def_cancel,0.35326810779175183,0.566630897572954,0.05309469973998841,42
2024-07-30,night,att_cancel,0.3553845666063017,0.578032586964154,0.054563065036378006,42
2024-07-30,night,def_refill,0.08608695652173914,0.8202717391304348,0.1485028371873939,42
2024-07-30,night,att_refill,0.1078409090909091,0.8445075757575758,0.14874739324283073,42
2024-07-30,night,def_hidden,0.0,0.00024031007751937987,0.020207197014719493,42
2024-07-30,night,att_eff,-1.0188270073403438,0.7655679336594692,0.2966445247313218,42
2024-07-30,night,def_eff,-0.8522453992190819,0.8926958048596272,0.301158882027362,42
2024-07-30,night,att_large,0.0,0.6628189379366362,0.15953876290496102,42
2024-07-30,night,def_large,0.0,0.6134479166666666,0.14542913553450454,42
2024-07-30,night,balance,-0.0496463754162198,0.13546637514294058,0.01656850587065605,42
2024-07-30,night,volume,0.06442866247801049,6.57172357275707,0.7460630972475021,42
2024-07-31,night,delta,-0.5361487775790101,0.5394925462134765,0.22692738103496374,42
2024-07-31,night,def_cancel,0.35352424559461043,0.566630897572954,0.05266662794492094,42
2024-07-31,night,att_cancel,0.3553845666063017,0.578032586964154,0.054135623663491166,42
2024-07-31,night,def_refill,0.08559782608695653,0.8202717391304348,0.14678524372338753,42
2024-07-31,night,att_refill,0.10882575757575758,0.8440151515151516,0.14660118891267074,42
2024-07-31,night,def_hidden,0.0,0.00024031007751937987,0.019662744048497677,42
2024-07-31,night,att_eff,-1.0298282091960762,0.7655679336594692,0.29623065986174146,42
2024-07-31,night,def_eff,-0.8500991000750737,0.8969884031476436,0.3007708750347178,42
2024-07-31,night,att_large,0.0,0.6628189379366362,0.15877693379642846,42
2024-07-31,night,def_large,0.0,0.61246875,0.14415244206228808,42
2024-07-31,night,balance,-0.049175350605636714,0.13735047438527292,0.016639667149959778,42
2024-07-31,night,volume,0.06442866247801049,6.346223254084033,0.7476217944259406,42
2024-08-01,night,delta,-0.5333106738223017,0.5357084078711987,0.22553778898245644,43
2024-08-01,night,def_cancel,0.3540365212003276,0.5663747597700955,0.052360207753572814,43
2024-08-01,night,att_cancel,0.3551253721704951,0.5775141980925409,0.05388963306244054,43
2024-08-01,night,def_refill,0.08608695652173914,0.8183152173913044,0.14583024769241515,43
2024-08-01,night,att_refill,0.10833333333333334,0.8425378787878788,0.14561397927736658,43
2024-08-01,night,def_hidden,0.0,0.00024031007751937987,0.01946986405634701,43
2024-08-01,night,att_eff,-1.0210272477114903,0.7611674529171761,0.29616083579247166,43
2024-08-01,night,def_eff,-0.8479528009310655,0.8926958048596272,0.3005219433053469,43
2024-08-01,night,att_large,0.0,0.6603549270149386,0.1575956409332532,43
2024-08-01,night,def_large,0.0,0.6114895833333333,0.14323524808663834,43
2024-08-01,night,balance,-0.05765379719613262,0.13640842476410675,0.01669563211239214,43
2024-08-01,night,volume,0.06442866247801049,6.314008922845028,0.7442827473904969,43
2024-08-02,night,delta,-0.5342567084078713,0.5357084078711987,0.22683200858691674,44
2024-08-02,night,def_cancel,0.3540365212003276,0.566630897572954,0.0526162502120798,44
2024-08-02,night,att_cancel,0.3551253721704951,0.5777733925283475,0.05440503355373684,44
2024-08-02,night,def_refill,0.08608695652173914,0.8173369565217392,0.14637657893073067,44
2024-08-02,night,att_refill,0.10734848484848486,0.8425378787878788,0.14617380763337862,44
2024-08-02,night,def_hidden,0.0,0.00024031007751937987,0.019430336396120126,44
2024-08-02,night,att_eff,-1.0100260458557577,0.7589672125460294,0.2963376737922844,44
2024-08-02,night,def_eff,-0.8372213052110242,0.8862569074276023,0.3008002311797673,44
2024-08-02,night,att_large,0.0,0.6598621248305991,0.158670369320168,44
2024-08-02,night,def_large,0.0,0.61246875,0.14475166427065309,44
2024-08-02,night,balance,-0.057182772385549474,0.1359373999535236,0.016706065675578103,44
2024-08-02,night,volume,0.06442866247801049,6.442866247801049,0.7440314637702042,44
2024-08-05,night,delta,-0.527634466308885,0.5271940966010733,0.22696469438613567,42
2024-08-05,night,def_cancel,0.3540365212003276,0.5673993109815298,0.053127557549618114,42
2024-08-05,night,att_cancel,0.3540885944272688,0.576218225913508,0.054736092576734285,42
2024-08-05,night,def_refill,0.08559782608695653,0.8055978260869566,0.14479953872742263,42
2024-08-05,night,att_refill,0.10488636363636364,0.8302272727272728,0.14394599704774202,42
2024-08-05,night,def_hidden,0.0,0.00024031007751937987,0.01991370307367636,42
2024-08-05,night,att_eff,-1.0078258054846112,0.7655679336594692,0.2939305971413802,42
2024-08-05,night,def_eff,-0.8522453992190819,0.8884032065716108,0.2990664442711461,42
2024-08-05,night,att_large,0.0,0.650006081143809,0.16085817017639548,42
2024-08-05,night,def_large,0.0,0.6075729166666666,0.14829565876880485,42
2024-08-05,night,balance,-0.06047994605963125,0.14017662324877156,0.018884911101018177,42
2024-08-05,night,volume,0.06442866247801049,7.570367841166233,0.8124944351447899,42
2024-08-06,night,delta,-0.5238503279666071,0.522463923673226,0.23884170629198995,42
2024-08-06,night,def_cancel,0.3499383163545902,0.566630897572954,0.05660849541079061,42
2024-08-06,night,att_cancel,0.3499414834543635,0.574922253734475,0.05811598646433149,42
2024-08-06,night,def_refill,0.07679347826086957,0.7963043478260871,0.14423952442232704,42
2024-08-06,night,att_refill,0.08912878787878788,0.8218560606060606,0.14311463954573173,42
2024-08-06,night,def_hidden,0.0,0.00024031007751937987,0.022402614108175296,42
2024-08-06,night,att_eff,-0.9638209980616812,0.743565529948004,0.28919459198782355,42
2024-08-06,night,def_eff,-0.8114657154829252,0.8519161211234705,0.2942427521856246,42
2024-08-06,night,att_large,0.0,0.64902047677513,0.17003199835127003,42
2024-08-06,night,def_large,0.0,0.6119791666666666,0.15873743903879411,42
2024-08-06,night,balance,-0.07037146708187647,0.14818404502868443,0.021860530996912916,42
2024-08-06,night,volume,0.06442866247801049,9.406584721789532,0.8626752178893909,42
2024-08-07,night,delta,-0.5219582587954681,0.5215178890876566,0.2374158094951454,42
2024-08-07,night,def_cancel,0.34942604074887307,0.5663747597700955,0.056297094304378605,42
2024-08-07,night,att_cancel,0.3499414834543635,0.5741446704270553,0.05778085291110447,42
2024-08-07,night,def_refill,0.07043478260869565,0.7938586956521739,0.142141968583466,42
2024-08-07,night,att_refill,0.08174242424242424,0.818409090909091,0.14096557186262748,42
2024-08-07,night,def_hidden,0.0,0.00024031007751937987,0.023391914165707607,42
2024-08-07,night,att_eff,-0.9528197962059488,0.743565529948004,0.2877220218015234,42
2024-08-07,night,def_eff,-0.7900027240428427,0.8454772236914456,0.29250427985436817,42
2024-08-07,night,att_large,0.0,0.6495132789594694,0.16939005370811966,42
2024-08-07,night,def_large,0.0,0.6105104166666666,0.15765655423826308,42
2024-08-07,night,balance,-0.07790786405120614,0.15053916908159992,0.022032269179007174,42
2024-08-07,night,volume,0.09664299371701573,8.955584084443458,0.8471429360150564,42
2024-08-08,night,delta,-0.5219582587954681,0.5215178890876566,0.2376293448890946,43
2024-08-08,night,def_cancel,0.34916990294601447,0.566118621967237,0.05631712864828943,43
2024-08-08,night,att_cancel,0.3496822890185569,0.5741446704270553,0.05780259791672322,43
2024-08-08,night,def_refill,0.06896739130434783,0.7928804347826087,0.14181543410452477,43
2024-08-08,night,att_refill,0.0787878787878788,0.818409090909091,0.1406505288773027,43
2024-08-08,night,def_hidden,0.0,0.00024031007751937987,0.023347675373944665,43
2024-08-08,night,att_eff,-0.9484193154636558,0.7391650492057109,0.2876010099662528,43
2024-08-08,night,def_eff,-0.7857101257548262,0.8304531296833879,0.29220765545046373,43
2024-08-08,night,att_large,0.0,0.6504988833281484,0.16965298354536754,43
2024-08-08,night,def_large,0.0,0.6119791666666666,0.15810951270259652,43
2024-08-08,night,balance,-0.07884991367237232,0.15006814427101678,0.022018401317750996,43
2024-08-08,night,volume,0.09664299371701573,8.858941090726443,0.8439267110619028,43
2024-08-09,night,delta,-0.5219582587954681,0.520571854502087,0.2366400970575703,44
2024-08-09,night,def_cancel,0.34865762734029726,0.5656063463615197,0.05618709039075616,44
2024-08-09,night,att_cancel,0.34916390014694376,0.5736262815554422,0.05760267880467087,44
2024-08-09,night,def_refill,0.06652173913043478,0.7889673913043479,0.13992478267635328,44
2024-08-09,night,att_refill,0.07386363636363637,0.8129924242424242,0.13898723910088812,44
2024-08-09,night,def_hidden,0.0,0.00024031007751937987,0.022973481133660024,44
2024-08-09,night,att_eff,-0.9418185943502162,0.7281638473499785,0.28692189354593073,44
2024-08-09,night,def_eff,-0.7814175274668096,0.824014232251363,0.29105307686151605,44
2024-08-09,night,att_large,0.0,0.6465564658534324,0.16825760315497845,44
2024-08-09,night,def_large,0.0,0.60953125,0.15630737086951543,44
2024-08-09,night,balance,-0.07837888886178923,0.15666249161918033,0.022051742397730167,44
2024-08-09,night,volume,0.09664299371701573,8.633440772053406,0.8300076443324347,44
2024-08-13,night,delta,-0.5219582587954681,0.5139496124031009,0.2396732892166773,41
2024-08-13,night,def_cancel,0.3481453517345801,0.5658624841643783,0.05711919626885029,41
2024-08-13,night,att_cancel,0.34812712240371746,0.5741446704270553,0.058478124740542675,41
2024-08-13,night,def_refill,0.06407608695652174,0.7875000000000001,0.14073649858740864,41
2024-08-13,night,att_refill,0.07140151515151516,0.8110227272727273,0.13989573207272094,41
2024-08-13,night,def_hidden,0.0,0.00024031007751937987,0.023458575781485295,41
2024-08-13,night,att_eff,-0.9242166713810442,0.7171626454942461,0.286914585537764,41
2024-08-13,night,def_eff,-0.7578082368827188,0.8132827365313218,0.29021549502678773,41
2024-08-13,night,att_large,0.0,0.6524700920655065,0.17138079552648464,41
2024-08-13,night,def_large,0.0,0.61246875,0.15860339942716392,41
2024-08-13,night,balance,-0.08073401291470478,0.1576045412403465,0.022300666814015897,41
2024-08-13,night,volume,0.09664299371701573,8.697869434531416,0.8332112197623482,41
2024-08-15,night,delta,-0.5191201550387597,0.5111115086463924,0.23454372967363413,41
2024-08-15,night,def_cancel,0.3481453517345801,0.5653502085586611,0.05645984795444628,41
2024-08-15,night,att_cancel,0.3478679279679109,0.5736262815554422,0.05759488490187981,41
2024-08-15,night,def_refill,0.06309782608695652,0.7860326086956523,0.13726429870918277,41
2024-08-15,night,att_refill,0.07287878787878788,0.8110227272727273,0.13641870289270336,41
2024-08-15,night,def_hidden,0.0,0.00024031007751937987,0.02295809202170376,41
2024-08-15,night,att_eff,-0.9286171521233373,0.7237633666076855,0.2866195366345991,41
2024-08-15,night,def_eff,-0.7685397326027601,0.8132827365313218,0.2902484988393535,41
2024-08-15,night,att_large,0.0,0.6475420702221114,0.16762834467097437,41
2024-08-15,night,def_large,0.0,0.6100208333333332,0.15569443309470493,41
2024-08-15,night,balance,-0.0821470873464541,0.15948864048267897,0.02248664618934556,41
2024-08-15,night,volume,0.09664299371701573,8.569012109575395,0.8291542412802746,41
2024-08-16,night,delta,-0.5191201550387597,0.5111115086463924,0.2343212261226457,42
2024-08-16,night,def_cancel,0.3481453517345801,0.5653502085586611,0.05639839349725919,42
2024-08-16,night,att_cancel,0.34812712240371746,0.5736262815554422,0.05753611282697243,42
2024-08-16,night,def_refill,0.06309782608695652,0.7845652173913044,0.13712013877445772,42
2024-08-16,night,att_refill,0.07337121212121213,0.8110227272727273,0.13626341878579187,42
2024-08-16,night,def_hidden,0.0,0.00024031007751937987,0.022929353146608256,42
2024-08-16,night,att_eff,-0.9286171521233373,0.7237633666076855,0.28656893318969995,42
2024-08-16,night,def_eff,-0.7685397326027601,0.8197216339633466,0.29013119359252343,42
2024-08-16,night,att_large,0.0,0.6485276745907904,0.16749879991018232,42
2024-08-16,night,def_large,0.0,0.6100208333333332,0.15559246057768703,42
2024-08-16,night,balance,-0.0821470873464541,0.15901761567209582,0.022468284254256895,42
2024-08-16,night,volume,0.09664299371701573,8.536797778336389,0.8282221596145122,42
2024-08-19,night,delta,-0.5191201550387597,0.5111115086463924,0.23595144984096314,40
2024-08-19,night,def_cancel,0.34712080052314576,0.5658624841643783,0.0569290209765616,40
2024-08-19,night,att_cancel,0.34709034466049116,0.5736262815554422,0.05806927948807201,40
2024-08-19,night,def_refill,0.06211956521739131,0.7860326086956523,0.1378588934059069,40
2024-08-19,night,att_refill,0.07238636363636364,0.8095454545454546,0.13698696828524282,40
2024-08-19,night,def_hidden,0.0,0.00024031007751937987,0.02320036253918449,40
2024-08-19,night,att_eff,-0.9088149887830188,0.7061614436385133,0.2857154328049679,40
2024-08-19,night,def_eff,-0.7556619377387106,0.8025512408112805,0.28882535504074275,40
2024-08-19,night,att_large,0.0,0.6495132789594694,0.1685670790104335,40
2024-08-19,night,def_large,0.0,0.6119791666666666,0.15661943641932297,40
2024-08-19,night,balance,-0.08261811215703718,0.16184376453559446,0.02268542336655623,40
2024-08-19,night,volume,0.09664299371701573,8.697869434531416,0.838833907551384,40
2024-08-22,night,delta,-0.5153360166964818,0.5101654740608228,0.23611188405077171,39
2024-08-22,night,def_cancel,0.34737693832600436,0.5658624841643783,0.057080713435236324,39
2024-08-22,night,att_cancel,0.34709034466049116,0.5733670871196356,0.05812830655825865,39
2024-08-22,night,def_refill,0.06211956521739131,0.7821195652173913,0.13764433998683237,39
2024-08-22,night,att_refill,0.07238636363636364,0.8085606060606061,0.13649784829460399,39
2024-08-22,night,def_hidden,0.0,0.00024031007751937987,0.023042645859850264,39
2024-08-22,night,att_eff,-0.9198161906387512,0.699560722525074,0.2856815790478436,39
2024-08-22,night,def_eff,-0.749223040306686,0.8025512408112805,0.28903396363294975,39
2024-08-22,night,att_large,0.0,0.6514844876968274,0.16967145214892498,39
2024-08-22,night,def_large,0.0,0.6119791666666666,0.15714788904249208,39
2024-08-22,night,balance,-0.08450221139936959,0.16325683896734378,0.022891488766571082,39
2024-08-22,night,volume,0.09664299371701573,8.794512428248431,0.8440042101189172,39
2024-08-26,night,delta,-0.5153360166964818,0.5054353011329755,0.23807808952903037,37
2024-08-26,night,def_cancel,0.34686466272028715,0.566118621967237,0.05755054951596936,37
2024-08-26,night,att_cancel,0.3468311502246846,0.5728486982480224,0.05866602378904669,37
2024-08-26,night,def_refill,0.061141304347826095,0.7806521739130435,0.1384214188243159,37
2024-08-26,night,att_refill,0.07140151515151516,0.8095454545454546,0.1370836133999909,37
2024-08-26,night,def_hidden,0.0,0.00024031007751937987,0.02347536301948396,37
2024-08-26,night,att_eff,-0.9022142676695792,0.699560722525074,0.28552713949429537,37
2024-08-26,night,def_eff,-0.7427841428746611,0.8025512408112805,0.2895204102720602,37
2024-08-26,night,att_large,0.0,0.654934102987204,0.17235381457024979,37
2024-08-26,night,def_large,0.0,0.6144270833333333,0.15975397348553866,37
2024-08-26,night,balance,-0.08732836026286822,0.16655401264142555,0.023230508693829373,37
2024-08-26,night,volume,0.09664299371701573,9.08444140939948,0.8618611338659251,37
2024-08-27,night,delta,-0.5153360166964818,0.508273404889684,0.23848314575106758,37
2024-08-27,night,def_cancel,0.34686466272028715,0.5658624841643783,0.05760713102165073,37
2024-08-27,night,att_cancel,0.34709034466049116,0.5728486982480224,0.05872026448912561,37
2024-08-27,night,def_refill,0.061141304347826095,0.7801630434782609,0.1384466002561544,37
2024-08-27,night,att_refill,0.07140151515151516,0.8085606060606061,0.13718855770005853,37
2024-08-27,night,def_hidden,0.0,0.00024031007751937987,0.023513014125939393,37
2024-08-27,night,att_eff,-0.9000140272984327,0.699560722525074,0.28504114085366733,37
2024-08-27,night,def_eff,-0.7427841428746611,0.7961123433792556,0.28904713634848517,37
2024-08-27,night,att_large,0.0,0.654934102987204,0.17255438390828157,37
2024-08-27,night,def_large,0.0,0.6154062499999999,0.16026569232830165,37
2024-08-27,night,balance,-0.08779938507345136,0.16655401264142555,0.023257602607030855,37
2024-08-27,night,volume,0.09664299371701573,9.08444140939948,0.8635176837041462,37
2024-08-28,night,delta,-0.5143899821109124,0.5054353011329755,0.23838916336257227,37
2024-08-28,night,def_cancel,0.34686466272028715,0.5658624841643783,0.057590520261044366,37
2024-08-28,night,att_cancel,0.3468311502246846,0.5728486982480224,0.058723073364621015,37
2024-08-28,night,def_refill,0.061141304347826095,0.7782065217391305,0.13838343203965792,37
2024-08-28,night,att_refill,0.07041666666666667,0.8085606060606061,0.13727923982211757,37
2024-08-28,night,def_hidden,0.0,0.00024031007751937987,0.023470532799062523,37
2024-08-28,night,att_eff,-0.8978137869272862,0.699560722525074,0.2851980546576668,37
2024-08-28,night,def_eff,-0.7470767411626775,0.7939660442352476,0.28919202354479995,37
2024-08-28,night,att_large,0.0,0.6564125095402226,0.17248474659890975,37
2024-08-28,night,def_large,0.0,0.616875,0.16048897647384794,37
2024-08-28,night,balance,-0.08732836026286822,0.16655401264142555,0.023250366101871527,37
2024-08-28,night,volume,0.09664299371701573,9.08444140939948,0.8633940527818122,37
2024-08-29,night,delta,-0.513443947525343,0.5073273703041146,0.23770902054561238,38
2024-08-29,night,def_cancel,0.34712080052314576,0.5656063463615197,0.05741265522051994,38
2024-08-29,night,att_cancel,0.34709034466049116,0.5725895038122158,0.0585196279222835,38
2024-08-29,night,def_refill,0.061141304347826095,0.7782065217391305,0.13798011456117512,38
2024-08-29,night,att_refill,0.07041666666666667,0.8085606060606061,0.1370315078897767,38
2024-08-29,night,def_hidden,0.0,0.00024031007751937987,0.0239624728431026,38
2024-08-29,night,att_eff,-0.8978137869272862,0.699560722525074,0.2851607126232168,38
2024-08-29,night,def_eff,-0.749223040306686,0.7896734459472312,0.2889365483314761,38
2024-08-29,night,att_large,0.0,0.6588765204619201,0.17207928257657612,38
2024-08-29,night,def_large,0.0,0.6158958333333333,0.15982599733432834,38
2024-08-29,night,balance,-0.08685733545228513,0.17409040961075517,0.02319629451782372,38
2024-08-29,night,volume,0.09664299371701573,9.020012746921468,0.8615977789994259,38
2024-08-30,night,delta,-0.5124979129397734,0.5054353011329755,0.2374047372116105,39
2024-08-30,night,def_cancel,0.34737693832600436,0.5656063463615197,0.05730589898346972,39
2024-08-30,night,att_cancel,0.34709034466049116,0.5725895038122158,0.058449350330640804,39
2024-08-30,night,def_refill,0.06211956521739131,0.7782065217391305,0.13792872770518688,39
2024-08-30,night,att_refill,0.07140151515151516,0.8080681818181819,0.13682284388313398,39
2024-08-30,night,def_hidden,0.0,0.00024031007751937987,0.02385031612606439,39
2024-08-30,night,att_eff,-0.8978137869272862,0.699560722525074,0.28555925731675574,39
2024-08-30,night,def_eff,-0.7470767411626775,0.7896734459472312,0.28926964739024114,39
2024-08-30,night,att_large,0.0,0.6583837182775806,0.17175924084068506,39
2024-08-30,night,def_large,0.0,0.616875,0.15980009735077194,39
2024-08-30,night,balance,-0.08638631064170205,0.173148359989589,0.023106532800628393,39
2024-08-30,night,volume,0.09664299371701573,8.955584084443458,0.8571476401664063,39
2024-09-02,night,delta,-0.5106058437686345,0.5063813357185449,0.23861609047412224,37
2024-09-02,night,def_cancel,0.3484014895374387,0.5656063463615197,0.05780464399283406,37
2024-09-02,night,att_cancel,0.34812712240371746,0.573107892683829,0.059100593801956376,37
2024-09-02,night,def_refill,0.061141304347826095,0.760108695652174,0.1371198290282034,37
2024-09-02,night,att_refill,0.06943181818181819,0.7829545454545455,0.13554480195331178,37
2024-09-02,night,def_hidden,0.0,0.00024031007751937987,0.024108659606780915,37
2024-09-02,night,att_eff,-0.8692106621023816,0.6973604821539272,0.285211652715846,37
2024-09-02,night,def_eff,-0.749223040306686,0.7789419502271899,0.28969221069059176,37
2024-09-02,night,att_large,0.0,0.6608477291992781,0.1744264284708628,37
2024-09-02,night,def_large,0.0,0.6163854166666666,0.16115455514736876,37
2024-09-02,night,balance,-0.09062553393694994,0.16796708707317487,0.02368867764707317,37
2024-09-02,night,volume,0.12885732495602098,9.406584721789532,0.8777909054219274,37
2024-09-03,night,delta,-0.5058756708407872,0.5111115086463924,0.23786158037430655,37
2024-09-03,night,def_cancel,0.34891376514315586,0.5653502085586611,0.0575840105028032,37
2024-09-03,night,att_cancel,0.34838631683952404,0.5728486982480224,0.05886519637196807,37
2024-09-03,night,def_refill,0.0616304347826087,0.7591304347826088,0.1366450872830238,37
2024-09-03,night,att_refill,0.06943181818181819,0.7780303030303031,0.13510616544510942,37
2024-09-03,night,def_hidden,0.0,0.00024031007751937987,0.024064033754171436,37
2024-09-03,night,att_eff,-0.8934133061849932,0.6929600014116346,0.2852273400258733,37
2024-09-03,night,def_eff,-0.749223040306686,0.7853808476592143,0.2903033739504914,37
2024-09-03,night,att_large,0.0,0.6598621248305991,0.17389496297058857,37
2024-09-03,night,def_large,0.0,0.6129583333333333,0.16053999701428273,37
2024-09-03,night,balance,-0.09015450912636686,0.16749606226259173,0.023635973313141944,37
2024-09-03,night,volume,0.12885732495602098,9.34215605931152,0.874712573766685,37
2024-09-04,night,delta,-0.5058756708407872,0.5101654740608228,0.2381650041953563,37
2024-09-04,night,def_cancel,0.34942604074887307,0.566118621967237,0.05758540157466927,37
2024-09-04,night,att_cancel,0.34838631683952404,0.573107892683829,0.05893428368707472,37
2024-09-04,night,def_refill,0.0616304347826087,0.7542391304347826,0.13700204838965432,37
2024-09-04,night,att_refill,0.06943181818181819,0.7780303030303031,0.13544521478375854,37
2024-09-04,night,def_hidden,0.0,0.00024031007751937987,0.023886117460353705,37
2024-09-04,night,att_eff,-0.8868125850715538,0.6907597610404879,0.2854761116189294,37
2024-09-04,night,def_eff,-0.749223040306686,0.7789419502271899,0.29045850044965593,37
2024-09-04,night,att_large,0.0,0.6583837182775806,0.1740736150171186,37
2024-09-04,night,def_large,0.0,0.6144270833333333,0.16094565763841598,37
2024-09-04,night,balance,-0.0859152858311189,0.16702503745200858,0.02364797736956246,37
2024-09-04,night,volume,0.12885732495602098,9.245513065594505,0.872529537029942,37
2024-09-05,night,delta,-0.5001994633273703,0.5054353011329755,0.23416274548009325,38
2024-09-05,night,def_cancel,0.3514751431717418,0.5640695195443682,0.05618162666119057,38
2024-09-05,night,att_cancel,0.35123745563339637,0.5715527260689895,0.057561923451152214,38
2024-09-05,night,def_refill,0.06407608695652174,0.7449456521739131,0.13497632943017768,38
2024-09-05,night,att_refill,0.07140151515151516,0.7647348484848485,0.1331801961444835,38
2024-09-05,night,def_hidden,0.0,0.00024031007751937987,0.02647719459107446,38
2024-09-05,night,att_eff,-0.8692106621023816,0.6841590399270485,0.2844262677534369,38
2024-09-05,night,def_eff,-0.7427841428746611,0.7574789587871074,0.28878420398865695,38
2024-09-05,night,att_large,0.0,0.653948498618525,0.17092871634555198,38
2024-09-05,night,def_large,0.0,0.6105104166666666,0.1573274809592853,38
2024-09-05,night,balance,-0.08732836026286822,0.16325683896734378,0.023095345512066223,38
2024-09-05,night,volume,0.12885732495602098,8.66565510329241,0.8463080077026514,38
2024-09-06,night,delta,-0.5001994633273703,0.5054353011329755,0.2328746143549723,39
2024-09-06,night,def_cancel,0.3522435565803175,0.5633011061357924,0.05570314298413413,39
2024-09-06,night,att_cancel,0.3522742333766227,0.5715527260689895,0.057030132393302915,39
2024-09-06,night,def_refill,0.06652173913043478,0.7420108695652174,0.13413781829024332,39
2024-09-06,night,att_refill,0.07238636363636364,0.7642424242424243,0.13283393604688512,39
2024-09-06,night,def_hidden,0.0,0.00024031007751937987,0.02758032767067364,39
2024-09-06,night,att_eff,-0.8780116235869677,0.6863592802981948,0.2841561285032922,39
2024-09-06,night,def_eff,-0.7427841428746611,0.7703567536511566,0.28835321062219094,39
2024-09-06,night,att_large,0.0,0.6534556964341856,0.16950212247731572,39
2024-09-06,night,def_large,0.0,0.6061041666666667,0.1555727610736326,39
2024-09-06,night,balance,-0.08450221139936959,0.16090171491442828,0.022956099009444647,39
2024-09-06,night,volume,0.12885732495602098,8.504583447097385,0.8419967549047763,39
2024-09-09,night,delta,-0.495469290399523,0.5054353011329755,0.2345703974780249,37
2024-09-09,night,def_cancel,0.3522435565803175,0.5643256573472268,0.056203983828264595,37
2024-09-09,night,att_cancel,0.3522742333766227,0.5723303093764093,0.057589713597689406,37
2024-09-09,night,def_refill,0.06798913043478261,0.7253804347826087,0.1346988026947836,37
2024-09-09,night,att_refill,0.07238636363636364,0.7504545454545455,0.13362332045240377,37
2024-09-09,night,def_hidden,0.0,0.00024031007751937987,0.029816659526129913,37
2024-09-09,night,att_eff,-0.8604097006177958,0.6797585591847555,0.2826080376136972,37
2024-09-09,night,def_eff,-0.7406378437306529,0.7488937622110741,0.2864927122336106,37
2024-09-09,night,att_large,0.0,0.6524700920655065,0.17026904264860132,37
2024-09-09,night,def_large,0.0,0.6002291666666666,0.15674073115345175,37
2024-09-09,night,balance,-0.08450221139936959,0.16043069010384514,0.023063040636261117,37
2024-09-09,night,volume,0.12885732495602098,8.569012109575395,0.8483552783469422,37
2024-09-10,night,delta,-0.49073911747167565,0.5007051282051282,0.22990935996433012,37
2024-09-10,night,def_cancel,0.3524996943831761,0.5643256573472268,0.055397951495643076,37
2024-09-10,night,att_cancel,0.3527926222482359,0.5720711149406027,0.056658697306215214,37
2024-09-10,night,def_refill,0.06798913043478261,0.7200000000000001,0.13035457554630187,37
2024-09-10,night,att_refill,0.07238636363636364,0.7415909090909091,0.1286375412113336,37
2024-09-10,night,def_hidden,0.0,0.00024031007751937987,0.02909636840899994,37
2024-09-10,night,att_eff,-0.8582094602466492,0.6797585591847555,0.2832699141073105,37
2024-09-10,night,def_eff,-0.7427841428746611,0.7488937622110741,0.28709158533576573,37
2024-09-10,night,att_large,0.0,0.646063663669093,0.1646276896182587,37
2024-09-10,night,def_large,0.0,0.5884791666666667,0.15105035431481617,37
2024-09-10,night,balance,-0.08732836026286822,0.1623147893461776,0.023276960019638252,37
2024-09-10,night,volume,0.12885732495602098,7.892511153556285,0.7997463021549448,37
2024-09-11,night,delta,-0.49073911747167565,0.5007051282051282,0.2317338605785132,37
2024-09-11,night,def_cancel,0.3517312809746003,0.5645817951500854,0.055967220202656195,37
2024-09-11,night,att_cancel,0.3522742333766227,0.5720711149406027,0.0571967905961738,37
2024-09-11,night,def_refill,0.06798913043478261,0.7185326086956523,0.1314808575464877,37
2024-09-11,night,att_refill,0.07140151515151516,0.7361742424242425,0.13001512337683943,37
2024-09-11,night,def_hidden,0.0,0.011294573643410855,0.02979848307189956,37
2024-09-11,night,att_eff,-0.8516087391332097,0.6797585591847555,0.28302406503625455,37
2024-09-11,night,def_eff,-0.7406378437306529,0.7424548647790497,0.2867205992162078,37
2024-09-11,night,att_large,0.0,0.650991685512488,0.16730151564474463,37
2024-09-11,night,def_large,0.0,0.5968020833333333,0.15401726985012368,37
2024-09-11,night,balance,-0.08921245950520068,0.16137273972501132,0.023418426994138007,37
2024-09-11,night,volume,0.16107165619502622,7.9891541472733,0.8092596101529997,37
2024-09-12,night,delta,-0.49073911747167565,0.5054353011329755,0.23386651647288906,38
2024-09-12,night,def_cancel,0.35070672976316597,0.5645817951500854,0.05695597930595201,38
2024-09-12,night,att_cancel,0.351496650069203,0.5723303093764093,0.057681873985536994,38
2024-09-12,night,def_refill,0.0675,0.7200000000000001,0.132842900436049,38
2024-09-12,night,att_refill,0.07140151515151516,0.7396212121212121,0.1313526614586982,38
2024-09-12,night,def_hidden,0.0,0.014658914728682172,0.03157654001204463,38
2024-09-12,night,att_eff,-0.8516087391332097,0.6753580784424624,0.2925073455195564,38
2024-09-12,night,def_eff,-0.7406378437306529,0.7424548647790497,0.29619314497320026,38
2024-09-12,night,att_large,0.0,0.654934102987204,0.16959711260156518,38
2024-09-12,night,def_large,0.0,0.5982708333333333,0.15556865632650985,38
2024-09-12,night,balance,-0.08874143469461754,0.16278581415676063,0.02423357205217312,38
2024-09-12,night,volume,0.16107165619502622,8.118011472229322,0.8457797128434241,38
2024-09-13,night,delta,-0.49073911747167565,0.5054353011329755,0.23383797915426863,39
2024-09-13,night,def_cancel,0.35096286756602457,0.5645817951500854,0.056876384090806364,39
2024-09-13,night,att_cancel,0.351496650069203,0.5723303093764093,0.057618726942248705,39
2024-09-13,night,def_refill,0.06798913043478261,0.7195108695652175,0.132881247259517,39
2024-09-13,night,att_refill,0.07140151515151516,0.7396212121212121,0.13138042660452728,39
2024-09-13,night,def_hidden,0.0,0.014418604651162792,0.03148428947678776,39
2024-09-13,night,att_eff,-0.8516087391332097,0.6753580784424624,0.29248200205943464,39
2024-09-13,night,def_eff,-0.7384915445866447,0.7424548647790497,0.29615947202090237,39
2024-09-13,night,att_large,0.0,0.655919707355883,0.16967705954637471,39
2024-09-13,night,def_large,0.0,0.6002291666666666,0.1556206117596285,39
2024-09-13,night,balance,-0.08874143469461754,0.16278581415676063,0.02418659771443566,39
2024-09-13,night,volume,0.16107165619502622,8.118011472229322,0.8444266352019127,39
2024-09-16,night,delta,-0.4841168753726894,0.5054353011329755,0.23256240822221172,37
2024-09-16,night,def_cancel,0.35070672976316597,0.563557243938651,0.05692054036518943,37
2024-09-16,night,att_cancel,0.351496650069203,0.5715527260689895,0.05746196048173211,37
2024-09-16,night,def_refill,0.06652173913043478,0.7004347826086957,0.13030108142572722,37
2024-09-16,night,att_refill,0.06992424242424243,0.7145075757575758,0.12901995082531195,37
2024-09-16,night,def_hidden,0.0,0.014658914728682172,0.03222645048250668,37
2024-09-16,night,att_eff,-0.8516087391332097,0.6797585591847555,0.2918636414502921,37
2024-09-16,night,def_eff,-0.7427841428746611,0.7424548647790497,0.29630123596441543,37
2024-09-16,night,att_large,0.0,0.6554269051715436,0.1683448452051319,37
2024-09-16,night,def_large,0.0,0.5899479166666666,0.1549746989723933,37
2024-09-16,night,balance,-0.0925096331792824,0.16655401264142555,0.0247273709728186,37
2024-09-16,night,volume,0.16107165619502622,8.246868797185343,0.8357377725758726,37
2024-09-17,night,delta,-0.48222480620155045,0.5016511627906977,0.23388731243264094,37
2024-09-17,night,def_cancel,0.3514751431717418,0.5633011061357924,0.057328791912652305,37
2024-09-17,night,att_cancel,0.3509782611975898,0.5718119205047961,0.05788290811182874,37
2024-09-17,night,def_refill,0.06652173913043478,0.692608695652174,0.13085735340896582,37
2024-09-17,night,att_refill,0.06943181818181819,0.7115530303030303,0.12956670060289488,37
2024-09-17,night,def_hidden,0.0,0.01634108527131783,0.03262175211754613,37
2024-09-17,night,att_eff,-0.8494084987620631,0.6731578380713161,0.2928059417636661,37
2024-09-17,night,def_eff,-0.7406378437306529,0.7403085656350412,0.29683288996272617,37
2024-09-17,night,att_large,0.0,0.653948498618525,0.1690531994460824,37
2024-09-17,night,def_large,0.0,0.5884791666666667,0.156206543970065,37
2024-09-17,night,balance,-0.09392270761103172,0.16749606226259173,0.02494313761450625,37
2024-09-17,night,volume,0.19328598743403147,8.375726122141364,0.8453305186280183,37
2024-09-18,night,delta,-0.48222480620155045,0.5007051282051282,0.23189521384608908,37
2024-09-18,night,def_cancel,0.35198741877745887,0.5615081415157823,0.05643178843090185,37
2024-09-18,night,att_cancel,0.3522742333766227,0.5707751427615698,0.057064790090276436,37
2024-09-18,night,def_refill,0.06554347826086956,0.6896739130434784,0.12858284787757568,37
2024-09-18,night,att_refill,0.06795454545454546,0.7002272727272728,0.12755695153177882,37
2024-09-18,night,def_hidden,0.0,0.01946511627906977,0.03344128087601738,37
2024-09-18,night,att_eff,-0.8494084987620631,0.6797585591847555,0.29281564177087843,37
2024-09-18,night,def_eff,-0.7406378437306529,0.7424548647790497,0.29670597388081416,37
2024-09-18,night,att_large,0.0,0.654934102987204,0.16768001454623524,37
2024-09-18,night,def_large,0.0,0.5894583333333333,0.15562120377050762,37
2024-09-18,night,balance,-0.09580680685336412,0.17126426074725654,0.025069534393678893,37
2024-09-18,night,volume,0.16107165619502622,8.536797778336389,0.8544320629076857,37
2024-09-19,night,delta,-0.4812787716159809,0.5007051282051282,0.23122546981766617,38
2024-09-19,night,def_cancel,0.3522435565803175,0.5609958659100652,0.05620537234451812,38
2024-09-19,night,att_cancel,0.35201503894081615,0.5705159483257632,0.05703553094484289,38
2024-09-19,night,def_refill,0.06652173913043478,0.692608695652174,0.12836378655761416,38
2024-09-19,night,att_refill,0.0684469696969697,0.7041666666666667,0.12769372433622525,38
2024-09-19,night,def_hidden,0.0,0.01946511627906977,0.033776256038180685,38
2024-09-19,night,att_eff,-0.8626099409889423,0.6797585591847555,0.2928712745572594,38
2024-09-19,night,def_eff,-0.7427841428746611,0.7488937622110741,0.2962169127907664,38
2024-09-19,night,att_large,0.0,0.654934102987204,0.16729242173728176,38
2024-09-19,night,def_large,0.0,0.5909270833333333,0.1557244142281356,38
2024-09-19,night,balance,-0.09533578204278104,0.16985118631550722,0.024938740291457887,38
2024-09-19,night,volume,0.16107165619502622,8.47236911585838,0.8495733221466176,38
2024-09-20,night,delta,-0.48222480620155045,0.5007051282051282,0.23178732694790213,39
2024-09-20,night,def_cancel,0.3522435565803175,0.5609958659100652,0.05623256840922559,39
2024-09-20,night,att_cancel,0.3522742333766227,0.5707751427615698,0.057165074801392234,39
2024-09-20,night,def_refill,0.06652173913043478,0.692608695652174,0.12886974777003984,39
2024-09-20,night,att_refill,0.06893939393939394,0.704659090909091,0.12797462895547349,39
2024-09-20,night,def_hidden,0.0,0.01946511627906977,0.03395122018717974,39
2024-09-20,night,att_eff,-0.8670104217312351,0.6797585591847555,0.2930271323201624,39
2024-09-20,night,def_eff,-0.7427841428746611,0.7488937622110741,0.29634646302528556,39
2024-09-20,night,att_large,0.0,0.655919707355883,0.16758140819436285,39
2024-09-20,night,def_large,0.0,0.59190625,0.15615121073035604,39
2024-09-20,night,balance,-0.0948647572321979,0.16890913669434104,0.024888116515586867,39
2024-09-20,night,volume,0.16107165619502622,8.47236911585838,0.8556381868165079,39
2024-09-23,night,delta,-0.479386702444842,0.5054353011329755,0.23872570847101057,37
2024-09-23,night,def_cancel,0.34891376514315586,0.560483590304348,0.05798757750388187,37
2024-09-23,night,att_cancel,0.3486455112753306,0.5702567538899567,0.05886958362944774,37
2024-09-23,night,def_refill,0.06554347826086956,0.6877173913043478,0.13091904377660588,37
2024-09-23,night,att_refill,0.06647727272727273,0.7002272727272728,0.13063928174300424,37
2024-09-23,night,def_hidden,0.0,0.028356589147286823,0.036569663682822356,37
2024-09-23,night,att_eff,-0.8516087391332097,0.659956395844437,0.29324358402880407,37
2024-09-23,night,def_eff,-0.7320526471546198,0.7360159673470248,0.29563229031947713,37
2024-09-23,night,att_large,0.0,0.6628189379366362,0.17269477577931747,37
2024-09-23,night,def_large,0.0,0.5972916666666667,0.16098995917815004,37
2024-09-23,night,balance,-0.09910398052744585,0.16561196302025927,0.025640174770909626,37
2024-09-23,night,volume,0.19328598743403147,9.020012746921468,0.8931582990147676,37
2024-09-24,night,delta,-0.479386702444842,0.5054353011329755,0.23180983780373954,37
2024-09-24,night,def_cancel,0.3481453517345801,0.557409936670045,0.05630074950801864,37
2024-09-24,night,att_cancel,0.34734953909629773,0.5676648095318908,0.05719507208490171,37
2024-09-24,night,def_refill,0.06309782608695652,0.6818478260869566,0.12445833753140938,37
2024-09-24,night,att_refill,0.065,0.6957954545454546,0.12421208731597501,37
2024-09-24,night,def_hidden,0.0,0.03196124031007752,0.03650485358084615,37
2024-09-24,night,att_eff,-0.8736111428446747,0.6819587995559018,0.2967251325380896,37
2024-09-24,night,def_eff,-0.749223040306686,0.7510400613550825,0.2991704896258005,37
2024-09-24,night,att_large,0.0,0.6623261357522966,0.16749550632851076,37
2024-09-24,night,def_large,0.0,0.5958229166666666,0.15639117786842202,37
2024-09-24,night,balance,-0.1009880797697783,0.1693801615049242,0.025649851503155536,37
2024-09-24,night,volume,0.16107165619502622,8.40794045338037,0.880570048841504,37
2024-09-25,night,delta,-0.479386702444842,0.5054353011329755,0.2320826926142592,37
2024-09-25,night,def_cancel,0.3484014895374387,0.5566415232614692,0.05622687214843254,37
2024-09-25,night,att_cancel,0.3478679279679109,0.5666280317886645,0.05703838704640776,37
2024-09-25,night,def_refill,0.06211956521739131,0.6818478260869566,0.12483096317245516,37
2024-09-25,night,att_refill,0.06549242424242424,0.6982575757575757,0.12494823757140949,37
2024-09-25,night,def_hidden,0.0,0.029558139534883725,0.036270704099994666,37
2024-09-25,night,att_eff,-0.8648101813600886,0.6687573573290231,0.2943562645528809,37
2024-09-25,night,def_eff,-0.7427841428746611,0.7424548647790497,0.29700690362408305,37
2024-09-25,night,att_large,0.0,0.6618333335679571,0.16752704360186566,37
2024-09-25,night,def_large,0.0,0.5968020833333333,0.15729146055064197,37
2024-09-25,night,balance,-0.10004603014861208,0.16702503745200858,0.02561842739814662,37
2024-09-25,night,volume,0.16107165619502622,8.440154784619374,0.8996653170342512,37
2024-09-26,night,delta,-0.47844066785927253,0.5054353011329755,0.231942883899528,38
2024-09-26,night,def_cancel,0.34865762734029726,0.5563853854586106,0.05618182684652249,38
2024-09-26,night,att_cancel,0.3478679279679109,0.5666280317886645,0.056995619849619,38
2024-09-26,night,def_refill,0.06211956521739131,0.6818478260869566,0.12475898212966367,38
2024-09-26,night,att_refill,0.06549242424242424,0.6982575757575757,0.12487617632363988,38
2024-09-26,night,def_hidden,0.0,0.030519379844961243,0.03629790526251022,38
2024-09-26,night,att_eff,-0.8648101813600886,0.6731578380713161,0.2943397110825639,38
2024-09-26,night,def_eff,-0.7427841428746611,0.7424548647790497,0.2969703508561447,38
2024-09-26,night,att_large,0.0,0.6618333335679571,0.16741036318084734,38
2024-09-26,night,def_large,0.0,0.5963124999999999,0.1571352485688592,38
2024-09-26,night,balance,-0.10004603014861208,0.16655401264142555,0.02560483745248082,38
2024-09-26,night,volume,0.16107165619502622,8.40794045338037,0.8989971366271503,38
2024-09-27,night,delta,-0.479386702444842,0.5054353011329755,0.23311506767562368,39
2024-09-27,night,def_cancel,0.3481453517345801,0.5563853854586106,0.056462820792594515,39
2024-09-27,night,att_cancel,0.3476087335321043,0.5666280317886645,0.05725803753075859,39
2024-09-27,night,def_refill,0.06211956521739131,0.6842934782608696,0.12566862940196352,39
2024-09-27,night,att_refill,0.06549242424242424,0.7002272727272728,0.12578684103836602,39
2024-09-27,night,def_hidden,0.0,0.029558139534883725,0.03616488750661903,39
2024-09-27,night,att_eff,-0.8626099409889423,0.6731578380713161,0.29466747863945547,39
2024-09-27,night,def_eff,-0.7427841428746611,0.7403085656350412,0.2970926581851504,39
2024-09-27,night,att_large,0.0,0.6618333335679571,0.16793775053899473,39
2024-09-27,night,def_large,0.0,0.5968020833333333,0.15780177103178458,39
2024-09-27,night,balance,-0.09957500533802899,0.17267733517900585,0.02560943930148731,39
2024-09-27,night,volume,0.16107165619502622,8.40794045338037,0.9020185795115665,39
2024-09-30,night,delta,-0.48033273703041146,0.5111115086463924,0.2358525553527201,37
2024-09-30,night,def_cancel,0.34686466272028715,0.5566415232614692,0.05712102753860921,37
2024-09-30,night,att_cancel,0.34734953909629773,0.5666280317886645,0.0578047089710232,37
2024-09-30,night,def_refill,0.06211956521739131,0.6877173913043478,0.12723401022051956,37
2024-09-30,night,att_refill,0.06549242424242424,0.7085984848484849,0.1273398179849384,37
2024-09-30,night,def_hidden,0.0,0.0334031007751938,0.036444619399473445,37
2024-09-30,night,att_eff,-0.8670104217312351,0.6731578380713161,0.2961818509660142,37
2024-09-30,night,def_eff,-0.749223040306686,0.7424548647790497,0.29790281127459267,37
2024-09-30,night,att_large,0.0,0.6667613554113522,0.1702587593808587,37
2024-09-30,night,def_large,0.0,0.5982708333333333,0.16002529772226595,37
2024-09-30,night,balance,-0.08308913696762027,0.18115578176950176,0.025815036392667585,37
2024-09-30,night,volume,0.16107165619502622,8.504583447097385,0.9103495132006937,37
2024-10-01,night,delta,-0.47844066785927253,0.5158416815742397,0.23302421489224293,37
2024-10-01,night,def_cancel,0.34737693832600436,0.556129247655752,0.05637635371598176,37
2024-10-01,night,att_cancel,0.34838631683952404,0.5658504484812448,0.05667513823757703,37
2024-10-01,night,def_refill,0.06211956521739131,0.6877173913043478,0.1252965197355517,37
2024-10-01,night,att_refill,0.06647727272727273,0.7095833333333333,0.12584245785820286,37
2024-10-01,night,def_hidden,0.0,0.038689922480620156,0.03787965826706267,37
2024-10-01,night,att_eff,-0.8670104217312351,0.6731578380713161,0.29484667179643015,37
2024-10-01,night,def_eff,-0.749223040306686,0.7510400613550825,0.2964683725648342,37
2024-10-01,night,att_large,0.0,0.6711965750704078,0.16846624059611717,37
2024-10-01,night,def_large,0.0,0.5928854166666666,0.1572832946336931,37
2024-10-01,night,balance,-0.08261811215703718,0.1806847569589186,0.025740045192164246,37
2024-10-01,night,volume,0.16107165619502622,8.343511790902358,0.9021739406724397,37
2024-10-02,night,delta,-0.47844066785927253,0.5177337507453788,0.22999962345378805,37
2024-10-02,night,def_cancel,0.3484014895374387,0.5540801452328834,0.05498896414043793,37
2024-10-02,night,att_cancel,0.35020067789017006,0.5648136707380185,0.05515953278093516,37
2024-10-02,night,def_refill,0.06309782608695652,0.695054347826087,0.12363870961091522,37
2024-10-02,night,att_refill,0.06647727272727273,0.7145075757575758,0.12453380520817625,37
2024-10-02,night,def_hidden,0.0,0.04013178294573644,0.038199809297460016,37
2024-10-02,night,att_eff,-0.8736111428446747,0.6731578380713161,0.29655842089206735,37
2024-10-02,night,def_eff,-0.749223040306686,0.7574789587871074,0.2978013912704844,37
2024-10-02,night,att_large,0.0,0.6731677838077658,0.1657927633101819,37
2024-10-02,night,def_large,0.0,0.5909270833333333,0.15327507520469336,37
2024-10-02,night,balance,-0.077436839240623,0.17974270733775244,0.024282077520371603,37
2024-10-02,night,volume,0.16107165619502622,7.377081853732201,0.780555673564666,37
2024-10-03,night,delta,-0.48033273703041146,0.5158416815742397,0.22791736986718117,38
2024-10-03,night,def_cancel,0.34635238711457,0.5543362830357419,0.05461302718352369,38
2024-10-03,night,att_cancel,0.3489047057111372,0.5653320596096316,0.05469545428853701,38
2024-10-03,night,def_refill,0.06309782608695652,0.6916304347826088,0.1230573599362718,38
2024-10-03,night,att_refill,0.065,0.7115530303030303,0.12390961680116205,38
2024-10-03,night,def_hidden,0.0,0.03724806201550388,0.03779326815335189,38
2024-10-03,night,att_eff,-0.8824121043292608,0.6731578380713161,0.29511903629006647,38
2024-10-03,night,def_eff,-0.7513693394506942,0.7574789587871074,0.2965491378319383,38
2024-10-03,night,att_large,0.0,0.6667613554113522,0.16371297848132302,38
2024-10-03,night,def_large,0.0,0.5928854166666666,0.15206390210596943,38
2024-10-03,night,balance,-0.07696581443003991,0.1769165584742538,0.024154412150604397,38
2024-10-03,night,volume,0.16107165619502622,7.119367203820159,0.7619575026016497,38
2024-10-04,night,delta,-0.4812787716159809,0.5158416815742397,0.2273369235450472,39
2024-10-04,night,def_cancel,0.34712080052314576,0.5543362830357419,0.054309638687984496,39
2024-10-04,night,att_cancel,0.34916390014694376,0.5653320596096316,0.05448040589186062,39
2024-10-04,night,def_refill,0.06407608695652174,0.6906521739130436,0.12307144289134749,39
2024-10-04,night,att_refill,0.06549242424242424,0.7145075757575758,0.12388656810490145,39
2024-10-04,night,def_hidden,0.0,0.0358062015503876,0.03740358894719844,39
2024-10-04,night,att_eff,-0.8868125850715538,0.6731578380713161,0.29516818076556434,39
2024-10-04,night,def_eff,-0.7513693394506942,0.7617715570751238,0.2966466914239808,39
2024-10-04,night,att_large,0.0,0.6667613554113522,0.16318919582546215,39
2024-10-04,night,def_large,0.0,0.5923958333333333,0.1515099744263194,39
2024-10-04,night,balance,-0.07696581443003991,0.1877501291176652,0.024132540548996655,39
2024-10-04,night,volume,0.16107165619502622,7.087152872581154,0.7589611928932438,39
2024-10-07,night,delta,-0.47844066785927253,0.5215178890876566,0.21050785366655875,37
2024-10-07,night,def_cancel,0.3540365212003276,0.5548485586414591,0.049714441351278935,37
2024-10-07,night,att_cancel,0.35564376104210826,0.5674056150960842,0.04967996661631502,37
2024-10-07,night,def_refill,0.0777717391304348,0.7107065217391305,0.12370707384805445,37
2024-10-07,night,att_refill,0.08321969696969697,0.7396212121212121,0.12594798498026383,37
2024-10-07,night,def_hidden,0.0,0.038689922480620156,0.03692535176133487,37
2024-10-07,night,att_eff,-0.9484193154636558,0.7215631262365387,0.30274525862098967,37
2024-10-07,night,def_eff,-0.7900027240428427,0.7896734459472312,0.30419805060725635,37
2024-10-07,night,att_large,0.0,0.6697181685173892,0.1499475454484649,37
2024-10-07,night,def_large,0.0,0.5801562499999999,0.13769588879757594,37
2024-10-07,night,balance,-0.05529867314321707,0.18256885620125107,0.020789466064918504,37
2024-10-07,night,volume,0.16107165619502622,5.315364654435865,0.6881613869663534,37
2024-10-08,night,delta,-0.47560256410256413,0.520571854502087,0.208385083840782,37
2024-10-08,night,def_cancel,0.3563417614260549,0.5553608342471763,0.04900643304942382,37
2024-10-08,night,att_cancel,0.35849489983598065,0.5674056150960842,0.04902855435818373,37
2024-10-08,night,def_refill,0.08657608695652175,0.7190217391304349,0.12503057766683004,37
2024-10-08,night,att_refill,0.0906060606060606,0.7455303030303031,0.12703543640363982,37
2024-10-08,night,def_hidden,0.0,0.042775193798449615,0.03739055711900213,37
2024-10-08,night,att_eff,-0.9704217191751208,0.7303640877211248,0.3050430928592987,37
2024-10-08,night,def_eff,-0.7964416214748675,0.8068438390992969,0.306856339347585,37
2024-10-08,night,att_large,0.0,0.6707037728860682,0.148738720973668,37
2024-10-08,night,def_large,0.0,0.5821145833333333,0.1383139359641871,37
2024-10-08,night,balance,-0.051530474658552206,0.16890913669434104,0.020483331195889902,37
2024-10-08,night,volume,0.16107165619502622,5.379793316913876,0.6926094006817256,37
2024-10-09,night,delta,-0.4765485986881336,0.5196258199165176,0.2055688774788826,37
2024-10-09,night,def_cancel,0.3573663126374892,0.5558731098528935,0.04824041100884824,37
2024-10-09,night,att_cancel,0.36005006645082016,0.5676648095318908,0.048111926544844065,37
2024-10-09,night,def_refill,0.08853260869565219,0.7190217391304349,0.12400489933179401,37
2024-10-09,night,att_refill,0.09356060606060607,0.7445454545454546,0.12589744207426695,37
2024-10-09,night,def_hidden,0.0,0.04565891472868217,0.0372742373777223,37
2024-10-09,night,att_eff,-0.9726219595462673,0.7413652895768577,0.3039259908869326,37
2024-10-09,night,def_eff,-0.8071731171949086,0.8089901382433053,0.3062527925018005,37
2024-10-09,night,att_large,0.0,0.6628189379366362,0.14629724894182478,37
2024-10-09,night,def_large,0.0,0.5801562499999999,0.13614003154920737,37
2024-10-09,night,balance,-0.050117400226802944,0.16702503745200858,0.020277485281353147,37
2024-10-09,night,volume,0.16107165619502622,5.186507329479844,0.6786281742611386,37
2024-10-10,night,delta,-0.47560256410256413,0.5196258199165176,0.20569067694622828,38
2024-10-10,night,def_cancel,0.3573663126374892,0.5558731098528935,0.04829415221035356,38
2024-10-10,night,att_cancel,0.36005006645082016,0.5676648095318908,0.04813789589623543,38
2024-10-10,night,def_refill,0.08853260869565219,0.7190217391304349,0.124064149082719,38
2024-10-10,night,att_refill,0.09356060606060607,0.7445454545454546,0.1260110873860753,38
2024-10-10,night,def_hidden,0.0,0.04493798449612404,0.03722492182479783,38
2024-10-10,night,att_eff,-0.9726219595462673,0.7413652895768577,0.3042182613641811,38
2024-10-10,night,def_eff,-0.8071731171949086,0.8089901382433053,0.3064674904863589,38
2024-10-10,night,att_large,0.0,0.6628189379366362,0.1462783083530928,38
2024-10-10,night,def_large,0.0,0.5806458333333333,0.13619089165883053,38
2024-10-10,night,balance,-0.050117400226802944,0.16702503745200858,0.02027101929275804,38
2024-10-10,night,volume,0.16107165619502622,5.186507329479844,0.6781552854462717,38
2024-10-11,night,delta,-0.4765485986881336,0.520571854502087,0.20647434508483126,39
2024-10-11,night,def_cancel,0.35711017483463064,0.5556169720500349,0.04844460173330552,39
2024-10-11,night,att_cancel,0.3597908720150136,0.5676648095318908,0.048388923140675305,39
2024-10-11,night,def_refill,0.08853260869565219,0.7200000000000001,0.12458706496052682,39
2024-10-11,night,att_refill,0.09356060606060607,0.7504545454545455,0.12641374359327626,39
2024-10-11,night,def_hidden,0.0,0.04565891472868217,0.03710336728325138,39
2024-10-11,night,att_eff,-0.9726219595462673,0.743565529948004,0.3049114548831062,39
2024-10-11,night,def_eff,-0.809319416338917,0.8154290356753302,0.3065623754067783,39
2024-10-11,night,att_large,0.0,0.6623261357522966,0.14677069310384605,39
2024-10-11,night,def_large,0.0,0.5801562499999999,0.13684697714247585,39
2024-10-11,night,balance,-0.0496463754162198,0.1660829878308424,0.020408445880502165,39
2024-10-11,night,volume,0.16107165619502622,5.315364654435865,0.6863076929948275,39
2024-10-14,night,delta,-0.47844066785927253,0.5196258199165176,0.20760421867322548,39
2024-10-14,night,def_cancel,0.35711017483463064,0.5558731098528935,0.04862557286547663,39
2024-10-14,night,att_cancel,0.3597908720150136,0.5679240039676974,0.048536372550279185,39
2024-10-14,night,def_refill,0.09048913043478261,0.7209782608695653,0.12541678206482532,39
2024-10-14,night,att_refill,0.09356060606060607,0.7504545454545455,0.1273391986611263,39
2024-10-14,night,def_hidden,0.0,0.04445736434108528,0.03705932784025641,39
2024-10-14,night,att_eff,-0.9770224402885603,0.743565529948004,0.30554158256936936,39
2024-10-14,night,def_eff,-0.809319416338917,0.8154290356753302,0.30755445912013807,39
2024-10-14,night,att_large,0.0,0.6628189379366362,0.1478723908635529,39
2024-10-14,night,def_large,0.0,0.5791770833333333,0.13744810096869553,39
2024-10-14,night,balance,-0.0496463754162198,0.1660829878308424,0.02046750507016693,39
2024-10-14,night,volume,0.16107165619502622,5.379793316913876,0.707791681797687,39
2024-10-15,night,delta,-0.47844066785927253,0.5186797853309482,0.20730655506564352,39
2024-10-15,night,def_cancel,0.3573663126374892,0.5556169720500349,0.04854864042248618,39
2024-10-15,night,att_cancel,0.36005006645082016,0.5679240039676974,0.048458571649885804,39
2024-10-15,night,def_refill,0.09048913043478261,0.7224456521739131,0.1253884266897853,39
2024-10-15,night,att_refill,0.09356060606060607,0.7504545454545455,0.1272909205370335,39
2024-10-15,night,def_hidden,0.0,0.043496124031007756,0.036977913452888735,39
2024-10-15,night,att_eff,-0.9770224402885603,0.747966010690297,0.30516482457435695,39
2024-10-15,night,def_eff,-0.809319416338917,0.8111364373873133,0.3073576978629949,39
2024-10-15,night,att_large,0.0,0.6613405313836176,0.14755855285126512,39
2024-10-15,night,def_large,0.0,0.5786874999999999,0.13710864995439284,39
2024-10-15,night,balance,-0.0496463754162198,0.16561196302025927,0.020449420801420412,39
2024-10-15,night,volume,0.16107165619502622,5.379793316913876,0.7061672886248507,39
2024-10-16,night,delta,-0.47844066785927253,0.5196258199165176,0.20615395651981286,39
2024-10-16,night,def_cancel,0.3583908638489236,0.5556169720500349,0.048107661498207416,39
2024-10-16,night,att_cancel,0.3605684553224333,0.5676648095318908,0.04810164348035487,39
2024-10-16,night,def_refill,0.09048913043478261,0.7239130434782609,0.12446627972714082,39
2024-10-16,night,att_refill,0.09356060606060607,0.7504545454545455,0.12634716902691043,39
2024-10-16,night,def_hidden,0.0,0.043496124031007756,0.03693231268303723,39
2024-10-16,night,att_eff,-0.9836231614019997,0.747966010690297,0.3048612605439307,39
2024-10-16,night,def_eff,-0.8157583137709417,0.8197216339633466,0.3077732641835317,39
2024-10-16,night,att_large,0.0,0.6618333335679571,0.1469532978044311,39
2024-10-16,night,def_large,0.0,0.57721875,0.13646471661999401,39
2024-10-16,night,balance,-0.050117400226802944,0.16514093820967624,0.02036740112756266,39
2024-10-16,night,volume,0.16107165619502622,5.28315032319686,0.7019126407850997,39
2024-10-17,night,delta,-0.47844066785927253,0.5186797853309482,0.20593078092609496,40
2024-10-17,night,def_cancel,0.3583908638489236,0.5556169720500349,0.04807575209520802,40
2024-10-17,night,att_cancel,0.3605684553224333,0.5676648095318908,0.04807309597271521,40
2024-10-17,night,def_refill,0.09048913043478261,0.7244021739130435,0.12439390452157068,40
2024-10-17,night,att_refill,0.0940530303030303,0.7504545454545455,0.12625192034412067,40
2024-10-17,night,def_hidden,0.0,0.043015503875968995,0.03685236626014627,40
2024-10-17,night,att_eff,-0.9836231614019997,0.747966010690297,0.30514773705110515,40
2024-10-17,night,def_eff,-0.8157583137709417,0.8218679331073546,0.30792828088907487,40
2024-10-17,night,att_large,0.0,0.6613405313836176,0.14678707547192396,40
2024-10-17,night,def_large,0.0,0.5767291666666666,0.1361691205748515,40
2024-10-17,night,balance,-0.050117400226802944,0.1660829878308424,0.020348926335673423,40
2024-10-17,night,volume,0.16107165619502622,5.28315032319686,0.7005081715011314,40
2024-10-18,night,delta,-0.47844066785927253,0.5196258199165176,0.20603553053694745,41
2024-10-18,night,def_cancel,0.358134726046065,0.5556169720500349,0.04808463039969814,41
2024-10-18,night,att_cancel,0.3608276497582399,0.5676648095318908,0.04804182732618212,41
2024-10-18,night,def_refill,0.09048913043478261,0.7244021739130435,0.12447212149182924,41
2024-10-18,night,att_refill,0.0940530303030303,0.7504545454545455,0.12628494431908616,41
2024-10-18,night,def_hidden,0.0,0.042775193798449615,0.036894051316281005,41
2024-10-18,night,att_eff,-0.9858234017731462,0.747966010690297,0.3048379480580414,41
2024-10-18,night,def_eff,-0.8200509120589583,0.824014232251363,0.3078972748229826,41
2024-10-18,night,att_large,0.0,0.6608477291992781,0.14664888957067793,41
2024-10-18,night,def_large,0.0,0.5762395833333332,0.1363806728724216,41
2024-10-18,night,balance,-0.05058842503738603,0.16561196302025927,0.020376917033903753,41
2024-10-18,night,volume,0.12885732495602098,5.315364654435865,0.7210487093382802,41
2024-10-21,night,delta,-0.47844066785927253,0.5215178890876566,0.20525840977957535,41
2024-10-21,night,def_cancel,0.3578785882432064,0.5553608342471763,0.047914656778514246,41
2024-10-21,night,att_cancel,0.36108684419404646,0.5679240039676974,0.047863557743405574,41
2024-10-21,night,def_refill,0.09048913043478261,0.7239130434782609,0.12403962125595203,41
2024-10-21,night,att_refill,0.0950378787878788,0.7504545454545455,0.12590421996297013,41
2024-10-21,night,def_hidden,0.0,0.04637984496124031,0.03673977258356907,41
2024-10-21,night,att_eff,-0.9880236421442927,0.747966010690297,0.30531506027536137,41
2024-10-21,night,def_eff,-0.8157583137709417,0.8325994288273959,0.30815158548971955,41
2024-10-21,night,att_large,0.0,0.6603549270149386,0.1461787611213531,41
2024-10-21,night,def_large,0.0,0.5737916666666666,0.135780413332038,41
2024-10-21,night,balance,-0.050117400226802944,0.1646699133990931,0.02031268199000543,41
2024-10-21,night,volume,0.12885732495602098,5.28315032319686,0.7195524575960157,41
2024-10-22,night,delta,-0.47844066785927253,0.522463923673226,0.2054379742063225,41
2024-10-22,night,def_cancel,0.3576224504403478,0.5553608342471763,0.048000477835410366,41
2024-10-22,night,att_cancel,0.36108684419404646,0.568183198403504,0.047985558343712195,41
2024-10-22,night,def_refill,0.09048913043478261,0.7244021739130435,0.12428189156900656,41
2024-10-22,night,att_refill,0.0950378787878788,0.7504545454545455,0.12617491938654316,41
2024-10-22,night,def_hidden,0.0,0.04662015503875969,0.03667668346521675,41
2024-10-22,night,att_eff,-0.9880236421442927,0.7413652895768577,0.3045433433617842,41
2024-10-22,night,def_eff,-0.8157583137709417,0.8304531296833879,0.3075453678920445,41
2024-10-22,night,att_large,0.0,0.6608477291992781,0.14642110328070615,41
2024-10-22,night,def_large,0.0,0.5767291666666666,0.13611943164248783,41
2024-10-22,night,balance,-0.050117400226802944,0.1646699133990931,0.020270482317341954,41
2024-10-22,night,volume,0.12885732495602098,5.28315032319686,0.7189030983490827,41
2024-10-23,night,delta,-0.47844066785927253,0.522463923673226,0.205716127798025,42
2024-10-23,night,def_cancel,0.3563417614260549,0.5548485586414591,0.048150699331220875,42
2024-10-23,night,att_cancel,0.3597908720150136,0.5684423928393105,0.048234053953547636,42
2024-10-23,night,def_refill,0.09048913043478261,0.7253804347826087,0.12447122741936731,42
2024-10-23,night,att_refill,0.09454545454545454,0.7504545454545455,0.12646924367235257,42
2024-10-23,night,def_hidden,0.0,0.043496124031007756,0.03620130645480611,42
2024-10-23,night,att_eff,-0.9858234017731462,0.7369648088345646,0.303130509349455,42
2024-10-23,night,def_eff,-0.8114657154829252,0.8218679331073546,0.30607251014758907,42
2024-10-23,night,att_large,0.0,0.6623261357522966,0.14705559073189922,42
2024-10-23,night,def_large,0.0,0.5821145833333333,0.13685549434145616,42
2024-10-23,night,balance,-0.0496463754162198,0.16325683896734378,0.02024385835226283,42
2024-10-23,night,volume,0.12885732495602098,5.250935991957855,0.7136925620917295,42
2024-10-24,night,delta,-0.47844066785927253,0.5243559928443648,0.20545174438273,43
2024-10-24,night,def_cancel,0.3558294858203377,0.5548485586414591,0.04806694233304797,43
2024-10-24,night,att_cancel,0.3592724831434004,0.568183198403504,0.04810295700141757,43
2024-10-24,night,def_refill,0.09195652173913044,0.7273369565217392,0.12424922100245679,43
2024-10-24,night,att_refill,0.09454545454545454,0.7504545454545455,0.12633701413897533,43
2024-10-24,night,def_hidden,0.0,0.047100775193798454,0.036220777318269226,43
2024-10-24,night,att_eff,-0.9858234017731462,0.7369648088345646,0.30290540431743745,43
2024-10-24,night,def_eff,-0.8157583137709417,0.8218679331073546,0.30606769435365466,43
2024-10-24,night,att_large,0.0,0.6667613554113522,0.14693244955458856,43
2024-10-24,night,def_large,0.0,0.5806458333333333,0.13654256619214591,43
2024-10-24,night,balance,-0.049175350605636714,0.16278581415676063,0.020189068551747364,43
2024-10-24,night,volume,0.12885732495602098,5.250935991957855,0.7116062036404718,43
2024-10-25,night,delta,-0.48222480620155045,0.522463923673226,0.20463694897915735,44
2024-10-25,night,def_cancel,0.3560856236231963,0.5543362830357419,0.04777272979857864,44
2024-10-25,night,att_cancel,0.3590132887075938,0.568183198403504,0.0480085079916882,44
2024-10-25,night,def_refill,0.09195652173913044,0.7273369565217392,0.12381503396427379,44
2024-10-25,night,att_refill,0.0950378787878788,0.7543939393939394,0.12577688756551614,44
2024-10-25,night,def_hidden,0.0,0.04397674418604652,0.03580541023813191,44
2024-10-25,night,att_eff,-0.9880236421442927,0.7413652895768577,0.30304413390039237,44
2024-10-25,night,def_eff,-0.8157583137709417,0.824014232251363,0.30559248022035707,44
2024-10-25,night,att_large,0.0,0.6638045423053152,0.14585076082986242,44
2024-10-25,night,def_large,0.0,0.5821145833333333,0.1359957602621448,44
2024-10-25,night,balance,-0.04870432579505363,0.16514093820967624,0.020070136578549617,44
2024-10-25,night,volume,0.12885732495602098,5.186507329479844,0.7047478049961352,44
2024-10-28,night,delta,-0.4812787716159809,0.522463923673226,0.2052078645624485,42
2024-10-28,night,def_cancel,0.3560856236231963,0.5545924208386005,0.04794827458907818,42
2024-10-28,night,att_cancel,0.3592724831434004,0.568183198403504,0.048198561648709844,42
2024-10-28,night,def_refill,0.09195652173913044,0.7273369565217392,0.12443001098609531,42
2024-10-28,night,att_refill,0.09602272727272727,0.7504545454545455,0.12578179786905447,42
2024-10-28,night,def_hidden,0.0,0.043496124031007756,0.035765431407363026,42
2024-10-28,night,att_eff,-0.9968246036288788,0.747966010690297,0.3037087183177945,42
2024-10-28,night,def_eff,-0.8157583137709417,0.8304531296833879,0.30621057199914836,42
2024-10-28,night,att_large,0.0,0.6598621248305991,0.14645869064827513,42
2024-10-28,night,def_large,0.0,0.581625,0.13646918343053424,42
2024-10-28,night,balance,-0.049175350605636714,0.15901761567209582,0.020167816475261287,42
2024-10-28,night,volume,0.12885732495602098,5.21872166071885,0.708174599213752,42
2024-10-29,night,delta,-0.479386702444842,0.5215178890876566,0.20413511626730105,42
2024-10-29,night,def_cancel,0.35531721021462054,0.5543362830357419,0.0478163822994915,42
2024-10-29,night,att_cancel,0.3579765109643675,0.568183198403504,0.04805842174985524,42
2024-10-29,night,def_refill,0.09146739130434783,0.7297826086956523,0.12404820534077834,42
2024-10-29,night,att_refill,0.09651515151515153,0.7563636363636363,0.12574665971046214,42
2024-10-29,night,def_hidden,0.0,0.04133333333333334,0.035370918291137185,42
2024-10-29,night,att_eff,-0.9968246036288788,0.7501662510614433,0.30510938881173644,42
2024-10-29,night,def_eff,-0.8200509120589583,0.8325994288273959,0.3078835295814517,42
2024-10-29,night,att_large,0.0,0.6583837182775806,0.14532479866615275,42
2024-10-29,night,def_large,0.0,0.5806458333333333,0.13540719733686096,42
2024-10-29,night,balance,-0.051530474658552206,0.16137273972501132,0.02041816850752802,42
2024-10-29,night,volume,0.12885732495602098,5.186507329479844,0.7094255839998791,42
2024-10-30,night,delta,-0.47844066785927253,0.5186797853309482,0.20408336446853814,42
2024-10-30,night,def_cancel,0.35531721021462054,0.5545924208386005,0.04781223777993839,42
2024-10-30,night,att_cancel,0.35849489983598065,0.5684423928393105,0.04808147849903107,42
2024-10-30,night,def_refill,0.09293478260869566,0.7317391304347827,0.12433412846780852,42
2024-10-30,night,att_refill,0.0975,0.7588257575757577,0.12584619286267854,42
2024-10-30,night,def_hidden,0.0,0.0406124031007752,0.03519941906983714,42
2024-10-30,night,att_eff,-0.9858234017731462,0.747966010690297,0.30441484427215165,42
2024-10-30,night,def_eff,-0.8179046129149499,0.8283068305393795,0.3068617937046072,42
2024-10-30,night,att_large,0.0,0.654934102987204,0.14480958002122937,42
2024-10-30,night,def_large,0.0,0.5791770833333333,0.13516985934722178,42
2024-10-30,night,balance,-0.05105944984796912,0.16090171491442828,0.020330317879004474,42
2024-10-30,night,volume,0.12885732495602098,5.186507329479844,0.7068560247956551,42
2024-10-31,night,delta,-0.47844066785927253,0.5177337507453788,0.2036301725227271,43
2024-10-31,night,def_cancel,0.3558294858203377,0.5548485586414591,0.04773908075229964,43
2024-10-31,night,att_cancel,0.35849489983598065,0.5684423928393105,0.04794744229872971,43
2024-10-31,night,def_refill,0.09293478260869566,0.7317391304347827,0.12425454779581752,43
2024-10-31,night,att_refill,0.09799242424242424,0.7588257575757577,0.12580861423930903,43
2024-10-31,night,def_hidden,0.0,0.038689922480620156,0.03492569506937363,43
2024-10-31,night,att_eff,-0.9858234017731462,0.747966010690297,0.30489322143923764,43
2024-10-31,night,def_eff,-0.8179046129149499,0.8283068305393795,0.3073500832062048,43
2024-10-31,night,att_large,0.0,0.654934102987204,0.14450988401164425,43
2024-10-31,night,def_large,0.0,0.5767291666666666,0.1342650555608435,43
2024-10-31,night,balance,-0.051530474658552206,0.16090171491442828,0.02027068177952588,43
2024-10-31,night,volume,0.12885732495602098,5.154292998240839,0.7037725210213858,43
2024-11-01,night,delta,-0.47844066785927253,0.5186797853309482,0.2042309990998759,44
2024-11-01,night,def_cancel,0.35531721021462054,0.5545924208386005,0.04791849625319596,44
2024-11-01,night,att_cancel,0.3579765109643675,0.5684423928393105,0.04817127371183821,44
2024-11-01,night,def_refill,0.09342391304347827,0.7336956521739131,0.12485751556140576,44
2024-11-01,night,att_refill,0.09799242424242424,0.7612878787878788,0.12637531009687872,44
2024-11-01,night,def_hidden,0.0,0.038689922480620156,0.03490648725441271,44
2024-11-01,night,att_eff,-0.9836231614019997,0.743565529948004,0.30625075351015296,44
2024-11-01,night,def_eff,-0.8157583137709417,0.8218679331073546,0.30925300289542634,44
2024-11-01,night,att_large,0.0,0.653948498618525,0.14525287684675847,44
2024-11-01,night,def_large,0.0,0.5747708333333333,0.13446942696039652,44
2024-11-01,night,balance,-0.051530474658552206,0.16043069010384514,0.020644448669855077,44
2024-11-01,night,volume,0.12885732495602098,5.21872166071885,0.709625991101723,44
2024-11-04,night,delta,-0.479386702444842,0.5196258199165176,0.20591776371327375,42
2024-11-04,night,def_cancel,0.3514751431717418,0.5553608342471763,0.04898930727454618,42
2024-11-04,night,att_cancel,0.35460698329888196,0.5699975594541501,0.048929923276579274,42
2024-11-04,night,def_refill,0.09293478260869566,0.7464130434782609,0.12637604167677943,42
2024-11-04,night,att_refill,0.09996212121212122,0.7745833333333334,0.12858371468413954,42
2024-11-04,night,def_hidden,0.0,0.03724806201550388,0.03418218355426236,42
2024-11-04,night,att_eff,-0.9968246036288788,0.7589672125460294,0.31017777244771066,42
2024-11-04,night,def_eff,-0.8307824077789994,0.8411846254034292,0.31356295908403603,42
2024-11-04,night,att_large,0.0,0.6583837182775806,0.14614596548309125,42
2024-11-04,night,def_large,0.0,0.5767291666666666,0.13658880073729204,42
2024-11-04,night,balance,-0.04682022655272117,0.16561196302025927,0.021145756899765392,42
2024-11-04,night,volume,0.12885732495602098,5.379793316913876,0.7348489978057208,42
2024-11-05,night,delta,-0.47844066785927253,0.5177337507453788,0.20395974361972405,42
2024-11-05,night,def_cancel,0.3499383163545902,0.5563853854586106,0.04892039285221781,42
2024-11-05,night,att_cancel,0.3533110111198491,0.5697383650183435,0.04889834840920364,42
2024-11-05,night,def_refill,0.09048913043478261,0.7503260869565218,0.1261753395941169,42
2024-11-05,night,att_refill,0.09996212121212122,0.7780303030303031,0.12762582370683123,42
2024-11-05,night,def_hidden,0.0,0.027155038759689925,0.03318539251577286,42
2024-11-05,night,att_eff,-0.9880236421442927,0.7655679336594692,0.3114570117748902,42
2024-11-05,night,def_eff,-0.8479528009310655,0.8519161211234705,0.31455311992698853,42
2024-11-05,night,att_large,0.0,0.654934102987204,0.14532422168130335,42
2024-11-05,night,def_large,0.0,0.57575,0.13595553387199402,42
2024-11-05,night,balance,-0.04870432579505363,0.16655401264142555,0.02100893593694005,42
2024-11-05,night,volume,0.12885732495602098,5.186507329479844,0.7204209213899893,42
2024-11-06,night,delta,-0.47844066785927253,0.5111115086463924,0.20168868349428043,42
2024-11-06,night,def_cancel,0.34916990294601447,0.5558731098528935,0.04870808496316792,42
2024-11-06,night,att_cancel,0.35382939999146223,0.5707751427615698,0.048555481815162636,42
2024-11-06,night,def_refill,0.09146739130434783,0.7503260869565218,0.1255304649719671,42
2024-11-06,night,att_refill,0.09996212121212122,0.7780303030303031,0.12687782682236884,42
2024-11-06,night,def_hidden,0.0,0.021868217054263568,0.03043009458139529,42
2024-11-06,night,att_eff,-1.0144265265980508,0.7699684144017618,0.3139803981843038,42
2024-11-06,night,def_eff,-0.8479528009310655,0.8626476168435118,0.3166253231845307,42
2024-11-06,night,att_large,0.0,0.6455708614847534,0.14352853242992905,42
2024-11-06,night,def_large,0.0,0.5777083333333333,0.13432511231997663,42
2024-11-06,night,balance,-0.0496463754162198,0.16702503745200858,0.021016256851928546,42
2024-11-06,night,volume,0.12885732495602098,5.089864335762829,0.7125528603240984,42
2024-11-07,night,delta,-0.48033273703041146,0.5186797853309482,0.21545872820919282,43
2024-11-07,night,def_cancel,0.33918052863452963,0.5551046964443177,0.05206848679284409,43
2024-11-07,night,att_cancel,0.3424248448159727,0.5692199761467303,0.05243262606155205,43
2024-11-07,night,def_refill,0.08608695652173914,0.7429891304347827,0.1281443814674286,43
2024-11-07,night,att_refill,0.0915909090909091,0.7711363636363637,0.12967233308684686,43
2024-11-07,night,def_hidden,0.0,0.027155038759689925,0.03404665187055424,43
2024-11-07,night,att_eff,-0.9726219595462673,0.7457657703191503,0.3086752425990885,43
2024-11-07,night,def_eff,-0.809319416338917,0.8197216339633466,0.3109187225820014,43
2024-11-07,night,att_large,0.0,0.6593693226462596,0.15645611153136368,43
2024-11-07,night,def_large,0.0,0.5884791666666667,0.14387148389175275,43
2024-11-07,night,balance,-0.05388559871146775,0.1816268065800849,0.02182090223143716,43
2024-11-07,night,volume,0.12885732495602098,5.798579623020944,0.7405680581303206,43
2024-11-08,night,delta,-0.48033273703041146,0.5177337507453788,0.21494527022410137,44
2024-11-08,night,def_cancel,0.3394366664373882,0.5551046964443177,0.05193721892067925,44
2024-11-08,night,att_cancel,0.3424248448159727,0.5692199761467303,0.05233960934594194,44
2024-11-08,night,def_refill,0.08608695652173914,0.7420108695652174,0.12784133037723272,44
2024-11-08,night,att_refill,0.0915909090909091,0.7696590909090909,0.12938385438871544,44
2024-11-08,night,def_hidden,0.0,0.026434108527131784,0.03398449236142881,44
2024-11-08,night,att_eff,-0.9748221999174138,0.743565529948004,0.3086616070959582,44
2024-11-08,night,def_eff,-0.809319416338917,0.8154290356753302,0.31090858996572684,44
2024-11-08,night,att_large,0.0,0.6588765204619201,0.15605757421580194,44
2024-11-08,night,def_large,0.0,0.5874999999999999,0.14344611936308752,44
2024-11-08,night,balance,-0.05388559871146775,0.18256885620125107,0.021796648044398053,44
2024-11-08,night,volume,0.12885732495602098,5.798579623020944,0.7383507930087896,44
2024-11-11,night,delta,-0.48033273703041146,0.5158416815742397,0.21028787054227596,42
2024-11-11,night,def_cancel,0.34046121764882253,0.5543362830357419,0.04987298713841694,42
2024-11-11,night,att_cancel,0.34372081699500556,0.5684423928393105,0.05124713900794011,42
2024-11-11,night,def_refill,0.08657608695652175,0.7380978260869566,0.12445944283841297,42
2024-11-11,night,att_refill,0.09208333333333334,0.7662121212121212,0.12632204218460727,42
2024-11-11,night,def_hidden,0.0,0.020906976744186047,0.03162496877302212,42
2024-11-11,night,att_eff,-0.9792226806597069,0.747966010690297,0.2968798540040942,42
2024-11-11,night,def_eff,-0.809319416338917,0.8325994288273959,0.2987437473813408,42
2024-11-11,night,att_large,0.0,0.6475420702221114,0.15102300870467886,42
2024-11-11,night,def_large,0.0,0.57721875,0.1386537992673778,42
2024-11-11,night,balance,-0.05105944984796912,0.18256885620125107,0.020448466700937445,42
2024-11-11,night,volume,0.12885732495602098,5.573079304347908,0.6794647661449096,42
2024-11-12,night,delta,-0.48222480620155045,0.5158416815742397,0.21035205913250762,42
2024-11-12,night,def_cancel,0.33994894204310533,0.5543362830357419,0.05002669961798958,42
2024-11-12,night,att_cancel,0.343461622559199,0.5684423928393105,0.05141984853359115,42
2024-11-12,night,def_refill,0.08706521739130435,0.7395652173913044,0.12453543469309139,42
2024-11-12,night,att_refill,0.09208333333333334,0.767689393939394,0.12650413610161781,42
2024-11-12,night,def_hidden,0.0,0.021387596899224808,0.03172110516182959,42
2024-11-12,night,att_eff,-0.9836231614019997,0.7501662510614433,0.2971227798891092,42
2024-11-12,night,def_eff,-0.809319416338917,0.8325994288273959,0.2988584646071853,42
2024-11-12,night,att_large,0.0,0.6455708614847534,0.1509047797945943,42
2024-11-12,night,def_large,0.0,0.57721875,0.138923864898092,42
2024-11-12,night,balance,-0.05200149946913535,0.18303988101183422,0.020476910153650506,42
2024-11-12,night,volume,0.12885732495602098,5.573079304347908,0.6799902640563953,42
2024-11-13,night,delta,-0.48222480620155045,0.5158416815742397,0.21166396370989896,42
2024-11-13,night,def_cancel,0.3394366664373882,0.5548485586414591,0.05052430523970422,42
2024-11-13,night,att_cancel,0.34268403925177926,0.5687015872751171,0.05196694066245943,42
2024-11-13,night,def_refill,0.08755434782608697,0.7410326086956522,0.1251762932944416,42
2024-11-13,night,att_refill,0.0906060606060606,0.7696590909090909,0.12736835628123247,42
2024-11-13,night,def_hidden,0.0,0.02234883720930233,0.033256953652188774,42
2024-11-13,night,att_eff,-0.9770224402885603,0.7369648088345646,0.297285964230706,42
2024-11-13,night,def_eff,-0.8071731171949086,0.8325994288273959,0.29873341329357267,42
2024-11-13,night,att_large,0.0,0.6475420702221114,0.15275593546642527,42
2024-11-13,night,def_large,0.0,0.5781979166666666,0.14006429580222002,42
2024-11-13,night,balance,-0.052472524279718435,0.18351090582241725,0.020492507555236072,42
2024-11-13,night,volume,0.12885732495602098,5.637507966825918,0.6859591946499708,42
2024-11-14,night,delta,-0.4841168753726894,0.5158416815742397,0.21311875365688496,43
2024-11-14,night,def_cancel,0.3394366664373882,0.5548485586414591,0.05095055680172497,43
2024-11-14,night,att_cancel,0.3424248448159727,0.5689607817109237,0.05249087919395536,43
2024-11-14,night,def_refill,0.08755434782608697,0.7415217391304348,0.12646819041189228,43
2024-11-14,night,att_refill,0.0906060606060606,0.7696590909090909,0.1284705840838415,43
2024-11-14,night,def_hidden,0.0,0.02234883720930233,0.03326137974348628,43
2024-11-14,night,att_eff,-0.9770224402885603,0.7369648088345646,0.2977615029091122,43
2024-11-14,night,def_eff,-0.8050268180509004,0.8325994288273959,0.2991000706816261,43
2024-11-14,night,att_large,0.0,0.6495132789594694,0.1548044356574621,43
2024-11-14,night,def_large,0.0,0.5781979166666666,0.14107142335277523,43
2024-11-14,night,balance,-0.05200149946913535,0.1839819306330004,0.020577079844416497,43
2024-11-14,night,volume,0.12885732495602098,5.863008285498955,0.7146219649018353,43
2024-11-15,night,delta,-0.4841168753726894,0.5148956469886703,0.2122156913175585,44
2024-11-15,night,def_cancel,0.33918052863452963,0.5545924208386005,0.05083085097860618,44
2024-11-15,night,att_cancel,0.34294323368758584,0.5692199761467303,0.05230159663806084,44
2024-11-15,night,def_refill,0.08804347826086957,0.7415217391304348,0.12602480555299714,44
2024-11-15,night,att_refill,0.0906060606060606,0.767689393939394,0.12809118747439824,44
2024-11-15,night,def_hidden,0.0,0.021868217054263568,0.03324896285017686,44
2024-11-15,night,att_eff,-0.9836231614019997,0.747966010690297,0.2985316177738933,44
2024-11-15,night,def_eff,-0.809319416338917,0.8368920271154128,0.29992092284258287,44
2024-11-15,night,att_large,0.0,0.64902047677513,0.15408517871439142,44
2024-11-15,night,def_large,0.0,0.57575,0.1404192798402423,44
2024-11-15,night,balance,-0.051530474658552206,0.18303988101183422,0.020470438710953304,44
2024-11-15,night,volume,0.12885732495602098,5.830793954259949,0.7103809225321636,44
2024-11-18,night,delta,-0.4841168753726894,0.5177337507453788,0.21349769993889842,42
2024-11-18,night,def_cancel,0.33918052863452963,0.5556169720500349,0.05105307299285696,42
2024-11-18,night,att_cancel,0.34268403925177926,0.5694791705825368,0.05234828629396325,42
2024-11-18,night,def_refill,0.08657608695652175,0.7395652173913044,0.12652746385373678,42
2024-11-18,night,att_refill,0.0906060606060606,0.7667045454545455,0.1282697394594488,42
2024-11-18,night,def_hidden,0.0,0.020906976744186047,0.032741124340374315,42
2024-11-18,night,att_eff,-0.9594205173193882,0.7171626454942461,0.2971193239928272,42
2024-11-18,night,def_eff,-0.8028805189068922,0.8068438390992969,0.29893897407205233,42
2024-11-18,night,att_large,0.0,0.6495132789594694,0.15483319695683162,42
2024-11-18,night,def_large,0.0,0.57721875,0.1407651470350129,42
2024-11-18,night,balance,-0.050117400226802944,0.18492398025416656,0.02055049029775176,42
2024-11-18,night,volume,0.16107165619502622,5.863008285498955,0.714397126774733,42
2024-11-19,night,delta,-0.4841168753726894,0.5196258199165176,0.21250978824237798,42
2024-11-19,night,def_cancel,0.33892439083167103,0.556129247655752,0.050893614704630136,42
2024-11-19,night,att_cancel,0.3421656503801661,0.5694791705825368,0.05210623887057801,42
2024-11-19,night,def_refill,0.08657608695652175,0.7420108695652174,0.12594304051254507,42
2024-11-19,night,att_refill,0.0906060606060606,0.7696590909090909,0.12819959401127837,42
2024-11-19,night,def_hidden,0.0,0.02042635658914729,0.032224166054474174,42
2024-11-19,night,att_eff,-0.9572202769482419,0.7193628858653924,0.2971112575151572,42
2024-11-19,night,def_eff,-0.8028805189068922,0.8154290356753302,0.29860091521210697,42
2024-11-19,night,att_large,0.0,0.6495132789594694,0.15450338722158755,42
2024-11-19,night,def_large,0.0,0.5762395833333332,0.13994370670202946,42
2024-11-19,night,balance,-0.05058842503738603,0.1962285757081611,0.020660383540100098,42
2024-11-19,night,volume,0.16107165619502622,5.798579623020944,0.699177384706732,42
2024-11-20,night,delta,-0.4841168753726894,0.5111115086463924,0.2138064016571446,42
2024-11-20,night,def_cancel,0.34097349325453974,0.557409936670045,0.05109933836373845,42
2024-11-20,night,att_cancel,0.34372081699500556,0.5710343371973764,0.05243060023009512,42
2024-11-20,night,def_refill,0.08755434782608697,0.7380978260869566,0.12689964041383348,42
2024-11-20,night,att_refill,0.08912878787878788,0.7622727272727273,0.1287128438928486,42
2024-11-20,night,def_hidden,0.0,0.01778294573643411,0.03138707907753992,42
2024-11-20,night,att_eff,-0.9594205173193882,0.70836168400966,0.2966840155874882,42
2024-11-20,night,def_eff,-0.7964416214748675,0.8132827365313218,0.29825716468656355,42
2024-11-20,night,att_large,0.0,0.6411356418256978,0.15535517268296442,42
2024-11-20,night,def_large,0.0,0.5718333333333333,0.1408677845132169,42
2024-11-20,night,balance,-0.051530474658552206,0.1962285757081611,0.02074230469607223,42
2024-11-20,night,volume,0.16107165619502622,6.2817945916060225,0.7223603020640483,42
2024-11-21,night,delta,-0.4841168753726894,0.5111115086463924,0.21365408149749815,43
2024-11-21,night,def_cancel,0.3412296310573983,0.5576660744729036,0.05117302062086826,43
2024-11-21,night,att_cancel,0.34372081699500556,0.571293531633183,0.052483716188475145,43
2024-11-21,night,def_refill,0.08755434782608697,0.7371195652173914,0.12670411593867625,43
2024-11-21,night,att_refill,0.08912878787878788,0.7622727272727273,0.12866884274905757,43
2024-11-21,night,def_hidden,0.0,0.01730232558139535,0.031204945552372285,43
2024-11-21,night,att_eff,-0.9550200365770953,0.7061614436385133,0.29668759838501835,43
2024-11-21,night,def_eff,-0.7921490231868509,0.8089901382433053,0.2984085881298169,43
2024-11-21,night,att_large,0.0,0.6421212461943768,0.15537137413151467,43
2024-11-21,night,def_large,0.0,0.5733020833333333,0.14074816616648783,43
2024-11-21,night,balance,-0.05105944984796912,0.19528652608699493,0.0207488679387774,43
2024-11-21,night,volume,0.16107165619502622,6.249580260367018,0.7204080459908134,43
2024-11-22,night,delta,-0.4897930828861062,0.5111115086463924,0.2175097755788668,44
2024-11-22,night,def_cancel,0.34174190666311544,0.5589467634871965,0.05222172196078789,44
2024-11-22,night,att_cancel,0.3432024281233924,0.5723303093764093,0.05386497344690435,44
2024-11-22,night,def_refill,0.08706521739130435,0.7336956521739131,0.12808215689445832,44
2024-11-22,night,att_refill,0.0881439393939394,0.7588257575757577,0.1302189403622047,44
2024-11-22,night,def_hidden,0.0,0.017062015503875972,0.030900050136639812,44
2024-11-22,night,att_eff,-0.9484193154636558,0.7017609628962203,0.29765044359368215,44
2024-11-22,night,def_eff,-0.7814175274668096,0.8046975399552889,0.29905240393263416,44
2024-11-22,night,att_large,0.0,0.6411356418256978,0.15736760533742364,44
2024-11-22,night,def_large,0.0,0.5781979166666666,0.14380281327339725,44
2024-11-22,night,balance,-0.05058842503738603,0.1924603772234963,0.020812891509653736,44
2024-11-22,night,volume,0.16107165619502622,6.507294910279059,0.7588712217711868,44
2024-11-26,night,delta,-0.4897930828861062,0.5092194394752534,0.2163658234329396,41
2024-11-26,night,def_cancel,0.3412296310573983,0.5594590390929137,0.051866472419180354,41
2024-11-26,night,att_cancel,0.3432024281233924,0.573107892683829,0.05381293096296062,41
2024-11-26,night,def_refill,0.08804347826086957,0.7312500000000001,0.12671455207070628,41
2024-11-26,night,att_refill,0.08666666666666667,0.7543939393939394,0.12859430617729734,41
2024-11-26,night,def_hidden,0.0,0.01730232558139535,0.03116523297656066,41
2024-11-26,night,att_eff,-0.9484193154636558,0.7061614436385133,0.29867303480572993,41
2024-11-26,night,def_eff,-0.7942953223308591,0.8089901382433053,0.2996005716887058,41
2024-11-26,night,att_large,0.0,0.6401500374570188,0.15689152928390618,41
2024-11-26,night,def_large,0.0,0.5777083333333333,0.1425215598867745,41
2024-11-26,night,balance,-0.05105944984796912,0.18680807949649902,0.02070625846568799,41
2024-11-26,night,volume,0.16107165619502622,6.442866247801049,0.7310288276774581,41
2024-11-27,night,delta,-0.4916851520572451,0.5063813357185449,0.21701076354500523,41
2024-11-27,night,def_cancel,0.34046121764882253,0.5589467634871965,0.051993879115263535,41
2024-11-27,night,att_cancel,0.34190645594435953,0.5738854759912487,0.05413237553876956,41
2024-11-27,night,def_refill,0.08804347826086957,0.7336956521739131,0.12654023523353933,41
2024-11-27,night,att_refill,0.0846969696969697,0.7563636363636363,0.12875436334191961,41
2024-11-27,night,def_hidden,0.0,0.017062015503875972,0.031339431964103735,41
2024-11-27,night,att_eff,-0.9484193154636558,0.70836168400966,0.29752456985081865,41
2024-11-27,night,def_eff,-0.7900027240428427,0.8089901382433053,0.2989093094305038,41
2024-11-27,night,att_large,0.0,0.6376860265353212,0.1571951510530707,41
2024-11-27,night,def_large,0.0,0.5806458333333333,0.1431685171623213,41
2024-11-27,night,balance,-0.051530474658552206,0.1806847569589186,0.020635288875958665,41
2024-11-27,night,volume,0.16107165619502622,6.507294910279059,0.7398033762163714,41
2024-11-29,night,delta,-0.4916851520572451,0.508273404889684,0.21699303727476535,42
2024-11-29,night,def_cancel,0.34071735545168114,0.5589467634871965,0.05193997479601817,42
2024-11-29,night,att_cancel,0.34190645594435953,0.5736262815554422,0.054068009454774905,42
2024-11-29,night,def_refill,0.08804347826086957,0.7336956521739131,0.1265344986552329,42
2024-11-29,night,att_refill,0.08568181818181819,0.7578409090909092,0.1288484270105425,42
2024-11-29,night,def_hidden,0.0,0.01730232558139535,0.031282404071641894,42
2024-11-29,night,att_eff,-0.9484193154636558,0.70836168400966,0.2975673427925994,42
2024-11-29,night,def_eff,-0.7900027240428427,0.8089901382433053,0.2990322702405858,42
2024-11-29,night,att_large,0.0,0.6391644330883398,0.15749921545476575,42
2024-11-29,night,def_large,0.0,0.5806458333333333,0.143068913064629,42
2024-11-29,night,balance,-0.051530474658552206,0.1806847569589186,0.02060684822277848,42
2024-11-29,night,volume,0.16107165619502622,6.507294910279059,0.7385422273193021,42
2024-12-02,night,delta,-0.49073911747167565,0.5092194394752534,0.22034222240125595,40
2024-12-02,night,def_cancel,0.34046121764882253,0.5592029012900551,0.052853988599938326,40
2024-12-02,night,att_cancel,0.3413880670727464,0.5741446704270553,0.05539969471662868,40
2024-12-02,night,def_refill,0.09146739130434783,0.7371195652173914,0.12878654666480355,40
2024-12-02,night,att_refill,0.08912878787878788,0.7632575757575758,0.1307488207533999,40
2024-12-02,night,def_hidden,0.0,0.017062015503875972,0.029856109587058494,40
2024-12-02,night,att_eff,-0.9594205173193882,0.7193628858653924,0.3013121213475556,40
2024-12-02,night,def_eff,-0.7942953223308591,0.8325994288273959,0.30199569410459154,40
2024-12-02,night,att_large,0.0,0.6431068505630558,0.16132020115156123,40
2024-12-02,night,def_large,0.0,0.5821145833333333,0.14593272468301235,40
2024-12-02,night,balance,-0.051530474658552206,0.19057627798116383,0.020697775279529394,40
2024-12-02,night,volume,0.16107165619502622,6.893866885147123,0.7719214175991507,40
2024-12-03,night,delta,-0.49073911747167565,0.5101654740608228,0.22069481319861348,40
2024-12-03,night,def_cancel,0.3394366664373882,0.5592029012900551,0.053112308394102505,40
2024-12-03,night,att_cancel,0.34086967820113323,0.5744038648628619,0.05561848484399863,40
2024-12-03,night,def_refill,0.09048913043478261,0.7395652173913044,0.12882155234227202,40
2024-12-03,night,att_refill,0.08912878787878788,0.7632575757575758,0.13085906540612016,40
2024-12-03,night,def_hidden,0.0,0.01826356589147287,0.03019686772614513,40
2024-12-03,night,att_eff,-0.9594205173193882,0.7193628858653924,0.30130186417421867,40
2024-12-03,night,def_eff,-0.7942953223308591,0.8411846254034292,0.30203908394358364,40
2024-12-03,night,att_large,0.0,0.6431068505630558,0.16174690449641216,40
2024-12-03,night,def_large,0.0,0.5821145833333333,0.1462084927719155,40
2024-12-03,night,balance,-0.05105944984796912,0.17832963290600312,0.020597814948388526,40
2024-12-03,night,volume,0.12885732495602098,6.926081216386128,0.7746924994374695,40
2024-12-04,night,delta,-0.495469290399523,0.5111115086463924,0.21931662736962196,40
2024-12-04,night,def_cancel,0.3381559774230952,0.5589467634871965,0.05289607899873644,40
2024-12-04,night,att_cancel,0.3403512893295201,0.574922253734475,0.055531341147249884,40
2024-12-04,night,def_refill,0.09146739130434783,0.7449456521739131,0.12794931560479703,40
2024-12-04,night,att_refill,0.08715909090909091,0.7696590909090909,0.12939896650099061,40
2024-12-04,night,def_hidden,0.0,0.01730232558139535,0.029737595923792146,40
2024-12-04,night,att_eff,-0.9682214788039742,0.7105619243808063,0.3038147602064667,40
2024-12-04,night,def_eff,-0.7900027240428427,0.8368920271154128,0.3043280346631134,40
2024-12-04,night,att_large,0.0,0.6411356418256978,0.1603609895141068,40
2024-12-04,night,def_large,0.0,0.5835833333333333,0.14433614888192928,40
2024-12-04,night,balance,-0.052472524279718435,0.17974270733775244,0.02067765972079339,40
2024-12-04,night,volume,0.12885732495602098,6.700580897713091,0.7703613226057765,40
2024-12-05,night,delta,-0.495469290399523,0.5111115086463924,0.2188556539036737,41
2024-12-05,night,def_cancel,0.3381559774230952,0.5586906256843379,0.052787772461811294,41
2024-12-05,night,att_cancel,0.34061048376532665,0.5746630592986685,0.05539228176038517,41
2024-12-05,night,def_refill,0.09195652173913044,0.7503260869565218,0.12775074474787737,41
2024-12-05,night,att_refill,0.08765151515151516,0.7696590909090909,0.1291007311391829,41
2024-12-05,night,def_hidden,0.0,0.017062015503875972,0.029643717680104615,41
2024-12-05,night,att_eff,-0.9704217191751208,0.7193628858653924,0.3043752007213459,41
2024-12-05,night,def_eff,-0.7900027240428427,0.8347457279714043,0.30472239602623014,41
2024-12-05,night,att_large,0.0,0.6421212461943768,0.16013782411492822,41
2024-12-05,night,def_large,0.0,0.58309375,0.1440039213136108,41
2024-12-05,night,balance,-0.05200149946913535,0.1792716825271693,0.020639416379361307,41
2024-12-05,night,volume,0.12885732495602098,6.668366566474086,0.7679988745114261,41
2024-12-06,night,delta,-0.495469290399523,0.5111115086463924,0.21848602733721517,42
2024-12-06,night,def_cancel,0.3378998396202367,0.5586906256843379,0.0526999113537314,42
2024-12-06,night,att_cancel,0.34086967820113323,0.5746630592986685,0.055321963222470676,42
2024-12-06,night,def_refill,0.09048913043478261,0.7503260869565218,0.12760999757786967,42
2024-12-06,night,att_refill,0.08765151515151516,0.771628787878788,0.12895179353905897,42
2024-12-06,night,def_hidden,0.0,0.01730232558139535,0.02956400435022249,42
2024-12-06,night,att_eff,-0.9748221999174138,0.7193628858653924,0.3045473423872347,42
2024-12-06,night,def_eff,-0.7900027240428427,0.8304531296833879,0.3045177644565318,42
2024-12-06,night,att_large,0.0,0.6431068505630558,0.1601004974163572,42
2024-12-06,night,def_large,0.0,0.5855416666666666,0.14378837190267013,42
2024-12-06,night,balance,-0.05200149946913535,0.1792716825271693,0.0205900445032758,42
2024-12-06,night,volume,0.12885732495602098,6.63615223523508,0.7660999222129872,42
2024-12-09,night,delta,-0.5001994633273703,0.522463923673226,0.2243184030324148,40
2024-12-09,night,def_cancel,0.33457004818307506,0.5584344878814793,0.05410152836748167,40
2024-12-09,night,att_cancel,0.3367225672282279,0.5764774203493146,0.05706339434247823,40
2024-12-09,night,def_refill,0.08902173913043479,0.7561956521739132,0.13039416987867467,40
2024-12-09,night,att_refill,0.08568181818181819,0.7804924242424243,0.13183363315260396,40
2024-12-09,night,def_hidden,0.0,0.01730232558139535,0.030397439649989397,40
2024-12-09,night,att_eff,-0.9748221999174138,0.7127621647519531,0.30592927602174685,40
2024-12-09,night,def_eff,-0.7814175274668096,0.8562087194114869,0.3061974897495201,40
2024-12-09,night,att_large,0.0,0.6524700920655065,0.1657952657703088,40
2024-12-09,night,def_large,0.0,0.5943541666666666,0.14856768332295647,40
2024-12-09,night,balance,-0.05482764833263398,0.1839819306330004,0.020767071225297164,40
2024-12-09,night,volume,0.12885732495602098,6.990509878864138,0.7991425574253366,40
2024-12-10,night,delta,-0.5001994633273703,0.522463923673226,0.2238009813060081,40
2024-12-10,night,def_cancel,0.33431391038021646,0.5589467634871965,0.054200660578845525,40
2024-12-10,night,att_cancel,0.33620417835661476,0.5769958092209277,0.057002550070111145,40
2024-12-10,night,def_refill,0.0895108695652174,0.757663043478261,0.12986760259322855,40
2024-12-10,night,att_refill,0.08568181818181819,0.7795075757575758,0.13169202876619368,40
2024-12-10,night,def_hidden,0.0,0.017062015503875972,0.03025877595380542,40
2024-12-10,night,att_eff,-0.9770224402885603,0.70836168400966,0.30588717501457807,40
2024-12-10,night,def_eff,-0.7771249291787932,0.8626476168435118,0.3070672864816871,40
2024-12-10,night,att_large,0.0,0.6534556964341856,0.1655220475946747,40
2024-12-10,night,def_large,0.0,0.6002291666666666,0.1483543579058888,40
2024-12-10,night,balance,-0.05953789643846502,0.1839819306330004,0.020526289906568608,40
2024-12-10,night,volume,0.12885732495602098,6.829438222669112,0.7918282409959104,40
2024-12-11,night,delta,-0.5001994633273703,0.5262480620155039,0.2224107829257375,40
2024-12-11,night,def_cancel,0.33457004818307506,0.5584344878814793,0.053713320325562114,40
2024-12-11,night,att_cancel,0.33620417835661476,0.5769958092209277,0.05653847925949971,40
2024-12-11,night,def_refill,0.0895108695652174,0.7620652173913044,0.12879793004796378,40
2024-12-11,night,att_refill,0.0846969696969697,0.7844318181818182,0.13098107240148052,40
2024-12-11,night,def_hidden,0.0,0.01946511627906977,0.030778624496301484,40
2024-12-11,night,att_eff,-0.9770224402885603,0.7171626454942461,0.30591533763293643,40
2024-12-11,night,def_eff,-0.7814175274668096,0.8798180099955775,0.3068158818524517,40
2024-12-11,night,att_large,0.0,0.6583837182775806,0.16454724870537216,40
2024-12-11,night,def_large,0.0,0.6031666666666666,0.14758297834868836,40
2024-12-11,night,balance,-0.058124822006715704,0.18351090582241725,0.02028982054400258,40
2024-12-11,night,volume,0.12885732495602098,6.668366566474086,0.7629595525095646,40
2024-12-12,night,delta,-0.5001994633273703,0.5271940966010733,0.22166387306922997,41
2024-12-12,night,def_cancel,0.33457004818307506,0.5581783500786207,0.05355848795689955,41
2024-12-12,night,att_cancel,0.33646337279242133,0.5769958092209277,0.05631876975638567,41
2024-12-12,night,def_refill,0.0895108695652174,0.765,0.12833051655764738,41
2024-12-12,night,att_refill,0.08420454545454546,0.785909090909091,0.1304844024128508,41
2024-12-12,night,def_hidden,0.0,0.020906976744186047,0.030668574598565587,41
2024-12-12,night,att_eff,-0.9836231614019997,0.7237633666076855,0.3065714704837452,41
2024-12-12,night,def_eff,-0.7900027240428427,0.8819643091395859,0.3073810301256311,41
2024-12-12,night,att_large,0.0,0.6608477291992781,0.16406690472351904,41
2024-12-12,night,def_large,0.0,0.6075729166666666,0.14739625229639675,41
2024-12-12,night,balance,-0.05765379719613262,0.18256885620125107,0.020211330138723057,41
2024-12-12,night,volume,0.12885732495602098,6.6039379039960755,0.7586183179213252,41
2024-12-13,night,delta,-0.5001994633273703,0.5271940966010733,0.223143258347403,42
2024-12-13,night,def_cancel,0.33457004818307506,0.5581783500786207,0.05379148426030515,42
2024-12-13,night,att_cancel,0.33646337279242133,0.5772550036567343,0.05651534973671981,42
2024-12-13,night,def_refill,0.0895108695652174,0.7659782608695653,0.12968558353276002,42
2024-12-13,night,att_refill,0.08420454545454546,0.787878787878788,0.13170828112400668,42
2024-12-13,night,def_hidden,0.0,0.020906976744186047,0.03060354343923088,42
2024-12-13,night,att_eff,-0.9836231614019997,0.7193628858653924,0.30707200595008494,42
2024-12-13,night,def_eff,-0.7857101257548262,0.8819643091395859,0.3075847159514569,42
2024-12-13,night,att_large,0.0,0.6623261357522966,0.16544067872816529,42
2024-12-13,night,def_large,0.0,0.6090416666666666,0.14872167384793805,42
2024-12-13,night,balance,-0.05859584681729879,0.18256885620125107,0.020200218172993917,42
2024-12-13,night,volume,0.12885732495602098,6.732795228952096,0.7969661551915825,42
2024-12-16,night,delta,-0.5001994633273703,0.5262480620155039,0.22372047457424646,40
2024-12-16,night,def_cancel,0.3338016347744993,0.5581783500786207,0.0539328602311006,40
2024-12-16,night,att_cancel,0.33620417835661476,0.5769958092209277,0.056663705730574575,40
2024-12-16,night,def_refill,0.08902173913043479,0.765,0.1296972125202327,40
2024-12-16,night,att_refill,0.0846969696969697,0.785909090909091,0.13185990309552972,40
2024-12-16,night,def_hidden,0.0,0.021387596899224808,0.030767201362012032,40
2024-12-16,night,att_eff,-0.9704217191751208,0.7281638473499785,0.30703779134772285,40
2024-12-16,night,def_eff,-0.7921490231868509,0.873379112563553,0.30705550235960977,40
2024-12-16,night,att_large,0.0,0.6623261357522966,0.16579146261813565,40
2024-12-16,night,def_large,0.0,0.6154062499999999,0.14966508525953134,40
2024-12-16,night,balance,-0.05859584681729879,0.18209783139066793,0.020223376815457883,40
2024-12-16,night,volume,0.12885732495602098,6.797223891430106,0.8015938248889448,40
2024-12-17,night,delta,-0.4973613595706619,0.5253020274299345,0.22262514325101807,40
2024-12-17,night,def_cancel,0.33431391038021646,0.5581783500786207,0.05369304270260884,40
2024-12-17,night,att_cancel,0.33646337279242133,0.5769958092209277,0.05648309008033243,40
2024-12-17,night,def_refill,0.08902173913043479,0.765,0.1290536466694878,40
2024-12-17,night,att_refill,0.0846969696969697,0.787878787878788,0.13128012290282012,40
2024-12-17,night,def_hidden,0.0,0.021387596899224808,0.030501744345536878,40
2024-12-17,night,att_eff,-0.9682214788039742,0.7369648088345646,0.30766615819015347,40
2024-12-17,night,def_eff,-0.7921490231868509,0.8819643091395859,0.3068383394360985,40
2024-12-17,night,att_large,0.0,0.6633117401209756,0.16538875285775184,40
2024-12-17,night,def_large,0.0,0.6129583333333333,0.14866483583668436,40
2024-12-17,night,balance,-0.06000892124904811,0.1816268065800849,0.020091155423253612,40
2024-12-17,night,volume,0.12885732495602098,6.700580897713091,0.7730865705804304,40
2024-12-18,night,delta,-0.5001994633273703,0.522463923673226,0.22345932238602348,40
2024-12-18,night,def_cancel,0.3348261859859336,0.5586906256843379,0.05359146248940018,40
2024-12-18,night,att_cancel,0.3369817616640345,0.5769958092209277,0.056443770537868546,40
2024-12-18,night,def_refill,0.0895108695652174,0.7728260869565218,0.13004129553936813,40
2024-12-18,night,att_refill,0.0846969696969697,0.7898484848484849,0.13257668473120704,40
2024-12-18,night,def_hidden,0.0,0.01826356589147287,0.03014318361002658,40
2024-12-18,night,att_eff,-0.9506195558348023,0.7677681740306155,0.30676377916523995,40
2024-12-18,night,def_eff,-0.8028805189068922,0.8605013176995033,0.3065287457945852,40
2024-12-18,night,att_large,0.0,0.6642973444896546,0.16569991894823902,40
2024-12-18,night,def_large,0.0,0.616875,0.1499869443062218,40
2024-12-18,night,balance,-0.06330609492312989,0.1806847569589186,0.019932850048362885,40
2024-12-18,night,volume,0.09664299371701573,6.63615223523508,0.7654198413548386,40
2024-12-19,night,delta,-0.5001994633273703,0.522463923673226,0.2212937656193288,41
2024-12-19,night,def_cancel,0.335850737197368,0.5586906256843379,0.05304729508670447,41
2024-12-19,night,att_cancel,0.3380185394072608,0.5769958092209277,0.05591035278472318,41
2024-12-19,night,def_refill,0.09000000000000001,0.7742934782608696,0.12899729758031622,41
2024-12-19,night,att_refill,0.0846969696969697,0.7928030303030303,0.1317440483143811,41
2024-12-19,night,def_hidden,0.0,0.01682170542635659,0.029640831921360574,41
2024-12-19,night,att_eff,-0.9924241228865858,0.7765691355152016,0.3086770682642976,41
2024-12-19,night,def_eff,-0.8050268180509004,0.8841106082835943,0.3079047931619935,41
2024-12-19,night,att_large,0.0,0.6613405313836176,0.16385304200884013,41
2024-12-19,night,def_large,0.0,0.6149166666666667,0.1487512847769078,41
2024-12-19,night,balance,-0.06189302049138057,0.17880065771658626,0.01972076683872844,41
2024-12-19,night,volume,0.09664299371701573,6.507294910279059,0.7539659183301961,41
2024-12-20,night,delta,-0.5001994633273703,0.5234099582587954,0.22258891473723358,42
2024-12-20,night,def_cancel,0.3371314262116609,0.5650940707558025,0.05400043180960869,42
2024-12-20,night,att_cancel,0.34009209489371345,0.581142920193833,0.056231764602001695,42
2024-12-20,night,def_refill,0.08657608695652175,0.7679347826086957,0.13071393746656007,42
2024-12-20,night,att_refill,0.08125,0.7888636363636364,0.13320152016673545,42
2024-12-20,night,def_hidden,0.0,0.01898449612403101,0.02965449122812831,42
2024-12-20,night,att_eff,-0.9704217191751208,0.7633676932883224,0.30524621637389227,42
2024-12-20,night,def_eff,-0.7942953223308591,0.8562087194114869,0.3040698422858594,42
2024-12-20,night,att_large,0.0,0.6593693226462596,0.16356524602652905,42
2024-12-20,night,def_large,0.0,0.6134479166666666,0.14837757713285374,42
2024-12-20,night,balance,-0.06000892124904811,0.17173528555783968,0.01940795140236558,42
2024-12-20,night,volume,0.12885732495602098,6.314008922845028,0.73252020133629,42
2024-12-23,night,delta,-0.5058756708407872,0.5158416815742397,0.2268438262620617,40
2024-12-23,night,def_cancel,0.3386682530288124,0.56919227560154,0.05508962551516331,40
2024-12-23,night,att_cancel,0.3413880670727464,0.5837348645518988,0.05716884068276031,40
2024-12-23,night,def_refill,0.08315217391304348,0.7610869565217392,0.13279181387411557,40
2024-12-23,night,att_refill,0.07731060606060607,0.7804924242424243,0.13443938677556994,40
2024-12-23,night,def_hidden,0.0,0.01658139534883721,0.02957630836412017,40
2024-12-23,night,att_eff,-0.9528197962059488,0.7501662510614433,0.30373727391856387,40
2024-12-23,night,def_eff,-0.783563826610818,0.8304531296833879,0.3014019064924288,40
2024-12-23,night,att_large,0.0,0.651977289881167,0.1654137634120911,40
2024-12-23,night,def_large,0.0,0.6144270833333333,0.15322834646575378,40
2024-12-23,night,balance,-0.06848736783954401,0.1722063103684227,0.019507421673974738,40
2024-12-23,night,volume,0.12885732495602098,6.63615223523508,0.7460711738566029,40
2024-12-24,night,delta,-0.5001994633273703,0.5158416815742397,0.22634556288361823,40
2024-12-24,night,def_cancel,0.3386682530288124,0.5707291024186915,0.055258407055891176,40
2024-12-24,night,att_cancel,0.34190645594435953,0.584253253423512,0.05709497479688614,40
2024-12-24,night,def_refill,0.08315217391304348,0.7596195652173914,0.13267367411349765,40
2024-12-24,night,att_refill,0.0778030303030303,0.7780303030303031,0.13443328393455523,40
2024-12-24,night,def_hidden,0.0,0.01874418604651163,0.029771495405934992,40
2024-12-24,night,att_eff,-0.9418185943502162,0.7391650492057109,0.3029309269998633,40
2024-12-24,night,def_eff,-0.7814175274668096,0.8261605313953715,0.30119435983945086,40
2024-12-24,night,att_large,0.0,0.6524700920655065,0.16565070697030226,40
2024-12-24,night,def_large,0.0,0.6105104166666666,0.15285439769755516,40
2024-12-24,night,balance,-0.07084249189245956,0.16890913669434104,0.019539232417683492,40
2024-12-24,night,volume,0.12885732495602098,6.6039379039960755,0.7457623931871721,40
2024-12-26,night,delta,-0.5001994633273703,0.5158416815742397,0.22560484481932025,40
2024-12-26,night,def_cancel,0.3386682530288124,0.5707291024186915,0.05510916480166897,40
2024-12-26,night,att_cancel,0.3421656503801661,0.5845124478593186,0.056923829825448316,40
2024-12-26,night,def_refill,0.08315217391304348,0.7586413043478262,0.13215117346641186,40
2024-12-26,night,att_refill,0.0778030303030303,0.7780303030303031,0.13406274415111666,40
2024-12-26,night,def_hidden,0.0,0.01946511627906977,0.029688492916182193,40
2024-12-26,night,att_eff,-0.9440188347213627,0.7501662510614433,0.3021956532444655,40
2024-12-26,night,def_eff,-0.7900027240428427,0.8368920271154128,0.3008995036676293,40
2024-12-26,night,att_large,0.0,0.6524700920655065,0.16517230346408757,40
2024-12-26,night,def_large,0.0,0.6100208333333332,0.15234625401701454,40
2024-12-26,night,balance,-0.07084249189245956,0.17267733517900585,0.019494712506151198,40
2024-12-26,night,volume,0.12885732495602098,6.6039379039960755,0.7433906522030981,40
2024-12-30,night,delta,-0.5001994633273703,0.522463923673226,0.22711558817799934,38
2024-12-30,night,def_cancel,0.3381559774230952,0.5712413780244087,0.05542546071916119,38
2024-12-30,night,att_cancel,0.34190645594435953,0.5845124478593186,0.05731956425769583,38
2024-12-30,night,def_refill,0.08119565217391304,0.7571739130434784,0.13170160491789712,38
2024-12-30,night,att_refill,0.0753409090909091,0.7750757575757576,0.13371120479220872,38
2024-12-30,night,def_hidden,0.0,0.03292248062015504,0.030757587562374525,38
2024-12-30,night,att_eff,-0.9374181136079232,0.7501662510614433,0.29865408576616953,38
2024-12-30,night,def_eff,-0.7814175274668096,0.8347457279714043,0.2975934983492888,38
2024-12-30,night,att_large,0.0,0.6583837182775806,0.16716898926241566,38
2024-12-30,night,def_large,0.0,0.6134479166666666,0.15418572953255633,38
2024-12-30,night,balance,-0.0670742934077947,0.17173528555783968,0.019282316090475742,38
2024-12-30,night,volume,0.12885732495602098,6.668366566474086,0.7492417901888185,38
2024-12-31,night,delta,-0.5058756708407872,0.5262480620155039,0.22602250695387083,38
2024-12-31,night,def_cancel,0.33918052863452963,0.5712413780244087,0.05501603976930255,38
2024-12-31,night,att_cancel,0.34268403925177926,0.5845124478593186,0.05694577088742222,38
2024-12-31,night,def_refill,0.08021739130434784,0.7547282608695652,0.13050454328417516,38
2024-12-31,night,att_refill,0.07386363636363637,0.7731060606060607,0.13293898797137882,38
2024-12-31,night,def_hidden,0.0,0.03532558139534884,0.03074828983444112,38
2024-12-31,night,att_eff,-0.9528197962059488,0.7567669721748831,0.29605749019544486,38
2024-12-31,night,def_eff,-0.7921490231868509,0.8411846254034292,0.2943561665418133,38
2024-12-31,night,att_large,0.0,0.6608477291992781,0.16598817582067255,38
2024-12-31,night,def_large,0.0,0.6105104166666666,0.1528030969622563,38
2024-12-31,night,balance,-0.06566121897604538,0.1707932359366734,0.018834142565767386,38
2024-12-31,night,volume,0.09664299371701573,6.539509241518065,0.733798551434743,38
2025-01-02,night,delta,-0.5058756708407872,0.5253020274299345,0.225169782645846,38
2025-01-02,night,def_cancel,0.34020507984596393,0.5709852402215501,0.05475069876469546,38
2025-01-02,night,att_cancel,0.3432024281233924,0.5852900311667383,0.05675833504209203,38
2025-01-02,night,def_refill,0.07972826086956522,0.7503260869565218,0.12975975878572168,38
2025-01-02,night,att_refill,0.07337121212121213,0.7696590909090909,0.13223388844241246,38
2025-01-02,night,def_hidden,0.0,0.03532558139534884,0.03079857104768299,38
2025-01-02,night,att_eff,-0.9770224402885603,0.7655679336594692,0.295666909709821,38
2025-01-02,night,def_eff,-0.7964416214748675,0.8647939159875198,0.2941381769390176,38
2025-01-02,night,att_large,0.0,0.6638045423053152,0.1657168231688086,38
2025-01-02,night,def_large,0.0,0.6080625,0.15227906798176233,38
2025-01-02,night,balance,-0.06566121897604538,0.1722063103684227,0.018829840325519816,38
2025-01-02,night,volume,0.09664299371701573,6.539509241518065,0.7313528430656212,38
2025-01-03,night,delta,-0.5058756708407872,0.522463923673226,0.22315408520414057,39
2025-01-03,night,def_cancel,0.3412296310573983,0.5714975158272673,0.054463648241444854,39
2025-01-03,night,att_cancel,0.34398001143081214,0.5858084200383514,0.0564001718910467,39
2025-01-03,night,def_refill,0.0782608695652174,0.7449456521739131,0.12841658090405889,39
2025-01-03,night,att_refill,0.07238636363636364,0.7647348484848485,0.1309328492523827,39
2025-01-03,night,def_hidden,0.0,0.034124031007751944,0.030148332184611267,39
2025-01-03,night,att_eff,-0.9770224402885603,0.7655679336594692,0.29599082560631684,39
2025-01-03,night,def_eff,-0.7921490231868509,0.8626476168435118,0.2944433801696966,39
2025-01-03,night,att_large,0.0,0.6613405313836176,0.16373023932381134,39
2025-01-03,night,def_large,0.0,0.6061041666666667,0.15086438625085027,39
2025-01-03,night,balance,-0.0647191693548792,0.17032221112609036,0.018767230260308094,39
2025-01-03,night,volume,0.09664299371701573,6.378437585323039,0.719392624644325,39
2025-01-06,night,delta,-0.5058756708407872,0.522463923673226,0.2117767161624661,37
2025-01-06,night,def_cancel,0.3527558321860347,0.5738027560529945,0.05150406951506645,37
2025-01-06,night,att_cancel,0.35486617773468854,0.5876227810889975,0.053264296793052314,37
2025-01-06,night,def_refill,0.07875,0.7503260869565218,0.1254310902862369,37
2025-01-06,night,att_refill,0.07484848484848486,0.7667045454545455,0.12836034065988,37
2025-01-06,night,def_hidden,0.0,0.030519379844961243,0.0253420559370723,37
2025-01-06,night,att_eff,-1.0430296514229553,0.7787693758863479,0.2993473432478293,37
2025-01-06,night,def_eff,-0.8157583137709417,0.899134702291652,0.29832657916876193,37
2025-01-06,night,att_large,0.0,0.655919707355883,0.15316819604047144,37
2025-01-06,night,def_large,0.0,0.5943541666666666,0.14341171148725376,37
2025-01-06,night,balance,-0.06189302049138057,0.1576045412403465,0.017473856999831533,37
2025-01-06,night,volume,0.09664299371701573,5.991865610454975,0.6994728629033382,37
2025-01-07,night,delta,-0.5058756708407872,0.522463923673226,0.2128005266516399,37
2025-01-07,night,def_cancel,0.35198741877745887,0.5740588938558531,0.0519455510409279,37
2025-01-07,night,att_cancel,0.3543477888630754,0.5876227810889975,0.05357334886345583,37
2025-01-07,night,def_refill,0.07923913043478262,0.7503260869565218,0.12637574649364725,37
2025-01-07,night,att_refill,0.07484848484848486,0.7696590909090909,0.12930203622316586,37
2025-01-07,night,def_hidden,0.0,0.030519379844961243,0.025229146781464405,37
2025-01-07,night,att_eff,-1.0452298917941019,0.7787693758863479,0.2993201614832116,37
2025-01-07,night,def_eff,-0.8157583137709417,0.8948421040036356,0.2983675348247005,37
2025-01-07,night,att_large,0.0,0.6564125095402226,0.15402887698424594,37
2025-01-07,night,def_large,0.0,0.5953333333333333,0.14436741099773948,37
2025-01-07,night,balance,-0.06189302049138057,0.15524941718743102,0.017592780408703754,37
2025-01-07,night,volume,0.09664299371701573,6.056294272932986,0.7013611369333651,37
2025-01-08,night,delta,-0.5058756708407872,0.5215178890876566,0.2125858570034427,37
2025-01-08,night,def_cancel,0.3527558321860347,0.5738027560529945,0.05183390157154044,37
2025-01-08,night,att_cancel,0.3553845666063017,0.5876227810889975,0.05346331666288326,37
2025-01-08,night,def_refill,0.07972826086956522,0.7503260869565218,0.1261653191754766,37
2025-01-08,night,att_refill,0.07484848484848486,0.7662121212121212,0.12916759280138018,37
2025-01-08,night,def_hidden,0.0,0.030038759689922482,0.025222565080561053,37
2025-01-08,night,att_eff,-1.0474301321652484,0.7787693758863479,0.2997338287149327,37
2025-01-08,night,def_eff,-0.8179046129149499,0.8926958048596272,0.2989301022238123,37
2025-01-08,night,att_large,0.0,0.653948498618525,0.15375771975109,37
2025-01-08,night,def_large,0.0,0.5943541666666666,0.1440502689343542,37
2025-01-08,night,balance,-0.06189302049138057,0.15524941718743102,0.01757226557685468,37
2025-01-08,night,volume,0.09664299371701573,6.056294272932986,0.7015194063256222,37
2025-01-09,night,delta,-0.5058756708407872,0.5177337507453788,0.2143678735687049,38
2025-01-09,night,def_cancel,0.35326810779175183,0.5735466182501359,0.05190822904250157,38
2025-01-09,night,att_cancel,0.35590295547791484,0.5873635866531909,0.05354487083480013,38
2025-01-09,night,def_refill,0.07972826086956522,0.7503260869565218,0.12574102868242412,38
2025-01-09,night,att_refill,0.0743560606060606,0.7662121212121212,0.12883102981880154,38
2025-01-09,night,def_hidden,0.0,0.028596899224806203,0.024807181684857123,38
2025-01-09,night,att_eff,-1.0364289303095158,0.7787693758863479,0.3000450238986451,38
2025-01-09,night,def_eff,-0.8114657154829252,0.8926958048596272,0.2989777157278328,38
2025-01-09,night,att_large,0.0,0.6534556964341856,0.1545701747458701,38
2025-01-09,night,def_large,0.0,0.5972916666666667,0.14600061229475558,38
2025-01-09,night,balance,-0.06047994605963125,0.15430736756626473,0.017688879631059532,38
2025-01-09,night,volume,0.09664299371701573,6.410651916562044,0.7071932331435853,38
2025-01-10,night,delta,-0.5058756708407872,0.5158416815742397,0.21283269666434054,39
2025-01-10,night,def_cancel,0.353780383397469,0.5730343426444188,0.051525531501104345,39
2025-01-10,night,att_cancel,0.356421344349528,0.5871043922173843,0.053127245497332394,39
2025-01-10,night,def_refill,0.07972826086956522,0.7459239130434783,0.1248296975846506,39
2025-01-10,night,att_refill,0.07386363636363637,0.7647348484848485,0.12786245773656174,39
2025-01-10,night,def_hidden,0.0,0.027875968992248066,0.024587033581082485,39
2025-01-10,night,att_eff,-1.0606315743921273,0.7787693758863479,0.29960119198319285,39
2025-01-10,night,def_eff,-0.8200509120589583,0.90128100143566,0.29856793390420994,39
2025-01-10,night,att_large,0.0,0.650991685512488,0.15335825197354253,39
2025-01-10,night,def_large,0.0,0.59484375,0.14472867703542613,39
2025-01-10,night,balance,-0.0647191693548792,0.15430736756626473,0.018061402019996228,39
2025-01-10,night,volume,0.09664299371701573,6.346223254084033,0.7007219821976882,39
2025-01-13,night,delta,-0.5001994633273703,0.5158416815742397,0.21154694184943723,37
2025-01-13,night,def_cancel,0.35506107241176194,0.5735466182501359,0.051034703355449004,37
2025-01-13,night,att_cancel,0.3571989276569477,0.5868451977815777,0.05244763207898776,37
2025-01-13,night,def_refill,0.07875,0.7395652173913044,0.12275100396812932,37
2025-01-13,night,att_refill,0.07386363636363637,0.7588257575757577,0.12555285809593447,37
2025-01-13,night,def_hidden,0.0,0.026914728682170545,0.023399145697425808,37
2025-01-13,night,att_eff,-1.0562310936498343,0.7787693758863479,0.29804646101431914,37
2025-01-13,night,def_eff,-0.8264898094909829,0.899134702291652,0.29734877093205264,37
2025-01-13,night,att_large,0.0,0.646063663669093,0.15132593782800322,37
2025-01-13,night,def_large,0.0,0.593375,0.14380543933636417,37
2025-01-13,night,balance,-0.06801634302896092,0.16043069010384514,0.019596722575049262,37
2025-01-13,night,volume,0.09664299371701573,6.442866247801049,0.7555486982152878,37
2025-01-14,night,delta,-0.5049296362552177,0.5167877161598091,0.21173729184720988,37
2025-01-14,night,def_cancel,0.35506107241176194,0.5738027560529945,0.05105134945415107,37
2025-01-14,night,att_cancel,0.35693973322114114,0.5876227810889975,0.052481988284491576,37
2025-01-14,night,def_refill,0.07875,0.7336956521739131,0.1222588350442603,37
2025-01-14,night,att_refill,0.07238636363636364,0.7563636363636363,0.12517602245069534,37
2025-01-14,night,def_hidden,0.0,0.026434108527131784,0.023154033783256513,37
2025-01-14,night,att_eff,-1.0430296514229553,0.7743688951440548,0.2957427582304279,37
2025-01-14,night,def_eff,-0.8157583137709417,0.8841106082835943,0.2950094389536568,37
2025-01-14,night,att_large,0.0,0.6475420702221114,0.15182130238664718,37
2025-01-14,night,def_large,0.0,0.5943541666666666,0.1443357229901212,37
2025-01-14,night,balance,-0.0670742934077947,0.16043069010384514,0.019624484671086427,37
2025-01-14,night,volume,0.09664299371701573,6.378437585323039,0.7535224923724491,37
2025-01-15,night,delta,-0.5058756708407872,0.5158416815742397,0.21251845608507086,37
2025-01-15,night,def_cancel,0.3545487968060448,0.5738027560529945,0.05247677201621661,37
2025-01-15,night,att_cancel,0.35668053878533457,0.5881411699606106,0.05274765178287114,37
2025-01-15,night,def_refill,0.0782608695652174,0.7336956521739131,0.12262521618266485,37
2025-01-15,night,att_refill,0.07238636363636364,0.7568560606060607,0.12560730802810727,37
2025-01-15,night,def_hidden,0.0,0.026914728682170545,0.023607391260544376,37
2025-01-15,night,att_eff,-1.0584313340209808,0.7765691355152016,0.29898160578876415,37
2025-01-15,night,def_eff,-0.8157583137709417,0.8948421040036356,0.29855998258812905,37
2025-01-15,night,att_large,0.0,0.6465564658534324,0.15321952337946126,37
2025-01-15,night,def_large,0.0,0.5968020833333333,0.14561373996819804,37
2025-01-15,night,balance,-0.07178454151362573,0.16137273972501132,0.02121177660913594,37
2025-01-15,night,volume,0.09664299371701573,6.63615223523508,0.8215295318931592,37
2025-01-16,night,delta,-0.5058756708407872,0.5158416815742397,0.2157626939495951,38
2025-01-16,night,def_cancel,0.3540365212003276,0.5738027560529945,0.05322072384721632,38
2025-01-16,night,att_cancel,0.356421344349528,0.5881411699606106,0.05357190737050691,38
2025-01-16,night,def_refill,0.07875,0.7336956521739131,0.12484746135420613,38
2025-01-16,night,att_refill,0.07238636363636364,0.7568560606060607,0.12798005486712247,38
2025-01-16,night,def_hidden,0.0,0.026674418604651164,0.023717654143222692,38
2025-01-16,night,att_eff,-1.0562310936498343,0.7743688951440548,0.2983919208891541,38
2025-01-16,night,def_eff,-0.8114657154829252,0.8905495057156187,0.29774774985275454,38
2025-01-16,night,att_large,0.0,0.6475420702221114,0.15581112232657174,38
2025-01-16,night,def_large,0.0,0.6002291666666666,0.14959860458268376,38
2025-01-16,night,balance,-0.07131351670304265,0.16090171491442828,0.02117688560993416,38
2025-01-16,night,volume,0.09664299371701573,7.377081853732201,0.843595584183151,38
2025-01-17,night,delta,-0.5049296362552177,0.5158416815742397,0.21553327158552152,39
2025-01-17,night,def_cancel,0.3542926590031862,0.5732904804472774,0.05305289639825534,39
2025-01-17,night,att_cancel,0.356421344349528,0.587881975524804,0.05346619751066199,39
2025-01-17,night,def_refill,0.07875,0.7351630434782609,0.12483849152694083,39
2025-01-17,night,att_refill,0.07287878787878788,0.7563636363636363,0.12782458529908092,39
2025-01-17,night,def_hidden,0.0,0.026434108527131784,0.023601563780419794,39
2025-01-17,night,att_eff,-1.049630372536395,0.7743688951440548,0.2984623247486055,39
2025-01-17,night,def_eff,-0.8114657154829252,0.8862569074276023,0.2979859195438405,39
2025-01-17,night,att_large,0.0,0.645078059300414,0.15530449196053378,39
2025-01-17,night,def_large,0.0,0.5972916666666667,0.1490093314205004,39
2025-01-17,night,balance,-0.07037146708187647,0.16043069010384514,0.021102536818288102,39
2025-01-17,night,volume,0.09664299371701573,7.31265319125419,0.8398523936107575,39
2025-01-20,night,delta,-0.5058756708407872,0.5158416815742397,0.2117626016324813,37
2025-01-20,night,def_cancel,0.3540365212003276,0.5727782048415602,0.052224375867181594,37
2025-01-20,night,att_cancel,0.3571989276569477,0.5873635866531909,0.05248905704784695,37
2025-01-20,night,def_refill,0.0782608695652174,0.7317391304347827,0.12236254286031702,37
2025-01-20,night,att_refill,0.07238636363636364,0.7558712121212121,0.1254273282466344,37
2025-01-20,night,def_hidden,0.0,0.027875968992248066,0.023295190091419005,37
2025-01-20,night,att_eff,-1.0760332569901527,0.7787693758863479,0.29907247630163153,37
2025-01-20,night,def_eff,-0.8243435103469747,0.8841106082835943,0.298332870880793,37
2025-01-20,night,att_large,0.0,0.6455708614847534,0.1520822735487588,37
2025-01-20,night,def_large,0.0,0.5972916666666667,0.14676478202237891,37
2025-01-20,night,balance,-0.06848736783954401,0.1538363427556817,0.02096296826183803,37
2025-01-20,night,volume,0.09664299371701573,6.732795228952096,0.830026977805631,37
2025-01-21,night,delta,-0.5001994633273703,0.5196258199165176,0.2071163721351999,37
2025-01-21,night,def_cancel,0.3542926590031862,0.5725220670387016,0.05111831945245069,37
2025-01-21,night,att_cancel,0.3582357054001741,0.5873635866531909,0.050898202630624716,37
2025-01-21,night,def_refill,0.0777717391304348,0.7356521739130435,0.12050335069114765,37
2025-01-21,night,att_refill,0.07287878787878788,0.7578409090909092,0.12343474783047223,37
2025-01-21,night,def_hidden,0.0,0.029558139534883725,0.023193764069746096,37
2025-01-21,night,att_eff,-1.093635179959325,0.787570337370934,0.2984866729403818,37
2025-01-21,night,def_eff,-0.8372213052110242,0.899134702291652,0.29800249884643903,37
2025-01-21,night,att_large,0.0,0.6475420702221114,0.14942023561322165,37
2025-01-21,night,def_large,0.0,0.5963124999999999,0.14362637804857628,37
2025-01-21,night,balance,-0.06942941746071024,0.15242326832393238,0.020882988403525333,37
2025-01-21,night,volume,0.09664299371701573,6.378437585323039,0.7960704723120552,37
2025-01-23,night,delta,-0.5001994633273703,0.5186797853309482,0.2057497305129091,37
2025-01-23,night,def_cancel,0.3540365212003276,0.5720097914329844,0.050934917453592285,37
2025-01-23,night,att_cancel,0.3579765109643675,0.5873635866531909,0.05063934252901406,37
2025-01-23,night,def_refill,0.0782608695652174,0.7361413043478261,0.12006123589473983,37
2025-01-23,night,att_refill,0.07337121212121213,0.7578409090909092,0.12291127371222142,37
2025-01-23,night,def_hidden,0.0,0.029077519379844964,0.02310232216003735,37
2025-01-23,night,att_eff,-1.093635179959325,0.787570337370934,0.2985425613940315,37
2025-01-23,night,def_eff,-0.8372213052110242,0.90128100143566,0.29785274686029045,37
2025-01-23,night,att_large,0.0,0.6440924549317348,0.1482525901550289,37
2025-01-23,night,def_large,0.0,0.5943541666666666,0.14289582300109088,37
2025-01-23,night,balance,-0.07084249189245956,0.15242326832393238,0.021005246952463807,37
2025-01-23,night,volume,0.09664299371701573,6.346223254084033,0.7925403023529936,37
2025-01-24,night,delta,-0.5001994633273703,0.5177337507453788,0.20536781771378507,38
2025-01-24,night,def_cancel,0.3542926590031862,0.5717536536301258,0.050766151161288596,38
2025-01-24,night,att_cancel,0.3582357054001741,0.5868451977815777,0.05048233488658746,38
2025-01-24,night,def_refill,0.07875,0.7371195652173914,0.11989225808601575,38
2025-01-24,night,att_refill,0.07386363636363637,0.7578409090909092,0.12275922347023308,38
2025-01-24,night,def_hidden,0.0,0.029077519379844964,0.02301218042372603,38
2025-01-24,night,att_eff,-1.093635179959325,0.787570337370934,0.2983935568216056,38
2025-01-24,night,def_eff,-0.835075006067016,0.90128100143566,0.29787525853358493,38
2025-01-24,night,att_large,0.0,0.6440924549317348,0.1480565470218056,38
2025-01-24,night,def_large,0.0,0.5943541666666666,0.1425320728302499,38
2025-01-24,night,balance,-0.07037146708187647,0.15430736756626473,0.02094974420074991,38
2025-01-24,night,volume,0.09664299371701573,6.2817945916060225,0.7890375633173909,38
2025-01-27,night,delta,-0.5001994633273703,0.5158416815742397,0.20477983142475117,37
2025-01-27,night,def_cancel,0.3542926590031862,0.5720097914329844,0.05084639481112163,37
2025-01-27,night,att_cancel,0.359531677579207,0.5863268089099646,0.050345398995492736,37
2025-01-27,night,def_refill,0.0782608695652174,0.7356521739130435,0.12012348729043446,37
2025-01-27,night,att_refill,0.0743560606060606,0.7558712121212121,0.12265647082999118,37
2025-01-27,night,def_hidden,0.0,0.029077519379844964,0.023248492189821834,37
2025-01-27,night,att_eff,-1.093635179959325,0.787570337370934,0.29814970793085754,37
2025-01-27,night,def_eff,-0.835075006067016,0.9055735997236765,0.2972686901416687,37
2025-01-27,night,att_large,0.0,0.6440924549317348,0.14758557566080685,37
2025-01-27,night,def_large,0.0,0.5943541666666666,0.14281476878859972,37
2025-01-27,night,balance,-0.07084249189245956,0.1561914668085972,0.021063867333760367,37
2025-01-27,night,volume,0.09664299371701573,6.346223254084033,0.791161188368068,37
2025-01-28,night,delta,-0.5001994633273703,0.5148956469886703,0.21162098994798528,38
2025-01-28,night,def_cancel,0.3540365212003276,0.5714975158272673,0.052204679729332945,38
2025-01-28,night,att_cancel,0.3592724831434004,0.5845124478593186,0.051553333481790684,38
2025-01-28,night,def_refill,0.07875,0.7302717391304349,0.12325342359840666,38
2025-01-28,night,att_refill,0.0753409090909091,0.7504545454545455,0.1257633324845051,38
2025-01-28,night,def_hidden,0.0,0.027875968992248066,0.024538175038830705,38
2025-01-28,night,att_eff,-1.0606315743921273,0.7743688951440548,0.2956259055176844,38
2025-01-28,night,def_eff,-0.8071731171949086,0.8841106082835943,0.2953221556370688,38
2025-01-28,night,att_large,0.0,0.6431068505630558,0.15265067012613426,38
2025-01-28,night,def_large,0.0,0.5968020833333333,0.14711134707110984,38
2025-01-28,night,balance,-0.07084249189245956,0.15666249161918033,0.02144224754675075,38
2025-01-28,night,volume,0.09664299371701573,7.216010197537175,0.8711392870763238,38
2025-01-30,night,delta,-0.5001994633273703,0.5101654740608228,0.21032245990712897,38
2025-01-30,night,def_cancel,0.3548049346089034,0.5704729646158329,0.05180433835421094,38
2025-01-30,night,att_cancel,0.359531677579207,0.5834756701160922,0.05106836944969061,38
2025-01-30,night,def_refill,0.07875,0.7258695652173913,0.12175985571035085,38
2025-01-30,night,att_refill,0.07681818181818183,0.7504545454545455,0.12468418278540926,38
2025-01-30,night,def_hidden,0.0,0.027155038759689925,0.02416474584552743,38
2025-01-30,night,att_eff,-1.0650320551344203,0.7743688951440548,0.29380571918729526,38
2025-01-30,night,def_eff,-0.8071731171949086,0.873379112563553,0.2939227344513695,38
2025-01-30,night,att_large,0.0,0.6352220156136238,0.15128161651449576,38
2025-01-30,night,def_large,0.0,0.5963124999999999,0.14621165245987863,38
2025-01-30,night,balance,-0.06848736783954401,0.15430736756626473,0.021383520547452795,38
2025-01-30,night,volume,0.09664299371701573,7.151581535059164,0.8642294331845121,38
2025-01-31,night,delta,-0.5001994633273703,0.5111115086463924,0.21015704421492304,39
2025-01-31,night,def_cancel,0.35506107241176194,0.5702168268129743,0.05173246161552796,39
2025-01-31,night,att_cancel,0.359531677579207,0.5834756701160922,0.05101926349903125,39
2025-01-31,night,def_refill,0.07875,0.7258695652173913,0.12173052252065204,39
2025-01-31,night,att_refill,0.07681818181818183,0.7504545454545455,0.1246243185360761,39
2025-01-31,night,def_hidden,0.0,0.026674418604651164,0.024119359955395936,39
2025-01-31,night,att_eff,-1.0650320551344203,0.7743688951440548,0.2938494456193433,39
2025-01-31,night,def_eff,-0.8071731171949086,0.873379112563553,0.2941174641027755,39
2025-01-31,night,att_large,0.0,0.6357148177979632,0.15129789525663637,39
2025-01-31,night,def_large,0.0,0.5953333333333333,0.145925450217618,39
2025-01-31,night,balance,-0.06801634302896092,0.15524941718743102,0.02136583308383071,39
2025-01-31,night,volume,0.09664299371701573,7.151581535059164,0.8627501084692589,39
2025-02-03,night,delta,-0.5001994633273703,0.5054353011329755,0.21056065198378782,37
2025-02-03,night,def_cancel,0.3560856236231963,0.5704729646158329,0.05175443170710872,37
2025-02-03,night,att_cancel,0.3597908720150136,0.5829572812444791,0.05103590502088422,37
2025-02-03,night,def_refill,0.07875,0.7146195652173913,0.1214160266273145,37
2025-02-03,night,att_refill,0.07681818181818183,0.7410984848484848,0.1245372624971007,37
2025-02-03,night,def_hidden,0.0,0.026434108527131784,0.024243971728688075,37
2025-02-03,night,att_eff,-1.0562310936498343,0.7677681740306155,0.2925594054722456,37
2025-02-03,night,def_eff,-0.8071731171949086,0.8712328134195446,0.2929593840584614,37
2025-02-03,night,att_large,0.0,0.6347292134292842,0.15162091924966262,37
2025-02-03,night,def_large,0.0,0.5943541666666666,0.1463025255539691,37
2025-02-03,night,balance,-0.06895839265012715,0.1561914668085972,0.02143981592721961,37
2025-02-03,night,volume,0.09664299371701573,7.18379586629817,0.867347929690808,37
2025-02-04,night,delta,-0.5001994633273703,0.5054353011329755,0.21394922786253917,37
2025-02-04,night,def_cancel,0.3540365212003276,0.5697045512072572,0.05264384743095953,37
2025-02-04,night,att_cancel,0.3579765109643675,0.5816613090654461,0.051671602179143315,37
2025-02-04,night,def_refill,0.07923913043478262,0.7077717391304348,0.12244991721778843,37
2025-02-04,night,att_refill,0.07681818181818183,0.7356818181818182,0.12568015830900375,37
2025-02-04,night,def_hidden,0.0,0.025232558139534886,0.024023493731722984,37
2025-02-04,night,att_eff,-1.02762796882493,0.7545667318037363,0.2914817850268015,37
2025-02-04,night,def_eff,-0.7921490231868509,0.8476235228354541,0.2923566086683978,37
2025-02-04,night,att_large,0.0,0.6347292134292842,0.1543874690421294,37
2025-02-04,night,def_large,0.0,0.59190625,0.14737819231625365,37
2025-02-04,night,balance,-0.07131351670304265,0.15807556605092965,0.023854132868683278,37
2025-02-04,night,volume,0.09664299371701573,7.31265319125419,0.8886204295736837,37
2025-02-05,night,delta,-0.5001994633273703,0.5044892665474061,0.21439455669669313,37
2025-02-05,night,def_cancel,0.3548049346089034,0.5694484134043986,0.052814807357136326,37
2025-02-05,night,att_cancel,0.3582357054001741,0.5814021146296395,0.051848365028952494,37
2025-02-05,night,def_refill,0.07923913043478262,0.7023913043478262,0.12241907672043197,37
2025-02-05,night,att_refill,0.07681818181818183,0.7317424242424243,0.12565700108477879,37
2025-02-05,night,def_hidden,0.0,0.025713178294573646,0.023979919080745683,37
2025-02-05,night,att_eff,-1.0232274880826369,0.75236649143259,0.2907972859624549,37
2025-02-05,night,def_eff,-0.7921490231868509,0.8390383262594208,0.2912762286007099,37
2025-02-05,night,att_large,0.0,0.6347292134292842,0.15456311265087078,37
2025-02-05,night,def_large,0.0,0.5894583333333333,0.1473444948204659,37
2025-02-05,night,balance,-0.07178454151362573,0.15807556605092965,0.02399823824054435,37
2025-02-05,night,volume,0.09664299371701573,7.377081853732201,0.8906140985299672,37
2025-02-06,night,delta,-0.4973613595706619,0.5044892665474061,0.2141979164545515,38
2025-02-06,night,def_cancel,0.3548049346089034,0.56919227560154,0.05278465701043779,38
2025-02-06,night,att_cancel,0.3582357054001741,0.5814021146296395,0.05182721541560817,38
2025-02-06,night,def_refill,0.07923913043478262,0.7023913043478262,0.12235357579511075,38
2025-02-06,night,att_refill,0.07681818181818183,0.7317424242424243,0.12555575239826253,38
2025-02-06,night,def_hidden,0.0,0.025472868217054266,0.023942308937764795,38
2025-02-06,night,att_eff,-1.0166267669691973,0.75236649143259,0.29111968056069787,38
2025-02-06,night,def_eff,-0.7921490231868509,0.8390383262594208,0.29168786984433737,38
2025-02-06,night,att_large,0.0,0.6342364112449448,0.15438043377569913,38
2025-02-06,night,def_large,0.0,0.5894583333333333,0.14723354096514707,38
2025-02-06,night,balance,-0.07131351670304265,0.15948864048267897,0.023963616344204852,38
2025-02-06,night,volume,0.09664299371701573,7.377081853732201,0.8918436744798346,38
2025-02-07,night,delta,-0.5001994633273703,0.5054353011329755,0.21529560975576614,39
2025-02-07,night,def_cancel,0.3542926590031862,0.56919227560154,0.05307670793851843,39
2025-02-07,night,att_cancel,0.3574581220927543,0.5808837257580264,0.052022359020717605,39
2025-02-07,night,def_refill,0.07875,0.7087500000000001,0.12381050426752664,39
2025-02-07,night,att_refill,0.07681818181818183,0.7371590909090909,0.1267815423488835,39
2025-02-07,night,def_hidden,0.0,0.025472868217054266,0.024051036287686796,39
2025-02-07,night,att_eff,-1.0100260458557577,0.7501662510614433,0.2913851727860979,39
2025-02-07,night,def_eff,-0.7878564248988345,0.8347457279714043,0.2919680031681715,39
2025-02-07,night,att_large,0.0,0.6367004221666422,0.15532365100432358,39
2025-02-07,night,def_large,0.0,0.5909270833333333,0.14794031080688783,39
2025-02-07,night,balance,-0.07037146708187647,0.15901761567209582,0.023866392789953665,39
2025-02-07,night,volume,0.09664299371701573,7.4415105162102115,0.9499884291394307,39
2025-02-10,night,delta,-0.495469290399523,0.5007051282051282,0.21533616608926978,37
2025-02-10,night,def_cancel,0.35506107241176194,0.5697045512072572,0.0531905198153263,37
2025-02-10,night,att_cancel,0.35849489983598065,0.5806245313222198,0.05215407515394782,37
2025-02-10,night,def_refill,0.07875,0.6960326086956522,0.12392304011141177,37
2025-02-10,night,att_refill,0.0778030303030303,0.727310606060606,0.12642023668924404,37
2025-02-10,night,def_hidden,0.0,0.021868217054263568,0.023675874584518544,37
2025-02-10,night,att_eff,-1.0012250843711719,0.743565529948004,0.2891837652589344,37
2025-02-10,night,def_eff,-0.783563826610818,0.8218679331073546,0.2893624936708517,37
2025-02-10,night,att_large,0.0,0.6307867959545682,0.1553215748710176,37
2025-02-10,night,def_large,0.0,0.5801562499999999,0.14758003338310258,37
2025-02-10,night,balance,-0.06942941746071024,0.16514093820967624,0.024142946282965202,37
2025-02-10,night,volume,0.09664299371701573,7.505939178688222,0.9578067484692268,37
2025-02-11,night,delta,-0.495469290399523,0.5007051282051282,0.21393458118277145,37
2025-02-11,night,def_cancel,0.35531721021462054,0.5694484134043986,0.05288545766134862,37
2025-02-11,night,att_cancel,0.3587540942717872,0.5806245313222198,0.05187226085485092,37
2025-02-11,night,def_refill,0.07875,0.692608695652174,0.1227094803308262,37
2025-02-11,night,att_refill,0.0778030303030303,0.7243560606060606,0.12531363414291086,37
2025-02-11,night,def_hidden,0.0,0.021627906976744188,0.02361517907687696,37
2025-02-11,night,att_eff,-1.0012250843711719,0.747966010690297,0.28899358153738897,37
2025-02-11,night,def_eff,-0.7878564248988345,0.824014232251363,0.28978322753318475,37
2025-02-11,night,att_large,0.0,0.6288155872172102,0.1540397967559032,37
2025-02-11,night,def_large,0.0,0.5781979166666666,0.14613998025809588,37
2025-02-11,night,balance,-0.06801634302896092,0.16514093820967624,0.024174129953255047,37
2025-02-11,night,volume,0.09664299371701573,7.377081853732201,0.9323186026807597,37
2025-02-12,night,delta,-0.495469290399523,0.5007051282051282,0.2146169131267827,37
2025-02-12,night,def_cancel,0.3555733480174791,0.56919227560154,0.052942925310751,37
2025-02-12,night,att_cancel,0.35849489983598065,0.5803653368864132,0.051966226483698495,37
2025-02-12,night,def_refill,0.07875,0.6945652173913044,0.12318060923288768,37
2025-02-12,night,att_refill,0.07731060606060607,0.727310606060606,0.12583021027143995,37
2025-02-12,night,def_hidden,0.0,0.021868217054263568,0.023664367006898012,37
2025-02-12,night,att_eff,-1.0012250843711719,0.743565529948004,0.2891215740354736,37
2025-02-12,night,def_eff,-0.7792712283228014,0.8218679331073546,0.28984865273603133,37
2025-02-12,night,att_large,0.0,0.6283227850328706,0.1545520572860457,37
2025-02-12,night,def_large,0.0,0.5777083333333333,0.14696112660250885,37
2025-02-12,night,balance,-0.06801634302896092,0.16514093820967624,0.024211793472312566,37
2025-02-12,night,volume,0.12885732495602098,7.4415105162102115,0.9335519425344523,37
2025-02-13,night,delta,-0.49641532498509244,0.5007051282051282,0.2163460264240388,38
2025-02-13,night,def_cancel,0.3555733480174791,0.56919227560154,0.05309682524259063,38
2025-02-13,night,att_cancel,0.35849489983598065,0.5801061424506067,0.05220267172381617,38
2025-02-13,night,def_refill,0.07875,0.6960326086956522,0.12463229520882106,38
2025-02-13,night,att_refill,0.0778030303030303,0.727310606060606,0.12736939149666565,38
2025-02-13,night,def_hidden,0.0,0.021868217054263568,0.023974189641676337,38
2025-02-13,night,att_eff,-0.9968246036288788,0.7413652895768577,0.2884626613918377,38
2025-02-13,night,def_eff,-0.7792712283228014,0.8154290356753302,0.2891435588987409,38
2025-02-13,night,att_large,0.0,0.6288155872172102,0.1562552899557419,38
2025-02-13,night,def_large,0.0,0.5801562499999999,0.14911311453420154,38
2025-02-13,night,balance,-0.06754531821837784,0.16514093820967624,0.024273845180359497,38
2025-02-13,night,volume,0.12885732495602098,7.763653828600264,0.9433289160797296,38
2025-02-14,night,delta,-0.49641532498509244,0.5007051282051282,0.2164577384025357,39
2025-02-14,night,def_cancel,0.3558294858203377,0.5686799999958227,0.052971198939034715,39
2025-02-14,night,att_cancel,0.35849489983598065,0.5798469480148001,0.052106080272838376,39
2025-02-14,night,def_refill,0.07923913043478262,0.695054347826087,0.1244108320180189,39
2025-02-14,night,att_refill,0.0778030303030303,0.727310606060606,0.12710092016214788,39
2025-02-14,night,def_hidden,0.0,0.021387596899224808,0.02387465351776252,39
2025-02-14,night,att_eff,-0.9902238825154392,0.7391650492057109,0.28860017263550714,39
2025-02-14,night,def_eff,-0.7771249291787932,0.8132827365313218,0.2890945304257777,39
2025-02-14,night,att_large,0.0,0.6298011915858892,0.15639684865018105,39
2025-02-14,night,def_large,0.0,0.5796666666666667,0.14920278657848104,39
2025-02-14,night,balance,-0.06754531821837784,0.17032221112609036,0.02429297040112222,39
2025-02-14,night,volume,0.12885732495602098,7.795868159839269,0.9423762216840517,39
2025-02-17,night,delta,-0.5001994633273703,0.5007051282051282,0.21866230867677566,37
2025-02-17,night,def_cancel,0.35506107241176194,0.5694484134043986,0.05375799830694557,37
2025-02-17,night,att_cancel,0.3574581220927543,0.5798469480148001,0.052699946645374564,37
2025-02-17,night,def_refill,0.0777717391304348,0.6754891304347826,0.12505620788074787,37
2025-02-17,night,att_refill,0.07681818181818183,0.7115530303030303,0.12716686655766307,37
2025-02-17,night,def_hidden,0.0,0.023310077519379847,0.024402435107227474,37
2025-02-17,night,att_eff,-0.9660212384328277,0.7281638473499785,0.28600248060794153,37
2025-02-17,night,def_eff,-0.7578082368827188,0.7896734459472312,0.28667489770566995,37
2025-02-17,night,att_large,0.0,0.6307867959545682,0.15807384062646107,37
2025-02-17,night,def_large,0.0,0.581625,0.15064116708655806,37
2025-02-17,night,balance,-0.06613224378662852,0.17503245923192134,0.02483828148070669,37
2025-02-17,night,volume,0.12885732495602098,8.085797140990316,0.9663079840827492,37
2025-02-18,night,delta,-0.495469290399523,0.49597495527728097,0.21677982153547729,37
2025-02-18,night,def_cancel,0.3563417614260549,0.5643256573472268,0.05278591790874207,37
2025-02-18,night,att_cancel,0.3577173165285609,0.5759590314777014,0.051808916789344184,37
2025-02-18,night,def_refill,0.07923913043478262,0.6735326086956522,0.12273758647193844,37
2025-02-18,night,att_refill,0.07928030303030303,0.704659090909091,0.12483510917716276,37
2025-02-18,night,def_hidden,0.0,0.020906976744186047,0.023488399938786493,37
2025-02-18,night,att_eff,-0.9792226806597069,0.7303640877211248,0.28699822218716875,37
2025-02-18,night,def_eff,-0.7578082368827188,0.8068438390992969,0.2882482344595003,37
2025-02-18,night,att_large,0.0,0.6288155872172102,0.15744728701631996,37
2025-02-18,night,def_large,0.0,0.5791770833333333,0.1510470477994457,37
2025-02-18,night,balance,-0.06990044227129333,0.1853950050647497,0.02569629338521167,37
2025-02-18,night,volume,0.12885732495602098,8.536797778336389,1.0072824099177735,37
2025-02-19,night,delta,-0.4869549791293978,0.4969209898628504,0.2113833105941162,37
2025-02-19,night,def_cancel,0.3573663126374892,0.5602274525014894,0.051402363422754234,37
2025-02-19,night,att_cancel,0.3582357054001741,0.5715527260689895,0.050064522187240786,37
2025-02-19,night,def_refill,0.08119565217391304,0.6730434782608696,0.11919580870680771,37
2025-02-19,night,att_refill,0.08174242424242424,0.7085984848484849,0.1219999801232701,37
2025-02-19,night,def_hidden,0.0,0.023310077519379847,0.02311546151895996,37
2025-02-19,night,att_eff,-1.0100260458557577,0.7347645684634179,0.28849588094013456,37
2025-02-19,night,def_eff,-0.7771249291787932,0.824014232251363,0.29147598523609763,37
2025-02-19,night,att_large,0.0,0.6298011915858892,0.1545836341691183,37
2025-02-19,night,def_large,0.0,0.5669375,0.14581184800164865,37
2025-02-19,night,balance,-0.058124822006715704,0.19198935241291315,0.02659329202457536,37
2025-02-19,night,volume,0.09664299371701573,8.536797778336389,1.0369200571982766,37
2025-02-20,night,delta,-0.4869549791293978,0.4969209898628504,0.2110640931242187,38
2025-02-20,night,def_cancel,0.3576224504403478,0.5599713146986308,0.05132092219319018,38
2025-02-20,night,att_cancel,0.35849489983598065,0.5715527260689895,0.04994300062656296,38
2025-02-20,night,def_refill,0.08119565217391304,0.6774456521739131,0.11931534695834702,38
2025-02-20,night,att_refill,0.0822348484848485,0.7115530303030303,0.12216559581876275,38
2025-02-20,night,def_hidden,0.0,0.024031007751937988,0.02345764808138005,38
2025-02-20,night,att_eff,-1.0100260458557577,0.7369648088345646,0.28905967821463247,38
2025-02-20,night,def_eff,-0.7728323308907767,0.824014232251363,0.2918179660783925,38
2025-02-20,night,att_large,0.0,0.6327580046919262,0.15452559316611522,38
2025-02-20,night,def_large,0.0,0.56840625,0.1459825602647864,38
2025-02-20,night,balance,-0.057182772385549474,0.19104730279174698,0.026474455260200733,38
2025-02-20,night,volume,0.09664299371701573,8.504583447097385,1.0317866480032567,38
2025-02-21,night,delta,-0.4869549791293978,0.4969209898628504,0.21029896300709244,39
2025-02-21,night,def_cancel,0.35685403703177204,0.5599713146986308,0.05112085438699387,39
2025-02-21,night,att_cancel,0.3587540942717872,0.5710343371973764,0.049737288195025445,39
2025-02-21,night,def_refill,0.08119565217391304,0.6803804347826088,0.1190091066516413,39
2025-02-21,night,att_refill,0.08321969696969697,0.7145075757575758,0.12181281343667895,39
2025-02-21,night,def_hidden,0.0,0.023310077519379847,0.023334291096560166,39
2025-02-21,night,att_eff,-1.0210272477114903,0.7347645684634179,0.288845912907815,39
2025-02-21,night,def_eff,-0.7771249291787932,0.8283068305393795,0.29206495618319195,39
2025-02-21,night,att_large,0.0,0.6327580046919262,0.15397867217248934,39
2025-02-21,night,def_large,0.0,0.56840625,0.1455991355844355,39
2025-02-21,night,balance,-0.05671174757496639,0.1901052531705808,0.026372577964178304,39
2025-02-21,night,volume,0.09664299371701573,8.440154784619374,1.026487703734231,39
2025-02-24,night,delta,-0.4926311866428146,0.5007051282051282,0.21332344283020113,38
2025-02-24,night,def_cancel,0.35711017483463064,0.5586906256843379,0.05156652317678428,38
2025-02-24,night,att_cancel,0.3582357054001741,0.5699975594541501,0.05019243509818517,38
2025-02-24,night,def_refill,0.08168478260869566,0.6808695652173914,0.12026057979019421,38
2025-02-24,night,att_refill,0.08125,0.7145075757575758,0.12293797632422625,38
2025-02-24,night,def_hidden,0.0,0.02234883720930233,0.023413445280325455,38
2025-02-24,night,att_eff,-1.0232274880826369,0.7303640877211248,0.28972321983255933,38
2025-02-24,night,def_eff,-0.7599545360267272,0.8175753348193382,0.29230374290208383,38
2025-02-24,night,att_large,0.0,0.6327580046919262,0.15604869533409826,38
2025-02-24,night,def_large,0.0,0.5733020833333333,0.14791032953860062,38
2025-02-24,night,balance,-0.05482764833263398,0.18963422835999766,0.026835912930044732,38
2025-02-24,night,volume,0.09664299371701573,8.730083765770422,1.0510837423823363,38
2025-02-25,night,delta,-0.4916851520572451,0.5007051282051282,0.21638399195173968,38
2025-02-25,night,def_cancel,0.3563417614260549,0.5581783500786207,0.0520572320083031,38
2025-02-25,night,att_cancel,0.3587540942717872,0.5705159483257632,0.050529877461022214,38
2025-02-25,night,def_refill,0.08119565217391304,0.683804347826087,0.12214585013158234,38
2025-02-25,night,att_refill,0.08174242424242424,0.7145075757575758,0.12502577672301535,38
2025-02-25,night,def_hidden,0.0,0.01586046511627907,0.024174450133660506,38
2025-02-25,night,att_eff,-1.0166267669691973,0.7303640877211248,0.29064588508362205,38
2025-02-25,night,def_eff,-0.7556619377387106,0.8132827365313218,0.2919469720700918,38
2025-02-25,night,att_large,0.0,0.6352220156136238,0.15890728960061654,38
2025-02-25,night,def_large,0.0,0.57721875,0.1500690286776112,38
2025-02-25,night,balance,-0.05482764833263398,0.19434447646582875,0.026856233437165904,38
2025-02-25,night,volume,0.12885732495602098,8.730083765770422,1.0548660069657259,38
2025-02-26,night,delta,-0.495469290399523,0.5054353011329755,0.21679025061855842,39
2025-02-26,night,def_cancel,0.3576224504403478,0.5584344878814793,0.05176969645061581,39
2025-02-26,night,att_cancel,0.36005006645082016,0.5699975594541501,0.05060788360732828,39
2025-02-26,night,def_refill,0.08315217391304348,0.6916304347826088,0.12270005829637905,39
2025-02-26,night,att_refill,0.08321969696969697,0.7174621212121213,0.1260840120649433,39
2025-02-26,night,def_hidden,0.0,0.01586046511627907,0.024675190291163156,39
2025-02-26,night,att_eff,-0.9880236421442927,0.7237633666076855,0.2885886067464157,39
2025-02-26,night,def_eff,-0.7449304420186693,0.7982586425232641,0.28891271471306834,39
2025-02-26,night,att_large,0.0,0.64902047677513,0.16051260248127253,39
2025-02-26,night,def_large,0.0,0.5850520833333333,0.15057871583792096,39
2025-02-26,night,balance,-0.05388559871146775,0.19057627798116383,0.026041016895686848,39
2025-02-26,night,volume,0.12885732495602098,8.246868797185343,1.0142574609684138,39
2025-02-27,night,delta,-0.49357722122838404,0.508273404889684,0.21627798040469834,40
2025-02-27,night,def_cancel,0.35711017483463064,0.5581783500786207,0.05171774407741903,40
2025-02-27,night,att_cancel,0.3597908720150136,0.5697383650183435,0.050513251144483046,40
2025-02-27,night,def_refill,0.08315217391304348,0.692608695652174,0.12276753234111457,40
2025-02-27,night,att_refill,0.08420454545454546,0.7204166666666667,0.12643017384187397,40
2025-02-27,night,def_hidden,0.0,0.01658139534883721,0.02502218561751324,40
2025-02-27,night,att_eff,-0.9880236421442927,0.7171626454942461,0.2885383445342392,40
2025-02-27,night,def_eff,-0.7449304420186693,0.7961123433792556,0.2885175778713298,40
2025-02-27,night,att_large,0.0,0.651977289881167,0.1602211479485703,40
2025-02-27,night,def_large,0.0,0.5855416666666666,0.15034582016997897,40
2025-02-27,night,balance,-0.053414573900884665,0.19293140203407944,0.025970795337162296,40
2025-02-27,night,volume,0.12885732495602098,8.150225803468327,1.0061692358279932,40
2025-02-28,night,delta,-0.4926311866428146,0.5054353011329755,0.21714253914412238,41
2025-02-28,night,def_cancel,0.3573663126374892,0.5576660744729036,0.05186879930467933,41
2025-02-28,night,att_cancel,0.36005006645082016,0.5692199761467303,0.0506939892468674,41
2025-02-28,night,def_refill,0.08461956521739131,0.6906521739130436,0.12315003196993447,41
2025-02-28,night,att_refill,0.08568181818181819,0.7145075757575758,0.12621959374173022,41
2025-02-28,night,def_hidden,0.0,0.01586046511627907,0.024673120795489712,41
2025-02-28,night,att_eff,-0.9880236421442927,0.7237633666076855,0.289705153405419,41
2025-02-28,night,def_eff,-0.749223040306686,0.8004049416672725,0.2896507008646584,41
2025-02-28,night,att_large,0.0,0.64902047677513,0.16070098623077167,41
2025-02-28,night,def_large,0.0,0.5835833333333333,0.15080278412062278,41
2025-02-28,night,balance,-0.06095097087021434,0.19057627798116383,0.026471155708192244,41
2025-02-28,night,volume,0.12885732495602098,8.504583447097385,1.0308178716907939,41
2025-03-03,night,delta,-0.49073911747167565,0.5007051282051282,0.21867966632699137,40
2025-03-03,night,def_cancel,0.3563417614260549,0.5571537988671864,0.05229679204041731,40
2025-03-03,night,att_cancel,0.3590132887075938,0.5679240039676974,0.05119566347822465,40
2025-03-03,night,def_refill,0.08657608695652175,0.6857608695652174,0.12408533614745637,40
2025-03-03,night,att_refill,0.08912878787878788,0.7115530303030303,0.1266711020615548,40
2025-03-03,night,def_hidden,0.0,0.007449612403100776,0.02387709644217854,40
2025-03-03,night,att_eff,-0.9352178732367766,0.699560722525074,0.2922488493999901,40
2025-03-03,night,def_eff,-0.7363452454426365,0.7682104545071486,0.29191332939567505,40
2025-03-03,night,att_large,0.0,0.6421212461943768,0.16214904399477253,40
2025-03-03,night,def_large,0.0,0.5879895833333333,0.15329801048681957,40
2025-03-03,night,balance,-0.06330609492312989,0.1877501291176652,0.026777744322270324,40
2025-03-03,night,volume,0.16107165619502622,8.633440772053406,1.0273513719212184,40
2025-03-04,night,delta,-0.48506290995825885,0.4921908169350029,0.2179521945257525,40
2025-03-04,night,def_cancel,0.358134726046065,0.5551046964443177,0.05152740798133001,40
2025-03-04,night,att_cancel,0.3605684553224333,0.5653320596096316,0.05054186881070718,40
2025-03-04,night,def_refill,0.09048913043478261,0.6842934782608696,0.12367805172702703,40
2025-03-04,night,att_refill,0.09356060606060607,0.7100757575757576,0.12588562666238243,40
2025-03-04,night,def_hidden,0.0,0.00024031007751937987,0.023538577926792866,40
2025-03-04,night,att_eff,-0.9264169117521908,0.6951602417827809,0.2913364835417543,40
2025-03-04,night,def_eff,-0.7363452454426365,0.7617715570751238,0.29105911002240115,40
2025-03-04,night,att_large,0.0,0.6367004221666422,0.16136670840966577,40
2025-03-04,night,def_large,0.0,0.581625,0.1523406509621622,40
2025-03-04,night,balance,-0.0666032685972116,0.18727910430708217,0.026795843588444106,40
2025-03-04,night,volume,0.16107165619502622,8.569012109575395,1.0213065881196408,40
2025-03-05,night,delta,-0.47844066785927253,0.48273047107930833,0.21904020775107857,40
2025-03-05,night,def_cancel,0.3573663126374892,0.5533117318243076,0.052121241735403646,40
2025-03-05,night,att_cancel,0.36030926088662674,0.5635176985589856,0.05122744164932571,40
2025-03-05,night,def_refill,0.09293478260869566,0.6759782608695653,0.12359549916268191,40
2025-03-05,night,att_refill,0.09602272727272727,0.7002272727272728,0.12573543949206514,40
2025-03-05,night,def_hidden,0.0,0.00024031007751937987,0.02347588321823664,40
2025-03-05,night,att_eff,-0.8912130658138466,0.6687573573290231,0.28890140736795233,40
2025-03-05,night,def_eff,-0.7299063480106116,0.7510400613550825,0.2884596291032175,40
2025-03-05,night,att_large,0.0,0.6253659719268336,0.1618995274150393,40
2025-03-05,night,def_large,0.0,0.581625,0.1540440715554018,40
2025-03-05,night,balance,-0.06990044227129333,0.18209783139066793,0.026965047254776057,40
2025-03-05,night,volume,0.16107165619502622,8.66565510329241,1.012829412368647,40
2025-03-06,night,delta,-0.47560256410256413,0.47800029815146083,0.22002192569490564,41
2025-03-06,night,def_cancel,0.3555733480174791,0.5520310428100147,0.052462277468236125,41
2025-03-06,night,att_cancel,0.35849489983598065,0.5617033375083395,0.051401342150277224,41
2025-03-06,night,def_refill,0.09048913043478261,0.6666847826086957,0.12320211407884527,41
2025-03-06,night,att_refill,0.0940530303030303,0.6908712121212122,0.12466284260154349,41
2025-03-06,night,def_hidden,0.0,0.00024031007751937987,0.023520586029051754,41
2025-03-06,night,att_eff,-0.8582094602466492,0.655555915102144,0.28723853437447133,41
2025-03-06,night,def_eff,-0.7105896557145372,0.7381622664910328,0.28661094118598485,41
2025-03-06,night,att_large,0.0,0.61895954353042,0.1634520935690068,41
2025-03-06,night,def_large,0.0,0.5806458333333333,0.1564750480938196,41
2025-03-06,night,balance,-0.06990044227129333,0.18021373214833558,0.027498313461678373,41
2025-03-06,night,volume,0.16107165619502622,8.6012264408144,1.0174562631579285,41
2025-03-07,night,delta,-0.47844066785927253,0.47894633273703047,0.2255206600906411,42
2025-03-07,night,def_cancel,0.3542926590031862,0.5525433184157319,0.053616517735206586,42
2025-03-07,night,att_cancel,0.3574581220927543,0.5617033375083395,0.05246071338714688,42
2025-03-07,night,def_refill,0.08853260869565219,0.6666847826086957,0.12497081385431605,42
2025-03-07,night,att_refill,0.0906060606060606,0.6844696969696971,0.1262806758338222,42
2025-03-07,night,def_hidden,0.0,0.00024031007751937987,0.023947973699971425,42
2025-03-07,night,att_eff,-0.8472082583909166,0.6401542325041185,0.28700615047161343,42
2025-03-07,night,def_eff,-0.6977118608504878,0.7317233690590084,0.2860095051213598,42
2025-03-07,night,att_large,0.0,0.6224091588207966,0.16777222967857836,42
2025-03-07,night,def_large,0.0,0.5850520833333333,0.1609387744330415,42
2025-03-07,night,balance,-0.07225556632420888,0.1769165584742538,0.02762391043987932,42
2025-03-07,night,volume,0.16107165619502622,8.66565510329241,1.0072196560378115,42
2025-03-10,night,delta,-0.4737104949314252,0.4770542635658914,0.2240951397265362,40
2025-03-10,night,def_cancel,0.3545487968060448,0.5515187672042975,0.0533694036025042,40
2025-03-10,night,att_cancel,0.3571989276569477,0.5606665597651131,0.052213645531763164,40
2025-03-10,night,def_refill,0.08853260869565219,0.6564130434782609,0.12463903870907798,40
2025-03-10,night,att_refill,0.0906060606060606,0.6765909090909091,0.12553660342086254,40
2025-03-10,night,def_hidden,0.0,0.00024031007751937987,0.024230037843584216,40
2025-03-10,night,att_eff,-0.8384072969063308,0.6379539921329718,0.28551458829757087,40
2025-03-10,night,def_eff,-0.6977118608504878,0.7295770699149999,0.2847371088190242,40
2025-03-10,night,att_large,0.0,0.619945147899099,0.16765123045016642,40
2025-03-10,night,def_large,0.0,0.5791770833333333,0.1591359063279136,40
2025-03-10,night,balance,-0.07319761594537505,0.17738758328483695,0.02770683353955584,40
2025-03-10,night,volume,0.19328598743403147,8.66565510329241,1.009549684485205,40
2025-03-11,night,delta,-0.4737104949314252,0.47421615980918297,0.22501623345228336,40
2025-03-11,night,def_cancel,0.3548049346089034,0.5520310428100147,0.053385317571316475,40
2025-03-11,night,att_cancel,0.3571989276569477,0.5604073653293066,0.05233754580084761,40
2025-03-11,night,def_refill,0.08902173913043479,0.6554347826086957,0.12497885659463519,40
2025-03-11,night,att_refill,0.0915909090909091,0.6736363636363637,0.12591761342984134,40
2025-03-11,night,def_hidden,0.0,0.00024031007751937987,0.024012899431295802,40
2025-03-11,night,att_eff,-0.818605133566012,0.6357537517618255,0.2850877714744639,40
2025-03-11,night,def_eff,-0.6869803651304465,0.7166992750509507,0.2841817156186096,40
2025-03-11,night,att_large,0.0,0.6194523457147596,0.16833791224063055,40
2025-03-11,night,def_large,0.0,0.5781979166666666,0.15989060211462033,40
2025-03-11,night,balance,-0.06895839265012715,0.17597450885308763,0.027487597100034178,40
2025-03-11,night,volume,0.19328598743403147,8.66565510329241,1.0043144079862962,40
2025-03-12,night,delta,-0.47560256410256413,0.47421615980918297,0.22586121766736272,40
2025-03-12,night,def_cancel,0.3542926590031862,0.5507503537957218,0.0534187152094673,40
2025-03-12,night,att_cancel,0.35693973322114114,0.5591113931502737,0.052395725431222166,40
2025-03-12,night,def_refill,0.08706521739130435,0.6554347826086957,0.12522146896875086,40
2025-03-12,night,att_refill,0.0881439393939394,0.6736363636363637,0.1264146327402097,40
2025-03-12,night,def_hidden,0.0,0.00024031007751937987,0.0247803472604111,40
2025-03-12,night,att_eff,-0.8164048931948658,0.6335535113906787,0.2849962756639518,40
2025-03-12,night,def_eff,-0.6805414676984218,0.7166992750509507,0.2837273081349413,40
2025-03-12,night,att_large,0.0,0.6204379500834386,0.16895680416966816,40
2025-03-12,night,def_large,0.0,0.5801562499999999,0.16072831020487136,40
2025-03-12,night,balance,-0.06801634302896092,0.1792716825271693,0.026828008239318513,40
2025-03-12,night,volume,0.19328598743403147,8.47236911585838,0.9589668707548452,40
2025-03-13,night,delta,-0.47749463327370306,0.476108228980322,0.2280775807079231,41
2025-03-13,night,def_cancel,0.3548049346089034,0.5510064915985803,0.05355039326994704,41
2025-03-13,night,att_cancel,0.35693973322114114,0.5588521987144671,0.05270613254419313,41
2025-03-13,night,def_refill,0.08461956521739131,0.6525000000000001,0.1257708755412756,41
2025-03-13,night,att_refill,0.08666666666666667,0.6667424242424242,0.1269449152441055,41
2025-03-13,night,def_hidden,0.0,0.00024031007751937987,0.024820705478705036,41
2025-03-13,night,att_eff,-0.8142046528237192,0.6335535113906787,0.28432549023489956,41
2025-03-13,night,def_eff,-0.68268776684243,0.7166992750509507,0.2834711518109261,41
2025-03-13,night,att_large,0.0,0.6204379500834386,0.16995056907278078,41
2025-03-13,night,def_large,0.0,0.5781979166666666,0.16172686475341533,41
2025-03-13,night,balance,-0.06942941746071024,0.17832963290600312,0.02689142586968061,41
2025-03-13,night,volume,0.19328598743403147,8.891155421965447,0.9571579400870458,41
2025-03-14,night,delta,-0.47749463327370306,0.47894633273703047,0.22866456530725604,42
2025-03-14,night,def_cancel,0.35506107241176194,0.5510064915985803,0.05352630976704451,42
2025-03-14,night,att_cancel,0.3571989276569477,0.5585930042786605,0.05268861444046989,42
2025-03-14,night,def_refill,0.0841304347826087,0.6525000000000001,0.12624258194785376,42
2025-03-14,night,att_refill,0.08666666666666667,0.6667424242424242,0.12725522471423248,42
2025-03-14,night,def_hidden,0.0,0.00024031007751937987,0.024880474183113413,42
2025-03-14,night,att_eff,-0.8076039317102797,0.6291530306483857,0.28411561323407475,42
2025-03-14,night,def_eff,-0.6805414676984218,0.7124066767629338,0.2832915044454367,42
2025-03-14,night,att_large,0.0,0.620930752267778,0.17049430899506657,42
2025-03-14,night,def_large,0.0,0.5791770833333333,0.16256473233897772,42
2025-03-14,night,balance,-0.06895839265012715,0.1769165584742538,0.026899204750521148,42
2025-03-14,night,volume,0.19328598743403147,8.891155421965447,0.9750415433246824,42
2025-03-18,night,delta,-0.4737104949314252,0.4751621943947526,0.22701351354079402,39
2025-03-18,night,def_cancel,0.3560856236231963,0.549981940387146,0.05229762119205075,39
2025-03-18,night,att_cancel,0.3579765109643675,0.5565194487922078,0.052053969351351086,39
2025-03-18,night,def_refill,0.08461956521739131,0.6510326086956523,0.12502330178727203,39
2025-03-18,night,att_refill,0.0881439393939394,0.6667424242424242,0.12577655631499915,39
2025-03-18,night,def_hidden,0.0,0.00024031007751937987,0.024679344935464646,39
2025-03-18,night,att_eff,-0.8054036913391331,0.6269527902772394,0.28317141831709125,39
2025-03-18,night,def_eff,-0.6762488694104054,0.7124066767629338,0.28215896130244505,39
2025-03-18,night,att_large,0.0,0.6204379500834386,0.16914993003748446,39
2025-03-18,night,def_large,0.0,0.5747708333333333,0.16012505246930767,39
2025-03-18,night,balance,-0.06848736783954401,0.17644553366367066,0.026430116480362267,39
2025-03-18,night,volume,0.19328598743403147,8.440154784619374,0.9355165090022817,39
2025-03-19,night,delta,-0.47465652951699466,0.4751621943947526,0.2277324297699192,39
2025-03-19,night,def_cancel,0.3560856236231963,0.5497258025842874,0.05238418649820934,39
2025-03-19,night,att_cancel,0.3579765109643675,0.5565194487922078,0.052133272648558,39
2025-03-19,night,def_refill,0.08461956521739131,0.6525000000000001,0.12533075891053902,39
2025-03-19,night,att_refill,0.0881439393939394,0.6667424242424242,0.1260786619337491,39
2025-03-19,night,def_hidden,0.0,0.00024031007751937987,0.024676377703118826,39
2025-03-19,night,att_eff,-0.8010032105968401,0.6225523095349463,0.28353363550796085,39
2025-03-19,night,def_eff,-0.6762488694104054,0.7081140784749174,0.2823488541711229,39
2025-03-19,night,att_large,0.0,0.6184667413460806,0.16946459178109657,39
2025-03-19,night,def_large,0.0,0.5762395833333332,0.16068899931460084,39
2025-03-19,night,balance,-0.06848736783954401,0.17880065771658626,0.026469029835446765,39
2025-03-19,night,volume,0.19328598743403147,8.440154784619374,0.9391327814902164,39
2025-03-20,night,delta,-0.4737104949314252,0.4751621943947526,0.22764477033675484,40
2025-03-20,night,def_cancel,0.3560856236231963,0.5497258025842874,0.05234373292221641,40
2025-03-20,night,att_cancel,0.3579765109643675,0.5565194487922078,0.05210022097588197,40
2025-03-20,night,def_refill,0.08461956521739131,0.6515217391304349,0.12524556483799698,40
2025-03-20,night,att_refill,0.08765151515151516,0.6667424242424242,0.12601621897546028,40
2025-03-20,night,def_hidden,0.0,0.00024031007751937987,0.024624883953849038,40
2025-03-20,night,att_eff,-0.8010032105968401,0.6247525499060931,0.28392420934565676,40
2025-03-20,night,def_eff,-0.6762488694104054,0.7081140784749174,0.2826000757071466,40
2025-03-20,night,att_large,0.0,0.6184667413460806,0.16949179495973432,40
2025-03-20,night,def_large,0.0,0.5762395833333332,0.16069807848425519,40
2025-03-20,night,balance,-0.06848736783954401,0.17880065771658626,0.026442303228331392,40
2025-03-20,night,volume,0.19328598743403147,8.440154784619374,0.9375781705173492,40
2025-03-21,night,delta,-0.47560256410256413,0.476108228980322,0.2278719666422689,41
2025-03-21,night,def_cancel,0.3563417614260549,0.5497258025842874,0.05229330097145779,41
2025-03-21,night,att_cancel,0.3579765109643675,0.5562602543564013,0.0521181722979193,41
2025-03-21,night,def_refill,0.08461956521739131,0.6510326086956523,0.12534017324177685,41
2025-03-21,night,att_refill,0.08765151515151516,0.6667424242424242,0.12609933828764533,41
2025-03-21,night,def_hidden,0.0,0.005527131782945737,0.02488396049792032,41
2025-03-21,night,att_eff,-0.8010032105968401,0.6203520691638,0.28368205584717576,41
2025-03-21,night,def_eff,-0.6719562711223888,0.7081140784749174,0.2823645239285193,41
2025-03-21,night,att_large,0.0,0.620930752267778,0.16995817057452292,41
2025-03-21,night,def_large,0.0,0.5767291666666666,0.16117610788878728,41
2025-03-21,night,balance,-0.06942941746071024,0.17785860809541998,0.026392115913024622,41
2025-03-21,night,volume,0.19328598743403147,8.440154784619374,0.9350985059547549,41
2025-03-25,night,delta,-0.47560256410256413,0.47800029815146083,0.23018214953739508,39
2025-03-25,night,def_cancel,0.3560856236231963,0.549981940387146,0.05280380890365166,39
2025-03-25,night,att_cancel,0.3577173165285609,0.5565194487922078,0.05253016932761618,39
2025-03-25,night,def_refill,0.08315217391304348,0.6510326086956523,0.12650739928962515,39
2025-03-25,night,att_refill,0.08666666666666667,0.6667424242424242,0.12726923929360717,39
2025-03-25,night,def_hidden,0.0,0.009131782945736435,0.025136906645457865,39
2025-03-25,night,att_eff,-0.796602729854547,0.615951588421507,0.28321413571369325,39
2025-03-25,night,def_eff,-0.6655173736903641,0.6995288818988845,0.2821141016542178,39
2025-03-25,night,att_large,0.0,0.6233947631894756,0.1719581403416032,39
2025-03-25,night,def_large,0.0,0.5777083333333333,0.1630781032247002,39
2025-03-25,night,balance,-0.06895839265012715,0.17832963290600312,0.026597351075848232,39
2025-03-25,night,volume,0.22550031867303671,8.66565510329241,1.0239405837978615,39
2025-03-27,night,delta,-0.47560256410256413,0.476108228980322,0.23018560795991289,39
2025-03-27,night,def_cancel,0.3560856236231963,0.549981940387146,0.05282101092174943,39
2025-03-27,night,att_cancel,0.3577173165285609,0.5567786432280145,0.05256706467478246,39
2025-03-27,night,def_refill,0.08315217391304348,0.6515217391304349,0.1265401967818222,39
2025-03-27,night,att_refill,0.08715909090909091,0.6667424242424242,0.12736733308652237,39
2025-03-27,night,def_hidden,0.0,0.009372093023255815,0.025227100860422225,39
2025-03-27,night,att_eff,-0.7944024894834005,0.615951588421507,0.28356554753102015,39
2025-03-27,night,def_eff,-0.6633710745463557,0.6995288818988845,0.28239919326071666,39
2025-03-27,night,att_large,0.0,0.6233947631894756,0.17203633935641408,39
2025-03-27,night,def_large,0.0,0.57721875,0.16301573551907853,39
2025-03-27,night,balance,-0.06895839265012715,0.17644553366367066,0.026590584107551975,39
2025-03-27,night,volume,0.22550031867303671,8.66565510329241,1.0234820969364515,39
2025-03-28,night,delta,-0.47560256410256413,0.47800029815146083,0.2300979014887115,40
2025-03-28,night,def_cancel,0.3560856236231963,0.5502380781900046,0.052829079914586366,40
2025-03-28,night,att_cancel,0.3571989276569477,0.5572970320996277,0.05266185179987695,40
2025-03-28,night,def_refill,0.08315217391304348,0.6534782608695653,0.12656382525411655,40
2025-03-28,night,att_refill,0.08715909090909091,0.6667424242424242,0.127458848987277,40
2025-03-28,night,def_hidden,0.0,0.008170542635658916,0.025136943790821677,40
2025-03-28,night,att_eff,-0.796602729854547,0.615951588421507,0.2840421328534682,40
2025-03-28,night,def_eff,-0.6655173736903641,0.6995288818988845,0.28286182313664093,40
2025-03-28,night,att_large,0.0,0.6233947631894756,0.17186412261820563,40
2025-03-28,night,def_large,0.0,0.57721875,0.16279925480468596,40
2025-03-28,night,balance,-0.06895839265012715,0.17597450885308763,0.02652429321035093,40
2025-03-28,night,volume,0.22550031867303671,8.66565510329241,1.0204608570810172,40
2025-03-31,night,delta,-0.47560256410256413,0.4770542635658914,0.22849029083762218,39
2025-03-31,night,def_cancel,0.3558294858203377,0.549981940387146,0.052417837450963796,39
2025-03-31,night,att_cancel,0.35693973322114114,0.5575562265354342,0.05238480881452211,39
2025-03-31,night,def_refill,0.0841304347826087,0.6588586956521739,0.12596648291754228,39
2025-03-31,night,att_refill,0.08666666666666667,0.6667424242424242,0.12662052314540861,39
2025-03-31,night,def_hidden,0.0,0.00024031007751937987,0.02469319322052158,39
2025-03-31,night,att_eff,-0.8076039317102797,0.6247525499060931,0.2869582176654817,39
2025-03-31,night,def_eff,-0.674102570266397,0.7016751810428925,0.28475381812432726,39
2025-03-31,night,att_large,0.0,0.6263515762955126,0.17184315198616368,39
2025-03-31,night,def_large,0.0,0.57721875,0.16236441203057714,39
2025-03-31,night,balance,-0.06990044227129333,0.18351090582241725,0.026845013700020542,39
2025-03-31,night,volume,0.22550031867303671,8.569012109575395,0.9992805403073018,39
2025-04-01,night,delta,-0.47560256410256413,0.47800029815146083,0.22834057917298842,39
2025-04-01,night,def_cancel,0.3558294858203377,0.5507503537957218,0.052482660388411276,39
2025-04-01,night,att_cancel,0.35693973322114114,0.5580746154070474,0.05242927934022396,39
2025-04-01,night,def_refill,0.08315217391304348,0.6583695652173913,0.12609826326522142,39
2025-04-01,night,att_refill,0.08666666666666667,0.6667424242424242,0.1271321521238821,39
2025-04-01,night,def_hidden,0.0,0.00024031007751937987,0.024895778376299815,39
2025-04-01,night,att_eff,-0.8076039317102797,0.6247525499060931,0.28683937520015723,39
2025-04-01,night,def_eff,-0.6719562711223888,0.6995288818988845,0.28449695353682225,39
2025-04-01,night,att_large,0.0,0.6253659719268336,0.1718278469236395,39
2025-04-01,night,def_large,0.0,0.57721875,0.16229780686619938,39
2025-04-01,night,balance,-0.07037146708187647,0.18209783139066793,0.02718792467888382,39
2025-04-01,night,volume,0.22550031867303671,8.504583447097385,0.9910398999447908,39
2025-04-02,night,delta,-0.47844066785927253,0.47894633273703047,0.2290023497098364,39
2025-04-02,night,def_cancel,0.35531721021462054,0.5517749050071561,0.052522115494851924,39
2025-04-02,night,att_cancel,0.356421344349528,0.5596297820218868,0.05277237686624795,39
2025-04-02,night,def_refill,0.08315217391304348,0.6578804347826087,0.12660311691934678,39
2025-04-02,night,att_refill,0.08617424242424243,0.6667424242424242,0.12720870000515336,39
2025-04-02,night,def_hidden,0.0,0.00024031007751937987,0.024703223841785946,39
2025-04-02,night,att_eff,-0.796602729854547,0.6247525499060931,0.2879445719921446,39
2025-04-02,night,def_eff,-0.674102570266397,0.6909436853228512,0.2849498063290243,39
2025-04-02,night,att_large,0.0,0.6253659719268336,0.17245879033615075,39
2025-04-02,night,def_large,0.0,0.5781979166666666,0.1626575073887851,39
2025-04-02,night,balance,-0.06942941746071024,0.17880065771658626,0.026965300785691444,39
2025-04-02,night,volume,0.22550031867303671,8.375726122141364,0.9807755503400671,39
2025-04-03,night,delta,-0.47844066785927253,0.47894633273703047,0.22880617454967356,40
2025-04-03,night,def_cancel,0.35531721021462054,0.5520310428100147,0.05252341583653377,40
2025-04-03,night,att_cancel,0.356421344349528,0.5598889764576934,0.05275880232823701,40
2025-04-03,night,def_refill,0.08315217391304348,0.6573913043478261,0.1264429678168991,40
2025-04-03,night,att_refill,0.08568181818181819,0.6667424242424242,0.12714941201769503,40
2025-04-03,night,def_hidden,0.0,0.008170542635658916,0.024875388163004,40
2025-04-03,night,att_eff,-0.7988029702256936,0.6247525499060931,0.2889988683432999,40
2025-04-03,night,def_eff,-0.674102570266397,0.6909436853228512,0.2855973248957338,40
2025-04-03,night,att_large,0.0,0.6268443784798522,0.1724034250282145,40
2025-04-03,night,def_large,0.0,0.5781979166666666,0.16242166166586922,40
2025-04-03,night,balance,-0.06895839265012715,0.17832963290600312,0.026928909745306578,40
2025-04-03,night,volume,0.22550031867303671,8.375726122141364,0.9793225961256303,40
2025-04-04,night,delta,-0.47560256410256413,0.4751621943947526,0.23015091541714902,41
2025-04-04,night,def_cancel,0.3527558321860347,0.5512626294014389,0.05317915477963532,41
2025-04-04,night,att_cancel,0.35382939999146223,0.5591113931502737,0.05357497908507202,41
2025-04-04,night,def_refill,0.06945652173913044,0.6451630434782609,0.12392367514785836,41
2025-04-04,night,att_refill,0.06943181818181819,0.6564015151515152,0.12465185227754984,41
2025-04-04,night,def_hidden,0.0,0.014899224806201553,0.025165930990529526,41
2025-04-04,night,att_eff,-0.7768005665142286,0.6181518287926533,0.288135009083364,41
2025-04-04,night,def_eff,-0.6633710745463557,0.6802121896028104,0.2846899737209167,41
2025-04-04,night,att_large,0.0,0.6253659719268336,0.1738044758008061,41
2025-04-04,night,def_large,0.0,0.5835833333333333,0.16453343985067717,41
2025-04-04,night,balance,-0.077436839240623,0.18492398025416656,0.02701101740143217,41
2025-04-04,night,volume,0.25771464991204196,8.246868797185343,0.9587754999339648,41
2025-04-07,night,delta,-0.4765485986881336,0.47421615980918297,0.23431918919884925,39
2025-04-07,night,def_cancel,0.3530119699888933,0.5515187672042975,0.053846351132879874,39
2025-04-07,night,att_cancel,0.3527926222482359,0.5588521987144671,0.05461349275048239,39
2025-04-07,night,def_refill,0.06554347826086956,0.6432065217391305,0.12443281465279205,39
2025-04-07,night,att_refill,0.06647727272727273,0.6524621212121212,0.12474076047615147,39
2025-04-07,night,def_hidden,0.0,0.015620155038759692,0.027020677149464895,39
2025-04-07,night,att_eff,-0.7724000857719355,0.6181518287926533,0.2868642146907949,39
2025-04-07,night,def_eff,-0.6612247754023475,0.6759195913147935,0.2830614790696496,39
2025-04-07,night,att_large,0.0,0.6253659719268336,0.17759719124902662,39
2025-04-07,night,def_large,0.0,0.58603125,0.16919618433984313,39
2025-04-07,night,balance,-0.07837888886178923,0.1806847569589186,0.025942169685319375,39
2025-04-07,night,volume,0.25771464991204196,9.438799053028538,0.9896497299764075,39
2025-04-08,night,delta,-0.4737104949314252,0.47327012522361356,0.23841446908829048,39
2025-04-08,night,def_cancel,0.35070672976316597,0.5517749050071561,0.05548178419390534,39
2025-04-08,night,att_cancel,0.3509782611975898,0.5588521987144671,0.05637559723471007,39
2025-04-08,night,def_refill,0.05869565217391305,0.6304891304347826,0.12310457660620616,39
2025-04-08,night,att_refill,0.05859848484848485,0.6367045454545455,0.12313398328252037,39
2025-04-08,night,def_hidden,0.0,0.017062015503875972,0.027678044347445186,39
2025-04-08,night,att_eff,-0.7591986435450566,0.611551107679214,0.284069595246027,39
2025-04-08,night,def_eff,-0.648346980538298,0.6651880955947522,0.28029165638323333,39
2025-04-08,night,att_large,0.0,0.6229019610051361,0.18152723890225597,39
2025-04-08,night,def_large,0.0,0.5845625,0.17271969687415825,39
2025-04-08,night,balance,-0.08732836026286822,0.18916320354941452,0.027177431433668804,39
2025-04-08,night,volume,0.25771464991204196,9.88979969037461,0.9653656831431984,39
2025-04-09,night,delta,-0.4737104949314252,0.47137805605247474,0.23735493711685002,39
2025-04-09,night,def_cancel,0.34763307612886296,0.5497258025842874,0.054782714689679046,39
2025-04-09,night,att_cancel,0.3486455112753306,0.5570378376638211,0.055820827037309007,39
2025-04-09,night,def_refill,0.05478260869565218,0.625108695652174,0.12141565466831744,39
2025-04-09,night,att_refill,0.054659090909090914,0.6288257575757576,0.12151903440790199,39
2025-04-09,night,def_hidden,0.0,0.02018604651162791,0.028342427503325735,39
2025-04-09,night,att_eff,-0.7437969609470312,0.6027501461946279,0.28244015688713847,39
2025-04-09,night,def_eff,-0.6397617839622649,0.6544565998747109,0.2788292144189546,39
2025-04-09,night,att_large,0.0,0.6204379500834386,0.18016301771271487,39
2025-04-09,night,def_large,0.0,0.581625,0.17118299377368673,39
2025-04-09,night,balance,-0.09062553393694994,0.22731621320664608,0.027918661591104958,39
2025-04-09,night,volume,0.25771464991204196,9.696513702940578,0.9514199871139011,39
2025-04-10,night,delta,-0.4708723911747168,0.47232409063804415,0.23836662419144786,40
2025-04-10,night,def_cancel,0.34686466272028715,0.5492135269785702,0.05517798427013021,40
2025-04-10,night,att_cancel,0.34812712240371746,0.5562602543564013,0.056052507444128964,40
2025-04-10,night,def_refill,0.050869565217391305,0.6192391304347826,0.12037666732357476,40
2025-04-10,night,att_refill,0.05071969696969697,0.6229166666666667,0.12046420814383801,40
2025-04-10,night,def_hidden,0.0,0.021147286821705427,0.029136338780159057,40
2025-04-10,night,att_eff,-0.7327957590912986,0.5961494250811885,0.2817464877309403,40
2025-04-10,night,def_eff,-0.6333228865302403,0.6415788050106617,0.2780243168746618,40
2025-04-10,night,att_large,0.0,0.620930752267778,0.1814634051873232,40
2025-04-10,night,def_large,0.0,0.5801562499999999,0.17170334589671826,40
2025-04-10,night,balance,-0.09156758355811617,0.2301423620701447,0.02845798007040606,40
2025-04-10,night,volume,0.25771464991204196,9.728728034179584,0.9551035685538698,40
2025-04-11,night,delta,-0.4708723911747168,0.4694859868813357,0.2389143538682787,41
2025-04-11,night,def_cancel,0.3466085249174286,0.5487012513728531,0.055196694804559986,41
2025-04-11,night,att_cancel,0.34812712240371746,0.5557418654847881,0.056104147766759725,41
2025-04-11,night,def_refill,0.0503804347826087,0.6158152173913044,0.11971889108253236,41
2025-04-11,night,att_refill,0.049734848484848486,0.619469696969697,0.11989013985349489,41
2025-04-11,night,def_hidden,0.0,0.02042635658914729,0.0289738471662277,41
2025-04-11,night,att_eff,-0.730595518720152,0.5917489443388955,0.2814108313821229,41
2025-04-11,night,def_eff,-0.6268839890982154,0.6394325058666532,0.27756210016847194,41
2025-04-11,night,att_large,0.0,0.619945147899099,0.18169056100431577,41
2025-04-11,night,def_large,0.0,0.5801562499999999,0.17211360782608665,41
2025-04-11,night,balance,-0.09156758355811617,0.22778723801722922,0.028533842133272043,41
2025-04-11,night,volume,0.2899289811510472,9.664299371701574,0.9505327050575927,41
2025-04-14,night,delta,-0.46708825283243893,0.4685399522957663,0.23705402846919021,39
2025-04-14,night,def_cancel,0.34584011150885285,0.5476767001614187,0.05492185801440061,39
2025-04-14,night,att_cancel,0.3476087335321043,0.5547050877415618,0.05577569121811197,39
2025-04-14,night,def_refill,0.04744565217391305,0.6070108695652174,0.11733080938254609,39
2025-04-14,night,att_refill,0.04727272727272727,0.6061742424242424,0.11718233595345726,39
2025-04-14,night,def_hidden,0.0,0.021387596899224808,0.028627733322631074,39
2025-04-14,night,att_eff,-0.7173940764932731,0.5829479828543094,0.2803823696924569,39
2025-04-14,night,def_eff,-0.6182987925221826,0.628701010146612,0.2761719691662582,39
2025-04-14,night,att_large,0.0,0.6174811369774016,0.18036011466859742,39
2025-04-14,night,def_large,0.0,0.5747708333333333,0.16977270632635197,39
2025-04-14,night,balance,-0.09580680685336412,0.23296851093364335,0.030299099695297448,39
2025-04-14,night,volume,0.2899289811510472,9.406584721789532,0.9379123115795867,39
2025-04-15,night,delta,-0.4680342874180084,0.4685399522957663,0.23734837763602099,39
2025-04-15,night,def_cancel,0.34558397370599425,0.5476767001614187,0.0550620201095813,39
2025-04-15,night,att_cancel,0.34734953909629773,0.5549642821773684,0.05591402559017167,39
2025-04-15,night,def_refill,0.04744565217391305,0.6075,0.11754890936269831,39
2025-04-15,night,att_refill,0.04727272727272727,0.6066666666666667,0.11749928455922162,39
2025-04-15,night,def_hidden,0.0,0.021387596899224808,0.028687926103374436,39
2025-04-15,night,att_eff,-0.7151938361221266,0.5807477424831626,0.2805577715605318,39
2025-04-15,night,def_eff,-0.6182987925221826,0.6244084118585955,0.2764142086227442,39
2025-04-15,night,att_large,0.0,0.616988334793062,0.1806686717726258,39
2025-04-15,night,def_large,0.0,0.5752604166666666,0.17003516266835106,39
2025-04-15,night,balance,-0.09580680685336412,0.2301423620701447,0.03033346730112349,39
2025-04-15,night,volume,0.2899289811510472,9.438799053028538,0.9645999357552669,39
2025-04-16,night,delta,-0.46708825283243893,0.4657018485390578,0.23740542552695768,39
2025-04-16,night,def_cancel,0.34558397370599425,0.5479328379642773,0.05508302505412719,39
2025-04-16,night,att_cancel,0.34734953909629773,0.5549642821773684,0.05592957600060716,39
2025-04-16,night,def_refill,0.04744565217391305,0.605054347826087,0.1173993248528552,39
2025-04-16,night,att_refill,0.04727272727272727,0.6042045454545455,0.11745639809625062,39
2025-04-16,night,def_hidden,0.0,0.021868217054263568,0.0287090406458742,39
2025-04-16,night,att_eff,-0.7107933553798336,0.5785475021120163,0.2801839232924427,39
2025-04-16,night,def_eff,-0.6161524933781741,0.6222621127145875,0.2761961080356242,39
2025-04-16,night,att_large,0.0,0.6164955326087225,0.18069719240252755,39
2025-04-16,night,def_large,0.0,0.57428125,0.16999792238098085,39
2025-04-16,night,balance,-0.09580680685336412,0.2301423620701447,0.030359871266001405,39
2025-04-16,night,volume,0.2899289811510472,9.471013384267541,0.965229188182292,39
2025-04-17,night,delta,-0.46708825283243893,0.46759391771019687,0.2373555173093661,40
2025-04-17,night,def_cancel,0.34558397370599425,0.5476767001614187,0.05506316726101142,40
2025-04-17,night,att_cancel,0.34734953909629773,0.5549642821773684,0.05591243919859819,40
2025-04-17,night,def_refill,0.04744565217391305,0.6045652173913044,0.1173591551982554,40
2025-04-17,night,att_refill,0.04727272727272727,0.6042045454545455,0.11740411441200548,40
2025-04-17,night,def_hidden,0.0,0.02210852713178295,0.028707834502036414,40
2025-04-17,night,att_eff,-0.7129935957509801,0.5785475021120163,0.28025368369573794,40
2025-04-17,night,def_eff,-0.6161524933781741,0.6222621127145875,0.2762187299324055,40
2025-04-17,night,att_large,0.0,0.6164955326087225,0.18064813122139498,40
2025-04-17,night,def_large,0.0,0.5747708333333333,0.1699590821585096,40
2025-04-17,night,balance,-0.09580680685336412,0.2301423620701447,0.030349276818074276,40
2025-04-17,night,volume,0.2899289811510472,9.438799053028538,0.9648935259432725,40
2025-04-22,night,delta,-0.4651961836613,0.4647558139534884,0.23815962085236167,37
2025-04-22,night,def_cancel,0.34584011150885285,0.5476767001614187,0.0552508682131585,37
2025-04-22,night,att_cancel,0.3476087335321043,0.5549642821773684,0.05616138662854147,37
2025-04-22,night,def_refill,0.04744565217391305,0.5913586956521739,0.11708978677960769,37
2025-04-22,night,att_refill,0.04678030303030303,0.5933712121212121,0.11728386830517892,37
2025-04-22,night,def_hidden,0.0,0.02234883720930233,0.028693231566241904,37
2025-04-22,night,att_eff,-0.7063928746375405,0.571946780998577,0.2796218469214002,37
2025-04-22,night,def_eff,-0.6161524933781741,0.6158232152825627,0.27527676264094686,37
2025-04-22,night,att_large,0.0,0.6135387195026855,0.18119280939003626,37
2025-04-22,night,def_large,0.0,0.5718333333333333,0.17032603411509978,37
2025-04-22,night,balance,-0.09674885647453035,0.22590313877489676,0.030504605288490343,37
2025-04-22,night,volume,0.2899289811510472,9.503227715506547,0.970940865622538,37
2025-04-23,night,delta,-0.4642501490757305,0.4647558139534884,0.23804351114988526,37
2025-04-23,night,def_cancel,0.34558397370599425,0.5476767001614187,0.055229087161194436,37
2025-04-23,night,att_cancel,0.3476087335321043,0.5549642821773684,0.05614985646207795,37
2025-04-23,night,def_refill,0.04744565217391305,0.5898913043478261,0.11700160845106337,37
2025-04-23,night,att_refill,0.04678030303030303,0.5914015151515152,0.1171852200051251,37
2025-04-23,night,def_hidden,0.0,0.02210852713178295,0.028665530813746936,37
2025-04-23,night,att_eff,-0.7019923938952475,0.571946780998577,0.27944050986594376,37
2025-04-23,night,def_eff,-0.6161524933781741,0.6136769161385542,0.2751738001627132,37
2025-04-23,night,att_large,0.0,0.6125531151340065,0.18105171473521645,37
2025-04-23,night,def_large,0.0,0.5733020833333333,0.17029552533356346,37
2025-04-23,night,balance,-0.09674885647453035,0.22590313877489676,0.030495515666519497,37
2025-04-23,night,volume,0.32214331239005245,9.503227715506547,0.9703372070938207,37
2025-04-24,night,delta,-0.4642501490757305,0.4647558139534884,0.2377766545278319,38
2025-04-24,night,def_cancel,0.34558397370599425,0.5476767001614187,0.05517578610620237,38
2025-04-24,night,att_cancel,0.3476087335321043,0.5549642821773684,0.05609707127567475,38
2025-04-24,night,def_refill,0.04646739130434783,0.5898913043478261,0.11683035400568165,38
2025-04-24,night,att_refill,0.04628787878787879,0.5914015151515152,0.11702019123197101,38
2025-04-24,night,def_hidden,0.0,0.021868217054263568,0.028615630037825412,38
2025-04-24,night,att_eff,-0.704192634266394,0.571946780998577,0.2793798335643591,38
2025-04-24,night,def_eff,-0.6161524933781741,0.6136769161385542,0.27510262769495664,38
2025-04-24,night,att_large,0.0,0.6125531151340065,0.18080221185198114,38
2025-04-24,night,def_large,0.0,0.5718333333333333,0.17006592799815157,38
2025-04-24,night,balance,-0.09627783166394721,0.22543211396431362,0.03046249871891446,38
2025-04-24,night,volume,0.32214331239005245,9.503227715506547,0.9686126928802636,38
2025-04-25,night,delta,-0.4642501490757305,0.4647558139534884,0.23763312074891613,39
2025-04-25,night,def_cancel,0.34558397370599425,0.5476767001614187,0.05514652154522249,39
2025-04-25,night,att_cancel,0.3476087335321043,0.5549642821773684,0.056071878494827955,39
2025-04-25,night,def_refill,0.04646739130434783,0.5894021739130435,0.11677545052074026,39
2025-04-25,night,att_refill,0.04628787878787879,0.5914015151515152,0.1169418661536135,39
2025-04-25,night,def_hidden,0.0,0.021868217054263568,0.02859100311913511,39
2025-04-25,night,att_eff,-0.7063928746375405,0.571946780998577,0.279469541272485,39
2025-04-25,night,def_eff,-0.6161524933781741,0.6158232152825627,0.2752762177552498,39
2025-04-25,night,att_large,0.0,0.6125531151340065,0.1807353210334764,39
2025-04-25,night,def_large,0.0,0.5728125,0.16996687714733352,39
2025-04-25,night,balance,-0.09627783166394721,0.2249610891537306,0.03044314311430854,39
2025-04-25,night,volume,0.32214331239005245,9.471013384267541,0.9677641850653442,39
2025-04-28,night,delta,-0.463304114490161,0.45624150268336305,0.2393064763883923,37
2025-04-28,night,def_cancel,0.34404714688884275,0.546908286752843,0.05563724414144841,37
2025-04-28,night,att_cancel,0.3460535669172648,0.5539275044341421,0.05656982087958509,37
2025-04-28,night,def_refill,0.045000000000000005,0.560054347826087,0.11579833107070912,37
2025-04-28,night,att_refill,0.044810606060606065,0.5628409090909091,0.11508903977844889,37
2025-04-28,night,def_hidden,0.0,0.02042635658914729,0.028592547115205095,37
2025-04-28,night,att_eff,-0.7019923938952475,0.5631458195139909,0.2796990433261838,37
2025-04-28,night,def_eff,-0.6097135959461495,0.6115306169945462,0.2758698093607583,37
2025-04-28,night,att_large,0.0,0.5972762474194818,0.1817676935761597,37
2025-04-28,night,def_large,0.0,0.5679166666666666,0.1714553780545069,37
2025-04-28,night,balance,-0.10051705495919516,0.2310844116913109,0.03128957498591402,37
2025-04-28,night,volume,0.32214331239005245,9.88979969037461,0.9959761925732618,37
2025-04-29,night,delta,-0.46235807990459155,0.45624150268336305,0.23950028793861067,37
2025-04-29,night,def_cancel,0.343278733480267,0.546908286752843,0.05565652868032346,37
2025-04-29,night,att_cancel,0.34553517804565165,0.5539275044341421,0.05665257237811037,37
2025-04-29,night,def_refill,0.044021739130434785,0.5556521739130436,0.11531984342497234,37
2025-04-29,night,att_refill,0.04382575757575758,0.5559469696969698,0.11483867157561416,37
2025-04-29,night,def_hidden,0.0,0.020906976744186047,0.028887692549512203,37
2025-04-29,night,att_eff,-0.6909911920395151,0.5587453387716979,0.2788785803071589,37
2025-04-29,night,def_eff,-0.6054209976581331,0.6072380187065294,0.27488275620751673,37
2025-04-29,night,att_large,0.0,0.5967834452351423,0.18215366075975947,37
2025-04-29,night,def_large,0.0,0.56840625,0.17181449108141233,37
2025-04-29,night,balance,-0.09721988128511344,0.23391056055480952,0.03118311119837024,37
2025-04-29,night,volume,0.3543576436290577,9.728728034179584,0.9802593151379678,37
2025-04-30,night,delta,-0.4604660107334526,0.4571875372689327,0.24152175378664684,37
2025-04-30,night,def_cancel,0.34251032007169124,0.5463960111471258,0.056074696398483496,37
2025-04-30,night,att_cancel,0.34475759473823187,0.5534091155625289,0.0569593903740681,37
2025-04-30,night,def_refill,0.04304347826086957,0.5527173913043478,0.11527592760849142,37
2025-04-30,night,att_refill,0.042840909090909096,0.5500378787878788,0.11494737222156799,37
2025-04-30,night,def_hidden,0.0,0.022829457364341086,0.02944847655444073,37
2025-04-30,night,att_eff,-0.6843904709260755,0.5521446176582585,0.2771951144546557,37
2025-04-30,night,def_eff,-0.5968358010821,0.5986528221304965,0.2727739074821666,37
2025-04-30,night,att_large,0.0,0.5972762474194818,0.18401595357900208,37
2025-04-30,night,def_large,0.0,0.5698749999999999,0.17353903731273,37
2025-04-30,night,balance,-0.09863295571686276,0.23862080866064062,0.031468110565140345,37
2025-04-30,night,volume,0.3543576436290577,9.88979969037461,0.9969370715952267,37
2025-05-01,night,delta,-0.4604660107334526,0.4571875372689327,0.24147429100218737,38
2025-05-01,night,def_cancel,0.34251032007169124,0.5463960111471258,0.05604725195636621,38
2025-05-01,night,att_cancel,0.3450167891740385,0.5531499211267223,0.05692002857720949,38
2025-05-01,night,def_refill,0.04304347826086957,0.5527173913043478,0.1152213541384962,38
2025-05-01,night,att_refill,0.042840909090909096,0.5500378787878788,0.11489416428314086,38
2025-05-01,night,def_hidden,0.0,0.02258914728682171,0.0294219231716771,38
2025-05-01,night,att_eff,-0.6843904709260755,0.5521446176582585,0.27718207546692847,38
2025-05-01,night,def_eff,-0.5968358010821,0.5986528221304965,0.2727335203406531,38
2025-05-01,night,att_large,0.0,0.5972762474194818,0.18389412912465233,38
2025-05-01,night,def_large,0.0,0.5698749999999999,0.17341288266939744,38
2025-05-01,night,balance,-0.09816193090627967,0.23814978385005747,0.03144428327788459,38
2025-05-01,night,volume,0.3543576436290577,9.88979969037461,0.996317193248276,38
2025-05-02,night,delta,-0.4604660107334526,0.4571875372689327,0.24136461947829144,39
2025-05-02,night,def_cancel,0.34251032007169124,0.5463960111471258,0.056020023861684136,39
2025-05-02,night,att_cancel,0.3450167891740385,0.5531499211267223,0.05690724343719293,39
2025-05-02,night,def_refill,0.04304347826086957,0.5527173913043478,0.1151663384806091,39
2025-05-02,night,att_refill,0.042840909090909096,0.5500378787878788,0.11486434635051682,39
2025-05-02,night,def_hidden,0.0,0.02234883720930233,0.029417094654005573,39
2025-05-02,night,att_eff,-0.6843904709260755,0.5521446176582585,0.27712495901013623,39
2025-05-02,night,def_eff,-0.5968358010821,0.600799121274505,0.27273193736920254,39
2025-05-02,night,att_large,0.0,0.5977690496038213,0.18383954846671335,39
2025-05-02,night,def_large,0.0,0.5693854166666666,0.17331396193933807,39
2025-05-02,night,balance,-0.09816193090627967,0.23909183347122376,0.031433135420399556,39
2025-05-02,night,volume,0.3543576436290577,9.88979969037461,0.9956517467420375,39
2025-05-05,night,delta,-0.4708723911747168,0.4685399522957663,0.24930536146973573,37
2025-05-05,night,def_cancel,0.33918052863452963,0.5463960111471258,0.05748013529730268,37
2025-05-05,night,att_cancel,0.34164726150855296,0.5539275044341421,0.05867569399062059,37
2025-05-05,night,def_refill,0.037663043478260876,0.5527173913043478,0.11627338304342087,37
2025-05-05,night,att_refill,0.03742424242424243,0.5456060606060606,0.1163240149644136,37
2025-05-05,night,def_hidden,0.0,0.03148062015503876,0.03136200555001277,37
2025-05-05,night,att_eff,-0.6755895094414897,0.5433436561736724,0.27816739792041534,37
2025-05-05,night,def_eff,-0.5839580062180505,0.5879213264104552,0.2731994169875363,37
2025-05-05,night,att_large,0.0,0.6155099282400435,0.19108410109288326,37
2025-05-05,night,def_large,0.0,0.5781979166666666,0.17826531740487545,37
2025-05-05,night,balance,-0.10852447673910798,0.25934590032629723,0.032468402783511666,37
2025-05-05,night,volume,0.3543576436290577,10.469657652676705,1.0327276466039574,37
2025-05-07,night,delta,-0.46898032200357787,0.46759391771019687,0.24729471073871756,36
2025-05-07,night,def_cancel,0.3378998396202367,0.5451153221328329,0.05689190406959848,36
2025-05-07,night,att_cancel,0.3403512893295201,0.5534091155625289,0.05842931325674456,36
2025-05-07,night,def_refill,0.035706521739130435,0.5429347826086957,0.113211919222381,36
2025-05-07,night,att_refill,0.035454545454545454,0.5337878787878788,0.11354484607677538,36
2025-05-07,night,def_hidden,0.0,0.03244186046511628,0.03192114317557231,36
2025-05-07,night,att_eff,-0.6733892690703431,0.5389431754313794,0.2773294510894065,36
2025-05-07,night,def_eff,-0.5861043053620587,0.5900676255544637,0.27235420877588096,36
2025-05-07,night,att_large,0.0,0.612060312949667,0.18967228269448713,36
2025-05-07,night,def_large,0.0,0.57428125,0.17711458881869696,36
2025-05-07,night,balance,-0.11606087370843765,0.2697084461591256,0.03345164110361514,36
2025-05-07,night,volume,0.38657197486806294,10.662943640110736,1.0544806770692288,36
2025-05-08,night,delta,-0.4651961836613,0.4685399522957663,0.24534366099193652,37
2025-05-08,night,def_cancel,0.3386682530288124,0.5446030465271157,0.056441674592818215,37
2025-05-08,night,att_cancel,0.34061048376532665,0.5534091155625289,0.057963680699703375,37
2025-05-08,night,def_refill,0.036195652173913045,0.5419565217391304,0.112360507171168,37
2025-05-08,night,att_refill,0.0359469696969697,0.5337878787878788,0.1127280322914307,37
2025-05-08,night,def_hidden,0.0,0.03292248062015504,0.03165910306546973,37
2025-05-08,night,att_eff,-0.677789749812636,0.5433436561736724,0.27667025308286164,37
2025-05-08,night,def_eff,-0.5946895019380918,0.5965065229864885,0.27236305942975714,37
2025-05-08,night,att_large,0.0,0.612060312949667,0.18819758535526515,37
2025-05-08,night,def_large,0.0,0.5718333333333333,0.17554313919707104,37
2025-05-08,night,balance,-0.11464779927668833,0.26782434691679313,0.033197093880147736,37
2025-05-08,night,volume,0.3543576436290577,10.534086315154715,1.0445759011411015,37
2025-05-09,night,delta,-0.46708825283243893,0.4685399522957663,0.2440191181620461,38
2025-05-09,night,def_cancel,0.33892439083167103,0.5443469087242571,0.056068512350779656,38
2025-05-09,night,att_cancel,0.3403512893295201,0.5531499211267223,0.057560015276763354,38
2025-05-09,night,def_refill,0.036195652173913045,0.5409782608695652,0.11173293867727413,38
2025-05-09,night,att_refill,0.0359469696969697,0.5337878787878788,0.1124059268368209,38
2025-05-09,night,def_hidden,0.0,0.034124031007751944,0.03145640681198359,38
2025-05-09,night,att_eff,-0.686590711297222,0.5455438965448187,0.27718813486439536,38
2025-05-09,night,def_eff,-0.5989821002261082,0.6072380187065294,0.273323080373687,38
2025-05-09,night,att_large,0.0,0.6115675107653274,0.18697254989277912,38
2025-05-09,night,def_large,0.0,0.5718333333333333,0.1744333421902706,38
2025-05-09,night,balance,-0.11323472484493902,0.26782434691679313,0.03295389241031443,38
2025-05-09,night,volume,0.32214331239005245,10.4374433214377,1.036528509089074,38
2025-05-12,night,delta,-0.463304114490161,0.4657018485390578,0.2430499028319862,36
2025-05-12,night,def_cancel,0.3353384615916508,0.542553944104247,0.05644740109854397,36
2025-05-12,night,att_cancel,0.3377593449714542,0.552113143383496,0.05791671967999666,36
2025-05-12,night,def_refill,0.03375,0.5282608695652175,0.1083139279403851,36
2025-05-12,night,att_refill,0.033484848484848485,0.5239393939393939,0.10885419862546487,36
2025-05-12,night,def_hidden,0.0,0.0334031007751938,0.03159415314145182,36
2025-05-12,night,att_eff,-0.6667885479569036,0.5367429350602326,0.2775570372903478,36
2025-05-12,night,def_eff,-0.5861043053620587,0.5836287281224388,0.27295945651195735,36
2025-05-12,night,att_large,0.0,0.6125531151340065,0.18766609801997222,36
2025-05-12,night,def_large,0.0,0.57721875,0.17453604179697105,36
2025-05-12,night,balance,-0.11747394814018697,0.2819550912342863,0.03395695059740058,36
2025-05-12,night,volume,0.3543576436290577,10.340800327720684,1.0684219787292033,36
2025-05-13,night,delta,-0.4642501490757305,0.4647558139534884,0.24534456503928329,36
2025-05-13,night,def_cancel,0.3335454969716407,0.5420416684985299,0.05722022394928787,36
2025-05-13,night,att_cancel,0.3359449839208082,0.552113143383496,0.05876350564730763,36
2025-05-13,night,def_refill,0.03326086956521739,0.5267934782608696,0.10914823335885371,36
2025-05-13,night,att_refill,0.033484848484848485,0.521969696969697,0.10984348769445085,36
2025-05-13,night,def_hidden,0.0,0.0334031007751938,0.03251058652256423,36
2025-05-13,night,att_eff,-0.664588307585757,0.5323424543179396,0.277373993595094,36
2025-05-13,night,def_eff,-0.5818117070740423,0.5836287281224388,0.27262679812026386,36
2025-05-13,night,att_large,0.0,0.6164955326087225,0.190775283909243,36
2025-05-13,night,def_large,0.0,0.5786874999999999,0.17626864853045493,36
2025-05-13,night,balance,-0.11794497295077006,0.2828971408554525,0.03398632265451348,36
2025-05-13,night,volume,0.3543576436290577,10.4374433214377,1.0479587219744266,36
2025-05-14,night,delta,-0.4651961836613,0.46664788312462724,0.24559880551424831,36
2025-05-14,night,def_cancel,0.3332893591687821,0.5420416684985299,0.05718252418411583,36
2025-05-14,night,att_cancel,0.3356857894850016,0.5518539489476895,0.05880135420758154,36
2025-05-14,night,def_refill,0.03326086956521739,0.5267934782608696,0.1092101203721668,36
2025-05-14,night,att_refill,0.03299242424242425,0.5229545454545454,0.10979719471591944,36
2025-05-14,night,def_hidden,0.0,0.0334031007751938,0.03256961079444495,36
2025-05-14,night,att_eff,-0.664588307585757,0.5345426946890863,0.2770502534262609,36
2025-05-14,night,def_eff,-0.5839580062180505,0.5857750272664473,0.2722031493103102,36
2025-05-14,night,att_large,0.0,0.6164955326087225,0.19074426309280262,36
2025-05-14,night,def_large,0.0,0.5781979166666666,0.17623143390645915,36
2025-05-14,night,balance,-0.1184159977613532,0.2828971408554525,0.033989436664899224,36
2025-05-14,night,volume,0.3543576436290577,10.4374433214377,1.046866535529626,36
2025-05-15,night,delta,-0.463304114490161,0.4657018485390578,0.24407840591656693,37
2025-05-15,night,def_cancel,0.3338016347744993,0.5415293928928127,0.056789523282463006,37
2025-05-15,night,att_cancel,0.33620417835661476,0.5515947545118829,0.058429578566625014,37
2025-05-15,night,def_refill,0.03375,0.5267934782608696,0.10868634308891426,37
2025-05-15,night,att_refill,0.033484848484848485,0.5239393939393939,0.1093280725195834,37
2025-05-15,night,def_hidden,0.0,0.03244186046511628,0.03230646755061433,37
2025-05-15,night,att_eff,-0.6689887883280501,0.5367429350602326,0.27711245134441015,37
2025-05-15,night,def_eff,-0.5861043053620587,0.5857750272664473,0.2722774076197428,37
2025-05-15,night,att_large,0.0,0.6145243238713645,0.18941448227501634,37
2025-05-15,night,def_large,0.0,0.57575,0.17470155773510598,37
2025-05-15,night,balance,-0.12972059321534768,0.28101304161312013,0.03471765085607573,37
2025-05-15,night,volume,0.3543576436290577,10.340800327720684,1.0380038420666948,37
2025-05-16,night,delta,-0.463304114490161,0.46759391771019687,0.24249352186972822,38
2025-05-16,night,def_cancel,0.33431391038021646,0.5415293928928127,0.05638786578721777,38
2025-05-16,night,att_cancel,0.3369817616640345,0.5513355600760763,0.0579926404611922,38
2025-05-16,night,def_refill,0.03423913043478261,0.52875,0.108138733803863,38
2025-05-16,night,att_refill,0.03446969696969697,0.5273863636363637,0.10877366297486522,38
2025-05-16,night,def_hidden,0.0,0.03292248062015504,0.03206859350651294,38
2025-05-16,night,att_eff,-0.6755895094414897,0.5411434158025257,0.27662286515670353,38
2025-05-16,night,def_eff,-0.5925432027940836,0.5943602238424801,0.27209180782055076,38
2025-05-16,night,att_large,0.0,0.6145243238713645,0.18822730027475087,38
2025-05-16,night,def_large,0.0,0.5718333333333333,0.17322524569442846,38
2025-05-16,night,balance,-0.12783649397301527,0.27912894237078767,0.03446212896231947,38
2025-05-16,night,volume,0.32214331239005245,10.211943002764663,1.0289314084343832,38
2025-05-19,night,delta,-0.463304114490161,0.4694859868813357,0.2421313047050401,37
2025-05-19,night,def_cancel,0.3338016347744993,0.5415293928928127,0.05647280593111615,37
2025-05-19,night,att_cancel,0.33646337279242133,0.5515947545118829,0.05813750631893927,37
2025-05-19,night,def_refill,0.03375,0.5297282608695653,0.10800838325766635,37
2025-05-19,night,att_refill,0.03446969696969697,0.5283712121212122,0.10877561693840357,37
2025-05-19,night,def_hidden,0.0,0.0346046511627907,0.032285115543054084,37
2025-05-19,night,att_eff,-0.6755895094414897,0.5411434158025257,0.27539277101199033,37
2025-05-19,night,def_eff,-0.5946895019380918,0.600799121274505,0.2713029577816802,37
2025-05-19,night,att_large,0.0,0.616988334793062,0.1882138015100481,37
2025-05-19,night,def_large,0.0,0.5718333333333333,0.1727019213088252,37
2025-05-19,night,balance,-0.12830751878359842,0.27536074388612286,0.03445554558054297,37
2025-05-19,night,volume,0.32214331239005245,10.211943002764663,1.0263392846953487,37
2025-05-20,night,delta,-0.463304114490161,0.4704320214669051,0.24101989450879752,37
2025-05-20,night,def_cancel,0.3335454969716407,0.5415293928928127,0.0561854919005685,37
2025-05-20,night,att_cancel,0.3367225672282279,0.5515947545118829,0.05779648601891172,37
2025-05-20,night,def_refill,0.03423913043478261,0.5297282608695653,0.10777636170887687,37
2025-05-20,night,att_refill,0.03397727272727273,0.5313257575757576,0.10875325685690526,37
2025-05-20,night,def_hidden,0.0,0.03292248062015504,0.03181157912264862,37
2025-05-20,night,att_eff,-0.6843904709260755,0.5455438965448187,0.2770972017258832,37
2025-05-20,night,def_eff,-0.6140061942341659,0.6093843178505378,0.27248488197590537,37
2025-05-20,night,att_large,0.0,0.613045917318346,0.18687003983605885,37
2025-05-20,night,def_large,0.0,0.5777083333333333,0.17189677039542814,37
2025-05-20,night,balance,-0.12642341954126596,0.2734766446437904,0.0341670015006203,37
2025-05-20,night,volume,0.32214331239005245,10.115300009047647,1.0335965135610012,37
2025-05-21,night,delta,-0.463304114490161,0.47232409063804415,0.2398980647229435,37
2025-05-21,night,def_cancel,0.3335454969716407,0.5415293928928127,0.055932606208534894,37
2025-05-21,night,att_cancel,0.33646337279242133,0.5515947545118829,0.05763763977159101,37
2025-05-21,night,def_refill,0.03423913043478261,0.5297282608695653,0.10695452288898134,37
2025-05-21,night,att_refill,0.033484848484848485,0.5352651515151515,0.10807268995280976,37
2025-05-21,night,def_hidden,0.0,0.03508527131782946,0.03201934586356674,37
2025-05-21,night,att_eff,-0.6887909516683686,0.5521446176582585,0.2775368982837599,37
2025-05-21,night,def_eff,-0.6140061942341659,0.6136769161385542,0.2726282471855266,37
2025-05-21,night,att_large,0.0,0.6145243238713645,0.18606046926727451,37
2025-05-21,night,def_large,0.0,0.5762395833333332,0.17075804064942993,37
2025-05-21,night,balance,-0.1268944443518491,0.27300561983320726,0.03408930742591819,37
2025-05-21,night,volume,0.32214331239005245,9.857585359135605,0.9289709351471952,37
2025-05-22,night,delta,-0.4642501490757305,0.47232409063804415,0.23996790414796795,38
2025-05-22,night,def_cancel,0.3335454969716407,0.5415293928928127,0.055887195042900635,38
2025-05-22,night,att_cancel,0.33646337279242133,0.5515947545118829,0.05758732698982877,38
2025-05-22,night,def_refill,0.03423913043478261,0.5321739130434783,0.1077476120193034,38
2025-05-22,night,att_refill,0.03446969696969697,0.5387121212121212,0.10863936895395689,38
2025-05-22,night,def_hidden,0.0,0.03484496124031008,0.03203730956392116,38
2025-05-22,night,att_eff,-0.6887909516683686,0.5521446176582585,0.2775273821104209,38
2025-05-22,night,def_eff,-0.6140061942341659,0.6115306169945462,0.2725515433842912,38
2025-05-22,night,att_large,0.0,0.6164955326087225,0.18639930356431528,38
2025-05-22,night,def_large,0.0,0.57721875,0.1707892781453544,38
2025-05-22,night,balance,-0.12595239473068287,0.2720635702120411,0.033929516289565476,38
2025-05-22,night,volume,0.32214331239005245,9.8253710278966,0.9262061588290642,38
2025-05-23,night,delta,-0.4651961836613,0.47327012522361356,0.23975602861861423,39
2025-05-23,night,def_cancel,0.3338016347744993,0.5415293928928127,0.05585531113161158,39
2025-05-23,night,att_cancel,0.33646337279242133,0.5515947545118829,0.05754494078661277,39
2025-05-23,night,def_refill,0.03423913043478261,0.5326630434782609,0.10798554029412889,39
2025-05-23,night,att_refill,0.03446969696969697,0.5387121212121212,0.10875853202081819,39
2025-05-23,night,def_hidden,0.0,0.0358062015503876,0.0320694243626875,39
2025-05-23,night,att_eff,-0.6953916727818081,0.5565450984005511,0.27812318653520307,39
2025-05-23,night,def_eff,-0.6182987925221826,0.6136769161385542,0.2731645300926977,39
2025-05-23,night,att_large,0.0,0.6184667413460806,0.186425548157631,39
2025-05-23,night,def_large,0.0,0.5762395833333332,0.1704925694953594,39
2025-05-23,night,balance,-0.1273654691624322,0.2711215205908749,0.03399147546182652,39
2025-05-23,night,volume,0.32214331239005245,9.8253710278966,0.9262920561764573,39
2025-05-26,night,delta,-0.46614221824686947,0.47232409063804415,0.24002118302299413,39
2025-05-26,night,def_cancel,0.33431391038021646,0.5415293928928127,0.05573931624622093,39
2025-05-26,night,att_cancel,0.3367225672282279,0.5510763656402697,0.05737118249024411,39
2025-05-26,night,def_refill,0.03423913043478261,0.5316847826086957,0.1081160016637978,39
2025-05-26,night,att_refill,0.03446969696969697,0.5387121212121212,0.10899433235589262,39
2025-05-26,night,def_hidden,0.0,0.0358062015503876,0.03205339422728703,39
2025-05-26,night,att_eff,-0.7019923938952475,0.5609455791428442,0.27685710167567956,39
2025-05-26,night,def_eff,-0.6182987925221826,0.6136769161385542,0.27251906381242247,39
2025-05-26,night,att_large,0.0,0.6174811369774016,0.18672498597527187,39
2025-05-26,night,def_large,0.0,0.57721875,0.17100337301301136,39
2025-05-26,night,balance,-0.12595239473068287,0.26923742134854245,0.03387760645214559,39
2025-05-26,night,volume,0.32214331239005245,9.857585359135605,0.9243018974209048,39
2025-05-27,night,delta,-0.46708825283243893,0.4704320214669051,0.23823547057766487,39
2025-05-27,night,def_cancel,0.33457004818307506,0.5402487038785198,0.05522600901779798,39
2025-05-27,night,att_cancel,0.3377593449714542,0.5500395878970433,0.05676769724435052,39
2025-05-27,night,def_refill,0.03423913043478261,0.5258152173913044,0.10693487685520084,39
2025-05-27,night,att_refill,0.03446969696969697,0.5357575757575758,0.10775265359475225,39
2025-05-27,night,def_hidden,0.0,0.03484496124031008,0.03189075376801728,39
2025-05-27,night,att_eff,-0.7151938361221266,0.5609455791428442,0.2756572742560616,39
2025-05-27,night,def_eff,-0.622591390810199,0.6244084118585955,0.27133535155522465,39
2025-05-27,night,att_large,0.0,0.616002730424383,0.18537764647569702,39
2025-05-27,night,def_large,0.0,0.57428125,0.16963893959676518,39
2025-05-27,night,balance,-0.12453932029893355,0.2682953717273763,0.033696345857322466,39
2025-05-27,night,volume,0.2899289811510472,9.76094236541859,0.9170249698019989,39
2025-05-28,night,delta,-0.463304114490161,0.4694859868813357,0.23801616927896477,39
2025-05-28,night,def_cancel,0.3340577725773579,0.5397364282728025,0.05514331956568414,39
2025-05-28,night,att_cancel,0.33750015053564764,0.5492620045896236,0.056780411093972416,39
2025-05-28,night,def_refill,0.03375,0.5003804347826087,0.10588845464127035,39
2025-05-28,night,att_refill,0.033484848484848485,0.5229545454545454,0.10660752492182927,39
2025-05-28,night,def_hidden,0.0,0.03604651162790698,0.03180296349322751,39
2025-05-28,night,att_eff,-0.7019923938952475,0.5499443772871118,0.2744120712526236,39
2025-05-28,night,def_eff,-0.6204450916661908,0.6115306169945462,0.27055500373326535,39
2025-05-28,night,att_large,0.0,0.6145243238713645,0.18498373496546125,39
2025-05-28,night,def_large,0.0,0.5703645833333333,0.16938161983128858,39
2025-05-28,night,balance,-0.1268944443518491,0.2687663965379593,0.033762510549827686,39
2025-05-28,night,volume,0.2899289811510472,9.728728034179584,0.9019159542268372,39
2025-05-29,night,delta,-0.4642501490757305,0.4694859868813357,0.23771306195364764,40
2025-05-29,night,def_cancel,0.33431391038021646,0.5397364282728025,0.05505587602453651,40
2025-05-29,night,att_cancel,0.33750015053564764,0.5492620045896236,0.05669630314641136,40
2025-05-29,night,def_refill,0.03423913043478261,0.5067391304347827,0.10579662768764121,40
2025-05-29,night,att_refill,0.03397727272727273,0.5249242424242424,0.10657164627467575,40
2025-05-29,night,def_hidden,0.0,0.0358062015503876,0.031725251065255256,40
2025-05-29,night,att_eff,-0.704192634266394,0.5521446176582585,0.2745009346931848,40
2025-05-29,night,def_eff,-0.6247376899542072,0.6179695144265707,0.2707222651680895,40
2025-05-29,night,att_large,0.0,0.6145243238713645,0.18467440933998105,40
2025-05-29,night,def_large,0.0,0.5693854166666666,0.16906130226044602,40
2025-05-29,night,balance,-0.12642341954126596,0.2682953717273763,0.0336947833796553,40
2025-05-29,night,volume,0.2899289811510472,9.696513702940578,0.8998957783050596,40
2025-05-30,night,delta,-0.46708825283243893,0.47232409063804415,0.2381245635521649,41
2025-05-30,night,def_cancel,0.3340577725773579,0.5397364282728025,0.055074012420258986,41
2025-05-30,night,att_cancel,0.33724095609984106,0.5495211990254302,0.056721918034290934,41
2025-05-30,night,def_refill,0.03423913043478261,0.5057608695652175,0.10589935157709754,41
2025-05-30,night,att_refill,0.03446969696969697,0.5249242424242424,0.10672179147079457,41
2025-05-30,night,def_hidden,0.0,0.0358062015503876,0.03149987281933782,41
2025-05-30,night,att_eff,-0.704192634266394,0.5499443772871118,0.27494283501662803,41
2025-05-30,night,def_eff,-0.6247376899542072,0.6179695144265707,0.2709842550429379,41
2025-05-30,night,att_large,0.0,0.6164955326087225,0.1848414644887584,41
2025-05-30,night,def_large,0.0,0.5718333333333333,0.16920320719583753,41
2025-05-30,night,balance,-0.12501034510951664,0.2664112724850438,0.03352585155021489,41
2025-05-30,night,volume,0.2899289811510472,9.632085040462568,0.8963178521672897,41
2025-06-02,night,delta,-0.463304114490161,0.4685399522957663,0.23873852302313667,39
2025-06-02,night,def_cancel,0.3330332213659235,0.5353820856242065,0.05525177684251041,39
2025-06-02,night,att_cancel,0.33620417835661476,0.5456332824883315,0.056697024771868984,39
2025-06-02,night,def_refill,0.03277173913043478,0.4808152173913044,0.10300472193777416,39
2025-06-02,night,att_refill,0.0325,0.5003030303030304,0.1037228137294485,39
2025-06-02,night,def_hidden,0.0,0.03724806201550388,0.03187813582813968,39
2025-06-02,night,att_eff,-0.704192634266394,0.5499443772871118,0.27068406326592465,39
2025-06-02,night,def_eff,-0.6204450916661908,0.6244084118585955,0.2685297660900674,39
2025-06-02,night,att_large,0.0,0.6155099282400435,0.18540134496722846,39
2025-06-02,night,def_large,0.0,0.5733020833333333,0.16996843968856748,39
2025-06-02,night,balance,-0.12830751878359842,0.2748897190755397,0.033988725691360945,39
2025-06-02,night,volume,0.2899289811510472,10.018657015330632,0.9172650507907996,39
2025-06-04,night,delta,-0.4585739415623137,0.47421615980918297,0.22708038909516326,38
2025-06-04,night,def_cancel,0.3335454969716407,0.5323084319899035,0.05203127634287501,38
2025-06-04,night,att_cancel,0.338536928278874,0.5438189214376854,0.0531524430602591,38
2025-06-04,night,def_refill,0.03375,0.5003804347826087,0.09994509047470444,38
2025-06-04,night,att_refill,0.03446969696969697,0.5209848484848485,0.10097907360794539,38
2025-06-04,night,def_hidden,0.0,0.0406124031007752,0.030337536739072392,38
2025-06-04,night,att_eff,-0.7569984031739101,0.5675463002562839,0.2713169710925089,38
2025-06-04,night,def_eff,-0.6440543822502816,0.6651880955947522,0.26953744280710207,38
2025-06-04,night,att_large,0.0,0.6125531151340065,0.17669239563493497,38
2025-06-04,night,def_large,0.0,0.5502916666666666,0.15807942731254163,38
2025-06-04,night,balance,-0.12783649397301527,0.2857232897189511,0.034793318433751066,38
2025-06-04,night,volume,0.25771464991204196,8.536797778336389,0.8509526161670473,38
2025-06-05,night,delta,-0.45951997614788315,0.47327012522361356,0.22644834593035124,39
2025-06-05,night,def_cancel,0.3335454969716407,0.5320522941870449,0.05189018422937821,39
2025-06-05,night,att_cancel,0.33879612271468057,0.5438189214376854,0.053032144117265145,39
2025-06-05,night,def_refill,0.03375,0.5003804347826087,0.09975210529712467,39
2025-06-05,night,att_refill,0.034962121212121215,0.525909090909091,0.10093601722541669,39
2025-06-05,night,def_hidden,0.0,0.04013178294573644,0.030227499195041075,39
2025-06-05,night,att_eff,-0.7613988839162031,0.5785475021120163,0.27197808021627223,39
2025-06-05,night,def_eff,-0.6504932796823062,0.6716269930267771,0.2703380001550956,39
2025-06-05,night,att_large,0.0,0.6145243238713645,0.17627567268580485,39
2025-06-05,night,def_large,0.0,0.5493125,0.15756693496143553,39
2025-06-05,night,balance,-0.14008313904817604,0.2843102152872018,0.03468856167638958,39
2025-06-05,night,volume,0.25771464991204196,8.504583447097385,0.8479459320606644,39
2025-06-09,night,delta,-0.4642501490757305,0.4770542635658914,0.20739765759340548,37
2025-06-09,night,def_cancel,0.34071735545168114,0.5323084319899035,0.04559569312056844,37
2025-06-09,night,att_cancel,0.34475759473823187,0.5458924769241381,0.046904154796801226,37
2025-06-09,night,def_refill,0.04304347826086957,0.5346195652173914,0.09893576164552974,37
2025-06-09,night,att_refill,0.04431818181818182,0.5761363636363637,0.10190690932729923,37
2025-06-09,night,def_hidden,0.0,0.024031007751937988,0.024866801912781247,37
2025-06-09,night,att_eff,-0.8670104217312351,0.6445547132464116,0.2808392593615875,37
2025-06-09,night,def_eff,-0.7363452454426365,0.7617715570751238,0.2799229091621808,37
2025-06-09,night,att_large,0.0,0.6145243238713645,0.16169806196754286,37
2025-06-09,night,def_large,0.0,0.5527395833333333,0.14216156969603222,37
2025-06-09,night,balance,-0.11511882408727142,0.20376497267749083,0.03221098683003511,37
2025-06-09,night,volume,0.19328598743403147,6.57172357275707,0.771158357494589,37
2025-06-10,night,delta,-0.463304114490161,0.47894633273703047,0.2001410122745562,37
2025-06-10,night,def_cancel,0.3412296310573983,0.5323084319899035,0.04406801724705034,37
2025-06-10,night,att_cancel,0.34475759473823187,0.5464108657957513,0.04529123368858609,37
2025-06-10,night,def_refill,0.044021739130434785,0.5502717391304348,0.09879312938299957,37
2025-06-10,night,att_refill,0.04579545454545455,0.5918939393939394,0.10166450376297768,37
2025-06-10,night,def_hidden,0.0,0.027875968992248066,0.024904469710491265,37
2025-06-10,night,att_eff,-0.9000140272984327,0.6775583188136087,0.28152015578358347,37
2025-06-10,night,def_eff,-0.7621008351707355,0.7896734459472312,0.2816309648123977,37
2025-06-10,night,att_large,0.0,0.6155099282400435,0.1573967618320492,37
2025-06-10,night,def_large,0.0,0.54784375,0.1358294304656617,37
2025-06-10,night,balance,-0.11888702257193628,0.20800419597273878,0.03216265764515503,37
2025-06-10,night,volume,0.19328598743403147,6.378437585323039,0.7649555635646031,37
2025-06-11,night,delta,-0.4737104949314252,0.4855685748360168,0.1995776762269128,37
2025-06-11,night,def_cancel,0.34174190666311544,0.5341013966099136,0.04399980360600329,37
2025-06-11,night,att_cancel,0.34527598360984507,0.5500395878970433,0.045105072549213074,37
2025-06-11,night,def_refill,0.05527173913043479,0.5678804347826087,0.10211322166734997,37
2025-06-11,night,att_refill,0.05761363636363637,0.6091287878787879,0.10568506209836352,37
2025-06-11,night,def_hidden,0.0,0.025232558139534886,0.025040474256562664,37
2025-06-11,night,att_eff,-0.9396183539790697,0.6863592802981948,0.28497195331849856,37
2025-06-11,night,def_eff,-0.7857101257548262,0.8025512408112805,0.2854596328448613,37
2025-06-11,night,att_large,0.0,0.617973939161741,0.15558510878606122,37
2025-06-11,night,def_large,0.0,0.5556770833333333,0.13635682383667963,37
2025-06-11,night,balance,-0.08261811215703718,0.18963422835999766,0.025817622654400605,37
2025-06-11,night,volume,0.16107165619502622,6.410651916562044,0.796918727726095,37
2025-06-12,night,delta,-0.47560256410256413,0.4865146094215862,0.20297726051966422,38
2025-06-12,night,def_cancel,0.34174190666311544,0.533845258807055,0.04446213882779415,38
2025-06-12,night,att_cancel,0.3450167891740385,0.5505579767686566,0.04570665321621323,38
2025-06-12,night,def_refill,0.05527173913043479,0.5717934782608696,0.10411593371325482,38
2025-06-12,night,att_refill,0.05761363636363637,0.6115909090909091,0.10744036660469508,38
2025-06-12,night,def_hidden,0.0,0.026434108527131784,0.025589114383246785,38
2025-06-12,night,att_eff,-0.9440188347213627,0.6863592802981948,0.28682045466822464,38
2025-06-12,night,def_eff,-0.7857101257548262,0.8046975399552889,0.2873380908212038,38
2025-06-12,night,att_large,0.0,0.6214235544521176,0.1593670744818844,38
2025-06-12,night,def_large,0.0,0.5571458333333333,0.13878287274511797,38
2025-06-12,night,balance,-0.10381422863327694,0.18869217873883148,0.025961493110082657,38
2025-06-12,night,volume,0.16107165619502622,6.893866885147123,0.8086935017638379,38
2025-06-13,night,delta,-0.47560256410256413,0.48462254025044715,0.20339393809605424,39
2025-06-13,night,def_cancel,0.34276645787454985,0.5346136722156308,0.04427891374711315,39
2025-06-13,night,att_cancel,0.3460535669172648,0.5502987823328499,0.04546837067035376,39
2025-06-13,night,def_refill,0.05625,0.5717934782608696,0.10370879221944768,39
2025-06-13,night,att_refill,0.059583333333333335,0.6091287878787879,0.10757728028266524,39
2025-06-13,night,def_hidden,0.0,0.022829457364341086,0.025004917803666243,39
2025-06-13,night,att_eff,-0.9264169117521908,0.6863592802981948,0.28683032591599794,39
2025-06-13,night,def_eff,-0.7771249291787932,0.8004049416672725,0.2875997157585995,39
2025-06-13,night,att_large,0.0,0.6204379500834386,0.1588118722452194,39
2025-06-13,night,def_large,0.0,0.5600833333333333,0.13865760738657917,39
2025-06-13,night,balance,-0.0948647572321979,0.18586602987533285,0.025790109496795863,39
2025-06-13,night,volume,0.16107165619502622,6.797223891430106,0.8023154328338072,39
2025-06-16,night,delta,-0.46708825283243893,0.47894633273703047,0.20593625379818087,37
2025-06-16,night,def_cancel,0.34455942249455995,0.5320522941870449,0.04393286804462048,37
2025-06-16,night,att_cancel,0.34812712240371746,0.5461516713599447,0.04447229523303176,37
2025-06-16,night,def_refill,0.05673913043478261,0.5654347826086957,0.10428151527765882,37
2025-06-16,night,att_refill,0.061060606060606065,0.6002651515151516,0.10769763560558429,37
2025-06-16,night,def_hidden,0.0,0.01682170542635659,0.0245971846704173,37
2025-06-16,night,att_eff,-0.8670104217312351,0.66435687658673,0.2836140679245635,37
2025-06-16,night,def_eff,-0.7470767411626775,0.7767956510831815,0.28419660975398964,37
2025-06-16,night,att_large,0.0,0.6125531151340065,0.16033971348354917,37
2025-06-16,night,def_large,0.0,0.55959375,0.14160520824235656,37
2025-06-16,night,balance,-0.11935804738251937,0.18869217873883148,0.026685530171629782,37
2025-06-16,night,volume,0.19328598743403147,6.765009560191102,0.6939337916250177,37
2025-06-17,night,delta,-0.4642501490757305,0.476108228980322,0.2043726163118871,37
2025-06-17,night,def_cancel,0.34532783590313565,0.5315400185813278,0.04358967010434176,37
2025-06-17,night,att_cancel,0.3489047057111372,0.5456332824883315,0.04398605551151388,37
2025-06-17,night,def_refill,0.05673913043478261,0.5639673913043479,0.10353581377953697,37
2025-06-17,night,att_refill,0.06204545454545455,0.6002651515151516,0.10697689636432003,37
2025-06-17,night,def_hidden,0.0,0.012976744186046513,0.024369113997711838,37
2025-06-17,night,att_eff,-0.8868125850715538,0.6797585591847555,0.28524708739709387,37
2025-06-17,night,def_eff,-0.7578082368827188,0.7982586425232641,0.28555407256781273,37
2025-06-17,night,att_large,0.0,0.6105819063966484,0.1591019843654758,37
2025-06-17,night,def_large,0.0,0.5556770833333333,0.14002045805874505,37
2025-06-17,night,balance,-0.1292495684047646,0.18822115392824834,0.027940502944421797,37
2025-06-17,night,volume,0.16107165619502622,6.700580897713091,0.6903274367336528,37
2025-06-18,night,delta,-0.4585739415623137,0.47894633273703047,0.2028527667715386,38
2025-06-18,night,def_cancel,0.3466085249174286,0.5305154673698934,0.042984846183176995,38
2025-06-18,night,att_cancel,0.3499414834543635,0.5440781158734921,0.04345589751126985,38
2025-06-18,night,def_refill,0.05625,0.5644565217391305,0.10264898319153645,38
2025-06-18,night,att_refill,0.06204545454545455,0.6002651515151516,0.1064777419406138,38
2025-06-18,night,def_hidden,0.0,0.011775193798449613,0.02406115641625303,38
2025-06-18,night,att_eff,-0.8868125850715538,0.6775583188136087,0.28458565079228954,38
2025-06-18,night,def_eff,-0.7578082368827188,0.7939660442352476,0.2849756983292175,38
2025-06-18,night,att_large,0.0,0.612060312949667,0.1577944680489875,38
2025-06-18,night,def_large,0.0,0.54784375,0.1380508949037746,38
2025-06-18,night,balance,-0.12972059321534768,0.1901052531705808,0.027629681506823836,38
2025-06-18,night,volume,0.16107165619502622,6.507294910279059,0.6832798934813407,38
2025-06-19,night,delta,-0.4585739415623137,0.4770542635658914,0.20267352161105937,39
2025-06-19,night,def_cancel,0.34686466272028715,0.5302593295670348,0.042833568732275694,39
2025-06-19,night,att_cancel,0.3499414834543635,0.5438189214376854,0.04324550287750987,39
2025-06-19,night,def_refill,0.05625,0.5669021739130435,0.10269585938839972,39
2025-06-19,night,att_refill,0.06204545454545455,0.6002651515151516,0.10618753157598561,39
2025-06-19,night,def_hidden,0.0,0.014178294573643412,0.02396448461749105,39
2025-06-19,night,att_eff,-0.8890128254427001,0.6775583188136087,0.2840900826756821,39
2025-06-19,night,def_eff,-0.7578082368827188,0.7939660442352476,0.2847934786731436,39
2025-06-19,night,att_large,0.0,0.6164955326087225,0.15792800943735308,39
2025-06-19,night,def_large,0.0,0.5473541666666666,0.13762708021478062,39
2025-06-19,night,balance,-0.15327183374450298,0.19481550127641178,0.02776377751156425,39
2025-06-19,night,volume,0.16107165619502622,6.442866247801049,0.6792055364396465,39
2025-06-20,night,delta,-0.46235807990459155,0.47800029815146083,0.20232929186964344,40
2025-06-20,night,def_cancel,0.3466085249174286,0.5305154673698934,0.04272004471228414,40
2025-06-20,night,att_cancel,0.3499414834543635,0.5445965047451052,0.04321665975828188,40
2025-06-20,night,def_refill,0.05673913043478261,0.568858695652174,0.10240803193657218,40
2025-06-20,night,att_refill,0.06204545454545455,0.6002651515151516,0.10595781722836424,40
2025-06-20,night,def_hidden,0.0,0.012736434108527133,0.02411929762599978,40
2025-06-20,night,att_eff,-0.9132154695253116,0.6863592802981948,0.2841579221080817,40
2025-06-20,night,def_eff,-0.7578082368827188,0.8004049416672725,0.2848481819886884,40
2025-06-20,night,att_large,0.0,0.6164955326087225,0.15778073070568124,40
2025-06-20,night,def_large,0.0,0.5458854166666667,0.13708037907500206,40
2025-06-20,night,balance,-0.15138773450217052,0.19575755089757807,0.027631814149542053,40
2025-06-20,night,volume,0.16107165619502622,6.410651916562044,0.6766084900646614,40
2025-06-23,night,delta,-0.46235807990459155,0.4770542635658914,0.20324738601278675,39
2025-06-23,night,def_cancel,0.34712080052314576,0.5305154673698934,0.04278169176021925,39
2025-06-23,night,att_cancel,0.3499414834543635,0.5433005325660722,0.04335885690925774,39
2025-06-23,night,def_refill,0.05771739130434783,0.5717934782608696,0.10318685780412144,39
2025-06-23,night,att_refill,0.06352272727272727,0.6002651515151516,0.10657262839769784,39
2025-06-23,night,def_hidden,0.0,0.012255813953488372,0.02407089330773594,39
2025-06-23,night,att_eff,-0.8934133061849932,0.6863592802981948,0.28326847327430493,39
2025-06-23,night,def_eff,-0.7578082368827188,0.7961123433792556,0.28396918459062787,39
2025-06-23,night,att_large,0.0,0.6174811369774016,0.15817068410030163,39
2025-06-23,night,def_large,0.0,0.5502916666666666,0.13811057472262286,39
2025-06-23,night,balance,-0.15091670969158744,0.19481550127641178,0.0275817431769348,39
2025-06-23,night,volume,0.16107165619502622,6.410651916562044,0.6779660596814734,39
2025-06-24,night,delta,-0.46235807990459155,0.47800029815146083,0.2030355916780249,39
2025-06-24,night,def_cancel,0.34737693832600436,0.5300031917641763,0.042629505915746733,39
2025-06-24,night,att_cancel,0.3499414834543635,0.5430413381302657,0.04318131539213401,39
2025-06-24,night,def_refill,0.05869565217391305,0.5717934782608696,0.10270525454604805,39
2025-06-24,night,att_refill,0.06303030303030303,0.6002651515151516,0.10641788782634343,39
2025-06-24,night,def_hidden,0.0,0.012015503875968994,0.023971246667177336,39
2025-06-24,night,att_eff,-0.8912130658138466,0.6863592802981948,0.2829347863557556,39
2025-06-24,night,def_eff,-0.7556619377387106,0.7939660442352476,0.2835599772585448,39
2025-06-24,night,att_large,0.0,0.6184667413460806,0.15805862440694327,39
2025-06-24,night,def_large,0.0,0.5483333333333333,0.13813979798275303,39
2025-06-24,night,balance,-0.14903261044925503,0.2009388238139922,0.027624668295507127,39
2025-06-24,night,volume,0.16107165619502622,6.410651916562044,0.6803181926950158,39
2025-07-01,night,delta,-0.45951997614788315,0.476108228980322,0.20044737120588238,35
2025-07-01,night,def_cancel,0.3484014895374387,0.5297470539613177,0.04190398519317336,35
2025-07-01,night,att_cancel,0.3496822890185569,0.5425229492586525,0.04267099293917599,35
2025-07-01,night,def_refill,0.05869565217391305,0.5717934782608696,0.1019363810856866,35
2025-07-01,night,att_refill,0.06352272727272727,0.6002651515151516,0.10498443326236484,35
2025-07-01,night,def_hidden,0.0,0.005767441860465117,0.0225471156096224,35
2025-07-01,night,att_eff,-0.8912130658138466,0.6863592802981948,0.28282380586354955,35
2025-07-01,night,def_eff,-0.7535156385947024,0.7918197450912392,0.2835157698915367,35
2025-07-01,night,att_large,0.0,0.6155099282400435,0.15563278658876006,35
2025-07-01,night,def_large,0.0,0.5439270833333333,0.13608092322859044,35
2025-07-01,night,balance,-0.15091670969158744,0.1971706253293274,0.02752461827683347,35
2025-07-01,night,volume,0.16107165619502622,6.249580260367018,0.6758029139493271,35
2025-07-02,night,delta,-0.4585739415623137,0.47421615980918297,0.20041246893051565,35
2025-07-02,night,def_cancel,0.3484014895374387,0.5294909161584591,0.04193356235568774,35
2025-07-02,night,att_cancel,0.3499414834543635,0.5425229492586525,0.0427004230879517,35
2025-07-02,night,def_refill,0.059673913043478265,0.5752173913043479,0.1024720315040038,35
2025-07-02,night,att_refill,0.06450757575757576,0.6042045454545455,0.10541655837689683,35
2025-07-02,night,def_hidden,0.0,0.00024031007751937987,0.02262177342081858,35
2025-07-02,night,att_eff,-0.8934133061849932,0.6863592802981948,0.2828381338493675,35
2025-07-02,night,def_eff,-0.7578082368827188,0.7939660442352476,0.2835746966185084,35
2025-07-02,night,att_large,0.0,0.6155099282400435,0.1559625232196694,35
2025-07-02,night,def_large,0.0,0.5439270833333333,0.13662996815029627,35
2025-07-02,night,balance,-0.15232978412333675,0.19764165013991042,0.027557353392650266,35
2025-07-02,night,volume,0.16107165619502622,6.2817945916060225,0.6769519562931601,35
2025-07-03,night,delta,-0.4585739415623137,0.47421615980918297,0.20146959258248703,36
2025-07-03,night,def_cancel,0.34686466272028715,0.5292347783556005,0.042293679436668875,36
2025-07-03,night,att_cancel,0.3496822890185569,0.5425229492586525,0.043117741852241764,36
2025-07-03,night,def_refill,0.060163043478260875,0.5835326086956523,0.1047235171069023,36
2025-07-03,night,att_refill,0.065,0.6081439393939394,0.10692752860744596,36
2025-07-03,night,def_hidden,0.0,0.00024031007751937987,0.02258949511070945,36
2025-07-03,night,att_eff,-0.8956135465561397,0.6863592802981948,0.2820285965342608,36
2025-07-03,night,def_eff,-0.749223040306686,0.7982586425232641,0.28265938094858184,36
2025-07-03,night,att_large,0.0,0.6155099282400435,0.15714048900334157,36
2025-07-03,night,def_large,0.0,0.54784375,0.13769232155794872,36
2025-07-03,night,balance,-0.1485615856386719,0.1962285757081611,0.027424023469321886,36
2025-07-03,night,volume,0.16107165619502622,6.346223254084033,0.6845279821335019,36
2025-07-07,night,delta,-0.463304114490161,0.47421615980918297,0.20384192295868736,35
2025-07-07,night,def_cancel,0.34532783590313565,0.5294909161584591,0.04279539102543642,35
2025-07-07,night,att_cancel,0.3476087335321043,0.5425229492586525,0.04358313081192786,35
2025-07-07,night,def_refill,0.061141304347826095,0.5913586956521739,0.10619804524547731,35
2025-07-07,night,att_refill,0.065,0.6140530303030304,0.10842085601222123,35
2025-07-07,night,def_hidden,0.0,0.00024031007751937987,0.022856092786645063,35
2025-07-07,night,att_eff,-0.9066147484118723,0.6863592802981948,0.2841575684576227,35
2025-07-07,night,def_eff,-0.7427841428746611,0.8004049416672725,0.2833703479209316,35
2025-07-07,night,att_large,0.0,0.619945147899099,0.1593085903979157,35
2025-07-07,night,def_large,0.0,0.55078125,0.1394219027292012,35
2025-07-07,night,balance,-0.14479338715400708,0.20046779900340905,0.026918405601706923,35
2025-07-07,night,volume,0.16107165619502622,6.475080579040054,0.6943608785400063,35
2025-07-08,night,delta,-0.463304114490161,0.476108228980322,0.2047778137915461,35
2025-07-08,night,def_cancel,0.343278733480267,0.5294909161584591,0.04316748514962246,35
2025-07-08,night,att_cancel,0.34734953909629773,0.542263754822846,0.04376130197278005,35
2025-07-08,night,def_refill,0.06358695652173914,0.6001630434782609,0.10739468865337093,35
2025-07-08,night,att_refill,0.06549242424242424,0.6179924242424243,0.10934510355612559,35
2025-07-08,night,def_hidden,0.0,0.00024031007751937987,0.022769927914978883,35
2025-07-08,night,att_eff,-0.9198161906387512,0.6863592802981948,0.2844315953651612,35
2025-07-08,night,def_eff,-0.7556619377387106,0.8004049416672725,0.2843099975151236,35
2025-07-08,night,att_large,0.0,0.6194523457147596,0.1602650183249327,35
2025-07-08,night,def_large,0.0,0.5556770833333333,0.14046466086662204,35
2025-07-08,night,balance,-0.14667748639633948,0.19340242684466247,0.026982245517645758,35
2025-07-08,night,volume,0.16107165619502622,6.442866247801049,0.6906488019232243,35
2025-07-09,night,delta,-0.463304114490161,0.47894633273703047,0.20479176257370177,35
2025-07-09,night,def_cancel,0.34251032007169124,0.5287225027498833,0.04322284509601756,35
2025-07-09,night,att_cancel,0.34709034466049116,0.5425229492586525,0.0437881264109941,35
2025-07-09,night,def_refill,0.06407608695652174,0.6001630434782609,0.10766138428262974,35
2025-07-09,night,att_refill,0.06549242424242424,0.619469696969697,0.10965117493212492,35
2025-07-09,night,def_hidden,0.0,0.00024031007751937987,0.02274970157648786,35
2025-07-09,night,att_eff,-0.9220164310098977,0.6863592802981948,0.2847613024667243,35
2025-07-09,night,def_eff,-0.7578082368827188,0.8004049416672725,0.28467899226385196,35
2025-07-09,night,att_large,0.0,0.6194523457147596,0.16055029635341914,35
2025-07-09,night,def_large,0.0,0.5502916666666666,0.14023438594216156,35
2025-07-09,night,balance,-0.14667748639633948,0.19340242684466247,0.026966778788880645,35
2025-07-09,night,volume,0.16107165619502622,6.442866247801049,0.6908571303613348,35
2025-07-10,night,delta,-0.463304114490161,0.476108228980322,0.20313406985588894,36
2025-07-10,night,def_cancel,0.34199804446597404,0.5289786405527419,0.04290190873669657,36
2025-07-10,night,att_cancel,0.34709034466049116,0.542263754822846,0.0433816781307811,36
2025-07-10,night,def_refill,0.06407608695652174,0.6001630434782609,0.10679140011380077,36
2025-07-10,night,att_refill,0.06647727272727273,0.6209469696969697,0.1088389183387961,36
2025-07-10,night,def_hidden,0.0,0.00024031007751937987,0.022495981553522965,36
2025-07-10,night,att_eff,-0.9396183539790697,0.699560722525074,0.2848665640059053,36
2025-07-10,night,def_eff,-0.7814175274668096,0.8111364373873133,0.28569671235909744,36
2025-07-10,night,att_large,0.0,0.6155099282400435,0.15911037656853189,36
2025-07-10,night,def_large,0.0,0.5488229166666666,0.13890467970205972,36
2025-07-10,night,balance,-0.14290928791167468,0.19528652608699493,0.02673908882249206,36
2025-07-10,night,volume,0.16107165619502622,6.378437585323039,0.6834796593538475,36
2025-07-11,night,delta,-0.463304114490161,0.4751621943947526,0.2027377850746324,37
2025-07-11,night,def_cancel,0.34174190666311544,0.5287225027498833,0.0428285123267212,37
2025-07-11,night,att_cancel,0.3463127613530714,0.5427821436944591,0.04348933099408306,37
2025-07-11,night,def_refill,0.06456521739130436,0.6055434782608696,0.10692515239665627,37
2025-07-11,night,att_refill,0.06647727272727273,0.6253787878787879,0.1089011217293002,37
2025-07-11,night,def_hidden,0.0,0.00024031007751937987,0.022344278644009057,37
2025-07-11,night,att_eff,-0.9396183539790697,0.7017609628962203,0.2850992984733838,37
2025-07-11,night,def_eff,-0.783563826610818,0.8111364373873133,0.2861485536465721,37
2025-07-11,night,att_large,0.0,0.6145243238713645,0.15825788924867346,37
2025-07-11,night,def_large,0.0,0.5502916666666666,0.13870984606791745,37
2025-07-11,night,balance,-0.14102518866934222,0.19481550127641178,0.026618790776323255,37
2025-07-11,night,volume,0.16107165619502622,6.314008922845028,0.6796885236287933,37
2025-07-14,night,delta,-0.463304114490161,0.476108228980322,0.19735662957199163,35
2025-07-14,night,def_cancel,0.34199804446597404,0.5300031917641763,0.04167986229151775,35
2025-07-14,night,att_cancel,0.3460535669172648,0.5433005325660722,0.04203724448436453,35
2025-07-14,night,def_refill,0.06652173913043478,0.6070108695652174,0.10428516806457606,35
2025-07-14,night,att_refill,0.06647727272727273,0.6288257575757576,0.10652200351742938,35
2025-07-14,night,def_hidden,0.0,0.00024031007751937987,0.019986214644734896,35
2025-07-14,night,att_eff,-0.9528197962059488,0.703961203267367,0.2850728132596773,35
2025-07-14,night,def_eff,-0.7878564248988345,0.8068438390992969,0.2861020669680776,35
2025-07-14,night,att_large,0.0,0.6155099282400435,0.15269355580051022,35
2025-07-14,night,def_large,0.0,0.5502916666666666,0.13387254492737052,35
2025-07-14,night,balance,-0.11276370003435593,0.1938734516552456,0.024660054669021103,35
2025-07-14,night,volume,0.16107165619502622,5.701936629303928,0.6672823101363983,35
2025-07-15,night,delta,-0.46235807990459155,0.4685399522957663,0.19511084953206514,35
2025-07-15,night,def_cancel,0.34251032007169124,0.5297470539613177,0.041168463899257206,35
2025-07-15,night,att_cancel,0.3460535669172648,0.5433005325660722,0.041653647587920235,35
2025-07-15,night,def_refill,0.06652173913043478,0.6079891304347826,0.10301183070342815,35
2025-07-15,night,att_refill,0.06647727272727273,0.6317803030303031,0.1053768776726911,35
2025-07-15,night,def_hidden,0.0,0.00024031007751937987,0.01978812763930994,35
2025-07-15,night,att_eff,-0.9594205173193882,0.7171626454942461,0.2862826236501772,35
2025-07-15,night,def_eff,-0.7921490231868509,0.8154290356753302,0.2864508185918509,35
2025-07-15,night,att_large,0.0,0.610089104212309,0.15016308141115797,35
2025-07-15,night,def_large,0.0,0.5502916666666666,0.1325140458136314,35
2025-07-15,night,balance,-0.10899550154969107,0.19481550127641178,0.02447439025767371,35
2025-07-15,night,volume,0.16107165619502622,5.6052936355869125,0.6567860493322312,35
2025-07-16,night,delta,-0.4642501490757305,0.4647558139534884,0.19944882406626863,35
2025-07-16,night,def_cancel,0.34097349325453974,0.530771605172752,0.043115106986775474,35
2025-07-16,night,att_cancel,0.34475759473823187,0.5430413381302657,0.042991840295003164,35
2025-07-16,night,def_refill,0.06652173913043478,0.6167934782608696,0.10811288008040311,35
2025-07-16,night,att_refill,0.06746212121212121,0.6421212121212122,0.10961396924922155,35
2025-07-16,night,def_hidden,0.0,0.00024031007751937987,0.020748593063670974,35
2025-07-16,night,att_eff,-0.9396183539790697,0.7127621647519531,0.2902516311416203,35
2025-07-16,night,def_eff,-0.7814175274668096,0.8046975399552889,0.2903545621760249,35
2025-07-16,night,att_large,0.0,0.616988334793062,0.15632352782589945,35
2025-07-16,night,def_large,0.0,0.558125,0.1390505911586707,35
2025-07-16,night,balance,-0.11229267522377279,0.19340242684466247,0.024954180196169934,35
2025-07-16,night,volume,0.16107165619502622,6.056294272932986,0.7627772899478659,35
2025-07-17,night,delta,-0.463304114490161,0.46759391771019687,0.19897448913382446,36
2025-07-17,night,def_cancel,0.34046121764882253,0.530771605172752,0.04303800313574507,36
2025-07-17,night,att_cancel,0.34475759473823187,0.5433005325660722,0.04300026548518903,36
2025-07-17,night,def_refill,0.06652173913043478,0.6158152173913044,0.10782385747532926,36
2025-07-17,night,att_refill,0.06746212121212121,0.6431060606060607,0.1094967690897261,36
2025-07-17,night,def_hidden,0.0,0.00024031007751937987,0.020650829456409583,36
2025-07-17,night,att_eff,-0.9418185943502162,0.7149624051230994,0.29094752406956825,36
2025-07-17,night,def_eff,-0.7878564248988345,0.8111364373873133,0.29086276671800004,36
2025-07-17,night,att_large,0.0,0.619945147899099,0.15627653099583344,36
2025-07-17,night,def_large,0.0,0.5586145833333332,0.13867285753420047,36
2025-07-17,night,balance,-0.11087960079202347,0.19293140203407944,0.024888020698400806,36
2025-07-17,night,volume,0.16107165619502622,6.056294272932986,0.7619228066824576,36
2025-07-18,night,delta,-0.463304114490161,0.4685399522957663,0.197727266186532,37
2025-07-18,night,def_cancel,0.34097349325453974,0.5305154673698934,0.042871303533214854,37
2025-07-18,night,att_cancel,0.3444984003024253,0.5430413381302657,0.0429960987455653,37
2025-07-18,night,def_refill,0.0675,0.625108695652174,0.10809744787836471,37
2025-07-18,night,att_refill,0.06795454545454546,0.6485227272727273,0.11017258999392598,37
2025-07-18,night,def_hidden,0.0,0.00024031007751937987,0.02034027199669659,37
2025-07-18,night,att_eff,-0.9396183539790697,0.7171626454942461,0.28926917513074585,37
2025-07-18,night,def_eff,-0.7921490231868509,0.8154290356753302,0.2892668836100186,37
2025-07-18,night,att_large,0.0,0.6204379500834386,0.15529104922391362,37
2025-07-18,night,def_large,0.0,0.55959375,0.13809635134974205,37
2025-07-18,night,balance,-0.1184159977613532,0.19057627798116383,0.025059463864416452,37
2025-07-18,night,volume,0.16107165619502622,5.927436947976965,0.7472827141577536,37
2025-07-21,night,delta,-0.45668187239117475,0.46664788312462724,0.19771348728144267,35
2025-07-21,night,def_cancel,0.34020507984596393,0.5294909161584591,0.042989641345038694,35
2025-07-21,night,att_cancel,0.34398001143081214,0.5414861715154262,0.0430207610141186,35
2025-07-21,night,def_refill,0.06847826086956522,0.6304891304347826,0.10806515427205834,35
2025-07-21,night,att_refill,0.06992424242424243,0.6475378787878788,0.10978608932592447,35
2025-07-21,night,def_hidden,0.0,0.00024031007751937987,0.019417980661949774,35
2025-07-21,night,att_eff,-0.9374181136079232,0.7171626454942461,0.2876411886105485,35
2025-07-21,night,def_eff,-0.7878564248988345,0.8154290356753302,0.2889986160957,35
2025-07-21,night,att_large,0.0,0.6155099282400435,0.15579455586429247,35
2025-07-21,night,def_large,0.0,0.5517604166666666,0.13803136530947877,35
2025-07-21,night,balance,-0.1292495684047646,0.1901052531705808,0.02573011416800157,35
2025-07-21,night,volume,0.12885732495602098,6.152937266650002,0.9229574609200841,35
2025-07-22,night,delta,-0.4547898032200358,0.46759391771019687,0.19737924882464566,35
2025-07-22,night,def_cancel,0.33892439083167103,0.5292347783556005,0.04323197535017414,35
2025-07-22,night,att_cancel,0.343461622559199,0.5417453659512328,0.043260587287552686,35
2025-07-22,night,def_refill,0.06847826086956522,0.6432065217391305,0.10842742938596774,35
2025-07-22,night,att_refill,0.07041666666666667,0.6667424242424242,0.11052214075321248,35
2025-07-22,night,def_hidden,0.0,0.00024031007751937987,0.019041471805400022,35
2025-07-22,night,att_eff,-0.9198161906387512,0.7149624051230994,0.28654672932974506,35
2025-07-22,night,def_eff,-0.774978630034785,0.8197216339633466,0.2883748676101207,35
2025-07-22,night,att_large,0.0,0.6174811369774016,0.15586624134823804,35
2025-07-22,night,def_large,0.0,0.5556770833333333,0.13864367295751714,35
2025-07-22,night,balance,-0.1372569901846774,0.18916320354941452,0.025302764324212447,35
2025-07-22,night,volume,0.12885732495602098,6.120722935410996,0.9182241962477221,35
2025-07-23,night,delta,-0.4547898032200358,0.46759391771019687,0.19439731382834052,35
2025-07-23,night,def_cancel,0.33764370181737813,0.5282102271441662,0.042920456499532064,35
2025-07-23,night,att_cancel,0.34190645594435953,0.5420045603870394,0.043077691418622145,35
2025-07-23,night,def_refill,0.06945652173913044,0.6583695652173913,0.10818384251728273,35
2025-07-23,night,att_refill,0.07140151515151516,0.6810227272727273,0.11023243996649255,35
2025-07-23,night,def_hidden,0.0,0.00024031007751937987,0.017873808979369913,35
2025-07-23,night,att_eff,-0.9352178732367766,0.7149624051230994,0.2895818248522528,35
2025-07-23,night,def_eff,-0.7771249291787932,0.8304531296833879,0.290599416982724,35
2025-07-23,night,att_large,0.0,0.6155099282400435,0.15340619006878367,35
2025-07-23,night,def_large,0.0,0.5546979166666667,0.13619175947938703,35
2025-07-23,night,balance,-0.13819903980584358,0.19764165013991042,0.024990007384786964,35
2025-07-23,night,volume,0.12885732495602098,5.701936629303928,0.9149001684891538,35
2025-07-24,night,delta,-0.4547898032200358,0.4685399522957663,0.19351317214101554,36
2025-07-24,night,def_cancel,0.3371314262116609,0.5282102271441662,0.042673358647623824,36
2025-07-24,night,att_cancel,0.34164726150855296,0.542263754822846,0.04292313547508836,36
2025-07-24,night,def_refill,0.06994565217391305,0.6666847826086957,0.10758601126237005,36
2025-07-24,night,att_refill,0.07140151515151516,0.6829924242424242,0.10970750224842656,36
2025-07-24,night,def_hidden,0.0,0.00024031007751937987,0.01771112026528422,36
2025-07-24,night,att_eff,-0.9440188347213627,0.7171626454942461,0.29043416254535653,36
2025-07-24,night,def_eff,-0.7921490231868509,0.8433309245474372,0.2908715695105562,36
2025-07-24,night,att_large,0.0,0.614031521687025,0.15231926195382406,36
2025-07-24,night,def_large,0.0,0.5522499999999999,0.13538854188983745,36
2025-07-24,night,balance,-0.13678596537409426,0.1962285757081611,0.024837173605232955,36
2025-07-24,night,volume,0.12885732495602098,5.637507966825918,0.906490101573474,36
2025-07-28,night,delta,-0.44722152653548003,0.4694859868813357,0.19491825276804628,34
2025-07-28,night,def_cancel,0.33636301280308517,0.5279540893413076,0.0429818299544538,34
2025-07-28,night,att_cancel,0.34061048376532665,0.5417453659512328,0.04331462673480343,34
2025-07-28,night,def_refill,0.07385869565217391,0.6745108695652174,0.10935866089642395,34
2025-07-28,night,att_refill,0.0753409090909091,0.6977651515151515,0.11126083993252146,34
2025-07-28,night,def_hidden,0.0,0.00024031007751937987,0.01772523607670525,34
2025-07-28,night,att_eff,-0.9374181136079232,0.7303640877211248,0.2941120656925375,34
2025-07-28,night,def_eff,-0.7942953223308591,0.8454772236914456,0.29354725598619374,34
2025-07-28,night,att_large,0.0,0.6204379500834386,0.15323850194472574,34
2025-07-28,night,def_large,0.0,0.5556770833333333,0.13688695609863577,34
2025-07-28,night,balance,-0.13867006461642672,0.18916320354941452,0.024937379296359082,34
2025-07-28,night,volume,0.12885732495602098,5.734150960542934,0.9157699715465828,34
2025-07-29,night,delta,-0.44154531902206323,0.4647558139534884,0.19181277039956432,34
2025-07-29,night,def_cancel,0.33610687500022657,0.527697951538449,0.0423532029086326,34
2025-07-29,night,att_cancel,0.34086967820113323,0.5407085882080065,0.04262824688733654,34
2025-07-29,night,def_refill,0.07532608695652175,0.6789130434782609,0.10906956539353177,34
2025-07-29,night,att_refill,0.07681818181818183,0.704659090909091,0.11088929254622779,34
2025-07-29,night,def_hidden,0.0,0.00024031007751937987,0.017735126423639246,34
2025-07-29,night,att_eff,-0.9374181136079232,0.7457657703191503,0.29358696288237285,34
2025-07-29,night,def_eff,-0.7964416214748675,0.8519161211234705,0.29341207539378744,34
2025-07-29,night,att_large,0.0,0.6155099282400435,0.15107720683691947,34
2025-07-29,night,def_large,0.0,0.5502916666666666,0.13490810648405865,34
2025-07-29,night,balance,-0.14055416385875913,0.1901052531705808,0.024925583142885874,34
2025-07-29,night,volume,0.12885732495602098,5.734150960542934,0.9179082949311692,34
2025-07-30,night,delta,-0.44154531902206323,0.46759391771019687,0.19261811908824908,34
2025-07-30,night,def_cancel,0.3355945993945094,0.5271856759327318,0.04253333541397354,34
2025-07-30,night,att_cancel,0.34061048376532665,0.5404493937721999,0.04272444542857783,34
2025-07-30,night,def_refill,0.07679347826086957,0.6833152173913044,0.1097458906051251,34
2025-07-30,night,att_refill,0.0778030303030303,0.7095833333333333,0.11156191685103399,34
2025-07-30,night,def_hidden,0.0,0.00024031007751937987,0.017877615866747947,34
2025-07-30,night,att_eff,-0.9374181136079232,0.747966010690297,0.29410604982454996,34
2025-07-30,night,def_eff,-0.7985879206188757,0.8519161211234705,0.29352783664308424,34
2025-07-30,night,att_large,0.0,0.6145243238713645,0.1516437891126829,34
2025-07-30,night,def_large,0.0,0.5502916666666666,0.13557472726890651,34
2025-07-30,night,balance,-0.14149621347992536,0.19151832760233012,0.02506508352646557,34
2025-07-30,night,volume,0.12885732495602098,5.766365291781939,0.9253522087943703,34
2025-07-31,night,delta,-0.4453294573643411,0.46759391771019687,0.19268479147656903,35
2025-07-31,night,def_cancel,0.33457004818307506,0.5274418137355904,0.042527865963009254,35
2025-07-31,night,att_cancel,0.3395737060221003,0.5409677826438131,0.042891469719670686,35
2025-07-31,night,def_refill,0.07679347826086957,0.6857608695652174,0.10991264238898929,35
2025-07-31,night,att_refill,0.0778030303030303,0.7145075757575758,0.11198509224878468,35
2025-07-31,night,def_hidden,0.0,0.00024031007751937987,0.01792428187852181,35
2025-07-31,night,att_eff,-0.9396183539790697,0.7567669721748831,0.29596935419935,35
2025-07-31,night,def_eff,-0.800734219762884,0.8583550185554949,0.295797714768015,35
2025-07-31,night,att_large,0.0,0.614031521687025,0.1518307775072644,35
2025-07-31,night,def_large,0.0,0.5556770833333333,0.13677706984993046,35
2025-07-31,night,balance,-0.1396121142375929,0.18963422835999766,0.024899789967209117,35
2025-07-31,night,volume,0.12885732495602098,5.766365291781939,0.9175211441513813,35
2025-08-01,night,delta,-0.44722152653548003,0.4694859868813357,0.19217430868136584,36
2025-08-01,night,def_cancel,0.3335454969716407,0.5279540893413076,0.042552477474562485,36
2025-08-01,night,att_cancel,0.33827773384306736,0.5414861715154262,0.042851904597267565,36
2025-08-01,night,def_refill,0.07679347826086957,0.6906521739130436,0.11004296563862452,36
2025-08-01,night,att_refill,0.0778030303030303,0.7164772727272728,0.11198828889448569,36
2025-08-01,night,def_hidden,0.0,0.00024031007751937987,0.01819721424557933,36
2025-08-01,night,att_eff,-0.9506195558348023,0.7611674529171761,0.2977682188804939,36
2025-08-01,night,def_eff,-0.8157583137709417,0.8583550185554949,0.29641269075046484,36
2025-08-01,night,att_large,0.0,0.6174811369774016,0.15097774445145642,36
2025-08-01,night,def_large,0.0,0.5600833333333333,0.13686689458240447,36
2025-08-01,night,balance,-0.14385133753284085,0.18963422835999766,0.024780125039794574,36
2025-08-01,night,volume,0.12885732495602098,5.637507966825918,0.9049270468623949,36
2025-08-04,night,delta,-0.4547898032200358,0.46759391771019687,0.19592563418337303,35
2025-08-04,night,def_cancel,0.3348261859859336,0.5300031917641763,0.04338943173388061,35
2025-08-04,night,att_cancel,0.338536928278874,0.5420045603870394,0.04384222986343454,35
2025-08-04,night,def_refill,0.0777717391304348,0.6842934782608696,0.11156984385583847,35
2025-08-04,night,att_refill,0.07681818181818183,0.7002272727272728,0.11279714338874017,35
2025-08-04,night,def_hidden,0.0,0.00024031007751937987,0.01851042692834089,35
2025-08-04,night,att_eff,-0.9198161906387512,0.7171626454942461,0.29286645239655096,35
2025-08-04,night,def_eff,-0.7728323308907767,0.8347457279714043,0.29112744905584115,35
2025-08-04,night,att_large,0.0,0.6174811369774016,0.15374024418343973,35
2025-08-04,night,def_large,0.0,0.5703645833333333,0.14084741121824748,35
2025-08-04,night,balance,-0.13301776688942946,0.1839819306330004,0.024715876383714554,35
2025-08-04,night,volume,0.12885732495602098,5.798579623020944,0.9691435156869316,35
2025-08-05,night,delta,-0.45668187239117475,0.4647558139534884,0.1942447937282612,35
2025-08-05,night,def_cancel,0.335850737197368,0.5312838807784692,0.04291238960848116,35
2025-08-05,night,att_cancel,0.3395737060221003,0.5430413381302657,0.04338616965916283,35
2025-08-05,night,def_refill,0.0777717391304348,0.6857608695652174,0.11131058696419442,35
2025-08-05,night,att_refill,0.07681818181818183,0.7002272727272728,0.11224676790935974,35
2025-08-05,night,def_hidden,0.0,0.00024031007751937987,0.01795510867829597,35
2025-08-05,night,att_eff,-0.9352178732367766,0.7171626454942461,0.29313568127832224,35
2025-08-05,night,def_eff,-0.774978630034785,0.8433309245474372,0.291298954413442,35
2025-08-05,night,att_large,0.0,0.6155099282400435,0.152128208982844,35
2025-08-05,night,def_large,0.0,0.5679166666666666,0.13912828678360212,35
2025-08-05,night,balance,-0.1268944443518491,0.18021373214833558,0.024315387951893957,35
2025-08-05,night,volume,0.12885732495602098,5.6052936355869125,0.9441505712490029,35
2025-08-06,night,delta,-0.45668187239117475,0.4657018485390578,0.1935934318643671,36
2025-08-06,night,def_cancel,0.335850737197368,0.5312838807784692,0.0427989266559351,36
2025-08-06,night,att_cancel,0.3395737060221003,0.5438189214376854,0.043248122625311775,36
2025-08-06,night,def_refill,0.07679347826086957,0.6842934782608696,0.11096285394083709,36
2025-08-06,night,att_refill,0.0778030303030303,0.7002272727272728,0.11174539887647962,36
2025-08-06,night,def_hidden,0.0,0.00024031007751937987,0.017764412761671625,36
2025-08-06,night,att_eff,-0.9374181136079232,0.7171626454942461,0.2932741138681499,36
2025-08-06,night,def_eff,-0.7771249291787932,0.8433309245474372,0.29147372083114753,36
2025-08-06,night,att_large,0.0,0.6164955326087225,0.15187485474783147,36
2025-08-06,night,def_large,0.0,0.5669375,0.13814760958953845,36
2025-08-06,night,balance,-0.1372569901846774,0.17785860809541998,0.024776951521139918,36
2025-08-06,night,volume,0.12885732495602098,5.540864973108902,0.9346831266278454,36
2025-08-07,night,delta,-0.45668187239117475,0.4685399522957663,0.19314869643684904,37
2025-08-07,night,def_cancel,0.335850737197368,0.5323084319899035,0.0426484875733413,37
2025-08-07,night,att_cancel,0.3398329004579069,0.5456332824883315,0.043129728417908214,37
2025-08-07,night,def_refill,0.07679347826086957,0.6833152173913044,0.11074280633134533,37
2025-08-07,night,att_refill,0.0778030303030303,0.6982575757575757,0.11126024099716814,37
2025-08-07,night,def_hidden,0.0,0.00024031007751937987,0.017726857771477353,37
2025-08-07,night,att_eff,-0.9616207576905347,0.7281638473499785,0.29380342083830624,37
2025-08-07,night,def_eff,-0.7878564248988345,0.8519161211234705,0.2921976847105118,37
2025-08-07,night,att_large,0.0,0.6194523457147596,0.15128640079426336,37
2025-08-07,night,def_large,0.0,0.5669375,0.1381166748636346,37
2025-08-07,night,balance,-0.14479338715400708,0.1755034840425045,0.02462570805247031,37
2025-08-07,night,volume,0.12885732495602098,5.4442219793918865,0.9232083252854162,37
2025-08-08,night,delta,-0.4585739415623137,0.46664788312462724,0.19296903215234762,38
2025-08-08,night,def_cancel,0.3350823237887922,0.5323084319899035,0.04270367661185091,38
2025-08-08,night,att_cancel,0.338536928278874,0.545374088052525,0.043195649472952416,38
2025-08-08,night,def_refill,0.07532608695652175,0.6818478260869566,0.11079723766137696,38
2025-08-08,night,att_refill,0.07681818181818183,0.6977651515151515,0.11135948514243578,38
2025-08-08,night,def_hidden,0.0,0.00024031007751937987,0.017542889822163878,38
2025-08-08,night,att_eff,-0.9682214788039742,0.7281638473499785,0.293621168636443,38
2025-08-08,night,def_eff,-0.7878564248988345,0.8583550185554949,0.29240906806118316,38
2025-08-08,night,att_large,0.0,0.6204379500834386,0.1505619129653709,38
2025-08-08,night,def_large,0.0,0.5718333333333333,0.1383835615157989,38
2025-08-08,night,balance,-0.14290928791167468,0.17409040961075517,0.02447826776283256,38
2025-08-08,night,volume,0.12885732495602098,5.379793316913876,0.9132615963671765,38
2025-08-11,night,delta,-0.45951997614788315,0.4694859868813357,0.19120247123065715,36
2025-08-11,night,def_cancel,0.33431391038021646,0.5325645697927621,0.04243322924505155,36
2025-08-11,night,att_cancel,0.3377593449714542,0.5445965047451052,0.04286538323617511,36
2025-08-11,night,def_refill,0.07483695652173913,0.690163043478261,0.11065852909581067,36
2025-08-11,night,att_refill,0.0787878787878788,0.7051515151515152,0.11152129080751154,36
2025-08-11,night,def_hidden,0.0,0.00024031007751937987,0.017258509206145807,36
2025-08-11,night,att_eff,-0.9814229210308532,0.7391650492057109,0.29538882202284567,36
2025-08-11,night,def_eff,-0.8050268180509004,0.8626476168435118,0.2943089078947777,36
2025-08-11,night,att_large,0.0,0.6233947631894756,0.14952052234903107,36
2025-08-11,night,def_large,0.0,0.57575,0.13769997636352455,36
2025-08-11,night,balance,-0.14196723829050845,0.18351090582241725,0.023955992045611833,36
2025-08-11,night,volume,0.12885732495602098,5.154292998240839,0.9059516693304631,36
2025-08-12,night,delta,-0.4585739415623137,0.4694859868813357,0.1896646896427866,36
2025-08-12,night,def_cancel,0.3330332213659235,0.5323084319899035,0.042314905215192135,36
2025-08-12,night,att_cancel,0.33646337279242133,0.5448556991809118,0.04290397492034194,36
2025-08-12,night,def_refill,0.07483695652173913,0.6960326086956522,0.11096017242577884,36
2025-08-12,night,att_refill,0.07829545454545454,0.7145075757575758,0.11116768445116747,36
2025-08-12,night,def_hidden,0.0,0.00024031007751937987,0.01733193527840918,36
2025-08-12,night,att_eff,-1.0012250843711719,0.7545667318037363,0.29729176249120415,36
2025-08-12,night,def_eff,-0.8157583137709417,0.8776717108515695,0.2958899191641866,36
2025-08-12,night,att_large,0.0,0.6253659719268336,0.14901161841859628,36
2025-08-12,night,def_large,0.0,0.5747708333333333,0.13712971170176166,36
2025-08-12,night,balance,-0.14243826310109153,0.18633705468591588,0.023860890441431214,36
2025-08-12,night,volume,0.12885732495602098,5.089864335762829,0.9049747669390654,36
2025-08-13,night,delta,-0.463304114490161,0.47421615980918297,0.1873156154820149,36
2025-08-13,night,def_cancel,0.3304718433373377,0.5348698100184894,0.0428359473052201,36
2025-08-13,night,att_cancel,0.3338714284343556,0.549002810153817,0.043954921464207285,36
2025-08-13,night,def_refill,0.07679347826086957,0.706304347826087,0.1127755835068804,36
2025-08-13,night,att_refill,0.07977272727272727,0.7214015151515152,0.11253655557218124,36
2025-08-13,night,def_hidden,0.0,0.00024031007751937987,0.016880737191733608,36
2025-08-13,night,att_eff,-1.0650320551344203,0.791970818113227,0.31699016297787574,36
2025-08-13,night,def_eff,-0.8415139034990406,0.9120124971557013,0.3142599068715016,36
2025-08-13,night,att_large,0.0,0.6302939937702287,0.14764110109941975,36
2025-08-13,night,def_large,0.0,0.5762395833333332,0.13564460400714665,36
2025-08-13,night,balance,-0.14102518866934222,0.17785860809541998,0.022850636738425165,36
2025-08-13,night,volume,0.12885732495602098,5.025435673284818,0.931811494113621,36
2025-08-14,night,delta,-0.463304114490161,0.47232409063804415,0.18673372676179098,37
2025-08-14,night,def_cancel,0.3307279811401963,0.5348698100184894,0.04272187311626103,37
2025-08-14,night,att_cancel,0.33335303956274237,0.549002810153817,0.043829819537874244,37
2025-08-14,night,def_refill,0.0777717391304348,0.706304347826087,0.11250120382934346,37
2025-08-14,night,att_refill,0.08026515151515153,0.7214015151515152,0.1122139644799469,37
2025-08-14,night,def_hidden,0.0,0.00024031007751937987,0.016814082496319327,37
2025-08-14,night,att_eff,-1.0694325358767134,0.791970818113227,0.31694976855773876,37
2025-08-14,night,def_eff,-0.8415139034990406,0.924890292019751,0.31432635382993784,37
2025-08-14,night,att_large,0.0,0.6293083894015497,0.14705814348672758,37
2025-08-14,night,def_large,0.0,0.5747708333333333,0.1351678936364137,37
2025-08-14,night,balance,-0.14055416385875913,0.17738758328483695,0.02278524543980869,37
2025-08-14,night,volume,0.09664299371701573,4.993221342045813,0.9280797735924966,37
2025-08-15,night,delta,-0.463304114490161,0.476108228980322,0.1877160232120285,38
2025-08-15,night,def_cancel,0.3307279811401963,0.5348698100184894,0.04292428284487655,38
2025-08-15,night,att_cancel,0.3338714284343556,0.5492620045896236,0.04400240920241573,38
2025-08-15,night,def_refill,0.0782608695652174,0.706304347826087,0.11291942639681615,38
2025-08-15,night,att_refill,0.08075757575757576,0.7218939393939394,0.11271784451329193,38
2025-08-15,night,def_hidden,0.0,0.00024031007751937987,0.01676535128598648,38
2025-08-15,night,att_eff,-1.0738330166190064,0.791970818113227,0.31770931089342946,38
2025-08-15,night,def_eff,-0.8436602026430491,0.9291828903077675,0.3152666465317919,38
2025-08-15,night,att_large,0.0,0.6298011915858892,0.1479884936814199,38
2025-08-15,night,def_large,0.0,0.5737916666666666,0.13573185844710434,38
2025-08-15,night,balance,-0.13819903980584358,0.17597450885308763,0.022787319883461606,38
2025-08-15,night,volume,0.09664299371701573,5.154292998240839,0.9357334830097848,38
2025-08-18,night,delta,-0.46992635658914733,0.47894633273703047,0.1888584604727,36
2025-08-18,night,def_cancel,0.32765432750589324,0.5371750502442166,0.04379094494062015,36
2025-08-18,night,att_cancel,0.33102028964048313,0.5515947545118829,0.04487826246705458,36
2025-08-18,night,def_refill,0.08217391304347826,0.7146195652173913,0.11498205844226413,36
2025-08-18,night,att_refill,0.08321969696969697,0.7317424242424243,0.11453356178315663,36
2025-08-18,night,def_hidden,0.0,0.00024031007751937987,0.016604251283152585,36
2025-08-18,night,att_eff,-1.0738330166190064,0.7985715392266663,0.32036833970872086,36
2025-08-18,night,def_eff,-0.8522453992190819,0.9313291894517759,0.3179531829050113,36
2025-08-18,night,att_large,0.0,0.6253659719268336,0.14877696913787997,36
2025-08-18,night,def_large,0.0,0.5821145833333333,0.13837331730109972,36
2025-08-18,night,balance,-0.11135062560260661,0.17173528555783968,0.021176895225929256,36
2025-08-18,night,volume,0.12885732495602098,5.28315032319686,0.9598264844236426,36
2025-08-19,night,delta,-0.46992635658914733,0.4770542635658914,0.1881904734891185,36
2025-08-19,night,def_cancel,0.32765432750589324,0.5366627746384995,0.04367107508867552,36
2025-08-19,night,att_cancel,0.3312794840762897,0.5505579767686566,0.04461082218554683,36
2025-08-19,night,def_refill,0.08266304347826088,0.7146195652173913,0.11460588839622242,36
2025-08-19,night,att_refill,0.08321969696969697,0.7337121212121213,0.11427056330551179,36
2025-08-19,night,def_hidden,0.0,0.00024031007751937987,0.016110067074394455,36
2025-08-19,night,att_eff,-1.0562310936498343,0.7897705777420807,0.3198863886718508,36
2025-08-19,night,def_eff,-0.8436602026430491,0.9291828903077675,0.3176761093735833,36
2025-08-19,night,att_large,0.0,0.6233947631894756,0.14793519385502596,36
2025-08-19,night,def_large,0.0,0.5958229166666666,0.13877829886805063,36
2025-08-19,night,balance,-0.1099375511708573,0.16890913669434104,0.021104109589635482,36
2025-08-19,night,volume,0.12885732495602098,5.186507329479844,0.9544190447791254,36
2025-08-20,night,delta,-0.46898032200357787,0.47894633273703047,0.1864077717070599,36
2025-08-20,night,def_cancel,0.3279104653087518,0.5366627746384995,0.04339569160000963,36
2025-08-20,night,att_cancel,0.3315386785120963,0.5508171712044632,0.04419486638865977,36
2025-08-20,night,def_refill,0.08315217391304348,0.7180434782608697,0.1138077549199279,36
2025-08-20,night,att_refill,0.08321969696969697,0.7337121212121213,0.11360197968502868,36
2025-08-20,night,def_hidden,0.0,0.00024031007751937987,0.01608656962772351,36
2025-08-20,night,att_eff,-1.0804337377324458,0.8029720199689594,0.3211158200773687,36
2025-08-20,night,def_eff,-0.8586842966511068,0.9334754885957839,0.3191608645241726,36
2025-08-20,night,att_large,0.0,0.6233947631894756,0.1470798503409545,36
2025-08-20,night,def_large,0.0,0.59190625,0.13729836353048022,36
2025-08-20,night,balance,-0.122184196246018,0.1684381118837579,0.021116200637845,36
2025-08-20,night,volume,0.09664299371701573,5.154292998240839,0.951814840773124,36
2025-08-21,night,delta,-0.46614221824686947,0.4798923673225999,0.18534013500060828,37
2025-08-21,night,def_cancel,0.3289350165201862,0.5369189124413581,0.04306682243310087,37
2025-08-21,night,att_cancel,0.33257545625532264,0.5505579767686566,0.0438253190285475,37
2025-08-21,night,def_refill,0.08217391304347826,0.7146195652173913,0.11300469531665755,37
2025-08-21,night,att_refill,0.08420454545454546,0.7322348484848485,0.11296874054229417,37
2025-08-21,night,def_hidden,0.0,0.00024031007751937987,0.015872714595198886,37
2025-08-21,night,att_eff,-1.0826339781035923,0.8029720199689594,0.32051658287391116,37
2025-08-21,night,def_eff,-0.8586842966511068,0.9334754885957839,0.31851731432659913,37
2025-08-21,night,att_large,0.0,0.6233947631894756,0.14654905530784948,37
2025-08-21,night,def_large,0.0,0.5894583333333333,0.1362917367097479,37
2025-08-21,night,balance,-0.11700292332960388,0.16655401264142555,0.02100126536840088,37
2025-08-21,night,volume,0.09664299371701573,5.089864335762829,0.9399271216314591,37
2025-08-22,night,delta,-0.4651961836613,0.47421615980918297,0.18297904378310487,38
2025-08-22,night,def_cancel,0.3320086701544892,0.5361504990327823,0.0423219652467793,38
2025-08-22,night,att_cancel,0.33516740061338846,0.5497803934612367,0.04310026208706105,38
2025-08-22,night,def_refill,0.08021739130434784,0.7116847826086957,0.1114664942101231,38
2025-08-22,night,att_refill,0.0846969696969697,0.7297727272727274,0.11161607779426552,38
2025-08-22,night,def_hidden,0.0,0.00024031007751937987,0.015344244126956142,38
2025-08-22,night,att_eff,-1.0826339781035923,0.8029720199689594,0.31713590160851646,38
2025-08-22,night,def_eff,-0.8586842966511068,0.9313291894517759,0.3163133399216726,38
2025-08-22,night,att_large,0.0,0.6219163566364571,0.1438106622423873,38
2025-08-22,night,def_large,0.0,0.5801562499999999,0.13325005001449702,38
2025-08-22,night,balance,-0.10899550154969107,0.16278581415676063,0.020696400520612425,38
2025-08-22,night,volume,0.09664299371701573,4.896578348328797,0.910851595127137,38
2025-08-25,night,delta,-0.4651961836613,0.47421615980918297,0.18149092624669103,37
2025-08-25,night,def_cancel,0.33252094576020635,0.5369189124413581,0.042183203529329145,37
2025-08-25,night,att_cancel,0.3356857894850016,0.5497803934612367,0.04282874997391589,37
2025-08-25,night,def_refill,0.08168478260869566,0.7146195652173913,0.11134426739782961,37
2025-08-25,night,att_refill,0.0881439393939394,0.7317424242424243,0.1113507266526263,37
2025-08-25,night,def_hidden,0.0,0.00024031007751937987,0.01509616167750515,37
2025-08-25,night,att_eff,-1.098035660701618,0.8161734621958385,0.3178761840470972,37
2025-08-25,night,def_eff,-0.8629768949391232,0.9399143860278087,0.31764566410277995,37
2025-08-25,night,att_large,0.0,0.6204379500834386,0.14236382962377936,37
2025-08-25,night,def_large,0.0,0.5801562499999999,0.13176190517292108,37
2025-08-25,night,balance,-0.10946652636027415,0.15477839237684787,0.020419190479757165,37
2025-08-25,night,volume,0.09664299371701573,4.7677210233727765,0.9050490423031861,37
2025-08-26,night,delta,-0.4642501490757305,0.47421615980918297,0.18126804325151205,38
2025-08-26,night,def_cancel,0.3322648079573478,0.5366627746384995,0.042088916925858234,38
2025-08-26,night,att_cancel,0.33542659504919503,0.5495211990254302,0.04278348537188934,38
2025-08-26,night,def_refill,0.08217391304347826,0.7146195652173913,0.11121985988448224,38
2025-08-26,night,att_refill,0.08863636363636364,0.7317424242424243,0.11136112638331869,38
2025-08-26,night,def_hidden,0.0,0.00024031007751937987,0.015001050180134886,38
2025-08-26,night,att_eff,-1.1002359010727643,0.8205739429381316,0.3186127449835055,38
2025-08-26,night,def_eff,-0.8694157923711481,0.9399143860278087,0.3180306826545488,38
2025-08-26,night,att_large,0.0,0.619945147899099,0.1419756055827632,38
2025-08-26,night,def_large,0.0,0.5801562499999999,0.1316865724941508,38
2025-08-26,night,balance,-0.11323472484493902,0.1646699133990931,0.020807733986189743,38
2025-08-26,night,volume,0.09664299371701573,4.735506692133771,0.8996324350686667,38
2025-08-27,night,delta,-0.4614120453190221,0.47137805605247474,0.18008502282253444,39
2025-08-27,night,def_cancel,0.3330332213659235,0.5371750502442166,0.04195719324913618,39
2025-08-27,night,att_cancel,0.33646337279242133,0.5492620045896236,0.042501694192619746,39
2025-08-27,night,def_refill,0.07972826086956522,0.7077717391304348,0.10968303166518731,39
2025-08-27,night,att_refill,0.08912878787878788,0.727310606060606,0.10964445739895491,39
2025-08-27,night,def_hidden,0.0,0.00024031007751937987,0.014787840920696526,39
2025-08-27,night,att_eff,-1.0826339781035923,0.8029720199689594,0.3143356966284466,39
2025-08-27,night,def_eff,-0.860830595795115,0.9334754885957839,0.3136707110429053,39
2025-08-27,night,att_large,0.0,0.6174811369774016,0.1414240005402543,39
2025-08-27,night,def_large,0.0,0.5752604166666666,0.12946066246129995,39
2025-08-27,night,balance,-0.10852447673910798,0.16090171491442828,0.02048751555062079,39
2025-08-27,night,volume,0.09664299371701573,4.67107802965576,0.8805888210777508,39
2025-08-28,night,delta,-0.46235807990459155,0.47421615980918297,0.18058157846287728,40
2025-08-28,night,def_cancel,0.3330332213659235,0.5369189124413581,0.04202791470488184,40
2025-08-28,night,att_cancel,0.3367225672282279,0.5495211990254302,0.04259884653454184,40
2025-08-28,night,def_refill,0.07972826086956522,0.7092391304347827,0.11066183286122712,40
2025-08-28,night,att_refill,0.08912878787878788,0.7297727272727274,0.11031511408560216,40
2025-08-28,night,def_hidden,0.0,0.00024031007751937987,0.014889065297194377,40
2025-08-28,night,att_eff,-1.0826339781035923,0.8029720199689594,0.31450731099540286,40
2025-08-28,night,def_eff,-0.8586842966511068,0.9334754885957839,0.3140687892190476,40
2025-08-28,night,att_large,0.0,0.617973939161741,0.14216869871776294,40
2025-08-28,night,def_large,0.0,0.5762395833333332,0.13014400489782046,40
2025-08-28,night,balance,-0.10711140230735866,0.16043069010384514,0.020488667209396974,40
2025-08-28,night,volume,0.09664299371701573,4.735506692133771,0.8994735160897704,40
2025-08-29,night,delta,-0.463304114490161,0.47327012522361356,0.1791456614258182,41
2025-08-29,night,def_cancel,0.3338016347744993,0.5371750502442166,0.04167274052618285,41
2025-08-29,night,att_cancel,0.33724095609984106,0.5492620045896236,0.042302393230867714,41
2025-08-29,night,def_refill,0.08070652173913044,0.7077717391304348,0.10973197739822262,41
2025-08-29,night,att_refill,0.0906060606060606,0.727310606060606,0.10927437808730993,41
2025-08-29,night,def_hidden,0.0,0.00024031007751937987,0.014736457742856677,41
2025-08-29,night,att_eff,-1.0826339781035923,0.8161734621958385,0.3144483082969804,41
2025-08-29,night,def_eff,-0.8651231940831314,0.9356217877397923,0.31397698966219373,41
2025-08-29,night,att_large,0.0,0.615017126055704,0.1404469153451603,41
2025-08-29,night,def_large,0.0,0.5747708333333333,0.12868769672742478,41
2025-08-29,night,balance,-0.10946652636027415,0.16043069010384514,0.021190262598376784,41
2025-08-29,night,volume,0.09664299371701573,4.638863698416755,0.8854489444009853,41
2025-09-01,night,delta,-0.463304114490161,0.47421615980918297,0.17925720624574007,40
2025-09-01,night,def_cancel,0.33457004818307506,0.5374311880470752,0.041648944345418513,40
2025-09-01,night,att_cancel,0.33724095609984106,0.5492620045896236,0.04217238420165119,40
2025-09-01,night,def_refill,0.07972826086956522,0.7077717391304348,0.10935489700809949,40
2025-09-01,night,att_refill,0.0906060606060606,0.7297727272727274,0.10939948116582461,40
2025-09-01,night,def_hidden,0.0,0.00024031007751937987,0.014695768268002922,40
2025-09-01,night,att_eff,-1.0826339781035923,0.8205739429381316,0.3156968630923588,40
2025-09-01,night,def_eff,-0.8694157923711481,0.9356217877397923,0.31537395816485614,40
2025-09-01,night,att_large,0.0,0.6155099282400435,0.14066875240226348,40
2025-09-01,night,def_large,0.0,0.5752604166666666,0.12908164538782707,40
2025-09-01,night,balance,-0.11040857598144038,0.16137273972501132,0.02123217533993252,40
2025-09-01,night,volume,0.09664299371701573,4.67107802965576,0.9214848500634992,40
2025-09-02,night,delta,-0.4604660107334526,0.47137805605247474,0.17834766431292665,40
2025-09-02,night,def_cancel,0.3355945993945094,0.5376873258499338,0.041383684077059786,40
2025-09-02,night,att_cancel,0.338536928278874,0.5495211990254302,0.041964318186325435,40
2025-09-02,night,def_refill,0.07972826086956522,0.706304347826087,0.10875780690462554,40
2025-09-02,night,att_refill,0.0906060606060606,0.7292803030303031,0.10889416565855937,40
2025-09-02,night,def_hidden,0.0,0.00024031007751937987,0.014582007020100134,40
2025-09-02,night,att_eff,-1.1002359010727643,0.8271746640515709,0.3156156772533894,40
2025-09-02,night,def_eff,-0.8694157923711481,0.9399143860278087,0.31520784080820113,40
2025-09-02,night,att_large,0.0,0.6145243238713645,0.13977287252951007,40
2025-09-02,night,def_large,0.0,0.5733020833333333,0.12811058391549268,40
2025-09-02,night,balance,-0.10899550154969107,0.15666249161918033,0.021127761135073957,40
2025-09-02,night,volume,0.09664299371701573,4.60664936717775,0.9141550109422408,40
2025-09-03,night,delta,-0.45951997614788315,0.4694859868813357,0.17829983990922837,41
2025-09-03,night,def_cancel,0.3366191506059437,0.5384557392585096,0.04111155080493078,41
2025-09-03,night,att_cancel,0.3395737060221003,0.5492620045896236,0.04169792485091695,41
2025-09-03,night,def_refill,0.07923913043478262,0.706304347826087,0.10857264580845111,41
2025-09-03,night,att_refill,0.0906060606060606,0.727310606060606,0.10863788267223749,41
2025-09-03,night,def_hidden,0.0,0.00024031007751937987,0.014835196548113615,41
2025-09-03,night,att_eff,-1.0958354203304714,0.8271746640515709,0.3143879960983627,41
2025-09-03,night,def_eff,-0.8694157923711481,0.9399143860278087,0.31372585977319517,41
2025-09-03,night,att_large,0.0,0.610089104212309,0.13946520106879756,41
2025-09-03,night,def_large,0.0,0.56840625,0.12779951577834922,41
2025-09-03,night,balance,-0.10522730306502626,0.15430736756626473,0.020900223929121133,41
2025-09-03,night,volume,0.09664299371701573,4.638863698416755,0.8992498435891471,41
2025-09-04,night,delta,-0.463304114490161,0.4694859868813357,0.17809957293566328,42
2025-09-04,night,def_cancel,0.3368752884088023,0.538199601455651,0.04101788649656545,42
2025-09-04,night,att_cancel,0.3398329004579069,0.5495211990254302,0.041541011124108594,42
2025-09-04,night,def_refill,0.07972826086956522,0.7077717391304348,0.10840421105389723,42
2025-09-04,night,att_refill,0.0906060606060606,0.7292803030303031,0.10881739467830456,42
2025-09-04,night,def_hidden,0.0,0.00024031007751937987,0.015169694226814454,42
2025-09-04,night,att_eff,-1.0958354203304714,0.8227741833092779,0.3144003269936066,42
2025-09-04,night,def_eff,-0.8801472880911894,0.9399143860278087,0.31406354113693596,42
2025-09-04,night,att_large,0.0,0.610089104212309,0.13937703700024376,42
2025-09-04,night,def_large,0.0,0.5718333333333333,0.1277607323504826,42
2025-09-04,night,balance,-0.10381422863327694,0.15713351642976336,0.020855065990413958,42
2025-09-04,night,volume,0.09664299371701573,4.60664936717775,0.8930302203992231,42
2025-09-05,night,delta,-0.46235807990459155,0.4694859868813357,0.17768272024460932,43
2025-09-05,night,def_cancel,0.3368752884088023,0.538199601455651,0.04094224210883944,43
2025-09-05,night,att_cancel,0.3398329004579069,0.5497803934612367,0.04142260198910121,43
2025-09-05,night,def_refill,0.07972826086956522,0.7077717391304348,0.10809093943625216,43
2025-09-05,night,att_refill,0.0906060606060606,0.7292803030303031,0.10870976284134282,43
2025-09-05,night,def_hidden,0.0,0.00024031007751937987,0.015107719140310057,43
2025-09-05,night,att_eff,-1.1002359010727643,0.8249744236804246,0.3149563109213364,43
2025-09-05,night,def_eff,-0.8801472880911894,0.9442069843158252,0.3142632132739105,43
2025-09-05,night,att_large,0.0,0.6081178954749509,0.1391080657899673,43
2025-09-05,night,def_large,0.0,0.5718333333333333,0.1276643812078991,43
2025-09-05,night,balance,-0.10569832787560934,0.15666249161918033,0.020917295615797277,43
2025-09-05,night,volume,0.09664299371701573,4.60664936717775,0.890958011650961,43
2025-09-08,night,delta,-0.4614120453190221,0.4694859868813357,0.17828011738110705,41
2025-09-08,night,def_cancel,0.3384121152259538,0.5387118770613681,0.04106578656300082,41
2025-09-08,night,att_cancel,0.3398329004579069,0.5502987823328499,0.04183556635028237,41
2025-09-08,night,def_refill,0.07972826086956522,0.7077717391304348,0.10880428779642418,41
2025-09-08,night,att_refill,0.0906060606060606,0.7297727272727274,0.10907501569262434,41
2025-09-08,night,def_hidden,0.0,0.00024031007751937987,0.015225851097073086,41
2025-09-08,night,att_eff,-1.0914349395881784,0.8073725007112524,0.31527849455983786,41
2025-09-08,night,def_eff,-0.8694157923711481,0.9399143860278087,0.31323712724118535,41
2025-09-08,night,att_large,0.0,0.6125531151340065,0.13990230697760178,41
2025-09-08,night,def_large,0.0,0.5718333333333333,0.12835877140062757,41
2025-09-08,night,balance,-0.10899550154969107,0.1514812187027661,0.021063824268127675,41
2025-09-08,night,volume,0.09664299371701573,4.703292360894766,0.9070826694492916,41
2025-09-09,night,delta,-0.4604660107334526,0.4685399522957663,0.17684719116487552,41
2025-09-09,night,def_cancel,0.3394366664373882,0.5387118770613681,0.04075861909009901,41
2025-09-09,night,att_cancel,0.3403512893295201,0.5495211990254302,0.041364764691325565,41
2025-09-09,night,def_refill,0.07923913043478262,0.706304347826087,0.10788595228069024,41
2025-09-09,night,att_refill,0.09208333333333334,0.727310606060606,0.1080747804119646,41
2025-09-09,night,def_hidden,0.0,0.00024031007751937987,0.01516876464851572,41
2025-09-09,night,att_eff,-1.1068366221862038,0.8271746640515709,0.31496067431469854,41
2025-09-09,night,def_eff,-0.8715620915151563,0.9463532834598336,0.3129213094612123,41
2025-09-09,night,att_large,0.0,0.6115675107653274,0.13906945620934327,41
2025-09-09,night,def_large,0.0,0.5674270833333332,0.12729561118204,41
2025-09-09,night,balance,-0.122184196246018,0.15336531794509856,0.02099416594529161,41
2025-09-09,night,volume,0.09664299371701573,4.638863698416755,0.9006989172219454,41
2025-09-10,night,delta,-0.4614120453190221,0.4657018485390578,0.1759565135878564,41
2025-09-10,night,def_cancel,0.33994894204310533,0.5379434636527924,0.040338987716366646,41
2025-09-10,night,att_cancel,0.3413880670727464,0.5495211990254302,0.041004351065552815,41
2025-09-10,night,def_refill,0.07972826086956522,0.7097282608695653,0.10770437087365421,41
2025-09-10,night,att_refill,0.09257575757575758,0.7337121212121213,0.10782992631197126,41
2025-09-10,night,def_hidden,0.0,0.00024031007751937987,0.01509980430028478,41
2025-09-10,night,att_eff,-1.1178378240419364,0.8293749044227177,0.3159966487728687,41
2025-09-10,night,def_eff,-0.8822935872351976,0.9742551723319406,0.31386945893954504,41
2025-09-10,night,att_large,0.0,0.6056538845532534,0.13789064562464898,41
2025-09-10,night,def_large,0.0,0.5688958333333333,0.12730493434780485,41
2025-09-10,night,balance,-0.1273654691624322,0.1514812187027661,0.020976995686294308,41
2025-09-10,night,volume,0.09664299371701573,4.67107802965576,0.9054063782524882,41
2025-09-11,night,delta,-0.463304114490161,0.4657018485390578,0.1761223397960772,42
2025-09-11,night,def_cancel,0.34020507984596393,0.5384557392585096,0.04030755035657126,42
2025-09-11,night,att_cancel,0.3413880670727464,0.5495211990254302,0.04099598135284492,42
2025-09-11,night,def_refill,0.07972826086956522,0.7146195652173913,0.10780953663775927,42
2025-09-11,night,att_refill,0.09257575757575758,0.7346969696969697,0.10793461804983444,42
2025-09-11,night,def_hidden,0.0,0.00024031007751937987,0.015017890680650476,42
2025-09-11,night,att_eff,-1.1134373432996434,0.8293749044227177,0.31586406784025794,42
2025-09-11,night,def_eff,-0.886586185523214,0.9678162748999162,0.31379682204353704,42
2025-09-11,night,att_large,0.0,0.6056538845532534,0.13795864034681365,42
2025-09-11,night,def_large,0.0,0.57721875,0.1274447120676459,42
2025-09-11,night,balance,-0.1273654691624322,0.15336531794509856,0.02090732468898053,42
2025-09-11,night,volume,0.09664299371701573,4.638863698416755,0.9019000812560003,42
2025-09-12,night,delta,-0.463304114490161,0.46759391771019687,0.17817719196427875,43
2025-09-12,night,def_cancel,0.34046121764882253,0.5384557392585096,0.04055837808239858,43
2025-09-12,night,att_cancel,0.3413880670727464,0.5495211990254302,0.041211264331053044,43
2025-09-12,night,def_refill,0.07972826086956522,0.7126630434782609,0.10847267418893428,43
2025-09-12,night,att_refill,0.09257575757575758,0.7337121212121213,0.10860832008348242,43
2025-09-12,night,def_hidden,0.0,0.00024031007751937987,0.014977688202675882,43
2025-09-12,night,att_eff,-1.1134373432996434,0.8293749044227177,0.3159912926349972,43
2025-09-12,night,def_eff,-0.8844398863792058,0.9678162748999162,0.31397167406387755,43
2025-09-12,night,att_large,0.0,0.6056538845532534,0.13924524286133858,43
2025-09-12,night,def_large,0.0,0.57721875,0.12871739896399237,43
2025-09-12,night,balance,-0.12642341954126596,0.1528942931345154,0.020888359399863436,43
2025-09-12,night,volume,0.09664299371701573,4.896578348328797,0.9035658035877454,43
2025-09-15,night,delta,-0.463304114490161,0.47137805605247474,0.17529002777307012,41
2025-09-15,night,def_cancel,0.34199804446597404,0.5384557392585096,0.039300434751087354,41
2025-09-15,night,att_cancel,0.34164726150855296,0.5497803934612367,0.0403533493601758,41
2025-09-15,night,def_refill,0.07972826086956522,0.7170652173913044,0.1064118975830837,41
2025-09-15,night,att_refill,0.09306818181818183,0.7381439393939394,0.10660508443420622,41
2025-09-15,night,def_hidden,0.0,0.00024031007751937987,0.013376696163090855,41
2025-09-15,night,att_eff,-1.1178378240419364,0.8381758659073033,0.31559255298590627,41
2025-09-15,night,def_eff,-0.8930250829552389,0.9849866680519819,0.314498573911663,41
2025-09-15,night,att_large,0.0,0.610089104212309,0.13515193638173137,41
2025-09-15,night,def_large,0.0,0.5747708333333333,0.12483601266330475,41
2025-09-15,night,balance,-0.13207571726826323,0.14818404502868443,0.020413046558949727,41
2025-09-15,night,volume,0.09664299371701573,4.381149048504714,0.8624934363417485,41
2025-09-16,night,delta,-0.463304114490161,0.4685399522957663,0.1745917831235516,41
2025-09-16,night,def_cancel,0.34276645787454985,0.5399925660756612,0.03902546363906298,41
2025-09-16,night,att_cancel,0.3424248448159727,0.5502987823328499,0.039992315574184464,41
2025-09-16,night,def_refill,0.07972826086956522,0.7116847826086957,0.1055973328144391,41
2025-09-16,night,att_refill,0.09306818181818183,0.7356818181818182,0.10529406682621445,41
2025-09-16,night,def_hidden,0.0,0.00024031007751937987,0.013316954550243187,41
2025-09-16,night,att_eff,-1.1244385451553758,0.8447765870207431,0.3188534023700737,41
2025-09-16,night,def_eff,-0.9037565786752801,1.0000107620600396,0.3175973441593239,41
2025-09-16,night,att_large,0.0,0.6081178954749509,0.13439247365386434,41
2025-09-16,night,def_large,0.0,0.5737916666666666,0.12399672439116408,41
2025-09-16,night,balance,-0.12312624586718424,0.1477130202181013,0.01993209368600341,41
2025-09-16,night,volume,0.09664299371701573,4.413363379743719,0.8704251068292453,41
2025-09-17,night,delta,-0.463304114490161,0.4647558139534884,0.17360114659414658,41
2025-09-17,night,def_cancel,0.343278733480267,0.5402487038785198,0.03889372837646736,41
2025-09-17,night,att_cancel,0.34268403925177926,0.5500395878970433,0.0397387903943618,41
2025-09-17,night,def_refill,0.07972826086956522,0.7146195652173913,0.10463236705583633,41
2025-09-17,night,att_refill,0.09356060606060607,0.7356818181818182,0.10463443612591322,41
2025-09-17,night,def_hidden,0.0,0.00024031007751937987,0.01329046016343952,41
2025-09-17,night,att_eff,-1.1244385451553758,0.8447765870207431,0.31886352944361784,41
2025-09-17,night,def_eff,-0.9037565786752801,1.0000107620600396,0.3179438815215806,41
2025-09-17,night,att_large,0.0,0.6076250932906114,0.13323805840878922,41
2025-09-17,night,def_large,0.0,0.57428125,0.12304940003155448,41
2025-09-17,night,balance,-0.12312624586718424,0.1477130202181013,0.019899395487635783,41
2025-09-17,night,volume,0.09664299371701573,4.252291723548693,0.7059480476701782,41
2025-09-18,night,delta,-0.463304114490161,0.46664788312462724,0.17355240968750776,42
2025-09-18,night,def_cancel,0.34353487128312554,0.5407609794842368,0.03890073362028419,42
2025-09-18,night,att_cancel,0.34294323368758584,0.5508171712044632,0.03975090464153452,42
2025-09-18,night,def_refill,0.07972826086956522,0.7146195652173913,0.10477747192509772,42
2025-09-18,night,att_refill,0.0940530303030303,0.7356818181818182,0.10470221086924693,42
2025-09-18,night,def_hidden,0.0,0.00024031007751937987,0.013209888029445178,42
2025-09-18,night,att_eff,-1.1222383047842293,0.8425763466495964,0.3185574611396543,42
2025-09-18,night,def_eff,-0.9037565786752801,0.9935718646280152,0.31765191405824594,42
2025-09-18,night,att_large,0.0,0.6076250932906114,0.13328212339879245,42
2025-09-18,night,def_large,0.0,0.5752604166666666,0.12311425253591829,42
2025-09-18,night,balance,-0.12124214662485183,0.1467709705969351,0.01978653905716368,42
2025-09-18,night,volume,0.09664299371701573,4.252291723548693,0.7086207534562149,42
2025-09-19,night,delta,-0.4642501490757305,0.4685399522957663,0.17480660885802893,43
2025-09-19,night,def_cancel,0.34353487128312554,0.5417855306956713,0.039094770909189856,43
2025-09-19,night,att_cancel,0.34268403925177926,0.5515947545118829,0.04007911244864531,43
2025-09-19,night,def_refill,0.08168478260869566,0.7170652173913044,0.10580609672040625,43
2025-09-19,night,att_refill,0.0950378787878788,0.7410984848484848,0.10642902888836832,43
2025-09-19,night,def_hidden,0.0,0.00024031007751937987,0.013578259161776702,43
2025-09-19,night,att_eff,-1.1222383047842293,0.8447765870207431,0.3173276722576382,43
2025-09-19,night,def_eff,-0.9101954761073048,0.9871329671959903,0.3166808313628048,43
2025-09-19,night,att_large,0.0,0.6135387195026855,0.1348335088137345,43
2025-09-19,night,def_large,0.0,0.5791770833333333,0.12496486060618708,43
2025-09-19,night,balance,-0.12972059321534768,0.1453578961651858,0.01949529958938458,43
2025-09-19,night,volume,0.09664299371701573,4.284506054787697,0.69876153933516,43
2025-09-22,night,delta,-0.463304114490161,0.4647558139534884,0.17271739875791384,41
2025-09-22,night,def_cancel,0.34584011150885285,0.5417855306956713,0.03829201397465586,41
2025-09-22,night,att_cancel,0.34553517804565165,0.5513355600760763,0.03906511830497052,41
2025-09-22,night,def_refill,0.08217391304347826,0.7121739130434783,0.10438300526038734,41
2025-09-22,night,att_refill,0.09454545454545454,0.7258333333333333,0.10445377619566755,41
2025-09-22,night,def_hidden,0.0,0.00024031007751937987,0.013411373881690364,41
2025-09-22,night,att_eff,-1.120038064413083,0.8447765870207431,0.3168057529862515,41
2025-09-22,night,def_eff,-0.9187806726833379,0.9849866680519819,0.3164201086094161,41
2025-09-22,night,att_large,0.0,0.6061466867375929,0.1324209221627342,41
2025-09-22,night,def_large,0.0,0.5777083333333333,0.12302120781150015,41
2025-09-22,night,balance,-0.11935804738251937,0.14253174730168716,0.01940415690708741,41
2025-09-22,night,volume,0.09664299371701573,4.187863061070682,0.6880809901245223,41
2025-09-23,night,delta,-0.4642501490757305,0.4647558139534884,0.17268102479785205,41
2025-09-23,night,def_cancel,0.34558397370599425,0.5422978063013884,0.03829514214157221,41
2025-09-23,night,att_cancel,0.3450167891740385,0.5510763656402697,0.039149046183966904,41
2025-09-23,night,def_refill,0.08168478260869566,0.7092391304347827,0.10379857075127738,41
2025-09-23,night,att_refill,0.09454545454545454,0.7248484848484849,0.10424771844693786,41
2025-09-23,night,def_hidden,0.0,0.00024031007751937987,0.013781179787395828,41
2025-09-23,night,att_eff,-1.1178378240419364,0.835975625536157,0.3152635096014309,41
2025-09-23,night,def_eff,-0.9187806726833379,0.9828403689079739,0.31573198584360335,41
2025-09-23,night,att_large,0.0,0.6046682801845744,0.13241735000109167,41
2025-09-23,night,def_large,0.0,0.5870104166666666,0.12331759166774185,41
2025-09-23,night,balance,-0.11888702257193628,0.14206072249110402,0.01932877842730732,41
2025-09-23,night,volume,0.09664299371701573,4.123434398592671,0.6850056106604286,41
2025-09-24,night,delta,-0.4642501490757305,0.4647558139534884,0.17232888489924406,42
2025-09-24,night,def_cancel,0.34507169810027705,0.5420416684985299,0.03829753488524405,42
2025-09-24,night,att_cancel,0.3442392058666187,0.5510763656402697,0.039184887756856426,42
2025-09-24,night,def_refill,0.08168478260869566,0.7097282608695653,0.10367231034915103,42
2025-09-24,night,att_refill,0.0950378787878788,0.7258333333333333,0.10407351173396162,42
2025-09-24,night,def_hidden,0.0,0.00024031007751937987,0.01370132542998055,42
2025-09-24,night,att_eff,-1.120038064413083,0.84037610627845,0.3157666357331493,42
2025-09-24,night,def_eff,-0.9187806726833379,0.9849866680519819,0.316203384163426,42
2025-09-24,night,att_large,0.0,0.6036826758158954,0.13219368523209873,42
2025-09-24,night,def_large,0.0,0.58603125,0.12303356996203525,42
2025-09-24,night,balance,-0.1203000970036856,0.14488687135460265,0.019429744203899396,42
2025-09-24,night,volume,0.09664299371701573,4.0912200673536665,0.6820523541840515,42
2025-09-25,night,delta,-0.4642501490757305,0.46664788312462724,0.17203082127427557,43
2025-09-25,night,def_cancel,0.34455942249455995,0.5420416684985299,0.03836404428186361,43
2025-09-25,night,att_cancel,0.3442392058666187,0.5515947545118829,0.03915232480053534,43
2025-09-25,night,def_refill,0.08217391304347826,0.7107065217391305,0.10358018855036347,43
2025-09-25,night,att_refill,0.0950378787878788,0.7258333333333333,0.10405166530744671,43
2025-09-25,night,def_hidden,0.0,0.00024031007751937987,0.013906805197183804,43
2025-09-25,night,att_eff,-1.1178378240419364,0.835975625536157,0.31566399317723143,43
2025-09-25,night,def_eff,-0.9187806726833379,0.9828403689079739,0.3162002082069235,43
2025-09-25,night,att_large,0.0,0.6056538845532534,0.13173277872315772,43
2025-09-25,night,def_large,0.0,0.5835833333333333,0.12295191711010366,43
2025-09-25,night,balance,-0.11747394814018697,0.14347379692285334,0.019326868766334278,43
2025-09-25,night,volume,0.12885732495602098,4.059005736114661,0.675309162496265,43
2025-09-26,night,delta,-0.46614221824686947,0.4685399522957663,0.17562646850725122,44
2025-09-26,night,def_cancel,0.34455942249455995,0.5422978063013884,0.03955112656061067,44
2025-09-26,night,att_cancel,0.34398001143081214,0.5515947545118829,0.0402043589829973,44
2025-09-26,night,def_refill,0.08315217391304348,0.7146195652173913,0.10679920079563446,44
2025-09-26,night,att_refill,0.0950378787878788,0.727310606060606,0.10747664099796912,44
2025-09-26,night,def_hidden,0.0,0.00024031007751937987,0.014348915229920087,44
2025-09-26,night,att_eff,-1.1112371029284969,0.831575144793864,0.31462222699057735,44
2025-09-26,night,def_eff,-0.9080491769632966,0.976401471475949,0.3150799838235018,44
2025-09-26,night,att_large,0.0,0.6105819063966484,0.13562054833739484,44
2025-09-26,night,def_large,0.0,0.5835833333333333,0.12574115289321797,44
2025-09-26,night,balance,-0.11558984889785456,0.14206072249110402,0.019235664634117463,44
2025-09-26,night,volume,0.12885732495602098,4.381149048504714,0.7315799178027966,44
2025-09-29,night,delta,-0.463304114490161,0.46759391771019687,0.1741388715855894,42
2025-09-29,night,def_cancel,0.34737693832600436,0.5420416684985299,0.03934352600928788,42
2025-09-29,night,att_cancel,0.346571955788878,0.5515947545118829,0.03982908061640067,42
2025-09-29,night,def_refill,0.08315217391304348,0.7087500000000001,0.10606798748813485,42
2025-09-29,night,att_refill,0.0975,0.7238636363636364,0.1065399501323381,42
2025-09-29,night,def_hidden,0.0,0.00024031007751937987,0.013945453376380618,42
2025-09-29,night,att_eff,-1.1134373432996434,0.8293749044227177,0.31201413146910634,42
2025-09-29,night,def_eff,-0.9080491769632966,0.976401471475949,0.31221213019099303,42
2025-09-29,night,att_large,0.0,0.612060312949667,0.1345372216399212,42
2025-09-29,night,def_large,0.0,0.5821145833333333,0.12369950625164317,42
2025-09-29,night,balance,-0.11558984889785456,0.17738758328483695,0.019159889553168153,42
2025-09-29,night,volume,0.12885732495602098,4.348934717265708,0.7207008399796556,42
2025-09-30,night,delta,-0.4642501490757305,0.4685399522957663,0.1750745136741664,42
2025-09-30,night,def_cancel,0.34788921393172156,0.5422978063013884,0.03958454673598645,42
2025-09-30,night,att_cancel,0.34709034466049116,0.5515947545118829,0.03999190152865021,42
2025-09-30,night,def_refill,0.08315217391304348,0.7097282608695653,0.10677879056016475,42
2025-09-30,night,att_refill,0.09799242424242424,0.7243560606060606,0.10721214188380508,42
2025-09-30,night,def_hidden,0.0,0.00024031007751937987,0.013495133716356524,42
2025-09-30,night,att_eff,-1.1112371029284969,0.8271746640515709,0.31079370180484434,42
2025-09-30,night,def_eff,-0.8994639803872635,0.9742551723319406,0.3115825251976286,42
2025-09-30,night,att_large,0.0,0.610089104212309,0.13564206394594297,42
2025-09-30,night,def_large,0.0,0.5845625,0.12498283765467125,42
2025-09-30,night,balance,-0.1099375511708573,0.1755034840425045,0.019047772141080714,42
2025-09-30,night,volume,0.12885732495602098,4.381149048504714,0.7226689147900117,42
2025-10-01,night,delta,-0.463304114490161,0.47232409063804415,0.17083903731425867,42
2025-10-01,night,def_cancel,0.34737693832600436,0.542553944104247,0.038600217462404184,42
2025-10-01,night,att_cancel,0.3468311502246846,0.5515947545118829,0.038925044195196795,42
2025-10-01,night,def_refill,0.0841304347826087,0.7185326086956523,0.10558008886367029,42
2025-10-01,night,att_refill,0.10193181818181819,0.7312500000000001,0.10639299161833919,42
2025-10-01,night,def_hidden,0.0,0.00024031007751937987,0.01260386741768763,42
2025-10-01,night,att_eff,-1.1310392662688153,0.8447765870207431,0.3160885000363074,42
2025-10-01,night,def_eff,-0.9402436641234204,0.9935718646280152,0.3175843292157274,42
2025-10-01,night,att_large,0.0,0.6105819063966484,0.13233012858707727,42
2025-10-01,night,def_large,0.0,0.581625,0.12126989370178672,42
2025-10-01,night,balance,-0.11040857598144038,0.1816268065800849,0.018699119928341206,42
2025-10-01,night,volume,0.12885732495602098,4.155648729831676,0.6466883828692073,42
2025-10-02,night,delta,-0.463304114490161,0.47232409063804415,0.17210991034464604,43
2025-10-02,night,def_cancel,0.34763307612886296,0.5422978063013884,0.03882439371449291,43
2025-10-02,night,att_cancel,0.34734953909629773,0.552113143383496,0.039313678630406114,43
2025-10-02,night,def_refill,0.08510869565217392,0.7214673913043479,0.10615941490212172,43
2025-10-02,night,att_refill,0.10193181818181819,0.7297727272727274,0.10696448870641548,43
2025-10-02,night,def_hidden,0.0,0.00024031007751937987,0.01284411074790104,43
2025-10-02,night,att_eff,-1.1266387855265223,0.8425763466495964,0.31639221712536036,43
2025-10-02,night,def_eff,-0.9316584675473873,0.9871329671959903,0.31769613265900676,43
2025-10-02,night,att_large,0.0,0.6115675107653274,0.13350086491854427,43
2025-10-02,night,def_large,0.0,0.5801562499999999,0.12222199937077115,43
2025-10-02,night,balance,-0.11653189851902074,0.2009388238139922,0.018599062691217853,43
2025-10-02,night,volume,0.12885732495602098,4.284506054787697,0.6546046486311425,43
2025-10-03,night,delta,-0.46235807990459155,0.4751621943947526,0.17240719746878658,44
2025-10-03,night,def_cancel,0.34737693832600436,0.542553944104247,0.038826476897243216,44
2025-10-03,night,att_cancel,0.3468311502246846,0.5523723378193026,0.03937463981076863,44
2025-10-03,night,def_refill,0.08461956521739131,0.7234239130434783,0.10650213120579594,44
2025-10-03,night,att_refill,0.10193181818181819,0.7312500000000001,0.10749037920471866,44
2025-10-03,night,def_hidden,0.0,0.00024031007751937987,0.012687784070089405,44
2025-10-03,night,att_eff,-1.1266387855265223,0.8447765870207431,0.3159196070502563,44
2025-10-03,night,def_eff,-0.9402436641234204,0.9935718646280152,0.3174405157800653,44
2025-10-03,night,att_large,0.0,0.612060312949667,0.13351544254563724,44
2025-10-03,night,def_large,0.0,0.5821145833333333,0.12261044371296659,44
2025-10-03,night,balance,-0.11464779927668833,0.19764165013991042,0.018598060982510954,44
2025-10-03,night,volume,0.12885732495602098,4.284506054787697,0.6517078877108021,44
2025-10-06,night,delta,-0.45951997614788315,0.47894633273703047,0.17260866838259417,42
2025-10-06,night,def_cancel,0.34737693832600436,0.5422978063013884,0.039071954377700065,42
2025-10-06,night,att_cancel,0.3463127613530714,0.5508171712044632,0.03959623138617551,42
2025-10-06,night,def_refill,0.08755434782608697,0.7273369565217392,0.10672454493027787,42
2025-10-06,night,att_refill,0.10488636363636364,0.7356818181818182,0.10825584419386364,42
2025-10-06,night,def_hidden,0.0,0.00024031007751937987,0.012910074343647906,42
2025-10-06,night,att_eff,-1.120038064413083,0.8491770677630361,0.31750143082975657,42
2025-10-06,night,def_eff,-0.9466825615554451,0.9957181637720232,0.31911778126190266,42
2025-10-06,night,att_large,0.0,0.6125531151340065,0.13399135668059578,42
2025-10-06,night,def_large,0.0,0.5870104166666666,0.12329169545827902,42
2025-10-06,night,balance,-0.10805345192852489,0.20659112154098946,0.018011912351498165,42
2025-10-06,night,volume,0.09664299371701573,4.54222070469974,0.6732986704870952,42
2025-10-07,night,delta,-0.45668187239117475,0.4798923673225999,0.1721057751821769,42
2025-10-07,night,def_cancel,0.34916990294601447,0.5422978063013884,0.0386935410008072,42
2025-10-07,night,att_cancel,0.34812712240371746,0.5513355600760763,0.03925540685624491,42
2025-10-07,night,def_refill,0.0895108695652174,0.7297826086956523,0.10675145831229602,42
2025-10-07,night,att_refill,0.10685606060606061,0.7381439393939394,0.10851423336480735,42
2025-10-07,night,def_hidden,0.0,0.00024031007751937987,0.013178176368361902,42
2025-10-07,night,att_eff,-1.1244385451553758,0.8469768273918894,0.31864726639924174,42
2025-10-07,night,def_eff,-0.9488288606994533,0.9935718646280152,0.3198462922086246,42
2025-10-07,night,att_large,0.0,0.613045917318346,0.1340241855544718,42
2025-10-07,night,def_large,0.0,0.5821145833333333,0.12239132024066407,42
2025-10-07,night,balance,-0.10711140230735866,0.20612009673040632,0.017922815599735097,42
2025-10-07,night,volume,0.09664299371701573,4.574435035938745,0.671396812234671,42
2025-10-08,night,delta,-0.45668187239117475,0.47894633273703047,0.17341960399497455,42
2025-10-08,night,def_cancel,0.34916990294601447,0.542553944104247,0.039089838143470335,42
2025-10-08,night,att_cancel,0.34812712240371746,0.5518539489476895,0.039670608440670926,42
2025-10-08,night,def_refill,0.09048913043478261,0.7336956521739131,0.10792859524994443,42
2025-10-08,night,att_refill,0.10636363636363637,0.7381439393939394,0.10941822326611111,42
2025-10-08,night,def_hidden,0.0,0.00024031007751937987,0.013120240947299302,42
2025-10-08,night,att_eff,-1.1266387855265223,0.8447765870207431,0.31835166805429826,42
2025-10-08,night,def_eff,-0.9509751598434617,0.9978644629160316,0.31915573102885586,42
2025-10-08,night,att_large,0.0,0.615017126055704,0.13537573857062704,42
2025-10-08,night,def_large,0.0,0.5821145833333333,0.12439862840297454,42
2025-10-08,night,balance,-0.10569832787560934,0.19905472457165974,0.017847870333720196,42
2025-10-08,night,volume,0.09664299371701573,4.703292360894766,0.6732352151564217,42
2025-10-09,night,delta,-0.4604660107334526,0.47894633273703047,0.17295981334348676,43
2025-10-09,night,def_cancel,0.34916990294601447,0.5422978063013884,0.038977925485417855,43
2025-10-09,night,att_cancel,0.3478679279679109,0.552113143383496,0.03955777720699732,43
2025-10-09,night,def_refill,0.0895108695652174,0.7356521739130435,0.10771242099907684,43
2025-10-09,night,att_refill,0.10636363636363637,0.7430681818181819,0.10944967954093014,43
2025-10-09,night,def_hidden,0.0,0.00024031007751937987,0.012963227481849514,43
2025-10-09,night,att_eff,-1.1310392662688153,0.8447765870207431,0.3180388447747696,43
2025-10-09,night,def_eff,-0.9488288606994533,1.0000107620600396,0.3185062465176071,43
2025-10-09,night,att_large,0.0,0.6214235544521176,0.13519014308482066,43
2025-10-09,night,def_large,0.0,0.5835833333333333,0.12406419415223544,43
2025-10-09,night,balance,-0.10569832787560934,0.2117723944574036,0.017748924975828237,43
2025-10-09,night,volume,0.09664299371701573,4.60664936717775,0.6663555363210985,43
2025-10-10,night,delta,-0.4585739415623137,0.47894633273703047,0.17225561607621803,44
2025-10-10,night,def_cancel,0.34942604074887307,0.5420416684985299,0.03874994741417612,44
2025-10-10,night,att_cancel,0.34838631683952404,0.5523723378193026,0.039441531322596105,44
2025-10-10,night,def_refill,0.09048913043478261,0.7356521739130435,0.10731419223416369,44
2025-10-10,night,att_refill,0.10488636363636364,0.7440530303030304,0.10908505916046263,44
2025-10-10,night,def_hidden,0.0,0.00024031007751937987,0.012941094106694346,44
2025-10-10,night,att_eff,-1.1310392662688153,0.8491770677630361,0.31821751929264447,44
2025-10-10,night,def_eff,-0.9531214589874699,1.0043033603480565,0.3187191983841633,44
2025-10-10,night,att_large,0.0,0.6219163566364571,0.13491207716756715,44
2025-10-10,night,def_large,0.0,0.581625,0.12346565055324651,44
2025-10-10,night,balance,-0.10522730306502626,0.2155405929420684,0.017766037126604295,44
2025-10-10,night,volume,0.09664299371701573,4.574435035938745,0.6652744520812042,44
2025-10-13,night,delta,-0.46235807990459155,0.4798923673225999,0.16981485188469678,42
2025-10-13,night,def_cancel,0.35045059196030737,0.5420416684985299,0.038079559036688394,42
2025-10-13,night,att_cancel,0.3496822890185569,0.5515947545118829,0.0386101515066232,42
2025-10-13,night,def_refill,0.09048913043478261,0.7371195652173914,0.1056851396215157,42
2025-10-13,night,att_refill,0.10587121212121213,0.7445454545454546,0.10818407651337594,42
2025-10-13,night,def_hidden,0.0,0.00024031007751937987,0.012681760366474702,42
2025-10-13,night,att_eff,-1.1266387855265223,0.8447765870207431,0.30536447315131937,42
2025-10-13,night,def_eff,-0.9509751598434617,0.9935718646280152,0.30735440451057877,42
2025-10-13,night,att_large,0.0,0.6184667413460806,0.13282242106500958,42
2025-10-13,night,def_large,0.0,0.5835833333333333,0.12183889897742145,42
2025-10-13,night,balance,-0.10569832787560934,0.22119289066906567,0.01757894063367026,42
2025-10-13,night,volume,0.09664299371701573,4.220077392309687,0.6440873755269065,42
2025-10-14,night,delta,-0.45951997614788315,0.47421615980918297,0.17466319039769324,42
2025-10-14,night,def_cancel,0.3514751431717418,0.5415293928928127,0.03871574868899303,42
2025-10-14,night,att_cancel,0.3499414834543635,0.5505579767686566,0.03938569198479644,42
2025-10-14,night,def_refill,0.09048913043478261,0.7317391304347827,0.10732002172274221,42
2025-10-14,night,att_refill,0.10390151515151516,0.7396212121212121,0.10944631969419749,42
2025-10-14,night,def_hidden,0.0,0.011775193798449613,0.014268720128423982,42
2025-10-14,night,att_eff,-1.1002359010727643,0.835975625536157,0.3034250794215409,42
2025-10-14,night,def_eff,-0.9230732709713543,0.9592310783238829,0.30522113895402353,42
2025-10-14,night,att_large,0.0,0.6155099282400435,0.13494471724740628,42
2025-10-14,night,def_large,0.0,0.5865208333333333,0.12596248885457906,42
2025-10-14,night,balance,-0.10711140230735866,0.2263741635854799,0.01763476152558092,42
2025-10-14,night,volume,0.12885732495602098,4.67107802965576,0.6729198957923692,42
2025-10-15,night,delta,-0.46235807990459155,0.47421615980918297,0.18279700657122142,42
2025-10-15,night,def_cancel,0.3530119699888933,0.5417855306956713,0.039831728143879135,42
2025-10-15,night,att_cancel,0.351496650069203,0.5508171712044632,0.04059585113918375,42
2025-10-15,night,def_refill,0.08902173913043479,0.7273369565217392,0.10922389848907423,42
2025-10-15,night,att_refill,0.09996212121212122,0.7322348484848485,0.11102376353347533,42
2025-10-15,night,def_hidden,0.0,0.013697674418604653,0.01595113369847003,42
2025-10-15,night,att_eff,-1.0848342184747388,0.8227741833092779,0.2997609596209142,42
2025-10-15,night,def_eff,-0.8887324846672222,0.924890292019751,0.300887675563219,42
2025-10-15,night,att_large,0.0,0.616988334793062,0.1395318891458225,42
2025-10-15,night,def_large,0.0,0.5821145833333333,0.13013912066395636,42
2025-10-15,night,balance,-0.10193012939094448,0.22213494029023195,0.017500121803130486,42
2025-10-15,night,volume,0.12885732495602098,5.122078667001834,0.7464764562232529,42
2025-10-16,night,delta,-0.46235807990459155,0.47421615980918297,0.18250597252512987,43
2025-10-16,night,def_cancel,0.35326810779175183,0.5417855306956713,0.03972785187180757,43
2025-10-16,night,att_cancel,0.3517558445050096,0.5505579767686566,0.04053283382823584,43
2025-10-16,night,def_refill,0.08804347826086957,0.7253804347826087,0.10884413029604063,43
2025-10-16,night,att_refill,0.09996212121212122,0.7312500000000001,0.11070714322151567,43
2025-10-16,night,def_hidden,0.0,0.014899224806201553,0.0159032114389382,43
2025-10-16,night,att_eff,-1.0826339781035923,0.8161734621958385,0.29972754297603166,43
2025-10-16,night,def_eff,-0.886586185523214,0.9227439928757426,0.3007218479271726,43
2025-10-16,night,att_large,0.0,0.6184667413460806,0.13927375662622082,43
2025-10-16,night,def_large,0.0,0.5786874999999999,0.1294562381043699,43
2025-10-16,night,balance,-0.1009880797697783,0.22119289066906567,0.01744587931673858,43
2025-10-16,night,volume,0.12885732495602098,5.089864335762829,0.7416951312232731,43
2025-10-17,night,delta,-0.46235807990459155,0.47137805605247474,0.18140145877374447,44
2025-10-17,night,def_cancel,0.3542926590031862,0.5410171172870955,0.03930795251389032,44
2025-10-17,night,att_cancel,0.3530518166840425,0.5497803934612367,0.04024870503607266,44
2025-10-17,night,def_refill,0.08804347826086957,0.7219565217391305,0.10818212843381796,44
2025-10-17,night,att_refill,0.09651515151515153,0.727310606060606,0.10980797598528409,44
2025-10-17,night,def_hidden,0.0,0.01634108527131783,0.015637400011398295,44
2025-10-17,night,att_eff,-1.0738330166190064,0.8007717795978131,0.2977290111003328,44
2025-10-17,night,def_eff,-0.8780009889471809,0.9034273005796685,0.2986871192692465,44
2025-10-17,night,att_large,0.0,0.6155099282400435,0.13794705375932595,44
2025-10-17,night,def_large,0.0,0.5781979166666666,0.12900942754795594,44
2025-10-17,night,balance,-0.10758242711794175,0.22213494029023195,0.017774258266845623,44
2025-10-17,night,volume,0.12885732495602098,4.993221342045813,0.725073438172527,44
2025-10-20,night,delta,-0.4604660107334526,0.4694859868813357,0.19181893167473169,42
2025-10-20,night,def_cancel,0.3527558321860347,0.5402487038785198,0.04190406381473515,42
2025-10-20,night,att_cancel,0.3517558445050096,0.549002810153817,0.042711482410093815,42
2025-10-20,night,def_refill,0.08608695652173914,0.7146195652173913,0.1117514556417823,42
2025-10-20,night,att_refill,0.09257575757575758,0.7204166666666667,0.11290880910235303,42
2025-10-20,night,def_hidden,0.0,0.01778294573643411,0.016982481145870417,42
2025-10-20,night,att_eff,-1.0342286899383693,0.7721686547729085,0.2943914265615938,42
2025-10-20,night,def_eff,-0.8479528009310655,0.8798180099955775,0.2950488319932176,42
2025-10-20,night,att_large,0.0,0.6184667413460806,0.14759214749455238,42
2025-10-20,night,def_large,0.0,0.57575,0.13766982543547696,42
2025-10-20,night,balance,-0.11135062560260661,0.2287292876383954,0.019716677396355548,42
2025-10-20,night,volume,0.12885732495602098,6.088508604171992,0.7944941068626749,42
2025-10-21,night,delta,-0.4585739415623137,0.47232409063804415,0.1929285259385043,42
2025-10-21,night,def_cancel,0.3522435565803175,0.5405048416813782,0.042089724182286264,42
2025-10-21,night,att_cancel,0.3509782611975898,0.549002810153817,0.042946274851929984,42
2025-10-21,night,def_refill,0.08608695652173914,0.7146195652173913,0.11201446797676042,42
2025-10-21,night,att_refill,0.09208333333333334,0.7204166666666667,0.11333728306357803,42
2025-10-21,night,def_hidden,0.0,0.01802325581395349,0.017178990626491787,42
2025-10-21,night,att_eff,-1.0298282091960762,0.7721686547729085,0.29524085268070244,42
2025-10-21,night,def_eff,-0.8458065017870573,0.8776717108515695,0.2954026519778077,42
2025-10-21,night,att_large,0.0,0.619945147899099,0.14888322854128497,42
2025-10-21,night,def_large,0.0,0.5801562499999999,0.1391005617567507,42
2025-10-21,night,balance,-0.11276370003435593,0.23061338688072786,0.01974988842405416,42
2025-10-21,night,volume,0.12885732495602098,6.185151597889007,0.8059753756388875,42
2025-10-22,night,delta,-0.4585739415623137,0.47137805605247474,0.19327993399135043,42
2025-10-22,night,def_cancel,0.35198741877745887,0.5410171172870955,0.042160451621202515,42
2025-10-22,night,att_cancel,0.3507190667617832,0.5492620045896236,0.04308923219376824,42
2025-10-22,night,def_refill,0.08608695652173914,0.7170652173913044,0.11231718471512236,42
2025-10-22,night,att_refill,0.09208333333333334,0.7204166666666667,0.11374257020218435,42
2025-10-22,night,def_hidden,0.0,0.01826356589147287,0.017149248203071815,42
2025-10-22,night,att_eff,-1.0232274880826369,0.7721686547729085,0.2947074945762274,42
2025-10-22,night,def_eff,-0.8458065017870573,0.8776717108515695,0.29466865940428605,42
2025-10-22,night,att_large,0.0,0.6194523457147596,0.1489091648461246,42
2025-10-22,night,def_large,0.0,0.5801562499999999,0.13963475618099574,42
2025-10-22,night,balance,-0.11276370003435593,0.23296851093364335,0.019751124409596674,42
2025-10-22,night,volume,0.12885732495602098,6.185151597889007,0.8078048521730262,42
2025-10-23,night,delta,-0.45668187239117475,0.4694859868813357,0.19280760808431158,43
2025-10-23,night,def_cancel,0.3514751431717418,0.541273255089954,0.04225048421276922,43
2025-10-23,night,att_cancel,0.35045987232597664,0.5495211990254302,0.04312184016330951,43
2025-10-23,night,def_refill,0.08657608695652175,0.717554347826087,0.11246814337126057,43
2025-10-23,night,att_refill,0.09257575757575758,0.7204166666666667,0.11378524834703285,43
2025-10-23,night,def_hidden,0.0,0.01802325581395349,0.017072053182253483,43
2025-10-23,night,att_eff,-1.0232274880826369,0.7721686547729085,0.29472901291363157,43
2025-10-23,night,def_eff,-0.8458065017870573,0.875525411707561,0.29469283238617827,43
2025-10-23,night,att_large,0.0,0.6184667413460806,0.14846951709395648,43
2025-10-23,night,def_large,0.0,0.5821145833333333,0.13951669318234647,43
2025-10-23,night,balance,-0.11135062560260661,0.2310844116913109,0.019617581518934675,43
2025-10-23,night,volume,0.12885732495602098,6.120722935410996,0.801267540365013,43
2025-10-24,night,delta,-0.4576279069767442,0.4694859868813357,0.1935246309750302,44
2025-10-24,night,def_cancel,0.3514751431717418,0.5415293928928127,0.04241869398909934,44
2025-10-24,night,att_cancel,0.35045987232597664,0.5495211990254302,0.04322661019286835,44
2025-10-24,night,def_refill,0.08657608695652175,0.7146195652173913,0.11274768660406612,44
2025-10-24,night,att_refill,0.09208333333333334,0.7204166666666667,0.11410493611213238,44
2025-10-24,night,def_hidden,0.0,0.01826356589147287,0.01704303089709156,44
2025-10-24,night,att_eff,-1.0254277284537834,0.7743688951440548,0.2956034010743042,44
2025-10-24,night,def_eff,-0.8458065017870573,0.8776717108515695,0.2953538897136732,44
2025-10-24,night,att_large,0.0,0.619945147899099,0.14903488699868295,44
2025-10-24,night,def_large,0.0,0.5821145833333333,0.13987063418668497,44
2025-10-24,night,balance,-0.1137057496555221,0.2301423620701447,0.019850396499132728,44
2025-10-24,night,volume,0.12885732495602098,6.185151597889007,0.8002951154159648,44
2025-10-27,night,delta,-0.463304114490161,0.4694859868813357,0.1984630143853537,42
2025-10-27,night,def_cancel,0.3517312809746003,0.5415293928928127,0.04347965132495016,42
2025-10-27,night,att_cancel,0.35045987232597664,0.5495211990254302,0.04448937757264581,42
2025-10-27,night,def_refill,0.08902173913043479,0.7200000000000001,0.11584495011761171,42
2025-10-27,night,att_refill,0.0906060606060606,0.7223863636363637,0.11743312888145029,42
2025-10-27,night,def_hidden,0.0,0.01874418604651163,0.01776540457227147,42
2025-10-27,night,att_eff,-1.0232274880826369,0.7721686547729085,0.2949454310196408,42
2025-10-27,night,def_eff,-0.8458065017870573,0.8776717108515695,0.29474499034140916,42
2025-10-27,night,att_large,0.0,0.6233947631894756,0.15299213487924393,42
2025-10-27,night,def_large,0.0,0.5884791666666667,0.14427387989830445,42
2025-10-27,night,balance,-0.1462064615857564,0.2249610891537306,0.021048077235892207,42
2025-10-27,night,volume,0.16107165619502622,6.6039379039960755,0.7990930783854793,42
2025-10-28,night,delta,-0.463304114490161,0.4694859868813357,0.1998769037133909,42
2025-10-28,night,def_cancel,0.3514751431717418,0.5415293928928127,0.043775984317834436,42
2025-10-28,night,att_cancel,0.35020067789017006,0.5497803934612367,0.04474165998390151,42
2025-10-28,night,def_refill,0.08804347826086957,0.7224456521739131,0.1166281718043877,42
2025-10-28,night,att_refill,0.0906060606060606,0.7243560606060606,0.1183406944317831,42
2025-10-28,night,def_hidden,0.0,0.01898449612403101,0.01792418992199609,42
2025-10-28,night,att_eff,-1.0254277284537834,0.7655679336594692,0.294371362349548,42
2025-10-28,night,def_eff,-0.8393676043550324,0.873379112563553,0.29439153402760754,42
2025-10-28,night,att_large,0.0,0.6253659719268336,0.15451923596691733,42
2025-10-28,night,def_large,0.0,0.5884791666666667,0.14565599178808303,42
2025-10-28,night,balance,-0.1480905608280888,0.2263741635854799,0.0205077832693353,42
2025-10-28,night,volume,0.16107165619502622,6.700580897713091,0.8076174877843945,42
2025-10-29,night,delta,-0.463304114490161,0.4694859868813357,0.19841753955682645,42
2025-10-29,night,def_cancel,0.3517312809746003,0.5415293928928127,0.043465313273765,42
2025-10-29,night,att_cancel,0.35020067789017006,0.5497803934612367,0.04449041950558329,42
2025-10-29,night,def_refill,0.08804347826086957,0.7209782608695653,0.11561153497901173,42
2025-10-29,night,att_refill,0.0906060606060606,0.7238636363636364,0.11734168364768698,42
2025-10-29,night,def_hidden,0.0,0.01898449612403101,0.01784998482300535,42
2025-10-29,night,att_eff,-1.0254277284537834,0.7655679336594692,0.29407695606501943,42
2025-10-29,night,def_eff,-0.8393676043550324,0.873379112563553,0.2939934442519715,42
2025-10-29,night,att_large,0.0,0.6253659719268336,0.15295313469373997,42
2025-10-29,night,def_large,0.0,0.5884791666666667,0.14435041122081446,42
2025-10-29,night,balance,-0.1480905608280888,0.2263741635854799,0.020465096512199764,42
2025-10-29,night,volume,0.16107165619502622,6.507294910279059,0.7758493391756516,42
2025-10-30,night,delta,-0.463304114490161,0.4694859868813357,0.1983842780055308,43
2025-10-30,night,def_cancel,0.3517312809746003,0.5415293928928127,0.043463967442092945,43
2025-10-30,night,att_cancel,0.35020067789017006,0.5497803934612367,0.0445762609720863,43
2025-10-30,night,def_refill,0.08804347826086957,0.7209782608695653,0.11567868821694775,43
2025-10-30,night,att_refill,0.0906060606060606,0.7238636363636364,0.11744072769297004,43
2025-10-30,night,def_hidden,0.0,0.01898449612403101,0.017817891600917395,43
2025-10-30,night,att_eff,-1.0188270073403438,0.7655679336594692,0.2944787382104965,43
2025-10-30,night,def_eff,-0.8393676043550324,0.873379112563553,0.29416561914899975,43
2025-10-30,night,att_large,0.0,0.6253659719268336,0.15301587086847007,43
2025-10-30,night,def_large,0.0,0.5884791666666667,0.14443460034624536,43
2025-10-30,night,balance,-0.14714851120692263,0.22590313877489676,0.020435810855557637,43
2025-10-30,night,volume,0.16107165619502622,6.507294910279059,0.7741497784535891,43
2025-10-31,night,delta,-0.4614120453190221,0.4685399522957663,0.19857100453336965,44
2025-10-31,night,def_cancel,0.3522435565803175,0.541273255089954,0.04331410337497191,44
2025-10-31,night,att_cancel,0.3507190667617832,0.5495211990254302,0.04444953979844715,44
2025-10-31,night,def_refill,0.08706521739130435,0.7190217391304349,0.11528993678316121,44
2025-10-31,night,att_refill,0.0906060606060606,0.7223863636363637,0.11710630829020624,44
2025-10-31,night,def_hidden,0.0,0.01946511627906977,0.018232820806857456,44
2025-10-31,night,att_eff,-1.0144265265980508,0.7611674529171761,0.29471105764850664,44
2025-10-31,night,def_eff,-0.8372213052110242,0.8690865142755362,0.29416286504563127,44
2025-10-31,night,att_large,0.0,0.6238875653738152,0.1532533946900164,44
2025-10-31,night,def_large,0.0,0.5874999999999999,0.14443299903349527,44
2025-10-31,night,balance,-0.14526441196459017,0.22449006434314744,0.02037806009412967,44
2025-10-31,night,volume,0.16107165619502622,6.475080579040054,0.7699743984015209,44
2025-11-03,night,delta,-0.46235807990459155,0.47137805605247474,0.2017089454750012,42
2025-11-03,night,def_cancel,0.35045059196030737,0.5407609794842368,0.0442002448684746,42
2025-11-03,night,att_cancel,0.3499414834543635,0.5492620045896236,0.04528922566322706,42
2025-11-03,night,def_refill,0.08853260869565219,0.7190217391304349,0.11691628461024045,42
2025-11-03,night,att_refill,0.0906060606060606,0.7223863636363637,0.11866445673032643,42
2025-11-03,night,def_hidden,0.0,0.01970542635658915,0.01865081909911961,42
2025-11-03,night,att_eff,-0.9946243632577323,0.7501662510614433,0.29482999100661766,42
2025-11-03,night,def_eff,-0.8264898094909829,0.8411846254034292,0.29404108994898764,42
2025-11-03,night,att_large,0.0,0.6307867959545682,0.15581461270002447,42
2025-11-03,night,def_large,0.0,0.5943541666666666,0.1470558479324538,42
2025-11-03,night,balance,-0.15138773450217052,0.2287292876383954,0.020641656655086462,42
2025-11-03,night,volume,0.16107165619502622,6.63615223523508,0.7912206289595893,42
2025-11-04,night,delta,-0.463304114490161,0.47137805605247474,0.2020891787037498,42
2025-11-04,night,def_cancel,0.3501944541574488,0.5407609794842368,0.04423626818634785,42
2025-11-04,night,att_cancel,0.35020067789017006,0.5495211990254302,0.0453714164471555,42
2025-11-04,night,def_refill,0.08804347826086957,0.7200000000000001,0.11718515781028667,42
2025-11-04,night,att_refill,0.0906060606060606,0.7214015151515152,0.11869862201192927,42
2025-11-04,night,def_hidden,0.0,0.01970542635658915,0.018630245499973268,42
2025-11-04,night,att_eff,-0.9858234017731462,0.747966010690297,0.2944464051432274,42
2025-11-04,night,def_eff,-0.8264898094909829,0.8390383262594208,0.2939915543088584,42
2025-11-04,night,att_large,0.0,0.6317724003232472,0.156049639183179,42
2025-11-04,night,def_large,0.0,0.593375,0.14709564466682093,42
2025-11-04,night,balance,-0.14903261044925503,0.22825826282781225,0.02053091215871313,42
2025-11-04,night,volume,0.16107165619502622,6.6039379039960755,0.7891716952828494,42
2025-11-05,night,delta,-0.463304114490161,0.4685399522957663,0.2038176852193924,42
2025-11-05,night,def_cancel,0.35070672976316597,0.5417855306956713,0.04476782188439076,42
2025-11-05,night,att_cancel,0.3507190667617832,0.5497803934612367,0.0459225631590392,42
2025-11-05,night,def_refill,0.08755434782608697,0.7146195652173913,0.11743546620325745,42
2025-11-05,night,att_refill,0.08912878787878788,0.7179545454545455,0.11925891574915796,42
2025-11-05,night,def_hidden,0.0,0.02018604651162791,0.018491684903972076,42
2025-11-05,night,att_eff,-0.9660212384328277,0.743565529948004,0.2935974360285457,42
2025-11-05,night,def_eff,-0.8200509120589583,0.8347457279714043,0.2934371654388171,42
2025-11-05,night,att_large,0.0,0.6293083894015497,0.15670839292557906,42
2025-11-05,night,def_large,0.0,0.593375,0.14878645908755178,42
2025-11-05,night,balance,-0.1499746600704212,0.22920031244897854,0.021101046160697808,42
2025-11-05,night,volume,0.16107165619502622,6.57172357275707,0.7818113503163966,42
2025-11-06,night,delta,-0.4585739415623137,0.4647558139534884,0.20236960678045904,43
2025-11-06,night,def_cancel,0.3522435565803175,0.5420416684985299,0.04435788033910313,43
2025-11-06,night,att_cancel,0.3522742333766227,0.5497803934612367,0.04545492074622072,43
2025-11-06,night,def_refill,0.08657608695652175,0.7097282608695653,0.11621048506153345,43
2025-11-06,night,att_refill,0.08765151515151516,0.7125378787878788,0.1180605452091531,43
2025-11-06,night,def_hidden,0.0,0.02018604651162791,0.018250372529770183,43
2025-11-06,night,att_eff,-0.9506195558348023,0.7347645684634179,0.292111326648189,43
2025-11-06,night,def_eff,-0.8028805189068922,0.8261605313953715,0.2920034175853111,43
2025-11-06,night,att_large,0.0,0.6253659719268336,0.15522819496867074,43
2025-11-06,night,def_large,0.0,0.5894583333333333,0.1474689497316844,43
2025-11-06,night,balance,-0.14479338715400708,0.22590313877489676,0.020905532578442885,43
2025-11-06,night,volume,0.16107165619502622,6.442866247801049,0.7687174615095779,43
2025-11-07,night,delta,-0.45668187239117475,0.4628637447823494,0.20149727439055995,44
2025-11-07,night,def_cancel,0.3527558321860347,0.5420416684985299,0.044123004295035684,44
2025-11-07,night,att_cancel,0.3527926222482359,0.5495211990254302,0.04519076500392434,44
2025-11-07,night,def_refill,0.08657608695652175,0.7087500000000001,0.11566686152050878,44
2025-11-07,night,att_refill,0.08765151515151516,0.7115530303030303,0.11746983221099287,44
2025-11-07,night,def_hidden,0.0,0.02018604651162791,0.018070455772090696,44
2025-11-07,night,att_eff,-0.9462190750925092,0.7347645684634179,0.2918346364504687,44
2025-11-07,night,def_eff,-0.8071731171949086,0.8261605313953715,0.2918562559819872,44
2025-11-07,night,att_large,0.0,0.6229019610051361,0.15433920665791326,44
2025-11-07,night,def_large,0.0,0.5889687499999999,0.1469159888401785,44
2025-11-07,night,balance,-0.14243826310109153,0.2249610891537306,0.020767824880792228,44
2025-11-07,night,volume,0.16107165619502622,6.378437585323039,0.7617051066764047,44
2025-11-10,night,delta,-0.45668187239117475,0.4628637447823494,0.20465457935270312,42
2025-11-10,night,def_cancel,0.35326810779175183,0.5422978063013884,0.04476420506566721,42
2025-11-10,night,att_cancel,0.35382939999146223,0.5497803934612367,0.045722838037519156,42
2025-11-10,night,def_refill,0.08461956521739131,0.7004347826086957,0.11640078723896854,42
2025-11-10,night,att_refill,0.08568181818181819,0.7031818181818182,0.11828898700322514,42
2025-11-10,night,def_hidden,0.0,0.02018604651162791,0.018174707747464353,42
2025-11-10,night,att_eff,-0.9088149887830188,0.7127621647519531,0.29087698843768806,42
2025-11-10,night,def_eff,-0.7792712283228014,0.7832345485152064,0.2907112168333839,42
2025-11-10,night,att_large,0.0,0.6253659719268336,0.15668529287327562,42
2025-11-10,night,def_large,0.0,0.5884791666666667,0.1490555061816859,42
2025-11-10,night,balance,-0.1358439157529281,0.22449006434314744,0.02085714233691558,42
2025-11-10,night,volume,0.16107165619502622,6.507294910279059,0.7671685002567549,42
2025-11-12,night,delta,-0.4547898032200358,0.4628637447823494,0.2041977951382037,41
2025-11-12,night,def_cancel,0.3530119699888933,0.5422978063013884,0.04480125347510372,41
2025-11-12,night,att_cancel,0.3543477888630754,0.5500395878970433,0.04573900886721392,41
2025-11-12,night,def_refill,0.08461956521739131,0.6984782608695653,0.11625046910028447,41
2025-11-12,night,att_refill,0.08568181818181819,0.7002272727272728,0.11810145322844644,41
2025-11-12,night,def_hidden,0.0,0.02042635658914729,0.018260503487133786,41
2025-11-12,night,att_eff,-0.9044145080407258,0.7127621647519531,0.2903324849640264,41
2025-11-12,night,def_eff,-0.7792712283228014,0.7810882493711979,0.28973375159107567,41
2025-11-12,night,att_large,0.0,0.6204379500834386,0.1561963760461714,41
2025-11-12,night,def_large,0.0,0.5884791666666667,0.14896702386731966,41
2025-11-12,night,balance,-0.13819903980584358,0.22543211396431362,0.020953408342796912,41
2025-11-12,night,volume,0.19328598743403147,6.410651916562044,0.7729264584675694,41
2025-11-13,night,delta,-0.45668187239117475,0.4628637447823494,0.20393740195968518,42
2025-11-13,night,def_cancel,0.35326810779175183,0.5420416684985299,0.04466773598294548,42
2025-11-13,night,att_cancel,0.35460698329888196,0.5500395878970433,0.04556632836452199,42
2025-11-13,night,def_refill,0.08315217391304348,0.7004347826086957,0.11615131817997994,42
2025-11-13,night,att_refill,0.08568181818181819,0.7002272727272728,0.11802680358528911,42
2025-11-13,night,def_hidden,0.0,0.02018604651162791,0.01820486498343249,42
2025-11-13,night,att_eff,-0.9044145080407258,0.7127621647519531,0.29012803076814675,42
2025-11-13,night,def_eff,-0.7814175274668096,0.7810882493711979,0.2893789556362445,42
2025-11-13,night,att_large,0.0,0.6229019610051361,0.15607159149415542,42
2025-11-13,night,def_large,0.0,0.5904375,0.14878473412299786,42
2025-11-13,night,balance,-0.1358439157529281,0.22449006434314744,0.0208409910615266,42
2025-11-13,night,volume,0.19328598743403147,6.346223254084033,0.76759268604773,42
2025-11-14,night,delta,-0.4547898032200358,0.4628637447823494,0.20303401852968603,43
2025-11-14,night,def_cancel,0.3540365212003276,0.5420416684985299,0.04438206717570242,43
2025-11-14,night,att_cancel,0.3553845666063017,0.5500395878970433,0.04528355580729464,43
2025-11-14,night,def_refill,0.08315217391304348,0.6965217391304348,0.11553553002190424,43
2025-11-14,night,att_refill,0.08568181818181819,0.6982575757575757,0.11739535050569992,43
2025-11-14,night,def_hidden,0.0,0.02018604651162791,0.01824718831744252,43
2025-11-14,night,att_eff,-0.9044145080407258,0.7127621647519531,0.29009132388346276,43
2025-11-14,night,def_eff,-0.7814175274668096,0.7810882493711979,0.2891723133074467,43
2025-11-14,night,att_large,0.0,0.6253659719268336,0.1559659221542744,43
2025-11-14,night,def_large,0.0,0.5884791666666667,0.14787041790597846,43
2025-11-14,night,balance,-0.1485615856386719,0.2240190395325643,0.021880996121659956,43
2025-11-14,night,volume,0.19328598743403147,6.2817945916060225,0.762484405102984,43
2025-11-17,night,delta,-0.45668187239117475,0.4628637447823494,0.20637344336984645,41
2025-11-17,night,def_cancel,0.3542926590031862,0.5417855306956713,0.04489003699099713,41
2025-11-17,night,att_cancel,0.35590295547791484,0.5495211990254302,0.04563943821042252,41
2025-11-17,night,def_refill,0.08021739130434784,0.6906521739130436,0.11660711378504594,41
2025-11-17,night,att_refill,0.08321969696969697,0.6948106060606061,0.11858279033188855,41
2025-11-17,night,def_hidden,0.0,0.02018604651162791,0.019177520074501683,41
2025-11-17,night,att_eff,-0.8912130658138466,0.7017609628962203,0.2882238095215351,41
2025-11-17,night,def_eff,-0.7642471343147437,0.7617715570751238,0.28701281136472073,41
2025-11-17,night,att_large,0.0,0.6253659719268336,0.15857103648297702,41
2025-11-17,night,def_large,0.0,0.5884791666666667,0.14983778775337384,41
2025-11-17,night,balance,-0.14761953601750571,0.22354801472198127,0.021845548895584765,41
2025-11-17,night,volume,0.19328598743403147,6.475080579040054,0.7637489725098865,41
2025-11-18,night,delta,-0.449113595706619,0.4590796064400715,0.20476209359781852,41
2025-11-18,night,def_cancel,0.3560856236231963,0.5407609794842368,0.04446945359940127,41
2025-11-18,night,att_cancel,0.3577173165285609,0.5484844212822039,0.0451454518655662,41
2025-11-18,night,def_refill,0.07875,0.6818478260869566,0.11521085494838235,41
2025-11-18,night,att_refill,0.08321969696969697,0.6844696969696971,0.1168471015201977,41
2025-11-18,night,def_hidden,0.0,0.02018604651162791,0.019306737153027814,41
2025-11-18,night,att_eff,-0.8846123447004073,0.6973604821539272,0.2878701470946452,41
2025-11-18,night,def_eff,-0.7513693394506942,0.7553326596430989,0.2865631335927889,41
2025-11-18,night,att_large,0.0,0.620930752267778,0.15714142707086903,41
2025-11-18,night,def_large,0.0,0.581625,0.1477573291913894,41
2025-11-18,night,balance,-0.14243826310109153,0.22354801472198127,0.02189806019487839,41
2025-11-18,night,volume,0.19328598743403147,6.378437585323039,0.7615379564598367,41
2025-11-19,night,delta,-0.44722152653548003,0.4571875372689327,0.20763533146933527,41
2025-11-19,night,def_cancel,0.3576224504403478,0.5410171172870955,0.044725962118396814,41
2025-11-19,night,att_cancel,0.3587540942717872,0.5479660324105907,0.04543516809307542,41
2025-11-19,night,def_refill,0.07679347826086957,0.6754891304347826,0.11572732573287937,41
2025-11-19,night,att_refill,0.08125,0.6810227272727273,0.11732843086173662,41
2025-11-19,night,def_hidden,0.0,0.02042635658914729,0.019859178236066814,41
2025-11-19,night,att_eff,-0.8428077776486236,0.6709575977001694,0.286243551271697,41
2025-11-19,night,def_eff,-0.7320526471546198,0.7467474630670661,0.28478711238957705,41
2025-11-19,night,att_large,0.0,0.6229019610051361,0.15902977780725602,41
2025-11-19,night,def_large,0.0,0.5835833333333333,0.1496254978563461,41
2025-11-19,night,balance,-0.14290928791167468,0.2240190395325643,0.02195806993396699,41
2025-11-19,night,volume,0.19328598743403147,6.475080579040054,0.768247494006238,41
2025-11-20,night,delta,-0.44722152653548003,0.4571875372689327,0.20680127728798825,42
2025-11-20,night,def_cancel,0.3583908638489236,0.5405048416813782,0.044424693014720726,42
2025-11-20,night,att_cancel,0.359531677579207,0.5477068379747841,0.045167973989191056,42
2025-11-20,night,def_refill,0.07679347826086957,0.6735326086956522,0.11517019974341641,42
2025-11-20,night,att_refill,0.08075757575757576,0.6790530303030303,0.11671751392626506,42
2025-11-20,night,def_hidden,0.0,0.02018604651162791,0.019642390079993664,42
2025-11-20,night,att_eff,-0.8406075372774771,0.6665571169578763,0.286207813498157,42
2025-11-20,night,def_eff,-0.7299063480106116,0.7446011639230576,0.28469605995655417,42
2025-11-20,night,att_large,0.0,0.6214235544521176,0.15826777967397274,42
2025-11-20,night,def_large,0.0,0.5835833333333333,0.14896857449202697,42
2025-11-20,night,balance,-0.13867006461642672,0.22260596510081498,0.021826070844889564,42
2025-11-20,night,volume,0.19328598743403147,6.410651916562044,0.7647427481056883,42
2025-11-21,night,delta,-0.44627549194991056,0.4571875372689327,0.20625686477021296,43
2025-11-21,night,def_cancel,0.3589031394546407,0.5405048416813782,0.0442001334557886,43
2025-11-21,night,att_cancel,0.36005006645082016,0.5479660324105907,0.044950287859017286,43
2025-11-21,night,def_refill,0.07581521739130435,0.6666847826086957,0.11483700093318625,43
2025-11-21,night,att_refill,0.08026515151515153,0.6775757575757576,0.1164079449300445,43
2025-11-21,night,def_hidden,0.0,0.02018604651162791,0.01947045658247496,43
2025-11-21,night,att_eff,-0.8450080180197701,0.6665571169578763,0.2868474953239901,43
2025-11-21,night,def_eff,-0.7299063480106116,0.7467474630670661,0.2850835582012365,43
2025-11-21,night,att_large,0.0,0.6219163566364571,0.15827176538508209,43
2025-11-21,night,def_large,0.0,0.5835833333333333,0.14838703038698361,43
2025-11-21,night,balance,-0.13395981651059563,0.22119289066906567,0.021726246950629555,43
2025-11-21,night,volume,0.22550031867303671,6.346223254084033,0.7587007768535313,43
2025-11-24,night,delta,-0.44154531902206323,0.4515113297555158,0.2092785234993813,41
2025-11-24,night,def_cancel,0.3627452064975195,0.5402487038785198,0.04444940560663116,41
2025-11-24,night,att_cancel,0.3636787885521122,0.5474476435389776,0.045205677213049106,41
2025-11-24,night,def_refill,0.07385869565217391,0.6608152173913044,0.11516889300611939,41
2025-11-24,night,att_refill,0.0778030303030303,0.6667424242424242,0.11657441433266702,41
2025-11-24,night,def_hidden,0.0,0.02018604651162791,0.019771503445840426,41
2025-11-24,night,att_eff,-0.8252058546794516,0.6467549536175579,0.2833350740907786,41
2025-11-24,night,def_eff,-0.7127359548585457,0.7209918733389671,0.28158482210010083,41
2025-11-24,night,att_large,0.0,0.6224091588207966,0.16240456733068206,41
2025-11-24,night,def_large,0.0,0.5835833333333333,0.15267901210237525,41
2025-11-24,night,balance,-0.1287785435941815,0.21836674180556703,0.021814502664148895,41
2025-11-24,night,volume,0.22550031867303671,6.700580897713091,0.7767225093740053,41
2025-11-25,night,delta,-0.44059928443649377,0.4486732259988073,0.20717188391106925,41
2025-11-25,night,def_cancel,0.36402589551181247,0.5399925660756612,0.043549438126253545,41
2025-11-25,night,att_cancel,0.36497476073114515,0.547188449103171,0.04438727638941138,41
2025-11-25,night,def_refill,0.07336956521739131,0.6549456521739131,0.11264633310427995,41
2025-11-25,night,att_refill,0.07681818181818183,0.6539393939393939,0.11394856109132505,41
2025-11-25,night,def_hidden,0.0,0.02018604651162791,0.019779850808619114,41
2025-11-25,night,att_eff,-0.8230056143083051,0.6467549536175579,0.28278342084117236,41
2025-11-25,night,def_eff,-0.7127359548585457,0.7166992750509507,0.2812026648631617,41
2025-11-25,night,att_large,0.0,0.6174811369774016,0.1601499743357105,41
2025-11-25,night,def_large,0.0,0.5835833333333333,0.1511250162937288,41
2025-11-25,night,balance,-0.12595239473068287,0.21742469218440086,0.021783787962976843,41
2025-11-25,night,volume,0.22550031867303671,6.507294910279059,0.7329117606124794,41
2025-11-26,night,delta,-0.44059928443649377,0.4477271914132379,0.20973739207176556,41
2025-11-26,night,def_cancel,0.364282033314671,0.5402487038785198,0.04389684032178537,41
2025-11-26,night,att_cancel,0.36523395516695173,0.547188449103171,0.04479979849151145,41
2025-11-26,night,def_refill,0.07239130434782609,0.6515217391304349,0.11346360198087849,41
2025-11-26,night,att_refill,0.07583333333333334,0.6514772727272727,0.1148496515765577,41
2025-11-26,night,def_hidden,0.0,0.020906976744186047,0.020218349533838,41
2025-11-26,night,att_eff,-0.8010032105968401,0.6357537517618255,0.28287191968533815,41
2025-11-26,night,def_eff,-0.7020044591385044,0.7016751810428925,0.2813252770100176,41
2025-11-26,night,att_large,0.0,0.6184667413460806,0.16217554367661982,41
2025-11-26,night,def_large,0.0,0.5835833333333333,0.15332413027954908,41
2025-11-26,night,balance,-0.13019161802593082,0.20753317116215564,0.021995206600412532,41
2025-11-26,night,volume,0.22550031867303671,6.6039379039960755,0.7457946702577581,41
2025-11-27,night,delta,-0.44059928443649377,0.4477271914132379,0.20952234710010312,42
2025-11-27,night,def_cancel,0.364282033314671,0.5402487038785198,0.04385683457098409,42
2025-11-27,night,att_cancel,0.36523395516695173,0.547188449103171,0.04476154412689277,42
2025-11-27,night,def_refill,0.07239130434782609,0.650054347826087,0.1132874717748273,42
2025-11-27,night,att_refill,0.07681818181818183,0.6514772727272727,0.11471995413396503,42
2025-11-27,night,def_hidden,0.0,0.02042635658914729,0.02015921583923046,42
2025-11-27,night,att_eff,-0.8032034509679866,0.6379539921329718,0.28294065666368484,42
2025-11-27,night,def_eff,-0.7020044591385044,0.7016751810428925,0.28125037541016196,42
2025-11-27,night,att_large,0.0,0.6184667413460806,0.16199518018060452,42
2025-11-27,night,def_large,0.0,0.5821145833333333,0.15320338325577781,42
2025-11-27,night,balance,-0.1287785435941815,0.20753317116215564,0.021967900931263797,42
2025-11-27,night,volume,0.22550031867303671,6.57172357275707,0.7440203543025125,42
2025-12-01,night,delta,-0.4368151460942159,0.44394305307096005,0.2099278940346951,40
2025-12-01,night,def_cancel,0.3653065845261054,0.5402487038785198,0.04378560099214489,40
2025-12-01,night,att_cancel,0.36652992734598466,0.5466700602315578,0.044685449781020944,40
2025-12-01,night,def_refill,0.07141304347826087,0.6368478260869566,0.11279902982612292,40
2025-12-01,night,att_refill,0.0753409090909091,0.6455681818181819,0.11438954515496297,40
2025-12-01,night,def_hidden,0.0,0.020906976744186047,0.02039616372727407,40
2025-12-01,night,att_eff,-0.7900020087411077,0.6313532710195324,0.2811293220444595,40
2025-12-01,night,def_eff,-0.6934192625624713,0.6909436853228512,0.27930672733688455,40
2025-12-01,night,att_large,0.0,0.6174811369774016,0.16217343823313857,40
2025-12-01,night,def_large,0.0,0.5796666666666667,0.15318783832741606,40
2025-12-01,night,balance,-0.11935804738251937,0.20282292305632466,0.02225851142246124,40
2025-12-01,night,volume,0.22550031867303671,6.63615223523508,0.7471221640944039,40
2025-12-02,night,delta,-0.43776118067978537,0.442050983899821,0.21055266424894956,40
2025-12-02,night,def_cancel,0.3663311357375397,0.5397364282728025,0.043812361816413674,40
2025-12-02,night,att_cancel,0.36756670508921097,0.5461516713599447,0.04472242766480037,40
2025-12-02,night,def_refill,0.07141304347826087,0.6290217391304348,0.11277254152438601,40
2025-12-02,night,att_refill,0.07484848484848486,0.6391666666666667,0.11431003111155442,40
2025-12-02,night,def_hidden,0.0,0.020906976744186047,0.02055543750615971,40
2025-12-02,night,att_eff,-0.7790008068853751,0.6181518287926533,0.28088346752307797,40
2025-12-02,night,def_eff,-0.68268776684243,0.678065890458802,0.27873877240352635,40
2025-12-02,night,att_large,0.0,0.6174811369774016,0.1629426600651049,40
2025-12-02,night,def_large,0.0,0.5791770833333333,0.15362280725321076,40
2025-12-02,night,balance,-0.11982907219310251,0.20423599748807397,0.022637848293384673,40
2025-12-02,night,volume,0.25771464991204196,6.668366566474086,0.7493665722818378,40
2025-12-03,night,delta,-0.43776118067978537,0.4411049493142516,0.21016171563237254,40
2025-12-03,night,def_cancel,0.36684341134325693,0.5399925660756612,0.04369952222589275,40
2025-12-03,night,att_cancel,0.36782589952501754,0.5464108657957513,0.044607620195403014,40
2025-12-03,night,def_refill,0.07141304347826087,0.625108695652174,0.11250633042702417,40
2025-12-03,night,att_refill,0.07484848484848486,0.6347348484848485,0.11408646614277987,40
2025-12-03,night,def_hidden,0.0,0.020906976744186047,0.020514007385222324,40
2025-12-03,night,att_eff,-0.7834012876276681,0.6269527902772394,0.28169960121366533,40
2025-12-03,night,def_eff,-0.6912729634184631,0.6802121896028104,0.27983090625052315,40
2025-12-03,night,att_large,0.0,0.6164955326087225,0.16262506634355986,40
2025-12-03,night,def_large,0.0,0.5781979166666666,0.1532968163484649,40
2025-12-03,night,balance,-0.11794497295077006,0.20376497267749083,0.02261265140091181,40
2025-12-03,night,volume,0.25771464991204196,6.63615223523508,0.7468389907275015,40
2025-12-04,night,delta,-0.43776118067978537,0.4411049493142516,0.2112822589532589,41
2025-12-04,night,def_cancel,0.36658727354039833,0.5399925660756612,0.04398628194958128,41
2025-12-04,night,att_cancel,0.36756670508921097,0.5466700602315578,0.04490507024030875,41
2025-12-04,night,def_refill,0.07141304347826087,0.625108695652174,0.11323994814118395,41
2025-12-04,night,att_refill,0.07484848484848486,0.6367045454545455,0.11470673578268854,41
2025-12-04,night,def_hidden,0.0,0.020906976744186047,0.020721314024156282,41
2025-12-04,night,att_eff,-0.7834012876276681,0.6269527902772394,0.2826795657940308,41
2025-12-04,night,def_eff,-0.6912729634184631,0.6802121896028104,0.2806460628727234,41
2025-12-04,night,att_large,0.0,0.616988334793062,0.163672462244911,41
2025-12-04,night,def_large,0.0,0.5796666666666667,0.15458726343707935,41
2025-12-04,night,balance,-0.1184159977613532,0.20376497267749083,0.022717286656097468,41
2025-12-04,night,volume,0.25771464991204196,6.829438222669112,0.7522485400745536,41
2025-12-05,night,delta,-0.43870721526535483,0.4411049493142516,0.21191848310955683,42
2025-12-05,night,def_cancel,0.3663311357375397,0.5399925660756612,0.044199276725561454,42
2025-12-05,night,att_cancel,0.3673075106534044,0.5466700602315578,0.04504451292269071,42
2025-12-05,night,def_refill,0.07141304347826087,0.627554347826087,0.11385298896335641,42
2025-12-05,night,att_refill,0.0753409090909091,0.6386742424242424,0.11541513490683936,42
2025-12-05,night,def_hidden,0.0,0.020906976744186047,0.02073844188246252,42
2025-12-05,night,att_eff,-0.7878017683699612,0.6269527902772394,0.2826952832421265,42
2025-12-05,night,def_eff,-0.6912729634184631,0.6823584887468184,0.2806572528304277,42
2025-12-05,night,att_large,0.0,0.6174811369774016,0.16443761418362546,42
2025-12-05,night,def_large,0.0,0.5801562499999999,0.15546963293239996,42
2025-12-05,night,balance,-0.11700292332960388,0.2032939478669077,0.022714710463488767,42
2025-12-05,night,volume,0.25771464991204196,6.893866885147123,0.7525508281160491,42
2025-12-08,night,delta,-0.4368151460942159,0.4401589147286822,0.2141894473734293,40
2025-12-08,night,def_cancel,0.3670995491461155,0.5402487038785198,0.04462835053807623,40
2025-12-08,night,att_cancel,0.3680850939608241,0.5458924769241381,0.04548141812458852,40
2025-12-08,night,def_refill,0.06994565217391305,0.6089673913043478,0.1139987414896601,40
2025-12-08,night,att_refill,0.07484848484848486,0.6175,0.11553472550034864,40
2025-12-08,night,def_hidden,0.0,0.020906976744186047,0.021089770154105833,40
2025-12-08,night,att_eff,-0.7503976820604705,0.611551107679214,0.2812631891611878,40
2025-12-08,night,def_eff,-0.6762488694104054,0.6673343947387607,0.27955004350321866,40
2025-12-08,night,att_large,0.0,0.6125531151340065,0.16597949966852382,40
2025-12-08,night,def_large,0.0,0.5801562499999999,0.15700220192176162,40
2025-12-08,night,balance,-0.12548136992009978,0.1971706253293274,0.023091743732076758,40
2025-12-08,night,volume,0.25771464991204196,7.022724210103143,0.7678385350413581,40
2025-12-09,night,delta,-0.43776118067978537,0.4401589147286822,0.21497259415463066,40
2025-12-09,night,def_cancel,0.36684341134325693,0.5402487038785198,0.04481418967583936,40
2025-12-09,night,att_cancel,0.3680850939608241,0.5458924769241381,0.04559615075591079,40
2025-12-09,night,def_refill,0.06945652173913044,0.6040760869565218,0.11426205437255772,40
2025-12-09,night,att_refill,0.07484848484848486,0.6155303030303031,0.11576252911758873,40
2025-12-09,night,def_hidden,0.0,0.020906976744186047,0.02116792842710697,40
2025-12-09,night,att_eff,-0.7503976820604705,0.6093508673080672,0.2805987442739734,40
2025-12-09,night,def_eff,-0.6719562711223888,0.6630417964507442,0.2787653300102721,40
2025-12-09,night,att_large,0.0,0.6115675107653274,0.16637533994605366,40
2025-12-09,night,def_large,0.0,0.581625,0.15761293904508994,40
2025-12-09,night,balance,-0.12783649397301527,0.19151832760233012,0.023130893532004863,40
2025-12-09,night,volume,0.25771464991204196,7.054938541342149,0.7687295356897221,40
2025-12-10,night,delta,-0.43776118067978537,0.4411049493142516,0.21620952404416385,40
2025-12-10,night,def_cancel,0.36684341134325693,0.5405048416813782,0.04505393196467414,40
2025-12-10,night,att_cancel,0.3683442883966307,0.5464108657957513,0.045809827793305745,40
2025-12-10,night,def_refill,0.06847826086956522,0.5947826086956522,0.11472261572055499,40
2025-12-10,night,att_refill,0.07386363636363637,0.6115909090909091,0.11607419664434918,40
2025-12-10,night,def_hidden,0.0,0.020906976744186047,0.021575244567285497,40
2025-12-10,night,att_eff,-0.748197441689324,0.6027501461946279,0.27962827388643047,40
2025-12-10,night,def_eff,-0.6698099719783805,0.6587491981627278,0.27765153150911126,40
2025-12-10,night,att_large,0.0,0.6155099282400435,0.16778864591002013,40
2025-12-10,night,def_large,0.0,0.5835833333333333,0.15865094715201675,40
2025-12-10,night,balance,-0.13348879170001254,0.1792716825271693,0.023297021590858537,40
2025-12-10,night,volume,0.2899289811510472,7.087152872581154,0.7712704259884492,40
2025-12-11,night,delta,-0.43776118067978537,0.4411049493142516,0.21560237050714223,41
2025-12-11,night,def_cancel,0.36684341134325693,0.5405048416813782,0.04490611078393933,41
2025-12-11,night,att_cancel,0.3680850939608241,0.5469292546673644,0.04570225122560773,41
2025-12-11,night,def_refill,0.06847826086956522,0.6001630434782609,0.11441439926047922,41
2025-12-11,night,att_refill,0.0743560606060606,0.6130681818181819,0.11581586214761894,41
2025-12-11,night,def_hidden,0.0,0.020906976744186047,0.02147804699462077,41
2025-12-11,night,att_eff,-0.7547981628027636,0.6093508673080672,0.28019637191201807,41
2025-12-11,night,def_eff,-0.6719562711223888,0.6651880955947522,0.27834545921058046,41
2025-12-11,night,att_large,0.0,0.616002730424383,0.16743511182700013,41
2025-12-11,night,def_large,0.0,0.5835833333333333,0.15810901162940594,41
2025-12-11,night,balance,-0.13160469245768014,0.17832963290600312,0.023211543515378612,41
2025-12-11,night,volume,0.2899289811510472,7.054938541342149,0.7676618014436439,41
2025-12-12,night,delta,-0.43776118067978537,0.44299701848539064,0.21397206636922697,42
2025-12-12,night,def_cancel,0.36786796255469123,0.541273255089954,0.04452106257430757,42
2025-12-12,night,att_cancel,0.36886267726824384,0.5474476435389776,0.04545108009594585,42
2025-12-12,night,def_refill,0.06847826086956522,0.5947826086956522,0.11337182370873417,42
2025-12-12,night,att_refill,0.07484848484848486,0.6091287878787879,0.1146205977611641,42
2025-12-12,night,def_hidden,0.0,0.02018604651162791,0.02097828550422923,42
2025-12-12,night,att_eff,-0.7657993646584962,0.611551107679214,0.2808615621667114,42
2025-12-12,night,def_eff,-0.6762488694104054,0.6716269930267771,0.2786757625321371,42
2025-12-12,night,att_large,0.0,0.6125531151340065,0.1658691142648433,42
2025-12-12,night,def_large,0.0,0.5791770833333333,0.15605461308154675,42
2025-12-12,night,balance,-0.12171317143543492,0.1755034840425045,0.02294162347060355,42
2025-12-12,night,volume,0.25771464991204196,6.926081216386128,0.754730819894196,42
2025-12-15,night,delta,-0.43492307692307697,0.4411049493142516,0.20827007821798826,40
2025-12-15,night,def_cancel,0.3688925137661256,0.5407609794842368,0.043589007067692656,40
2025-12-15,night,att_cancel,0.37067703831888993,0.5482252268463973,0.044469326630253575,40
2025-12-15,night,def_refill,0.06847826086956522,0.5957608695652175,0.11084222586321815,40
2025-12-15,night,att_refill,0.07484848484848486,0.6101136363636364,0.11246628612406741,40
2025-12-15,night,def_hidden,0.0,0.01874418604651163,0.01960060216373542,40
2025-12-15,night,att_eff,-0.7878017683699612,0.6423544728752648,0.2820530803718254,40
2025-12-15,night,def_eff,-0.6869803651304465,0.6909436853228512,0.28036811769785375,40
2025-12-15,night,att_large,0.0,0.614031521687025,0.16435509865052977,40
2025-12-15,night,def_large,0.0,0.5835833333333333,0.1537010749672576,40
2025-12-15,night,balance,-0.13867006461642672,0.17173528555783968,0.023519538525046294,40
2025-12-15,night,volume,0.25771464991204196,6.6039379039960755,0.6589236388868995,40
2025-12-16,night,delta,-0.43492307692307697,0.4411049493142516,0.21009335157786327,40
2025-12-16,night,def_cancel,0.36863637596326704,0.5415293928928127,0.04405430627138322,40
2025-12-16,night,att_cancel,0.37067703831888993,0.5492620045896236,0.044805702586467884,40
2025-12-16,night,def_refill,0.0675,0.5947826086956522,0.11123306717818786,40
2025-12-16,night,att_refill,0.07484848484848486,0.6071590909090909,0.1130521005905733,40
2025-12-16,night,def_hidden,0.0,0.01826356589147287,0.019963434231433142,40
2025-12-16,night,att_eff,-0.796602729854547,0.6445547132464116,0.2837506665544381,40
2025-12-16,night,def_eff,-0.6934192625624713,0.7016751810428925,0.2821326286219936,40
2025-12-16,night,att_large,0.0,0.6155099282400435,0.166396361070722,40
2025-12-16,night,def_large,0.0,0.5835833333333333,0.1549394616385498,40
2025-12-16,night,balance,-0.11794497295077006,0.1693801615049242,0.023539705935847935,40
2025-12-16,night,volume,0.25771464991204196,6.797223891430106,0.6695567879468504,40
2025-12-17,night,delta,-0.43208497316636857,0.4401589147286822,0.1996624023449063,40
2025-12-17,night,def_cancel,0.3742714076261559,0.5448591843299743,0.04144625203223798,40
2025-12-17,night,att_cancel,0.3756017325992149,0.5528907266909158,0.04238426589653655,40
2025-12-17,night,def_refill,0.06798913043478261,0.5967391304347827,0.10679601324047842,40
2025-12-17,night,att_refill,0.07681818181818183,0.6101136363636364,0.10881630194327757,40
2025-12-17,night,def_hidden,0.0,0.015620155038759692,0.01860605210321091,40
2025-12-17,night,att_eff,-0.8296063354217447,0.6665571169578763,0.2868901075851176,40
2025-12-17,night,def_eff,-0.7277600488666034,0.7274307707709915,0.28553859143392973,40
2025-12-17,night,att_large,0.0,0.615017126055704,0.1573682298666431,40
2025-12-17,night,def_large,0.0,0.5791770833333333,0.14614084474471756,40
2025-12-17,night,balance,-0.10287217901211071,0.1561914668085972,0.02166628905560249,40
2025-12-17,night,volume,0.22550031867303671,5.669722298064923,0.5682708637542495,40
2025-12-18,night,delta,-0.43208497316636857,0.4411049493142516,0.197600303649212,41
2025-12-18,night,def_cancel,0.37452754542901445,0.5456275977385501,0.041103913373591726,41
2025-12-18,night,att_cancel,0.3761201214708281,0.5539275044341421,0.0419977300850104,41
2025-12-18,night,def_refill,0.06847826086956522,0.5947826086956522,0.10570346745138817,41
2025-12-18,night,att_refill,0.07681818181818183,0.6101136363636364,0.1076017959010895,41
2025-12-18,night,def_hidden,0.0,0.014418604651162792,0.018256383842046028,41
2025-12-18,night,att_eff,-0.8516087391332097,0.6775583188136087,0.28868297708368973,41
2025-12-18,night,def_eff,-0.7299063480106116,0.7424548647790497,0.2872330650347599,41
2025-12-18,night,att_large,0.0,0.6155099282400435,0.15568172517839626,41
2025-12-18,night,def_large,0.0,0.57575,0.1444286584114125,41
2025-12-18,night,balance,-0.1033432038226938,0.15430736756626473,0.021423285813221588,41
2025-12-18,night,volume,0.22550031867303671,5.540864973108902,0.5593501292692699,41
2025-12-19,night,delta,-0.43208497316636857,0.43921288014311277,0.19541252646031607,42
2025-12-19,night,def_cancel,0.37452754542901445,0.5471644245557016,0.04084550343350896,42
2025-12-19,night,att_cancel,0.3761201214708281,0.5557418654847881,0.04167703587545873,42
2025-12-19,night,def_refill,0.06847826086956522,0.5947826086956522,0.10476657027262802,42
2025-12-19,night,att_refill,0.07681818181818183,0.6091287878787879,0.10642284976184456,42
2025-12-19,night,def_hidden,0.0,0.013937984496124033,0.018356747571981046,42
2025-12-19,night,att_eff,-0.8648101813600886,0.6885595206693416,0.289518998042352,42
2025-12-19,night,def_eff,-0.7427841428746611,0.7510400613550825,0.2880477476425682,42
2025-12-19,night,att_large,0.0,0.613045917318346,0.1540105882494837,42
2025-12-19,night,def_large,0.0,0.5718333333333333,0.14259045137829862,42
2025-12-19,night,balance,-0.10475627825444311,0.15242326832393238,0.021250816665733512,42
2025-12-19,night,volume,0.22550031867303671,5.412007648152882,0.5505540931161088,42
2025-12-22,night,delta,-0.43492307692307697,0.4401589147286822,0.1966937108369457,40
2025-12-22,night,def_cancel,0.37503982103473166,0.5492135269785702,0.04162383313108519,40
2025-12-22,night,att_cancel,0.3766385103424412,0.5580746154070474,0.042504402530822806,40
2025-12-22,night,def_refill,0.06798913043478261,0.5850000000000001,0.1056198246427447,40
2025-12-22,night,att_refill,0.07681818181818183,0.6037121212121213,0.10713936967551752,40
2025-12-22,night,def_hidden,0.0,0.005046511627906977,0.018567923787046383,40
2025-12-22,night,att_eff,-0.8758113832158212,0.6775583188136087,0.28926106014284986,40
2025-12-22,night,def_eff,-0.7384915445866447,0.7510400613550825,0.28742158731521833,40
2025-12-22,night,att_large,0.0,0.6145243238713645,0.1553116816673815,40
2025-12-22,night,def_large,0.0,0.57428125,0.14347902541636176,40
2025-12-22,night,balance,-0.10522730306502626,0.1406476480593547,0.02129586025211402,40
2025-12-22,night,volume,0.22550031867303671,5.573079304347908,0.586943451881214,40
2025-12-23,night,delta,-0.4339770423375075,0.4411049493142516,0.19526105831807541,40
2025-12-23,night,def_cancel,0.37529595883759026,0.5492135269785702,0.04129988096183613,40
2025-12-23,night,att_cancel,0.37637931590663465,0.5580746154070474,0.042255959981183464,40
2025-12-23,night,def_refill,0.06798913043478261,0.5884239130434783,0.10489771722023959,40
2025-12-23,night,att_refill,0.07681818181818183,0.6061742424242424,0.1063561215073474,40
2025-12-23,night,def_hidden,0.0,0.00024031007751937987,0.018538339658048873,40
2025-12-23,night,att_eff,-0.8648101813600886,0.6775583188136087,0.2878514939400059,40
2025-12-23,night,def_eff,-0.7384915445866447,0.7488937622110741,0.28625271695507715,40
2025-12-23,night,att_large,0.0,0.6125531151340065,0.15417245273307584,40
2025-12-23,night,def_large,0.0,0.5733020833333333,0.1425308681260077,40
2025-12-23,night,balance,-0.10240115420152762,0.13970559843818853,0.021023099130044787,40
2025-12-23,night,volume,0.22550031867303671,5.476436310630891,0.5822313562121393,40
2025-12-24,night,delta,-0.43208497316636857,0.4411049493142516,0.19239617711061105,40
2025-12-24,night,def_cancel,0.37657664785188316,0.5494696647814288,0.040594359517028854,40
2025-12-24,night,att_cancel,0.3784528713930873,0.5585930042786605,0.04147365555588839,40
2025-12-24,night,def_refill,0.06798913043478261,0.5879347826086957,0.10271416439793181,40
2025-12-24,night,att_refill,0.07681818181818183,0.6002651515151516,0.10427302928716208,40
2025-12-24,night,def_hidden,0.0,0.00024031007751937987,0.01795502182125219,40
2025-12-24,night,att_eff,-0.8758113832158212,0.6841590399270485,0.28992901694741596,40
2025-12-24,night,def_eff,-0.7449304420186693,0.7553326596430989,0.28821567875383736,40
2025-12-24,night,att_large,0.0,0.6115675107653274,0.15141933116404663,40
2025-12-24,night,def_large,0.0,0.5718333333333333,0.1402000228383746,40
2025-12-24,night,balance,-0.08874143469461754,0.1359373999535236,0.019578874365620308,40
2025-12-24,night,volume,0.22550031867303671,5.21872166071885,0.6251396112719848,40
2025-12-29,night,delta,-0.4292468694096601,0.442050983899821,0.19260139865684156,38
2025-12-29,night,def_cancel,0.37734506126045897,0.5497258025842874,0.04060523852932859,38
2025-12-29,night,att_cancel,0.3789712602647005,0.5585930042786605,0.04137630605285255,38
2025-12-29,night,def_refill,0.06798913043478261,0.5850000000000001,0.10253447602879112,38
2025-12-29,night,att_refill,0.07681818181818183,0.6002651515151516,0.10407684268705072,38
2025-12-29,night,def_hidden,0.0,0.00024031007751937987,0.01802928828274057,38
2025-12-29,night,att_eff,-0.8802118639581142,0.6841590399270485,0.2897246146208313,38
2025-12-29,night,def_eff,-0.7470767411626775,0.7596252579311153,0.28822970236371365,38
2025-12-29,night,att_large,0.0,0.611074708580988,0.1515012113813699,38
2025-12-29,night,def_large,0.0,0.5693854166666666,0.14007831207822782,38
2025-12-29,night,balance,-0.08827040988403445,0.1345243255217743,0.019618326703298414,38
2025-12-29,night,volume,0.22550031867303671,5.250935991957855,0.6270604750623331,38
2025-12-30,night,delta,-0.43208497316636857,0.4458351222420991,0.19169463560998531,38
2025-12-30,night,def_cancel,0.37683278565474176,0.5502380781900046,0.04066028293440327,38
2025-12-30,night,att_cancel,0.37819367695728073,0.5593705875860803,0.04142317400330483,38
2025-12-30,night,def_refill,0.06798913043478261,0.5864673913043479,0.10265716176978164,38
2025-12-30,night,att_refill,0.07681818181818183,0.6056818181818182,0.10402403669062261,38
2025-12-30,night,def_hidden,0.0,0.00024031007751937987,0.0176110330932745,38
2025-12-30,night,att_eff,-0.8912130658138466,0.6929600014116346,0.2897306717786777,38
2025-12-30,night,def_eff,-0.749223040306686,0.7767956510831815,0.28837985920161513,38
2025-12-30,night,att_large,0.0,0.6145243238713645,0.15105101792292625,38
2025-12-30,night,def_large,0.0,0.5737916666666666,0.1394773350278466,38
2025-12-30,night,balance,-0.08827040988403445,0.13405330071119126,0.019606932100568204,38
2025-12-30,night,volume,0.22550031867303671,5.186507329479844,0.6257297319384889,38
2025-12-31,night,delta,-0.43208497316636857,0.44961926058437696,0.19013961009335487,38
2025-12-31,night,def_cancel,0.37683278565474176,0.5504942159928632,0.04024512612385788,38
2025-12-31,night,att_cancel,0.37793448252147416,0.5593705875860803,0.041130874744697836,38
2025-12-31,night,def_refill,0.06847826086956522,0.5942934782608696,0.10186876310500609,38
2025-12-31,night,att_refill,0.07681818181818183,0.6115909090909091,0.10319118527971674,38
2025-12-31,night,def_hidden,0.0,0.00024031007751937987,0.01696755801051134,38
2025-12-31,night,att_eff,-0.9000140272984327,0.6973604821539272,0.289420984938802,38
2025-12-31,night,def_eff,-0.749223040306686,0.7810882493711979,0.2881837289597968,38
2025-12-31,night,att_large,0.0,0.6145243238713645,0.14978107113208752,38
2025-12-31,night,def_large,0.0,0.57721875,0.13887268976303427,38
2025-12-31,night,balance,-0.08827040988403445,0.13264022627944194,0.01958860837755862,38
2025-12-31,night,volume,0.22550031867303671,5.154292998240839,0.619505766668395,38
2024-02-20,rth,delta,-0.2769353011329756,0.2698726893261776,0.09918393008336092,20
2024-02-20,rth,def_cancel,0.3842607819376408,0.47954404460103484,0.017541955937319033,20
2024-02-20,rth,att_cancel,0.3784528713930873,0.4800570902292668,0.01786943943625941,20
2024-02-20,rth,def_refill,0.2734239130434783,0.692608695652174,0.06837599817240966,20
2024-02-20,rth,att_refill,0.28708333333333336,0.6987500000000001,0.06965722827990382,20
2024-02-20,rth,def_hidden,0.0,0.05118604651162791,0.01840187915163448,20
2024-02-20,rth,att_eff,-0.8516087391332097,0.66435687658673,0.30819921007657197,20
2024-02-20,rth,def_eff,-0.7985879206188757,0.7145529759069422,0.3006103862362544,20
2024-02-20,rth,att_large,0.0,0.33362707879784587,0.08146140896636575,20
2024-02-20,rth,def_large,0.0,0.32116666666666666,0.07426017698839865,20
2024-02-20,rth,balance,-0.06424814454429606,0.16419888858850995,0.02076587651580879,20
2024-02-20,rth,volume,0.2899289811510472,2.899289811510472,0.2489746671105735,20
2024-02-21,rth,delta,-0.27504323196183667,0.26703458556946935,0.09784790233406176,21
2024-02-21,rth,def_cancel,0.3857976087547923,0.47980018240389344,0.0172615041163816,21
2024-02-21,rth,att_cancel,0.3802672324437334,0.48031628466507337,0.01756711049034118,21
2024-02-21,rth,def_refill,0.2768478260869565,0.6906521739130436,0.06754768455241794,21
2024-02-21,rth,att_refill,0.2885606060606061,0.6953030303030303,0.0689026952546216,21
2024-02-21,rth,def_hidden,0.0,0.05046511627906977,0.018065252044645354,21
2024-02-21,rth,att_eff,-0.8406075372774771,0.6533556747309972,0.30409117265128405,21
2024-02-21,rth,def_eff,-0.7792712283228014,0.6995288818988845,0.2965199587833475,21
2024-02-21,rth,att_large,0.0,0.3291918591387903,0.07944400773254413,21
2024-02-21,rth,def_large,0.0,0.31627083333333333,0.0724571590513033,21
2024-02-21,rth,balance,-0.06189302049138057,0.16325683896734378,0.020461944487645028,21
2024-02-21,rth,volume,0.2899289811510472,2.8348611490324616,0.24395319942438407,21
2024-02-22,rth,delta,-0.27409719737626714,0.2660885509838997,0.09719492103786033,22
2024-02-22,rth,def_cancel,0.3860537465576509,0.47980018240389344,0.01711809031251666,22
2024-02-22,rth,att_cancel,0.38078562131534655,0.4800570902292668,0.017430778539875017,22
2024-02-22,rth,def_refill,0.2778260869565218,0.6896739130434784,0.067051455278842,22
2024-02-22,rth,att_refill,0.2890530303030303,0.6933333333333334,0.06839170408733707,22
2024-02-22,rth,def_hidden,0.0,0.04974418604651163,0.017935422516960668,22
2024-02-22,rth,att_eff,-0.8384072969063308,0.6533556747309972,0.3028217657229187,22
2024-02-22,rth,def_eff,-0.774978630034785,0.6930899844668597,0.29614529653905125,22
2024-02-22,rth,att_large,0.0,0.3262350460327533,0.07839480320033591,22
2024-02-22,rth,def_large,0.0,0.3133333333333333,0.07172151822202343,22
2024-02-22,rth,balance,-0.06047994605963125,0.16184376453559446,0.0204948757572372,22
2024-02-22,rth,volume,0.2899289811510472,2.8348611490324616,0.24232036088369505,22
2024-02-23,rth,delta,-0.2759892665474061,0.26703458556946935,0.09853990932993244,23
2024-02-23,rth,def_cancel,0.3850291953462165,0.47954404460103484,0.01730726229554125,23
2024-02-23,rth,att_cancel,0.3800080380079268,0.4797978957934601,0.017623564212630814,23
2024-02-23,rth,def_refill,0.2783152173913044,0.6906521739130436,0.06814134347039305,23
2024-02-23,rth,att_refill,0.2885606060606061,0.6948106060606061,0.06945475504581744,23
2024-02-23,rth,def_hidden,0.0,0.05094573643410853,0.01816754484402467,23
2024-02-23,rth,att_eff,-0.8384072969063308,0.6577561554732902,0.30449258507256344,23
2024-02-23,rth,def_eff,-0.783563826610818,0.6952362836108681,0.2980593201697745,23
2024-02-23,rth,att_large,0.0,0.3301774635074693,0.08054073883480725,23
2024-02-23,rth,def_large,0.0,0.3148020833333333,0.07240162257041306,23
2024-02-23,rth,balance,-0.06519019416546229,0.16090171491442828,0.020517097218125842,23
2024-02-23,rth,volume,0.2899289811510472,2.899289811510472,0.24487093962895287,23
2024-02-26,rth,delta,-0.27504323196183667,0.2651425163983303,0.09800770172798534,24
2024-02-26,rth,def_cancel,0.3852853331490751,0.47928790679817623,0.017131175180847547,24
2024-02-26,rth,att_cancel,0.3802672324437334,0.47953870135765353,0.017483958071507984,24
2024-02-26,rth,def_refill,0.2778260869565218,0.6906521739130436,0.06799413359150856,24
2024-02-26,rth,att_refill,0.2900378787878788,0.6962878787878788,0.06895563528032317,24
2024-02-26,rth,def_hidden,0.0,0.04998449612403101,0.018205961464059662,24
2024-02-26,rth,att_eff,-0.8318065757928912,0.6621566362155833,0.3018803267744186,24
2024-02-26,rth,def_eff,-0.783563826610818,0.6952362836108681,0.2957676815416456,24
2024-02-26,rth,att_large,0.0,0.3306702656918088,0.08007360053814416,24
2024-02-26,rth,def_large,0.0,0.31284375,0.07132520030062245,24
2024-02-26,rth,balance,-0.06330609492312989,0.15948864048267897,0.020304755781481828,24
2024-02-26,rth,volume,0.2899289811510472,2.867075480271467,0.24155220264351943,24
2024-02-27,rth,delta,-0.2759892665474061,0.26703458556946935,0.09882240975447247,25
2024-02-27,rth,def_cancel,0.3852853331490751,0.47928790679817623,0.017139030073144136,25
2024-02-27,rth,att_cancel,0.3800080380079268,0.47953870135765353,0.01755704639378316,25
2024-02-27,rth,def_refill,0.2778260869565218,0.6906521739130436,0.06839734633655165,25
2024-02-27,rth,att_refill,0.28954545454545455,0.6962878787878788,0.06921137043377508,25
2024-02-27,rth,def_hidden,0.0,0.05070542635658915,0.018399089359752537,25
2024-02-27,rth,att_eff,-0.8384072969063308,0.6621566362155833,0.3035621294494871,25
2024-02-27,rth,def_eff,-0.783563826610818,0.6952362836108681,0.29736433418384156,25
2024-02-27,rth,att_large,0.0,0.33411988098218537,0.08089957968229981,25
2024-02-27,rth,def_large,0.0,0.31676041666666666,0.07181663717742094,25
2024-02-27,rth,balance,-0.06377711973371297,0.15854659086151268,0.02024195364870944,25
2024-02-27,rth,volume,0.2899289811510472,2.8348611490324616,0.24203410003396258,25
2024-02-28,rth,delta,-0.2759892665474061,0.26703458556946935,0.0988354468233438,26
2024-02-28,rth,def_cancel,0.3850291953462165,0.47928790679817623,0.017143666218326598,26
2024-02-28,rth,att_cancel,0.3800080380079268,0.47953870135765353,0.01763844618731498,26
2024-02-28,rth,def_refill,0.2778260869565218,0.6906521739130436,0.06841732667071701,26
2024-02-28,rth,att_refill,0.28954545454545455,0.696780303030303,0.06923334120474153,26
2024-02-28,rth,def_hidden,0.0,0.05046511627906977,0.018370053673312955,26
2024-02-28,rth,att_eff,-0.8406075372774771,0.6621566362155833,0.30420728015661,26
2024-02-28,rth,def_eff,-0.783563826610818,0.6995288818988845,0.29795904052675914,26
2024-02-28,rth,att_large,0.0,0.33461268316652487,0.08099612689845868,26
2024-02-28,rth,def_large,0.0,0.31676041666666666,0.07195930199054583,26
2024-02-28,rth,balance,-0.06377711973371297,0.15901761567209582,0.020259877891498537,26
2024-02-28,rth,volume,0.2899289811510472,2.867075480271467,0.24632555906140988,26
2024-02-29,rth,delta,-0.2759892665474061,0.2660885509838997,0.09844829674556732,27
2024-02-29,rth,def_cancel,0.38451691974049934,0.47877563119245903,0.01702524321777951,27
2024-02-29,rth,att_cancel,0.38078562131534655,0.47927950692184695,0.017496751426771498,27
2024-02-29,rth,def_refill,0.2797826086956522,0.6945652173913044,0.06833180070502311,27
2024-02-29,rth,att_refill,0.2920075757575758,0.700719696969697,0.06891710424470968,27
2024-02-29,rth,def_hidden,0.0,0.05118604651162791,0.018071153805483305,27
2024-02-29,rth,att_eff,-0.8384072969063308,0.6577561554732902,0.30188706530104764,27
2024-02-29,rth,def_eff,-0.783563826610818,0.6995288818988845,0.2958164334107858,27
2024-02-29,rth,att_large,0.0,0.3355982875352039,0.08033916478908966,27
2024-02-29,rth,def_large,0.0,0.31578124999999996,0.07174406886429215,27
2024-02-29,rth,balance,-0.062364045301963655,0.15713351642976336,0.020053308874116778,27
2024-02-29,rth,volume,0.2899289811510472,2.8348611490324616,0.24513025694881785,27
2024-03-01,rth,delta,-0.2769353011329756,0.2660885509838997,0.09961623999560444,28
2024-03-01,rth,def_cancel,0.3842607819376408,0.47877563119245903,0.017273315398891213,28
2024-03-01,rth,att_cancel,0.37974884357212024,0.47927950692184695,0.017769489636100366,28
2024-03-01,rth,def_refill,0.2802717391304348,0.695054347826087,0.06922502180209779,28
2024-03-01,rth,att_refill,0.2915151515151515,0.7012121212121213,0.07061302936787124,28
2024-03-01,rth,def_hidden,0.0,0.05094573643410853,0.018241717586624902,28
2024-03-01,rth,att_eff,-0.8318065757928912,0.6577561554732902,0.3035922394487542,28
2024-03-01,rth,def_eff,-0.783563826610818,0.6995288818988845,0.29778509562070654,28
2024-03-01,rth,att_large,0.0,0.34003350719425945,0.08201241497466122,28
2024-03-01,rth,def_large,0.0,0.31725,0.07382599722495163,28
2024-03-01,rth,balance,-0.06189302049138057,0.15713351642976336,0.020201514755399677,28
2024-03-01,rth,volume,0.2899289811510472,2.9637184739884823,0.5176115795415018,28
2024-03-04,rth,delta,-0.2769353011329756,0.26703458556946935,0.0995305116609656,29
2024-03-04,rth,def_cancel,0.3840046441347822,0.47877563119245903,0.017259563147744423,29
2024-03-04,rth,att_cancel,0.37974884357212024,0.47927950692184695,0.017739184503410024,29
2024-03-04,rth,def_refill,0.2802717391304348,0.695054347826087,0.0691778512485992,29
2024-03-04,rth,att_refill,0.2920075757575758,0.7017045454545455,0.07052693337601362,29
2024-03-04,rth,def_hidden,0.0,0.05118604651162791,0.018194744025261667,29
2024-03-04,rth,att_eff,-0.8384072969063308,0.6577561554732902,0.3032663017470276,29
2024-03-04,rth,def_eff,-0.783563826610818,0.6973825827548761,0.2975400426407384,29
2024-03-04,rth,att_large,0.0,0.3390479028255804,0.0818493771952858,29
2024-03-04,rth,def_large,0.0,0.31676041666666666,0.07363267135708867,29
2024-03-04,rth,balance,-0.061421995680797425,0.15713351642976336,0.02018428207839042,29
2024-03-04,rth,volume,0.2899289811510472,2.9315041427494775,0.5159828578462666,29
2024-03-05,rth,delta,-0.277881335718545,0.26703458556946935,0.09956314660770767,30
2024-03-05,rth,def_cancel,0.3837485063319236,0.47877563119245903,0.017277788853106612,30
2024-03-05,rth,att_cancel,0.37948964913631367,0.47927950692184695,0.017820064444528626,30
2024-03-05,rth,def_refill,0.2797826086956522,0.6955434782608696,0.06929615438798786,30
2024-03-05,rth,att_refill,0.2915151515151515,0.7036742424242425,0.07047445687236918,30
2024-03-05,rth,def_hidden,0.0,0.052147286821705434,0.018184896029887886,30
2024-03-05,rth,att_eff,-0.8406075372774771,0.6577561554732902,0.3028764814869015,30
2024-03-05,rth,def_eff,-0.7792712283228014,0.7016751810428925,0.2971968589416041,30
2024-03-05,rth,att_large,0.0,0.34200471593161746,0.08247093500369783,30
2024-03-05,rth,def_large,0.0,0.31676041666666666,0.07359261601302831,30
2024-03-05,rth,balance,-0.061421995680797425,0.15666249161918033,0.020173846851230127,30
2024-03-05,rth,volume,0.2899289811510472,2.9315041427494775,0.5142713654694103,30
2024-03-06,rth,delta,-0.27882737030411453,0.26703458556946935,0.09983292287428688,31
2024-03-06,rth,def_cancel,0.3840046441347822,0.47877563119245903,0.017295146980431383,31
2024-03-06,rth,att_cancel,0.37974884357212024,0.47927950692184695,0.017924509894659452,31
2024-03-06,rth,def_refill,0.2807608695652174,0.6970108695652174,0.06954117480538582,31
2024-03-06,rth,att_refill,0.2929924242424243,0.704659090909091,0.07046533683901499,31
2024-03-06,rth,def_hidden,0.0,0.05310852713178295,0.018564474625700517,31
2024-03-06,rth,att_eff,-0.8384072969063308,0.6533556747309972,0.30218667562768653,31
2024-03-06,rth,def_eff,-0.774978630034785,0.7016751810428925,0.29653717986629435,31
2024-03-06,rth,att_large,0.0,0.34200471593161746,0.0831321100839666,31
2024-03-06,rth,def_large,0.0,0.31578124999999996,0.07378499043873771,31
2024-03-06,rth,balance,-0.06047994605963125,0.15572044199801405,0.020126436432515486,31
2024-03-06,rth,volume,0.2899289811510472,2.9315041427494775,0.5106861214686552,31
2024-03-07,rth,delta,-0.2769353011329756,0.2641964818127609,0.10141299109665138,32
2024-03-07,rth,def_cancel,0.38477305754335794,0.47928790679817623,0.017643356324667268,32
2024-03-07,rth,att_cancel,0.38078562131534655,0.4800570902292668,0.018347482102353097,32
2024-03-07,rth,def_refill,0.28222826086956526,0.6955434782608696,0.07060806215358599,32
2024-03-07,rth,att_refill,0.29397727272727275,0.7017045454545455,0.07187997298391108,32
2024-03-07,rth,def_hidden,0.0,0.052147286821705434,0.01977302401494005,32
2024-03-07,rth,att_eff,-0.8164048931948658,0.6511554343598509,0.2997619032881194,32
2024-03-07,rth,def_eff,-0.7513693394506942,0.6845047878908268,0.2950322545551511,32
2024-03-07,rth,att_large,0.0,0.3370766940882224,0.08424140345659428,32
2024-03-07,rth,def_large,0.0,0.31284375,0.0762661362951157,32
2024-03-07,rth,balance,-0.06000892124904811,0.15713351642976336,0.02001827894410913,32
2024-03-07,rth,volume,0.2899289811510472,3.0925757989445035,0.4979872512895356,32
2024-03-08,rth,delta,-0.2769353011329756,0.2651425163983303,0.10145689364375786,33
2024-03-08,rth,def_cancel,0.38451691974049934,0.47928790679817623,0.017652117073263,33
2024-03-08,rth,att_cancel,0.38052642687953997,0.4800570902292668,0.018343532987177516,33
2024-03-08,rth,def_refill,0.28222826086956526,0.6945652173913044,0.07057303401405185,33
2024-03-08,rth,att_refill,0.29397727272727275,0.704659090909091,0.0719704092743377,33
2024-03-08,rth,def_hidden,0.0,0.05166666666666667,0.019650939504048913,33
2024-03-08,rth,att_eff,-0.8164048931948658,0.6511554343598509,0.29954370603424946,33
2024-03-08,rth,def_eff,-0.7513693394506942,0.6866510870348348,0.2944426614073135,33
2024-03-08,rth,att_large,0.0,0.3380622984569014,0.08404911486940717,33
2024-03-08,rth,def_large,0.0,0.3143125,0.07623145069413029,33
2024-03-08,rth,balance,-0.06424814454429606,0.15666249161918033,0.019933240114215246,33
2024-03-08,rth,volume,0.2899289811510472,3.0925757989445035,0.49503887258555096,33
2024-03-11,rth,delta,-0.2722051282051282,0.2632504472271915,0.10020539991165682,34
2024-03-11,rth,def_cancel,0.3855414709519337,0.48133700922104494,0.017412731104551556,34
2024-03-11,rth,att_cancel,0.3820815934943794,0.48135306240829967,0.01816944859933283,34
2024-03-11,rth,def_refill,0.28222826086956526,0.6916304347826088,0.06989707507683324,34
2024-03-11,rth,att_refill,0.2929924242424243,0.700719696969697,0.07102123306684699,34
2024-03-11,rth,def_hidden,0.0,0.05094573643410853,0.019643681039830798,34
2024-03-11,rth,att_eff,-0.8010032105968401,0.6445547132464116,0.29523048224424886,34
2024-03-11,rth,def_eff,-0.7363452454426365,0.6759195913147935,0.2904055225465132,34
2024-03-11,rth,att_large,0.0,0.3301774635074693,0.08194880618469945,34
2024-03-11,rth,def_large,0.0,0.30696874999999996,0.07377687433661145,34
2024-03-11,rth,balance,-0.062364045301963655,0.1538363427556817,0.019937085389738422,34
2024-03-11,rth,volume,0.32214331239005245,3.028147136466493,0.48882258289968167,34
2024-03-12,rth,delta,-0.2712590936195588,0.26135837805605244,0.09951391898277215,35
2024-03-12,rth,def_cancel,0.38630988436050945,0.48261769823533784,0.017257149276657505,35
2024-03-12,rth,att_cancel,0.3825999823659926,0.482389840151526,0.018117559736899373,35
2024-03-12,rth,def_refill,0.28320652173913047,0.690163043478261,0.06935144562680216,35
2024-03-12,rth,att_refill,0.2934848484848485,0.6987500000000001,0.07047796040147583,35
2024-03-12,rth,def_hidden,0.0,0.04998449612403101,0.019408124125313782,35
2024-03-12,rth,att_eff,-0.7988029702256936,0.6445547132464116,0.2938626943692909,35
2024-03-12,rth,def_eff,-0.7363452454426365,0.6737732921707855,0.28906422719947117,35
2024-03-12,rth,att_large,0.0,0.3277134525857718,0.08092952815336826,35
2024-03-12,rth,def_large,0.0,0.3055,0.07336389648424695,35
2024-03-12,rth,balance,-0.06424814454429606,0.1528942931345154,0.01994345102879822,35
2024-03-12,rth,volume,0.32214331239005245,2.9959328052274876,0.48271559307234374,35
2024-03-13,rth,delta,-0.26936702444841987,0.2594663088849136,0.09926264662917242,36
2024-03-13,rth,def_cancel,0.38630988436050945,0.48261769823533784,0.01727224241102732,36
2024-03-13,rth,att_cancel,0.3831183712376057,0.48264903458733255,0.01807339420621354,36
2024-03-13,rth,def_refill,0.2851630434782609,0.6886956521739132,0.0692910211458728,36
2024-03-13,rth,att_refill,0.294469696969697,0.6972727272727273,0.07060518746252495,36
2024-03-13,rth,def_hidden,0.0,0.04998449612403101,0.019222201951850523,36
2024-03-13,rth,att_eff,-0.7944024894834005,0.6379539921329718,0.2925076444318847,36
2024-03-13,rth,def_eff,-0.734198946298628,0.6651880955947522,0.28806769588548486,36
2024-03-13,rth,att_large,0.0,0.3252494416640742,0.08041275014675665,36
2024-03-13,rth,def_large,0.0,0.30403125,0.07343315423557863,36
2024-03-13,rth,balance,-0.06377711973371297,0.15242326832393238,0.019871602503657142,36
2024-03-13,rth,volume,0.32214331239005245,3.028147136466493,0.4903460934536072,36
2024-03-14,rth,delta,-0.26842098986285035,0.258520274299344,0.09905017996184537,37
2024-03-14,rth,def_cancel,0.38656602216336805,0.48287383603819645,0.01721476365391985,37
2024-03-14,rth,att_cancel,0.38337756567341236,0.4829082290231391,0.018031565181472326,37
2024-03-14,rth,def_refill,0.2851630434782609,0.6882065217391304,0.06921042442831839,37
2024-03-14,rth,att_refill,0.294469696969697,0.6972727272727273,0.07047480928214367,37
2024-03-14,rth,def_hidden,0.0,0.04902325581395349,0.019080870849106448,37
2024-03-14,rth,att_eff,-0.7944024894834005,0.6379539921329718,0.2927927336118619,37
2024-03-14,rth,def_eff,-0.734198946298628,0.6673343947387607,0.2885919990830803,37
2024-03-14,rth,att_large,0.0,0.3242638372953952,0.0801667952504536,37
2024-03-14,rth,def_large,0.0,0.30305208333333333,0.07306729334347975,37
2024-03-14,rth,balance,-0.0670742934077947,0.15195224351334924,0.019813012341774537,37
2024-03-14,rth,volume,0.32214331239005245,3.060361467705498,0.48707185153642907,37
2024-03-15,rth,delta,-0.2655828861061419,0.25568217054263576,0.09827250480932535,38
2024-03-15,rth,def_cancel,0.38810284898051955,0.48389838724963075,0.017111487813183304,38
2024-03-15,rth,att_cancel,0.38493273228825187,0.4839450067663654,0.017784584644993884,38
2024-03-15,rth,def_refill,0.28711956521739135,0.6857608695652174,0.06900344918646407,38
2024-03-15,rth,att_refill,0.29643939393939395,0.6938257575757576,0.0699390575930775,38
2024-03-15,rth,def_hidden,0.0,0.04998449612403101,0.018916614541981416,38
2024-03-15,rth,att_eff,-0.7900020087411077,0.6335535113906787,0.2892596385672538,38
2024-03-15,rth,def_eff,-0.7320526471546198,0.6651880955947522,0.2856755855195895,38
2024-03-15,rth,att_large,0.0,0.3193358154520002,0.07964514276003909,38
2024-03-15,rth,def_large,0.0,0.299625,0.0730878223471832,38
2024-03-15,rth,balance,-0.0670742934077947,0.1561914668085972,0.019828374933727435,38
2024-03-15,rth,volume,0.32214331239005245,3.028147136466493,0.47262122599079087,38
2024-03-18,rth,delta,-0.26747495527728093,0.2547361359570661,0.09843125964665328,39
2024-03-18,rth,def_cancel,0.387846711177661,0.48364224944677214,0.01711525926445671,39
2024-03-18,rth,att_cancel,0.38467353785244524,0.4839450067663654,0.01781927625518106,39
2024-03-18,rth,def_refill,0.2861413043478261,0.6852717391304348,0.06907838457795078,39
2024-03-18,rth,att_refill,0.29545454545454547,0.6928409090909091,0.06986266720403436,39
2024-03-18,rth,def_hidden,0.0,0.05046511627906977,0.01882184781091314,39
2024-03-18,rth,att_eff,-0.7878017683699612,0.6313532710195324,0.2877968769157321,39
2024-03-18,rth,def_eff,-0.7256137497225952,0.6630417964507442,0.2841812737378907,39
2024-03-18,rth,att_large,0.0,0.3188430132676606,0.07955089444868023,39
2024-03-18,rth,def_large,0.0,0.29913541666666665,0.07319376505208745,39
2024-03-18,rth,balance,-0.06613224378662852,0.15713351642976336,0.019833103936392052,39
2024-03-18,rth,volume,0.32214331239005245,3.028147136466493,0.46702633831995344,39
2024-03-19,rth,delta,-0.26842098986285035,0.2547361359570661,0.09907451301975766,40
2024-03-19,rth,def_cancel,0.38656602216336805,0.48364224944677214,0.01738118338034216,40
2024-03-19,rth,att_cancel,0.3831183712376057,0.4839450067663654,0.017974949889117985,40
2024-03-19,rth,def_refill,0.28663043478260875,0.6872282608695652,0.06983036508165538,40
2024-03-19,rth,att_refill,0.29545454545454547,0.6943181818181818,0.07057472796549798,40
2024-03-19,rth,def_hidden,0.0,0.05022480620155039,0.018827017372293316,40
2024-03-19,rth,att_eff,-0.7834012876276681,0.6269527902772394,0.28753740512484516,40
2024-03-19,rth,def_eff,-0.7256137497225952,0.6630417964507442,0.28388985230845637,40
2024-03-19,rth,att_large,0.0,0.3222926285580372,0.08036575406896546,40
2024-03-19,rth,def_large,0.0,0.30256249999999996,0.07410558417386277,40
2024-03-19,rth,balance,-0.06566121897604538,0.15713351642976336,0.01979633960962286,40
2024-03-19,rth,volume,0.32214331239005245,3.0925757989445035,0.4902062903464433,40
2024-03-20,rth,delta,-0.26936702444841987,0.25568217054263576,0.09951314813394961,41
2024-03-20,rth,def_cancel,0.38477305754335794,0.48364224944677214,0.017568292840137827,41
2024-03-20,rth,att_cancel,0.382340787930186,0.4839450067663654,0.018111678451724365,41
2024-03-20,rth,def_refill,0.2861413043478261,0.6882065217391304,0.07019705424139701,41
2024-03-20,rth,att_refill,0.29397727272727275,0.6953030303030303,0.07109965839226867,41
2024-03-20,rth,def_hidden,0.0,0.04998449612403101,0.018827915588634666,41
2024-03-20,rth,att_eff,-0.7834012876276681,0.6269527902772394,0.2871508422160307,41
2024-03-20,rth,def_eff,-0.7234674505785867,0.6630417964507442,0.28346574373996275,41
2024-03-20,rth,att_large,0.0,0.3277134525857718,0.0808654247805566,41
2024-03-20,rth,def_large,0.0,0.30696874999999996,0.07484063158527288,41
2024-03-20,rth,balance,-0.06566121897604538,0.15666249161918033,0.01981503682031108,41
2024-03-20,rth,volume,0.32214331239005245,3.0925757989445035,0.5090494705421429,41
2024-03-21,rth,delta,-0.26842098986285035,0.25568217054263576,0.09968042656318654,42
2024-03-21,rth,def_cancel,0.3850291953462165,0.48338611164391354,0.01761715005583719,42
2024-03-21,rth,att_cancel,0.382340787930186,0.48368581233055885,0.018157761965175656,42
2024-03-21,rth,def_refill,0.2856521739130435,0.6872282608695652,0.07019853704153134,42
2024-03-21,rth,att_refill,0.2934848484848485,0.6943181818181818,0.07096482336925843,42
2024-03-21,rth,def_hidden,0.0,0.04998449612403101,0.019064115175518582,42
2024-03-21,rth,att_eff,-0.7812010472565216,0.6247525499060931,0.2868568212950443,42
2024-03-21,rth,def_eff,-0.7234674505785867,0.6608954973067358,0.2833006299818959,42
2024-03-21,rth,att_large,0.0,0.3277134525857718,0.08152330698810473,42
2024-03-21,rth,def_large,0.0,0.30647916666666664,0.07480845416955673,42
2024-03-21,rth,balance,-0.06613224378662852,0.15901761567209582,0.020253146308707073,42
2024-03-21,rth,volume,0.32214331239005245,3.124790130183509,0.5072344248875431,42
2024-03-22,rth,delta,-0.26842098986285035,0.25568217054263576,0.09932597375617618,43
2024-03-22,rth,def_cancel,0.3850291953462165,0.48338611164391354,0.017559242218348297,43
2024-03-22,rth,att_cancel,0.382340787930186,0.48368581233055885,0.018086935695233206,43
2024-03-22,rth,def_refill,0.2856521739130435,0.6872282608695652,0.06996304873269787,43
2024-03-22,rth,att_refill,0.29397727272727275,0.6943181818181818,0.07073574927358145,43
2024-03-22,rth,def_hidden,0.0,0.05046511627906977,0.018979236310423708,43
2024-03-22,rth,att_eff,-0.7790008068853751,0.6269527902772394,0.28664400128449147,43
2024-03-22,rth,def_eff,-0.7234674505785867,0.6630417964507442,0.28289906740954357,43
2024-03-22,rth,att_large,0.0,0.3272206504014323,0.0812131111423444,43
2024-03-22,rth,def_large,0.0,0.3050104166666666,0.07450582205859733,43
2024-03-22,rth,balance,-0.06566121897604538,0.1623147893461776,0.020221084433625282,43
2024-03-22,rth,volume,0.32214331239005245,3.0925757989445035,0.5048210740347506,43
2024-03-25,rth,delta,-0.26842098986285035,0.25568217054263576,0.09889361890942087,41
2024-03-25,rth,def_cancel,0.3860537465576509,0.48364224944677214,0.01745505426327398,41
2024-03-25,rth,att_cancel,0.38363676010921893,0.4839450067663654,0.017945961523336506,41
2024-03-25,rth,def_refill,0.2856521739130435,0.68625,0.06956753025528663,41
2024-03-25,rth,att_refill,0.29397727272727275,0.6923484848484849,0.0702798724687906,41
2024-03-25,rth,def_hidden,0.0,0.048302325581395356,0.0184183641785227,41
2024-03-25,rth,att_eff,-0.7834012876276681,0.6225523095349463,0.28661087381208405,41
2024-03-25,rth,def_eff,-0.7256137497225952,0.6566028990187194,0.28240408227879227,41
2024-03-25,rth,att_large,0.0,0.3267278482170928,0.08089176713449103,41
2024-03-25,rth,def_large,0.0,0.30403125,0.07401968899526021,41
2024-03-25,rth,balance,-0.0666032685972116,0.16090171491442828,0.020355029747330715,41
2024-03-25,rth,volume,0.32214331239005245,3.0925757989445035,0.5104412310376996,41
2024-03-26,rth,delta,-0.2665289206917114,0.25568217054263576,0.09846896244025256,41
2024-03-26,rth,def_cancel,0.38630988436050945,0.48364224944677214,0.017393376370616775,41
2024-03-26,rth,att_cancel,0.3838959545450255,0.4839450067663654,0.017880993209304457,41
2024-03-26,rth,def_refill,0.2861413043478261,0.68625,0.06928201208274143,41
2024-03-26,rth,att_refill,0.294469696969697,0.6933333333333334,0.0700182257932891,41
2024-03-26,rth,def_hidden,0.0,0.047821705426356595,0.018398311625855628,41
2024-03-26,rth,att_eff,-0.7922022491122542,0.6247525499060931,0.28674031815034273,41
2024-03-26,rth,def_eff,-0.7256137497225952,0.6630417964507442,0.2825814200096792,41
2024-03-26,rth,att_large,0.0,0.3262350460327533,0.08071869499161297,41
2024-03-26,rth,def_large,0.0,0.30354166666666665,0.07385507675143917,41
2024-03-26,rth,balance,-0.0666032685972116,0.16090171491442828,0.020343680267073755,41
2024-03-26,rth,volume,0.2899289811510472,3.124790130183509,0.5120948220411898,41
2024-03-27,rth,delta,-0.26842098986285035,0.25568217054263576,0.09978609955584014,41
2024-03-27,rth,def_cancel,0.3857976087547923,0.48389838724963075,0.01769291482706555,41
2024-03-27,rth,att_cancel,0.38363676010921893,0.4839450067663654,0.018197771380312464,41
2024-03-27,rth,def_refill,0.2856521739130435,0.6877173913043478,0.07058607632765274,41
2024-03-27,rth,att_refill,0.2934848484848485,0.6953030303030303,0.07103220537186306,41
2024-03-27,rth,def_hidden,0.0,0.047581395348837215,0.01865977520271853,41
2024-03-27,rth,att_eff,-0.7922022491122542,0.6247525499060931,0.2871720817491464,41
2024-03-27,rth,def_eff,-0.7256137497225952,0.6630417964507442,0.28324739829335766,41
2024-03-27,rth,att_large,0.0,0.3272206504014323,0.08162125285658686,41
2024-03-27,rth,def_large,0.0,0.30647916666666664,0.07460192457095893,41
2024-03-27,rth,balance,-0.06613224378662852,0.1623147893461776,0.0205295210623531,41
2024-03-27,rth,volume,0.2899289811510472,3.2214331239005247,0.5495313027492907,41
2024-03-28,rth,delta,-0.26842098986285035,0.25568217054263576,0.09968136682941263,42
2024-03-28,rth,def_cancel,0.3857976087547923,0.48389838724963075,0.017715812123927237,42
2024-03-28,rth,att_cancel,0.38363676010921893,0.4839450067663654,0.018185938860114867,42
2024-03-28,rth,def_refill,0.2856521739130435,0.6882065217391304,0.07062876603917459,42
2024-03-28,rth,att_refill,0.29397727272727275,0.6948106060606061,0.07098955968588558,42
2024-03-28,rth,def_hidden,0.0,0.047821705426356595,0.018674653206086834,42
2024-03-28,rth,att_eff,-0.7922022491122542,0.6247525499060931,0.2870517987377491,42
2024-03-28,rth,def_eff,-0.7256137497225952,0.6651880955947522,0.28313390106157516,42
2024-03-28,rth,att_large,0.0,0.3286990569544508,0.08186750383061907,42
2024-03-28,rth,def_large,0.0,0.30696874999999996,0.07456388888734075,42
2024-03-28,rth,balance,-0.06613224378662852,0.16184376453559446,0.020506597009428664,42
2024-03-28,rth,volume,0.2899289811510472,3.2214331239005247,0.5488874536875669,42
2024-04-01,rth,delta,-0.2703130590339893,0.2575742397137746,0.09908016847848372,40
2024-04-01,rth,def_cancel,0.3860537465576509,0.48415452505248935,0.017516595246842664,40
2024-04-01,rth,att_cancel,0.3838959545450255,0.4844633956379786,0.018184618553878977,40
2024-04-01,rth,def_refill,0.29054347826086957,0.6896739130434784,0.07080261733453862,40
2024-04-01,rth,att_refill,0.2998863636363637,0.696780303030303,0.0712357136733615,40
2024-04-01,rth,def_hidden,0.0,0.048782945736434116,0.018725261901643458,40
2024-04-01,rth,att_eff,-0.7988029702256936,0.6269527902772394,0.26977020583124633,40
2024-04-01,rth,def_eff,-0.7277600488666034,0.6651880955947522,0.2698797810610506,40
2024-04-01,rth,att_large,0.0,0.3291918591387903,0.0815075274428538,40
2024-04-01,rth,def_large,0.0,0.3094166666666666,0.07432506445521402,40
2024-04-01,rth,balance,-0.06330609492312989,0.1623147893461776,0.018670096774937372,40
2024-04-01,rth,volume,0.32214331239005245,3.124790130183509,0.5619217987912438,40
2024-04-02,rth,delta,-0.26842098986285035,0.2547361359570661,0.09738339252404495,40
2024-04-02,rth,def_cancel,0.3857976087547923,0.48441066285534795,0.017184848739028168,40
2024-04-02,rth,att_cancel,0.38441434341663866,0.4844633956379786,0.017966528472712427,40
2024-04-02,rth,def_refill,0.29494565217391305,0.6911413043478262,0.0700364080011519,40
2024-04-02,rth,att_refill,0.3028409090909091,0.696780303030303,0.0699110898268285,40
2024-04-02,rth,def_hidden,0.0,0.047821705426356595,0.018580939016184718,40
2024-04-02,rth,att_eff,-0.8164048931948658,0.6445547132464116,0.26834947814122173,40
2024-04-02,rth,def_eff,-0.734198946298628,0.6737732921707855,0.26851640359087436,40
2024-04-02,rth,att_large,0.0,0.3282062547701113,0.08046079428550995,40
2024-04-02,rth,def_large,0.0,0.30403125,0.07206815756392373,40
2024-04-02,rth,balance,-0.0647191693548792,0.16749606226259173,0.018677058462804094,40
2024-04-02,rth,volume,0.2899289811510472,3.124790130183509,0.5634441287652522,40
2024-04-03,rth,delta,-0.26747495527728093,0.2537901013714967,0.0971900344177643,40
2024-04-03,rth,def_cancel,0.3860537465576509,0.48415452505248935,0.01719298197213102,40
2024-04-03,rth,att_cancel,0.38441434341663866,0.4844633956379786,0.017996841471306837,40
2024-04-03,rth,def_refill,0.2973913043478261,0.692608695652174,0.07049695851528724,40
2024-04-03,rth,att_refill,0.3043181818181818,0.6972727272727273,0.0701222251121993,40
2024-04-03,rth,def_hidden,0.0,0.048542635658914736,0.018080134259046667,40
2024-04-03,rth,att_eff,-0.8142046528237192,0.6379539921329718,0.26769997583802835,40
2024-04-03,rth,def_eff,-0.7320526471546198,0.6651880955947522,0.26768253764442923,40
2024-04-03,rth,att_large,0.0,0.3311630678761483,0.08032297074347834,40
2024-04-03,rth,def_large,0.0,0.30696874999999996,0.07248759289441695,40
2024-04-03,rth,balance,-0.06519019416546229,0.17032221112609036,0.018589906159346248,40
2024-04-03,rth,volume,0.2899289811510472,3.124790130183509,0.5702945722907823,40
2024-04-04,rth,delta,-0.26936702444841987,0.2528440667859273,0.09614570499288999,41
2024-04-04,rth,def_cancel,0.38630988436050945,0.48364224944677214,0.01701555145399721,41
2024-04-04,rth,att_cancel,0.3838959545450255,0.4839450067663654,0.017866535485286973,41
2024-04-04,rth,def_refill,0.29836956521739133,0.6916304347826088,0.06981864179960079,41
2024-04-04,rth,att_refill,0.3053030303030303,0.6982575757575757,0.06933755317857997,41
2024-04-04,rth,def_hidden,0.0,0.048302325581395356,0.01777918435967929,41
2024-04-04,rth,att_eff,-0.8164048931948658,0.6467549536175579,0.2686508184522746,41
2024-04-04,rth,def_eff,-0.7363452454426365,0.6823584887468184,0.26813600134444177,41
2024-04-04,rth,att_large,0.0,0.3301774635074693,0.07951973426337579,41
2024-04-04,rth,def_large,0.0,0.30354166666666665,0.07153002534341828,41
2024-04-04,rth,balance,-0.06330609492312989,0.16796708707317487,0.018428666628140963,41
2024-04-04,rth,volume,0.2899289811510472,3.0925757989445035,0.5567571463562698,41
2024-04-05,rth,delta,-0.2712590936195588,0.2528440667859273,0.09736667132327108,42
2024-04-05,rth,def_cancel,0.3857976087547923,0.48364224944677214,0.017362599068821236,42
2024-04-05,rth,att_cancel,0.3831183712376057,0.4839450067663654,0.0182876222032142,42
2024-04-05,rth,def_refill,0.2969021739130435,0.6911413043478262,0.07040354329413795,42
2024-04-05,rth,att_refill,0.3043181818181818,0.6972727272727273,0.07011544491997666,42
2024-04-05,rth,def_hidden,0.0,0.047341085271317834,0.01773640751269075,42
2024-04-05,rth,att_eff,-0.8164048931948658,0.6445547132464116,0.2699372522366083,42
2024-04-05,rth,def_eff,-0.734198946298628,0.6823584887468184,0.2697380744659602,42
2024-04-05,rth,att_large,0.0,0.3306702656918088,0.08038969075723726,42
2024-04-05,rth,def_large,0.0,0.30403125,0.07285676909433308,42
2024-04-05,rth,balance,-0.06424814454429606,0.16702503745200858,0.018518801094731183,42
2024-04-05,rth,volume,0.2899289811510472,3.2214331239005247,0.5549901024640317,42
2024-04-08,rth,delta,-0.2703130590339893,0.25000596302921885,0.09841493315558017,40
2024-04-08,rth,def_cancel,0.3852853331490751,0.48364224944677214,0.0177185410758164,40
2024-04-08,rth,att_cancel,0.382340787930186,0.484204201202172,0.01870491989924068,40
2024-04-08,rth,def_refill,0.29445652173913045,0.6852717391304348,0.07112337958517921,40
2024-04-08,rth,att_refill,0.30234848484848487,0.6948106060606061,0.07076734276752848,40
2024-04-08,rth,def_hidden,0.0,0.043496124031007756,0.01798956651148368,40
2024-04-08,rth,att_eff,-0.8142046528237192,0.6225523095349463,0.2691076269164929,40
2024-04-08,rth,def_eff,-0.7256137497225952,0.6716269930267771,0.2693816727378643,40
2024-04-08,rth,att_large,0.0,0.33362707879784587,0.08190679221800552,40
2024-04-08,rth,def_large,0.0,0.30256249999999996,0.07400415161678496,40
2024-04-08,rth,balance,-0.06613224378662852,0.15901761567209582,0.01874272889352433,40
2024-04-08,rth,volume,0.2899289811510472,3.3502904488565455,0.5780551891519109,40
2024-04-09,rth,delta,-0.26936702444841987,0.25189803220035767,0.09805869326290681,41
2024-04-09,rth,def_cancel,0.3852853331490751,0.48338611164391354,0.017664833535640394,41
2024-04-09,rth,att_cancel,0.3825999823659926,0.484204201202172,0.018671214773450493,41
2024-04-09,rth,def_refill,0.29445652173913045,0.6852717391304348,0.07101103765454722,41
2024-04-09,rth,att_refill,0.3028409090909091,0.6938257575757576,0.07054559562793422,41
2024-04-09,rth,def_hidden,0.0,0.043255813953488376,0.017837054708439652,41
2024-04-09,rth,att_eff,-0.8164048931948658,0.6225523095349463,0.2689678815692906,41
2024-04-09,rth,def_eff,-0.7256137497225952,0.6737732921707855,0.26971508445091996,41
2024-04-09,rth,att_large,0.0,0.3311630678761483,0.08139147384858172,41
2024-04-09,rth,def_large,0.0,0.3015833333333333,0.07367852654288601,41
2024-04-09,rth,balance,-0.0670742934077947,0.15854659086151268,0.018673940645261868,41
2024-04-09,rth,volume,0.2899289811510472,3.31807611761754,0.5725986085077647,41
2024-04-10,rth,delta,-0.26842098986285035,0.2528440667859273,0.0979154319356288,41
2024-04-10,rth,def_cancel,0.3855414709519337,0.48364224944677214,0.017740497798663813,41
2024-04-10,rth,att_cancel,0.3831183712376057,0.4844633956379786,0.01877716329033511,41
2024-04-10,rth,def_refill,0.29445652173913045,0.6828260869565218,0.070812149707472,41
2024-04-10,rth,att_refill,0.30234848484848487,0.6923484848484849,0.07008006686843951,41
2024-04-10,rth,def_hidden,0.0,0.04469767441860466,0.017873451941388792,41
2024-04-10,rth,att_eff,-0.8164048931948658,0.6291530306483857,0.269577816134799,41
2024-04-10,rth,def_eff,-0.7299063480106116,0.6759195913147935,0.2700343666390907,41
2024-04-10,rth,att_large,0.0,0.3277134525857718,0.08134430333233672,41
2024-04-10,rth,def_large,0.0,0.299625,0.07356862144067233,41
2024-04-10,rth,balance,-0.06566121897604538,0.15666249161918033,0.018681948848483176,41
2024-04-10,rth,volume,0.2899289811510472,3.3502904488565455,0.5643478623537319,41
2024-04-11,rth,delta,-0.26842098986285035,0.2537901013714967,0.09938526892165904,42
2024-04-11,rth,def_cancel,0.3852853331490751,0.48364224944677214,0.01801062438393327,42
2024-04-11,rth,att_cancel,0.3831183712376057,0.484204201202172,0.019135622175906575,42
2024-04-11,rth,def_refill,0.29298913043478264,0.6798913043478262,0.07089163881791787,42
2024-04-11,rth,att_refill,0.29939393939393943,0.6889015151515152,0.07035724321555865,42
2024-04-11,rth,def_hidden,0.0,0.046860465116279074,0.01881771575959041,42
2024-04-11,rth,att_eff,-0.8032034509679866,0.6225523095349463,0.26926872471911234,42
2024-04-11,rth,def_eff,-0.7256137497225952,0.6651880955947522,0.2693669522864168,42
2024-04-11,rth,att_large,0.0,0.3321486722448273,0.08252110070459007,42
2024-04-11,rth,def_large,0.0,0.30109375,0.07455147816798276,42
2024-04-11,rth,balance,-0.06424814454429606,0.1538363427556817,0.018876613212165293,42
2024-04-11,rth,volume,0.2899289811510472,3.382504780095551,0.5501191468289988,42
2024-04-12,rth,delta,-0.26936702444841987,0.2528440667859273,0.09910193522694462,43
2024-04-12,rth,def_cancel,0.3857976087547923,0.48364224944677214,0.017961796650137113,43
2024-04-12,rth,att_cancel,0.38285917680179915,0.484204201202172,0.019093242226202952,43
2024-04-12,rth,def_refill,0.29396739130434785,0.6789130434782609,0.07070101577177554,43
2024-04-12,rth,att_refill,0.29939393939393943,0.6879166666666667,0.07014190537372926,43
2024-04-12,rth,def_hidden,0.0,0.04589922480620155,0.01868580583788525,43
2024-04-12,rth,att_eff,-0.7988029702256936,0.6225523095349463,0.26839973464789985,43
2024-04-12,rth,def_eff,-0.7234674505785867,0.6630417964507442,0.26841237568237875,43
2024-04-12,rth,att_large,0.0,0.3306702656918088,0.08210452687919208,43
2024-04-12,rth,def_large,0.0,0.299625,0.07423807771922737,43
2024-04-12,rth,balance,-0.06566121897604538,0.1528942931345154,0.01886596489308075,43
2024-04-12,rth,volume,0.2899289811510472,3.3502904488565455,0.5448517225357674,43
2024-04-15,rth,delta,-0.26747495527728093,0.25189803220035767,0.09780000962499338,41
2024-04-15,rth,def_cancel,0.3855414709519337,0.48364224944677214,0.01784205409517233,41
2024-04-15,rth,att_cancel,0.38285917680179915,0.484204201202172,0.018932494745956503,41
2024-04-15,rth,def_refill,0.29347826086956524,0.6745108695652174,0.06965284029204886,41
2024-04-15,rth,att_refill,0.2998863636363637,0.6839772727272727,0.06917003650118463,41
2024-04-15,rth,def_hidden,0.0,0.04469767441860466,0.018341821117867543,41
2024-04-15,rth,att_eff,-0.7856015279988147,0.6225523095349463,0.26679662537566756,41
2024-04-15,rth,def_eff,-0.7213211514345785,0.6608954973067358,0.26711908290519215,41
2024-04-15,rth,att_large,0.0,0.3222926285580372,0.0802158322852846,41
2024-04-15,rth,def_large,0.0,0.28934374999999996,0.07370746766461377,41
2024-04-15,rth,balance,-0.06330609492312989,0.15430736756626473,0.018978321553775122,41
2024-04-15,rth,volume,0.2899289811510472,3.3502904488565455,0.551473175211437,41
2024-04-16,rth,delta,-0.2665289206917114,0.25095199761478826,0.09734542673615613,41
2024-04-16,rth,def_cancel,0.3857976087547923,0.48364224944677214,0.017763661112816718,41
2024-04-16,rth,att_cancel,0.38285917680179915,0.4839450067663654,0.01888423296527057,41
2024-04-16,rth,def_refill,0.29250000000000004,0.672554347826087,0.06909687914715068,41
2024-04-16,rth,att_refill,0.29890151515151514,0.6810227272727273,0.06862676313336515,41
2024-04-16,rth,def_hidden,0.0,0.04397674418604652,0.018419017571396364,41
2024-04-16,rth,att_eff,-0.7768005665142286,0.615951588421507,0.26451934477301053,41
2024-04-16,rth,def_eff,-0.7170285531465621,0.6566028990187194,0.26460667380363095,41
2024-04-16,rth,att_large,0.0,0.3232782329267162,0.08074712742025915,41
2024-04-16,rth,def_large,0.0,0.28885416666666663,0.07433595214307598,41
2024-04-16,rth,balance,-0.06519019416546229,0.16561196302025927,0.019105905597614558,41
2024-04-16,rth,volume,0.2899289811510472,3.31807611761754,0.5404573909602155,41
2024-04-17,rth,delta,-0.2655828861061419,0.25189803220035767,0.0986389599286492,41
2024-04-17,rth,def_cancel,0.3860537465576509,0.48415452505248935,0.018245470868684565,41
2024-04-17,rth,att_cancel,0.38285917680179915,0.484204201202172,0.019252998967706447,41
2024-04-17,rth,def_refill,0.2846739130434783,0.6691304347826087,0.06957491458403468,41
2024-04-17,rth,att_refill,0.2890530303030303,0.6741287878787879,0.06874612676329211,41
2024-04-17,rth,def_hidden,0.0,0.04541860465116279,0.020485156386624896,41
2024-04-17,rth,att_eff,-0.7679996050296427,0.611551107679214,0.26431963185765206,41
2024-04-17,rth,def_eff,-0.6955655617064795,0.6458714032986781,0.2641904283996005,41
2024-04-17,rth,att_large,0.0,0.3242638372953952,0.0821392658463546,41
2024-04-17,rth,def_large,0.0,0.28983333333333333,0.07584394156443663,41
2024-04-17,rth,balance,-0.06990044227129333,0.18021373214833558,0.019799838438400073,41
2024-04-17,rth,volume,0.2899289811510472,3.4469334425735614,0.5363779001480689,41
2024-04-18,rth,delta,-0.2655828861061419,0.25189803220035767,0.09885294103003153,42
2024-04-18,rth,def_cancel,0.3860537465576509,0.48415452505248935,0.018303885135447926,42
2024-04-18,rth,att_cancel,0.38285917680179915,0.4844633956379786,0.019323104715128627,42
2024-04-18,rth,def_refill,0.28369565217391307,0.6681521739130435,0.06964810062602983,42
2024-04-18,rth,att_refill,0.2885606060606061,0.6731439393939395,0.0687055065488605,42
2024-04-18,rth,def_hidden,0.0,0.04589922480620155,0.020587704719782718,42
2024-04-18,rth,att_eff,-0.7657993646584962,0.6093508673080672,0.26401668018021124,42
2024-04-18,rth,def_eff,-0.6955655617064795,0.6458714032986781,0.26391578906486857,42
2024-04-18,rth,att_large,0.0,0.3252494416640742,0.08281954577056705,42
2024-04-18,rth,def_large,0.0,0.28885416666666663,0.07596234756632389,42
2024-04-18,rth,balance,-0.06942941746071024,0.1792716825271693,0.019754500549139863,42
2024-04-18,rth,volume,0.32214331239005245,3.4469334425735614,0.5334766161440774,42
2024-04-19,rth,delta,-0.2665289206917114,0.25189803220035767,0.09926386234101285,43
2024-04-19,rth,def_cancel,0.3860537465576509,0.48415452505248935,0.01836679609558869,43
2024-04-19,rth,att_cancel,0.3831183712376057,0.4844633956379786,0.01936716248158043,43
2024-04-19,rth,def_refill,0.28320652173913047,0.6666847826086957,0.06956220877261896,43
2024-04-19,rth,att_refill,0.28708333333333336,0.6716666666666667,0.06875400510179851,43
2024-04-19,rth,def_hidden,0.0,0.047100775193798454,0.020830683522990244,43
2024-04-19,rth,att_eff,-0.7657993646584962,0.6049503865657742,0.264099199162398,43
2024-04-19,rth,def_eff,-0.6955655617064795,0.6437251041546697,0.26394981571581233,43
2024-04-19,rth,att_large,0.0,0.3257422438484137,0.08314546052255223,43
2024-04-19,rth,def_large,0.0,0.2883645833333333,0.07598662012610313,43
2024-04-19,rth,balance,-0.06895839265012715,0.18303988101183422,0.019733756806470895,43
2024-04-19,rth,volume,0.32214331239005245,3.4469334425735614,0.5288450406853442,43
2024-04-22,rth,delta,-0.26747495527728093,0.2528440667859273,0.1010515446875438,41
2024-04-22,rth,def_cancel,0.3852853331490751,0.48441066285534795,0.01867930094376608,41
2024-04-22,rth,att_cancel,0.3820815934943794,0.48472259007378515,0.019751558405740166,41
2024-04-22,rth,def_refill,0.28222826086956526,0.6661956521739131,0.07071901135109501,41
2024-04-22,rth,att_refill,0.28560606060606064,0.6726515151515152,0.06964640879515374,41
2024-04-22,rth,def_hidden,0.0,0.048302325581395356,0.02122153870395175,41
2024-04-22,rth,att_eff,-0.7613988839162031,0.5895487039677487,0.2644610609995337,41
2024-04-22,rth,def_eff,-0.674102570266397,0.6308473092906204,0.263980487313068,41
2024-04-22,rth,att_large,0.0,0.3291918591387903,0.08522210823077873,41
2024-04-22,rth,def_large,0.0,0.28640625,0.07755542041468902,41
2024-04-22,rth,balance,-0.07366864075595819,0.1901052531705808,0.020024732232465776,41
2024-04-22,rth,volume,0.3543576436290577,3.5113621050515715,0.540181465923069,41
2024-04-24,rth,delta,-0.2665289206917114,0.25189803220035767,0.0999125604732004,40
2024-04-24,rth,def_cancel,0.38451691974049934,0.48441066285534795,0.0186063932642956,40
2024-04-24,rth,att_cancel,0.38285917680179915,0.48498178450959173,0.01965403764433219,40
2024-04-24,rth,def_refill,0.2841847826086957,0.6661956521739131,0.06983875408073212,40
2024-04-24,rth,att_refill,0.28560606060606064,0.6677272727272727,0.06897649240181346,40
2024-04-24,rth,def_hidden,0.0,0.04974418604651163,0.021001914604280327,40
2024-04-24,rth,att_eff,-0.7591986435450566,0.5807477424831626,0.2614180756937697,40
2024-04-24,rth,def_eff,-0.656932177114331,0.6244084118585955,0.26099682362879867,40
2024-04-24,rth,att_large,0.0,0.3247566394797347,0.08394871225107259,40
2024-04-24,rth,def_large,0.0,0.2824895833333333,0.07710273239065607,40
2024-04-24,rth,balance,-0.07178454151362573,0.19104730279174698,0.01993251474641918,40
2024-04-24,rth,volume,0.32214331239005245,3.5113621050515715,0.5665235217010044,40
2024-04-25,rth,delta,-0.2665289206917114,0.25000596302921885,0.0992821608749848,41
2024-04-25,rth,def_cancel,0.3850291953462165,0.48466680065820655,0.018429981300881103,41
2024-04-25,rth,att_cancel,0.38363676010921893,0.48498178450959173,0.019457876396872697,41
2024-04-25,rth,def_refill,0.2846739130434783,0.6657065217391305,0.06933858807631763,41
2024-04-25,rth,att_refill,0.2865909090909091,0.66625,0.068495027665688,41
2024-04-25,rth,def_hidden,0.0,0.048782945736434116,0.020720114664219448,41
2024-04-25,rth,att_eff,-0.7613988839162031,0.5829479828543094,0.26142191691634753,41
2024-04-25,rth,def_eff,-0.6612247754023475,0.626554711002604,0.2608143337372019,41
2024-04-25,rth,att_large,0.0,0.3237710351110557,0.08314731224989394,41
2024-04-25,rth,def_large,0.0,0.28297916666666667,0.07643398078448817,41
2024-04-25,rth,balance,-0.07319761594537505,0.18869217873883148,0.019885348058895098,41
2024-04-25,rth,volume,0.3543576436290577,3.4791477738125662,0.5587433385107222,41
2024-04-26,rth,delta,-0.2665289206917114,0.25095199761478826,0.0995998332592933,42
2024-04-26,rth,def_cancel,0.3852853331490751,0.48466680065820655,0.01846671658172452,42
2024-04-26,rth,att_cancel,0.3838959545450255,0.4852409789453983,0.019492321252376592,42
2024-04-26,rth,def_refill,0.2846739130434783,0.6657065217391305,0.06948753814431141,42
2024-04-26,rth,att_refill,0.2865909090909091,0.66625,0.06873547977566825,42
2024-04-26,rth,def_hidden,0.0,0.04926356589147287,0.02084411411862936,42
2024-04-26,rth,att_eff,-0.7613988839162031,0.5807477424831626,0.26152760621781473,42
2024-04-26,rth,def_eff,-0.656932177114331,0.6244084118585955,0.26080846068429964,42
2024-04-26,rth,att_large,0.0,0.3237710351110557,0.08327789760320103,42
2024-04-26,rth,def_large,0.0,0.2824895833333333,0.07637613114814962,42
2024-04-26,rth,balance,-0.07319761594537505,0.18822115392824834,0.0198311593108247,42
2024-04-26,rth,volume,0.3543576436290577,3.4791477738125662,0.5568135521146945,42
2024-04-29,rth,delta,-0.2646368515205725,0.25000596302921885,0.09928476976396408,40
2024-04-29,rth,def_cancel,0.3857976087547923,0.48517907626392365,0.01856196962300302,40
2024-04-29,rth,att_cancel,0.38337756567341236,0.4855001733812049,0.01954012552618658,40
2024-04-29,rth,def_refill,0.2841847826086957,0.6603260869565218,0.06926033524291197,40
2024-04-29,rth,att_refill,0.28560606060606064,0.6608333333333334,0.06863592512470251,40
2024-04-29,rth,def_hidden,0.0,0.048062015503875975,0.020927293697090853,40
2024-04-29,rth,att_eff,-0.752597922431617,0.5785475021120163,0.2604344040040878,40
2024-04-29,rth,def_eff,-0.6633710745463557,0.6222621127145875,0.25975608337523515,40
2024-04-29,rth,att_large,0.0,0.3198286176363397,0.08300421100684435,40
2024-04-29,rth,def_large,0.0,0.2795520833333333,0.07605543732135739,40
2024-04-29,rth,balance,-0.07366864075595819,0.1901052531705808,0.01991122056235469,40
2024-04-29,rth,volume,0.3543576436290577,3.5113621050515715,0.56263001883256,40
2024-05-01,rth,delta,-0.2646368515205725,0.25000596302921885,0.09886757912491216,39
2024-05-01,rth,def_cancel,0.38630988436050945,0.48517907626392365,0.018526903920444045,39
2024-05-01,rth,att_cancel,0.3841551489808321,0.4855001733812049,0.019490426625429515,39
2024-05-01,rth,def_refill,0.28369565217391307,0.6598369565217392,0.06894096121972988,39
2024-05-01,rth,att_refill,0.2851136363636364,0.6598484848484849,0.06793152851140119,39
2024-05-01,rth,def_hidden,0.0,0.048062015503875975,0.020887942298833145,39
2024-05-01,rth,att_eff,-0.7503976820604705,0.57634726174087,0.26053958934465676,39
2024-05-01,rth,def_eff,-0.6633710745463557,0.6222621127145875,0.25980041202902715,39
2024-05-01,rth,att_large,0.0,0.3188430132676606,0.0823708445770726,39
2024-05-01,rth,def_large,0.0,0.2780833333333333,0.0751856239302893,39
2024-05-01,rth,balance,-0.07461069037712437,0.19057627798116383,0.019807464715540776,39
2024-05-01,rth,volume,0.3543576436290577,3.4791477738125662,0.4333880073262937,39
2024-05-02,rth,delta,-0.26369081693500296,0.25000596302921885,0.09938803817563979,40
2024-05-02,rth,def_cancel,0.38656602216336805,0.48517907626392365,0.018690444962580145,40
2024-05-02,rth,att_cancel,0.3841551489808321,0.48575936781701146,0.019720762483445085,40
2024-05-02,rth,def_refill,0.28271739130434786,0.6583695652173913,0.06897388617944564,40
2024-05-02,rth,att_refill,0.28363636363636363,0.657878787878788,0.06791468480292732,40
2024-05-02,rth,def_hidden,0.0,0.047581395348837215,0.020764678170698162,40
2024-05-02,rth,att_eff,-0.7415967205758847,0.57634726174087,0.26169711353746017,40
2024-05-02,rth,def_eff,-0.6590784762583393,0.6222621127145875,0.26090106340242186,40
2024-05-02,rth,att_large,0.0,0.3178574088989816,0.08290430210956239,40
2024-05-02,rth,def_large,0.0,0.27710416666666665,0.07517126394751006,40
2024-05-02,rth,balance,-0.07508171518770751,0.18963422835999766,0.019906467817035627,40
2024-05-02,rth,volume,0.3543576436290577,3.575790767529582,0.4318247686111286,40
2024-05-03,rth,delta,-0.26274478234943355,0.24905992844364944,0.09889518491263084,41
2024-05-03,rth,def_cancel,0.3870782977690852,0.48543521406678225,0.01862662512470423,41
2024-05-03,rth,att_cancel,0.38467353785244524,0.48601856225281803,0.019632872065625202,41
2024-05-03,rth,def_refill,0.28320652173913047,0.6573913043478261,0.06866806124079096,41
2024-05-03,rth,att_refill,0.2831439393939394,0.6564015151515152,0.06766206155655237,41
2024-05-03,rth,def_hidden,0.0,0.047341085271317834,0.02062675301836839,41
2024-05-03,rth,att_eff,-0.7415967205758847,0.57634726174087,0.2608211988821703,41
2024-05-03,rth,def_eff,-0.656932177114331,0.6222621127145875,0.26012357078567255,41
2024-05-03,rth,att_large,0.0,0.3168718045303026,0.08270516652816552,41
2024-05-03,rth,def_large,0.0,0.27661458333333333,0.07502974809007129,41
2024-05-03,rth,balance,-0.07508171518770751,0.20188087343515837,0.019854557877296883,41
2024-05-03,rth,volume,0.3543576436290577,3.575790767529582,0.42874369855732547,41
2024-05-07,rth,delta,-0.2599066785927251,0.2481138938580798,0.09723680081503981,38
2024-05-07,rth,def_cancel,0.3870782977690852,0.48569135186964085,0.018501170774489168,38
2024-05-07,rth,att_cancel,0.38441434341663866,0.48601856225281803,0.019405590416024424,38
2024-05-07,rth,def_refill,0.2817391304347826,0.6515217391304349,0.06745789630589735,38
2024-05-07,rth,att_refill,0.28117424242424244,0.6455681818181819,0.06609411041202647,38
2024-05-07,rth,def_hidden,0.0,0.04565891472868217,0.019615830666366053,38
2024-05-07,rth,att_eff,-0.7415967205758847,0.57634726174087,0.25966986281323295,38
2024-05-07,rth,def_eff,-0.656932177114331,0.6179695144265707,0.25964369561242356,38
2024-05-07,rth,att_large,0.0,0.3144077936086051,0.08123683962298793,38
2024-05-07,rth,def_large,0.0,0.27318749999999997,0.07324620595694609,38
2024-05-07,rth,balance,-0.0755527399982906,0.20423599748807397,0.020056630629456156,38
2024-05-07,rth,volume,0.32214331239005245,3.543576436290577,0.43490059641023965,38
2024-05-08,rth,delta,-0.2646368515205725,0.25000596302921885,0.09782568609005529,38
2024-05-08,rth,def_cancel,0.3857976087547923,0.48492293846106516,0.018683720350032188,38
2024-05-08,rth,att_cancel,0.38363676010921893,0.48575936781701146,0.01958768943443853,38
2024-05-08,rth,def_refill,0.28271739130434786,0.6549456521739131,0.0677158454276578,38
2024-05-08,rth,att_refill,0.2806818181818182,0.65,0.06635978412471892,38
2024-05-08,rth,def_hidden,0.0,0.04589922480620155,0.01946532993985476,38
2024-05-08,rth,att_eff,-0.7591986435450566,0.5785475021120163,0.2611518301747664,38
2024-05-08,rth,def_eff,-0.6612247754023475,0.628701010146612,0.26118282693324957,38
2024-05-08,rth,att_large,0.0,0.3203214198206792,0.08246429514196407,38
2024-05-08,rth,def_large,0.0,0.2790625,0.07459762121068714,38
2024-05-08,rth,balance,-0.07649478961945683,0.2094172704044881,0.019971539420899097,38
2024-05-08,rth,volume,0.32214331239005245,3.575790767529582,0.4329371117510557,38
2024-05-10,rth,delta,-0.2655828861061419,0.25000596302921885,0.09772064655282045,39
2024-05-10,rth,def_cancel,0.3860537465576509,0.48492293846106516,0.01866037906536896,39
2024-05-10,rth,att_cancel,0.38363676010921893,0.48575936781701146,0.019557281459148628,39
2024-05-10,rth,def_refill,0.28271739130434786,0.6549456521739131,0.06775125255409384,39
2024-05-10,rth,att_refill,0.2806818181818182,0.6514772727272727,0.06639240302142745,39
2024-05-10,rth,def_hidden,0.0,0.04589922480620155,0.01945553171121837,39
2024-05-10,rth,att_eff,-0.7591986435450566,0.5785475021120163,0.26103900323963086,39
2024-05-10,rth,def_eff,-0.6633710745463557,0.628701010146612,0.2610267557878416,39
2024-05-10,rth,att_large,0.0,0.3198286176363397,0.08231381252119087,39
2024-05-10,rth,def_large,0.0,0.2795520833333333,0.07456371488095606,39
2024-05-10,rth,balance,-0.07696581443003991,0.20894624559390496,0.019940031189885885,39
2024-05-10,rth,volume,0.32214331239005245,3.575790767529582,0.4318829091366629,39
2024-05-14,rth,delta,-0.2712590936195588,0.25568217054263576,0.09991419341099934,36
2024-05-14,rth,def_cancel,0.3837485063319236,0.48312997384105505,0.0191803403689924,36
2024-05-14,rth,att_cancel,0.38078562131534655,0.4834266178947523,0.020158049446898373,36
2024-05-14,rth,def_refill,0.278804347826087,0.6593478260869565,0.06858551114050306,36
2024-05-14,rth,att_refill,0.27625,0.6544318181818182,0.06710214352469447,36
2024-05-14,rth,def_hidden,0.0,0.04589922480620155,0.020152707346303797,36
2024-05-14,rth,att_eff,-0.7657993646584962,0.57634726174087,0.265266464579021,36
2024-05-14,rth,def_eff,-0.6633710745463557,0.6351399075786368,0.26378841073497883,36
2024-05-14,rth,att_large,0.0,0.3282062547701113,0.08460450511568056,36
2024-05-14,rth,def_large,0.0,0.28346875,0.07574715854642103,36
2024-05-14,rth,balance,-0.0755527399982906,0.2202508410478995,0.019991364087450985,36
2024-05-14,rth,volume,0.32214331239005245,3.6402194300075927,0.44048664751566097,36
2024-05-15,rth,delta,-0.2703130590339893,0.258520274299344,0.09942045487761227,36
2024-05-15,rth,def_cancel,0.3837485063319236,0.48364224944677214,0.019162869041711605,36
2024-05-15,rth,att_cancel,0.3813040101869597,0.4839450067663654,0.020112509218794608,36
2024-05-15,rth,def_refill,0.2792934782608696,0.6598369565217392,0.06823796182936184,36
2024-05-15,rth,att_refill,0.2772348484848485,0.6564015151515152,0.06708289728659034,36
2024-05-15,rth,def_hidden,0.0,0.04541860465116279,0.020103067086903015,36
2024-05-15,rth,att_eff,-0.7679996050296427,0.5961494250811885,0.26595679319077703,36
2024-05-15,rth,def_eff,-0.6762488694104054,0.6394325058666532,0.26504710210530097,36
2024-05-15,rth,att_large,0.0,0.3316558700604878,0.08439075630067863,36
2024-05-15,rth,def_large,0.0,0.28591666666666665,0.07554728318963325,36
2024-05-15,rth,balance,-0.07602376480887368,0.21930879142673332,0.019894601263189236,36
2024-05-15,rth,volume,0.2899289811510472,3.6402194300075927,0.44263024458466765,36
2024-05-16,rth,delta,-0.2712590936195588,0.258520274299344,0.1003025269012136,37
2024-05-16,rth,def_cancel,0.3832362307262064,0.48364224944677214,0.019345988355797226,37
2024-05-16,rth,att_cancel,0.38078562131534655,0.4839450067663654,0.020311545366464234,37
2024-05-16,rth,def_refill,0.2792934782608696,0.6608152173913044,0.06920515959538105,37
2024-05-16,rth,att_refill,0.2772348484848485,0.657878787878788,0.06826540601302715,37
2024-05-16,rth,def_hidden,0.0,0.04517829457364342,0.020076342459999365,37
2024-05-16,rth,att_eff,-0.7679996050296427,0.5939491847100418,0.2666791265494612,37
2024-05-16,rth,def_eff,-0.6762488694104054,0.6394325058666532,0.26560450980069017,37
2024-05-16,rth,att_large,0.0,0.3370766940882224,0.08514595358211466,37
2024-05-16,rth,def_large,0.0,0.29032291666666665,0.0765678670642619,37
2024-05-16,rth,balance,-0.07696581443003991,0.21883776661615018,0.01997102416816043,37
2024-05-16,rth,volume,0.2899289811510472,3.7046480924856033,0.46666262769280126,37
2024-05-17,rth,delta,-0.2703130590339893,0.258520274299344,0.09961779555528415,38
2024-05-17,rth,def_cancel,0.3837485063319236,0.48364224944677214,0.019189765055959304,38
2024-05-17,rth,att_cancel,0.38156320462276627,0.484204201202172,0.020131790947953556,38
2024-05-17,rth,def_refill,0.2797826086956522,0.6637500000000001,0.06896368656203244,38
2024-05-17,rth,att_refill,0.27772727272727277,0.6613257575757576,0.06795556247389734,38
2024-05-17,rth,def_hidden,0.0,0.0442170542635659,0.01982713982891988,38
2024-05-17,rth,att_eff,-0.7701998454007892,0.5983496654523348,0.26653712227434656,38
2024-05-17,rth,def_eff,-0.6805414676984218,0.6415788050106617,0.2654385229704533,38
2024-05-17,rth,att_large,0.0,0.3380622984569014,0.08455389515480784,38
2024-05-17,rth,def_large,0.0,0.29179166666666667,0.07603975389902365,38
2024-05-17,rth,balance,-0.08073401291470478,0.21601161775265154,0.019836765174031053,38
2024-05-17,rth,volume,0.2899289811510472,3.672433761246598,0.46072716573807115,38
2024-05-20,rth,delta,-0.26936702444841987,0.2575742397137746,0.09817300318676749,36
2024-05-20,rth,def_cancel,0.3870782977690852,0.48415452505248935,0.018712848522241195,36
2024-05-20,rth,att_cancel,0.38467353785244524,0.48472259007378515,0.01986075464332738,36
2024-05-20,rth,def_refill,0.2802717391304348,0.661304347826087,0.06760287123254519,36
2024-05-20,rth,att_refill,0.27871212121212124,0.6568939393939395,0.06648480315196553,36
2024-05-20,rth,def_hidden,0.0,0.04445736434108528,0.019563426815529125,36
2024-05-20,rth,att_eff,-0.7790008068853751,0.6049503865657742,0.26693623368426417,36
2024-05-20,rth,def_eff,-0.6848340659864383,0.6437251041546697,0.26588087002678706,36
2024-05-20,rth,att_large,0.0,0.3296846613231298,0.08270862224704581,36
2024-05-20,rth,def_large,0.0,0.28346875,0.07442887843588177,36
2024-05-20,rth,balance,-0.08120503772528787,0.2155405929420684,0.019271527610902894,36
2024-05-20,rth,volume,0.2899289811510472,3.575790767529582,0.4025188661400919,36
2024-05-21,rth,delta,-0.26842098986285035,0.258520274299344,0.09833825104631143,36
2024-05-21,rth,def_cancel,0.3873344355719438,0.48415452505248935,0.018725591026716143,36
2024-05-21,rth,att_cancel,0.38467353785244524,0.48472259007378515,0.019897921037363535,36
2024-05-21,rth,def_refill,0.2807608695652174,0.6627717391304349,0.06778161150685574,36
2024-05-21,rth,att_refill,0.278219696969697,0.6593560606060607,0.06660040068447001,36
2024-05-21,rth,def_hidden,0.0,0.0442170542635659,0.019580679498723292,36
2024-05-21,rth,att_eff,-0.7812010472565216,0.6071506269369209,0.26688791512392857,36
2024-05-21,rth,def_eff,-0.6848340659864383,0.6437251041546697,0.26602431671495624,36
2024-05-21,rth,att_large,0.0,0.3286990569544508,0.08272842362195675,36
2024-05-21,rth,def_large,0.0,0.28346875,0.07455503791257276,36
2024-05-21,rth,balance,-0.08120503772528787,0.21412751851031908,0.019231236510388397,36
2024-05-21,rth,volume,0.2899289811510472,3.575790767529582,0.402926124780387,36
2024-05-22,rth,delta,-0.26747495527728093,0.2547361359570661,0.0986304834720993,36
2024-05-22,rth,def_cancel,0.3875905733748024,0.48415452505248935,0.018792808550688524,36
2024-05-22,rth,att_cancel,0.38467353785244524,0.48498178450959173,0.019984327212446883,36
2024-05-22,rth,def_refill,0.2807608695652174,0.6622826086956523,0.0679967212810181,36
2024-05-22,rth,att_refill,0.278219696969697,0.6564015151515152,0.06684568545383297,36
2024-05-22,rth,def_hidden,0.0,0.04397674418604652,0.019667032354388513,36
2024-05-22,rth,att_eff,-0.774600326143082,0.611551107679214,0.2685328158826524,36
2024-05-22,rth,def_eff,-0.6848340659864383,0.6437251041546697,0.2676459479872552,36
2024-05-22,rth,att_large,0.0,0.3282062547701113,0.08283591850449572,36
2024-05-22,rth,def_large,0.0,0.28297916666666667,0.07486290498863428,36
2024-05-22,rth,balance,-0.08167606253587095,0.2155405929420684,0.019321293711052335,36
2024-05-22,rth,volume,0.2899289811510472,3.6080050987685874,0.40505143262760424,36
2024-05-23,rth,delta,-0.26747495527728093,0.2537901013714967,0.09819211870186986,37
2024-05-23,rth,def_cancel,0.387846711177661,0.48415452505248935,0.018733242953214713,37
2024-05-23,rth,att_cancel,0.38467353785244524,0.4852409789453983,0.019941417816597536,37
2024-05-23,rth,def_refill,0.2817391304347826,0.6661956521739131,0.06803638439282941,37
2024-05-23,rth,att_refill,0.2792045454545455,0.6618181818181819,0.06694680707887803,37
2024-05-23,rth,def_hidden,0.0,0.043015503875968995,0.019404084747680638,37
2024-05-23,rth,att_eff,-0.7922022491122542,0.611551107679214,0.26809109492026334,37
2024-05-23,rth,def_eff,-0.6912729634184631,0.6480177024426865,0.267478977923294,37
2024-05-23,rth,att_large,0.0,0.3272206504014323,0.08237085739083366,37
2024-05-23,rth,def_large,0.0,0.2824895833333333,0.07445582376661253,37
2024-05-23,rth,balance,-0.08073401291470478,0.21224341926798673,0.0192381363498952,37
2024-05-23,rth,volume,0.2899289811510472,3.575790767529582,0.4006823748351898,37
2024-05-24,rth,delta,-0.2646368515205725,0.2528440667859273,0.09818753785208335,38
2024-05-24,rth,def_cancel,0.3886151245862367,0.48466680065820655,0.018686182519861032,38
2024-05-24,rth,att_cancel,0.3857103155956716,0.48575936781701146,0.01987609998116775,38
2024-05-24,rth,def_refill,0.28320652173913047,0.6705978260869566,0.06836872217734026,38
2024-05-24,rth,att_refill,0.28117424242424244,0.6647727272727273,0.0669669948859113,38
2024-05-24,rth,def_hidden,0.0,0.04637984496124031,0.019274843079549686,38
2024-05-24,rth,att_eff,-0.7812010472565216,0.6093508673080672,0.2681626203472009,38
2024-05-24,rth,def_eff,-0.6848340659864383,0.6437251041546697,0.26737129067985876,38
2024-05-24,rth,att_large,0.0,0.3242638372953952,0.08188540017692385,38
2024-05-24,rth,def_large,0.0,0.28004166666666663,0.07344256032557211,38
2024-05-24,rth,balance,-0.08120503772528787,0.20282292305632466,0.019010132437358787,38
2024-05-24,rth,volume,0.2899289811510472,3.543576436290577,0.391079879684301,38
2024-05-28,rth,delta,-0.2655828861061419,0.25095199761478826,0.09703670510122132,35
2024-05-28,rth,def_cancel,0.38963967579767106,0.48492293846106516,0.018309673034912776,35
2024-05-28,rth,att_cancel,0.3867470933388979,0.48601856225281803,0.019580377071387545,35
2024-05-28,rth,def_refill,0.2841847826086957,0.6730434782608696,0.06697384017115374,35
2024-05-28,rth,att_refill,0.2816666666666667,0.6652651515151515,0.0659920197162407,35
2024-05-28,rth,def_hidden,0.0,0.047100775193798454,0.019001648376266018,35
2024-05-28,rth,att_eff,-0.7679996050296427,0.6093508673080672,0.26671030749163716,35
2024-05-28,rth,def_eff,-0.6955655617064795,0.6415788050106617,0.2659524108673858,35
2024-05-28,rth,att_large,0.0,0.3188430132676606,0.08001192717520608,35
2024-05-28,rth,def_large,0.0,0.28004166666666663,0.07279591340263973,35
2024-05-28,rth,balance,-0.08497323620995273,0.2023518982457415,0.018844587888429094,35
2024-05-28,rth,volume,0.2899289811510472,3.4469334425735614,0.33909317114307824,35
2024-05-29,rth,delta,-0.2646368515205725,0.25095199761478826,0.09690777574065304,36
2024-05-29,rth,def_cancel,0.38963967579767106,0.48466680065820655,0.018273306563559397,36
2024-05-29,rth,att_cancel,0.38700628777470447,0.48601856225281803,0.0195451385843218,36
2024-05-29,rth,def_refill,0.2846739130434783,0.6735326086956522,0.06694966698441554,36
2024-05-29,rth,att_refill,0.2816666666666667,0.6647727272727273,0.06593230817476688,36
2024-05-29,rth,def_hidden,0.0,0.04637984496124031,0.018885500741883235,36
2024-05-29,rth,att_eff,-0.7701998454007892,0.6071506269369209,0.2671119291841483,36
2024-05-29,rth,def_eff,-0.6934192625624713,0.6415788050106617,0.2663582124806201,36
2024-05-29,rth,att_large,0.0,0.3178574088989816,0.07979148996982634,36
2024-05-29,rth,def_large,0.0,0.28004166666666663,0.07253674517678951,36
2024-05-29,rth,balance,-0.08544426102053582,0.20046779900340905,0.018834832731073205,36
2024-05-29,rth,volume,0.2899289811510472,3.4469334425735614,0.33797335592892286,36
2024-05-30,rth,delta,-0.26369081693500296,0.25000596302921885,0.09609630488658268,37
2024-05-30,rth,def_cancel,0.3904080892062468,0.48517907626392365,0.018093547852511004,37
2024-05-30,rth,att_cancel,0.3877838710821242,0.4862777566886246,0.019277703304495356,37
2024-05-30,rth,def_refill,0.28663043478260875,0.6764673913043479,0.06666204378997902,37
2024-05-30,rth,att_refill,0.28363636363636363,0.6696969696969697,0.0655671864120697,37
2024-05-30,rth,def_hidden,0.0,0.04445736434108528,0.018402096148813437,37
2024-05-30,rth,att_eff,-0.7724000857719355,0.611551107679214,0.2683273740019287,37
2024-05-30,rth,def_eff,-0.7020044591385044,0.6437251041546697,0.26778849452419745,37
2024-05-30,rth,att_large,0.0,0.3119437826869076,0.07867144465203774,37
2024-05-30,rth,def_large,0.0,0.2795520833333333,0.07191169066347176,37
2024-05-30,rth,balance,-0.08356016177820341,0.19293140203407944,0.018564871072293463,37
2024-05-30,rth,volume,0.2899289811510472,3.382504780095551,0.33233492101247314,37
2024-05-31,rth,delta,-0.26274478234943355,0.25095199761478826,0.09646528094383043,38
2024-05-31,rth,def_cancel,0.3901519514033882,0.48517907626392365,0.0181329474135544,38
2024-05-31,rth,att_cancel,0.3877838710821242,0.4862777566886246,0.019309845507505592,38
2024-05-31,rth,def_refill,0.2861413043478261,0.6769565217391305,0.06698108417547587,38
2024-05-31,rth,att_refill,0.28412878787878787,0.6706818181818183,0.06581322501240754,38
2024-05-31,rth,def_hidden,0.0,0.043736434108527136,0.01899439918978312,38
2024-05-31,rth,att_eff,-0.7812010472565216,0.6137513480503602,0.26899888885905676,38
2024-05-31,rth,def_eff,-0.7020044591385044,0.6501640015866945,0.268516520865549,38
2024-05-31,rth,att_large,0.0,0.3134221892399261,0.07882418134669726,38
2024-05-31,rth,def_large,0.0,0.2790625,0.07197731385866274,38
2024-05-31,rth,balance,-0.08308913696762027,0.19293140203407944,0.018538607138719295,38
2024-05-31,rth,volume,0.2899289811510472,3.414719111334556,0.33151027417739104,38
2024-06-03,rth,delta,-0.2608527131782946,0.2528440667859273,0.09819327263090641,36
2024-06-03,rth,def_cancel,0.3904080892062468,0.48569135186964085,0.018494483008807766,36
2024-06-03,rth,att_cancel,0.3890798432611571,0.48705533999604445,0.01961767265185938,36
2024-06-03,rth,def_refill,0.2846739130434783,0.6740217391304348,0.06788152795293836,36
2024-06-03,rth,att_refill,0.2831439393939394,0.6667424242424242,0.06684167375079375,36
2024-06-03,rth,def_hidden,0.0,0.04493798449612404,0.01954728785687141,36
2024-06-03,rth,att_eff,-0.7657993646584962,0.6027501461946279,0.26925630423550273,36
2024-06-03,rth,def_eff,-0.6848340659864383,0.6415788050106617,0.268949238263261,36
2024-06-03,rth,att_large,0.0,0.3129293870555866,0.08032644126183573,36
2024-06-03,rth,def_large,0.0,0.282,0.07325252032625103,36
2024-06-03,rth,balance,-0.08450221139936959,0.18445295544358353,0.0187686327814735,36
2024-06-03,rth,volume,0.32214331239005245,3.4791477738125662,0.3402218010856347,36
2024-06-04,rth,delta,-0.2589606440071557,0.2528440667859273,0.09678986346559558,36
2024-06-04,rth,def_cancel,0.39168877822053977,0.48594748967249946,0.018118292218850012,36
2024-06-04,rth,att_cancel,0.39011662100438343,0.48705533999604445,0.019245588753950542,36
2024-06-04,rth,def_refill,0.2856521739130435,0.6745108695652174,0.0673765902767071,36
2024-06-04,rth,att_refill,0.28412878787878787,0.6677272727272727,0.06591123402545919,36
2024-06-04,rth,def_hidden,0.0,0.04445736434108528,0.01929624946801799,36
2024-06-04,rth,att_eff,-0.7657993646584962,0.6093508673080672,0.2678178097137386,36
2024-06-04,rth,def_eff,-0.6934192625624713,0.6372862067226452,0.2672253235074572,36
2024-06-04,rth,att_large,0.0,0.3129293870555866,0.07944710077437662,36
2024-06-04,rth,def_large,0.0,0.27759375,0.07137240198135374,36
2024-06-04,rth,balance,-0.08356016177820341,0.18256885620125107,0.01862262668190274,36
2024-06-04,rth,volume,0.32214331239005245,3.31807611761754,0.33641246207473524,36
2024-06-06,rth,delta,-0.2589606440071557,0.2537901013714967,0.09731484267140286,36
2024-06-06,rth,def_cancel,0.3919449160233983,0.48620362747535806,0.018242461435257953,36
2024-06-06,rth,att_cancel,0.39115339874760974,0.487314534431851,0.019271161635771215,36
2024-06-06,rth,def_refill,0.2856521739130435,0.6745108695652174,0.06774781209634223,36
2024-06-06,rth,att_refill,0.28363636363636363,0.6687121212121212,0.06631108724415057,36
2024-06-06,rth,def_hidden,0.0,0.04397674418604652,0.01929613727391312,36
2024-06-06,rth,att_eff,-0.7657993646584962,0.611551107679214,0.2692859657755559,36
2024-06-06,rth,def_eff,-0.6977118608504878,0.6372862067226452,0.2695508540221972,36
2024-06-06,rth,att_large,0.0,0.3129293870555866,0.07989420368055355,36
2024-06-06,rth,def_large,0.0,0.2780833333333333,0.07157053982560967,36
2024-06-06,rth,balance,-0.0840311865887865,0.18492398025416656,0.01898555798010463,36
2024-06-06,rth,volume,0.32214331239005245,3.414719111334556,0.3387828331033317,36
2024-06-07,rth,delta,-0.2589606440071557,0.2528440667859273,0.09719113381316527,37
2024-06-07,rth,def_cancel,0.3922010538262569,0.48620362747535806,0.018197916329298063,37
2024-06-07,rth,att_cancel,0.39141259318341637,0.487314534431851,0.019233608915618046,37
2024-06-07,rth,def_refill,0.2861413043478261,0.6745108695652174,0.06775377036912893,37
2024-06-07,rth,att_refill,0.28412878787878787,0.6692045454545454,0.06629943578757032,37
2024-06-07,rth,def_hidden,0.0,0.0442170542635659,0.01921468790453161,37
2024-06-07,rth,att_eff,-0.7657993646584962,0.611551107679214,0.27041914164006603,37
2024-06-07,rth,def_eff,-0.6977118608504878,0.6372862067226452,0.27065799060854123,37
2024-06-07,rth,att_large,0.0,0.31145098050256803,0.07972901533158683,37
2024-06-07,rth,def_large,0.0,0.27759375,0.07137154866073527,37
2024-06-07,rth,balance,-0.08356016177820341,0.18351090582241725,0.018941122474472518,37
2024-06-07,rth,volume,0.32214331239005245,3.382504780095551,0.3376866727978932,37
2024-06-10,rth,delta,-0.25612254025044723,0.25000596302921885,0.09516034551551465,35
2024-06-10,rth,def_cancel,0.3942501562491256,0.48645976527821666,0.017747208044558104,35
2024-06-10,rth,att_cancel,0.39270856536244925,0.4875737288676576,0.018619092580263244,35
2024-06-10,rth,def_refill,0.28711956521739135,0.6774456521739131,0.06702555828162494,35
2024-06-10,rth,att_refill,0.28560606060606064,0.6731439393939395,0.06559323774476605,35
2024-06-10,rth,def_hidden,0.0,0.04085271317829458,0.018110088252901793,35
2024-06-10,rth,att_eff,-0.7635991242873497,0.6093508673080672,0.26881145603410106,35
2024-06-10,rth,def_eff,-0.6977118608504878,0.6329936084346288,0.2691202699983794,35
2024-06-10,rth,att_large,0.0,0.3060301564748335,0.0779571736709244,35
2024-06-10,rth,def_large,0.0,0.27269791666666665,0.06958531102301893,35
2024-06-10,rth,balance,-0.0859152858311189,0.1924603772234963,0.01869596583474231,35
2024-06-10,rth,volume,0.32214331239005245,3.31807611761754,0.3409192991479329,35
2024-06-11,rth,delta,-0.2551765056648778,0.24905992844364944,0.09541248323011639,35
2024-06-11,rth,def_cancel,0.3937378806434084,0.48645976527821666,0.017802928050548072,35
2024-06-11,rth,att_cancel,0.3932269542340624,0.48783292330346417,0.01872589727484453,35
2024-06-11,rth,def_refill,0.28663043478260875,0.6803804347826088,0.06721164067277591,35
2024-06-11,rth,att_refill,0.2860984848484849,0.6746212121212122,0.06601407000377005,35
2024-06-11,rth,def_hidden,0.0,0.042294573643410854,0.018416990057650174,35
2024-06-11,rth,att_eff,-0.7635991242873497,0.611551107679214,0.27159860414233383,35
2024-06-11,rth,def_eff,-0.7020044591385044,0.6394325058666532,0.2722204475100473,35
2024-06-11,rth,att_large,0.0,0.3070157608435125,0.07825165459783935,35
2024-06-11,rth,def_large,0.0,0.27857291666666667,0.07021120828229761,35
2024-06-11,rth,balance,-0.0859152858311189,0.19198935241291315,0.018766998261910965,35
2024-06-11,rth,volume,0.32214331239005245,3.31807611761754,0.34075886932888777,35
2024-06-12,rth,delta,-0.2542304710793083,0.25000596302921885,0.09530035185069866,35
2024-06-12,rth,def_cancel,0.3950185696577014,0.48671590308107526,0.01781343155746804,35
2024-06-12,rth,att_cancel,0.3945229264130953,0.4883513121750773,0.018732367150515215,35
2024-06-12,rth,def_refill,0.28711956521739135,0.6823369565217392,0.06752777949426444,35
2024-06-12,rth,att_refill,0.28560606060606064,0.6760984848484849,0.06601603423794646,35
2024-06-12,rth,def_hidden,0.0,0.041813953488372094,0.018396738469944215,35
2024-06-12,rth,att_eff,-0.7679996050296427,0.6137513480503602,0.2736975689147087,35
2024-06-12,rth,def_eff,-0.7041507582825126,0.6437251041546697,0.27451705505022367,35
2024-06-12,rth,att_large,0.0,0.307508563027852,0.07834367800600885,35
2024-06-12,rth,def_large,0.0,0.2790625,0.06942890326787199,35
2024-06-12,rth,balance,-0.08732836026286822,0.19528652608699493,0.018707417918666598,35
2024-06-12,rth,volume,0.32214331239005245,3.382504780095551,0.34322748306345024,35
2024-06-13,rth,delta,-0.2532844364937389,0.24905992844364944,0.09551075464513419,36
2024-06-13,rth,def_cancel,0.3952747074605599,0.48671590308107526,0.017824043712288833,36
2024-06-13,rth,att_cancel,0.3945229264130953,0.4883513121750773,0.018729570052140137,36
2024-06-13,rth,def_refill,0.28663043478260875,0.6818478260869566,0.06761337433557392,36
2024-06-13,rth,att_refill,0.28560606060606064,0.6760984848484849,0.06612517555641408,36
2024-06-13,rth,def_hidden,0.0,0.041813953488372094,0.01838826615838182,36
2024-06-13,rth,att_eff,-0.7657993646584962,0.611551107679214,0.274833710709472,36
2024-06-13,rth,def_eff,-0.7020044591385044,0.6415788050106617,0.27532872163919503,36
2024-06-13,rth,att_large,0.0,0.3060301564748335,0.07815766317891967,36
2024-06-13,rth,def_large,0.0,0.28151041666666665,0.06960840806197112,36
2024-06-13,rth,balance,-0.08779938507345136,0.19151832760233012,0.0189316939038554,36
2024-06-13,rth,volume,0.32214331239005245,3.3502904488565455,0.3402271625937536,36
2024-06-14,rth,delta,-0.2532844364937389,0.2481138938580798,0.09546056866631816,37
2024-06-14,rth,def_cancel,0.39553084526341853,0.48722817868679236,0.01778619628463279,37
2024-06-14,rth,att_cancel,0.3945229264130953,0.4883513121750773,0.018729306549336137,37
2024-06-14,rth,def_refill,0.28809782608695655,0.6808695652173914,0.06766905645857398,37
2024-06-14,rth,att_refill,0.2860984848484849,0.6765909090909091,0.06632668549173305,37
2024-06-14,rth,def_hidden,0.0,0.042534883720930235,0.01831536176511488,37
2024-06-14,rth,att_eff,-0.7635991242873497,0.611551107679214,0.2745568160453223,37
2024-06-14,rth,def_eff,-0.7020044591385044,0.6415788050106617,0.27515380919046056,37
2024-06-14,rth,att_large,0.0,0.306522958659173,0.07812366630397993,37
2024-06-14,rth,def_large,0.0,0.2795520833333333,0.06933637032951315,37
2024-06-14,rth,balance,-0.08685733545228513,0.18869217873883148,0.018826435848515177,37
2024-06-14,rth,volume,0.32214331239005245,3.3502904488565455,0.3922312457870461,37
2024-06-17,rth,delta,-0.25233840190816936,0.24622182468694098,0.0936036671199335,35
2024-06-17,rth,def_cancel,0.39732380988342864,0.48774045429250956,0.01706464767894241,35
2024-06-17,rth,att_cancel,0.39737406520696766,0.4888697010466905,0.01811899313404853,35
2024-06-17,rth,def_refill,0.3017934782608696,0.6877173913043478,0.06741791495650404,35
2024-06-17,rth,att_refill,0.29643939393939395,0.6869318181818183,0.06649551902910139,35
2024-06-17,rth,def_hidden,0.0,0.043255813953488376,0.015134599170329813,35
2024-06-17,rth,att_eff,-0.7900020087411077,0.6203520691638,0.2800123818680328,35
2024-06-17,rth,def_eff,-0.7148822540025539,0.6651880955947522,0.28096059502657056,35
2024-06-17,rth,att_large,0.0,0.2927244974976668,0.07310179610878416,35
2024-06-17,rth,def_large,0.0,0.2780833333333333,0.06549400039508928,35
2024-06-17,rth,balance,-0.08308913696762027,0.13782149919585607,0.0177196224580116,35
2024-06-17,rth,volume,0.2899289811510472,3.2536474551395296,0.4018535485932889,35
2024-06-20,rth,delta,-0.25139236732259995,0.24527579010137157,0.09228358930214975,34
2024-06-20,rth,def_cancel,0.39783608548914584,0.48799659209536816,0.01695622553950209,34
2024-06-20,rth,att_cancel,0.39737406520696766,0.48912889548249705,0.017959429210576385,34
2024-06-20,rth,def_refill,0.3042391304347826,0.6921195652173914,0.06752150111999786,34
2024-06-20,rth,att_refill,0.2984090909090909,0.6908712121212122,0.06652172663259791,34
2024-06-20,rth,def_hidden,0.0,0.042294573643410854,0.014207135700327132,34
2024-06-20,rth,att_eff,-0.8054036913391331,0.6401542325041185,0.2823937635985143,34
2024-06-20,rth,def_eff,-0.7299063480106116,0.6802121896028104,0.2837647307135784,34
2024-06-20,rth,att_large,0.0,0.29075328876030876,0.07147778483938928,34
2024-06-20,rth,def_large,0.0,0.28004166666666663,0.0646138649040019,34
2024-06-20,rth,balance,-0.08497323620995273,0.11945153158311494,0.017348248099032394,34
2024-06-20,rth,volume,0.2899289811510472,3.2214331239005247,0.4078614820937982,34
2024-06-21,rth,delta,-0.25233840190816936,0.24527579010137157,0.09191476937181604,35
2024-06-21,rth,def_cancel,0.39809222329200444,0.48850886770108526,0.01698480338663605,35
2024-06-21,rth,att_cancel,0.39789245407858087,0.4893880899183036,0.017934187376151926,35
2024-06-21,rth,def_refill,0.30521739130434783,0.6891847826086958,0.06724500828254056,35
2024-06-21,rth,att_refill,0.29939393939393943,0.6879166666666667,0.06618038788406531,35
2024-06-21,rth,def_hidden,0.0,0.04037209302325582,0.013862100995600216,35
2024-06-21,rth,att_eff,-0.8054036913391331,0.6401542325041185,0.2816261784173895,35
2024-06-21,rth,def_eff,-0.7299063480106116,0.6802121896028104,0.28288211941859376,35
2024-06-21,rth,att_large,0.0,0.28730367346993224,0.07094909829433407,35
2024-06-21,rth,def_large,0.0,0.27563541666666663,0.06383176454694234,35
2024-06-21,rth,balance,-0.08356016177820341,0.11803845715136563,0.017202058232837016,35
2024-06-21,rth,volume,0.2899289811510472,3.2214331239005247,0.39930208335842415,35
2024-06-24,rth,delta,-0.24950029815146102,0.2481138938580798,0.09274008880410033,34
2024-06-24,rth,def_cancel,0.39962905010915595,0.48902114330680246,0.017272161607344644,34
2024-06-24,rth,att_cancel,0.39815164851438745,0.4899064787899168,0.018273564098841566,34
2024-06-24,rth,def_refill,0.30375,0.6886956521739132,0.06804828394257137,34
2024-06-24,rth,att_refill,0.29939393939393943,0.6913636363636364,0.06694292468857899,34
2024-06-24,rth,def_hidden,0.0,0.03676744186046512,0.013841284126662651,34
2024-06-24,rth,att_eff,-0.7944024894834005,0.6445547132464116,0.28499838099625796,34
2024-06-24,rth,def_eff,-0.7406378437306529,0.6802121896028104,0.2866436154457808,34
2024-06-24,rth,att_large,0.0,0.28779647565427174,0.07163732832157442,34
2024-06-24,rth,def_large,0.0,0.2780833333333333,0.06490641051922623,34
2024-06-24,rth,balance,-0.0840311865887865,0.12086460601486426,0.01712174855077013,34
2024-06-24,rth,volume,0.32214331239005245,3.2536474551395296,0.355799592316251,34
2024-06-25,rth,delta,-0.2485542635658915,0.2471678592725104,0.09208652708419651,34
2024-06-25,rth,def_cancel,0.39937291230629735,0.48876500550394386,0.017184612338872703,34
2024-06-25,rth,att_cancel,0.39815164851438745,0.4896472843541102,0.018197329013684427,34
2024-06-25,rth,def_refill,0.30375,0.6891847826086958,0.06791556806042699,34
2024-06-25,rth,att_refill,0.29890151515151514,0.6913636363636364,0.06661279386551085,34
2024-06-25,rth,def_hidden,0.0,0.03628682170542636,0.013717735307463843,34
2024-06-25,rth,att_eff,-0.7944024894834005,0.6445547132464116,0.28452956783878186,34
2024-06-25,rth,def_eff,-0.7427841428746611,0.6802121896028104,0.28633762480238,34
2024-06-25,rth,att_large,0.0,0.28927488220729025,0.07129709025953117,34
2024-06-25,rth,def_large,0.0,0.27857291666666667,0.06482464425134499,34
2024-06-25,rth,balance,-0.08308913696762027,0.12039358120428123,0.017151462776944414,34
2024-06-25,rth,volume,0.32214331239005245,3.2214331239005247,0.3535223864713188,34
2024-06-26,rth,delta,-0.24950029815146102,0.24432975551580194,0.09194633732879154,34
2024-06-26,rth,def_cancel,0.39911677450343874,0.48876500550394386,0.01721085640202801,34
2024-06-26,rth,att_cancel,0.39789245407858087,0.4896472843541102,0.018246848793608425,34
2024-06-26,rth,def_refill,0.3042391304347826,0.6906521739130436,0.06794475647348955,34
2024-06-26,rth,att_refill,0.29890151515151514,0.6903787878787879,0.06699493853348534,34
2024-06-26,rth,def_hidden,0.0,0.03628682170542636,0.01362978397302701,34
2024-06-26,rth,att_eff,-0.7944024894834005,0.6401542325041185,0.2833386005567095,34
2024-06-26,rth,def_eff,-0.7320526471546198,0.6737732921707855,0.28547028207209396,34
2024-06-26,rth,att_large,0.0,0.29075328876030876,0.07131857335051522,34
2024-06-26,rth,def_large,0.0,0.2790625,0.06529372973579663,34
2024-06-26,rth,balance,-0.08308913696762027,0.1213356308254474,0.017236315671990902,34
2024-06-26,rth,volume,0.32214331239005245,3.2214331239005247,0.39373245303794285,34
2024-06-27,rth,delta,-0.25139236732259995,0.24622182468694098,0.09266090152767568,35
2024-06-27,rth,def_cancel,0.3986044988977216,0.48876500550394386,0.017406461237742435,35
2024-06-27,rth,att_cancel,0.39737406520696766,0.4893880899183036,0.01844346371321775,35
2024-06-27,rth,def_refill,0.3047282608695652,0.6896739130434784,0.06841526523767963,35
2024-06-27,rth,att_refill,0.2974242424242424,0.6903787878787879,0.06757845063895984,35
2024-06-27,rth,def_hidden,0.0,0.03676744186046512,0.013644494484265971,35
2024-06-27,rth,att_eff,-0.7944024894834005,0.6401542325041185,0.28409381075888385,35
2024-06-27,rth,def_eff,-0.7320526471546198,0.6694806938827691,0.28631075237165676,35
2024-06-27,rth,att_large,0.0,0.2932172996820063,0.0716877058490692,35
2024-06-27,rth,def_large,0.0,0.28444791666666663,0.06637100758933372,35
2024-06-27,rth,balance,-0.08120503772528787,0.1213356308254474,0.017144058650399252,35
2024-06-27,rth,volume,0.32214331239005245,3.2214331239005247,0.418234059405057,35
2024-06-28,rth,delta,-0.25233840190816936,0.24905992844364944,0.09221368154360027,36
2024-06-28,rth,def_cancel,0.39911677450343874,0.48850886770108526,0.017186980953685614,36
2024-06-28,rth,att_cancel,0.39815164851438745,0.4893880899183036,0.01817171672732056,36
2024-06-28,rth,def_refill,0.30521739130434783,0.6906521739130436,0.06777010107271175,36
2024-06-28,rth,att_refill,0.2984090909090909,0.6893939393939394,0.06701579836295381,36
2024-06-28,rth,def_hidden,0.0,0.03652713178294574,0.014600065867901933,36
2024-06-28,rth,att_eff,-0.7944024894834005,0.6401542325041185,0.28141948493823044,36
2024-06-28,rth,def_eff,-0.7427841428746611,0.6694806938827691,0.28346093996089555,36
2024-06-28,rth,att_large,0.0,0.29568131060370384,0.07178447328526083,36
2024-06-28,rth,def_large,0.0,0.28444791666666663,0.06590658114139498,36
2024-06-28,rth,balance,-0.08120503772528787,0.11803845715136563,0.016960672911986344,36
2024-06-28,rth,volume,0.32214331239005245,3.1892187926615194,0.408354738759657,36
2024-07-01,rth,delta,-0.25233840190816936,0.25095199761478826,0.09231381553956859,35
2024-07-01,rth,def_cancel,0.39757994768628724,0.48850886770108526,0.017501141348682952,35
2024-07-01,rth,att_cancel,0.3971148707711611,0.48912889548249705,0.018173563348188353,35
2024-07-01,rth,def_refill,0.30521739130434783,0.6906521739130436,0.06841295185157058,35
2024-07-01,rth,att_refill,0.29939393939393943,0.6903787878787879,0.06786692745110963,35
2024-07-01,rth,def_hidden,0.0,0.03604651162790698,0.014655145215508281,35
2024-07-01,rth,att_eff,-0.7944024894834005,0.6401542325041185,0.280557439052464,35
2024-07-01,rth,def_eff,-0.7427841428746611,0.6694806938827691,0.2825898557011431,35
2024-07-01,rth,att_large,0.0,0.30258054118445693,0.07260558735180865,35
2024-07-01,rth,def_large,0.0,0.28983333333333333,0.06769362741912432,35
2024-07-01,rth,balance,-0.07837888886178923,0.11898050677253191,0.016798513610752682,35
2024-07-01,rth,volume,0.32214331239005245,3.157004461422514,0.535684656171975,35
2024-07-02,rth,delta,-0.2532844364937389,0.2528440667859273,0.09410701313464985,35
2024-07-02,rth,def_cancel,0.39706767208057003,0.48850886770108526,0.0177977522619383,35
2024-07-02,rth,att_cancel,0.39607809302793473,0.48912889548249705,0.01858243373411608,35
2024-07-02,rth,def_refill,0.30521739130434783,0.6921195652173914,0.06981405590381977,35
2024-07-02,rth,att_refill,0.3003787878787879,0.6913636363636364,0.0688616830856923,35
2024-07-02,rth,def_hidden,0.0,0.03556589147286822,0.014604490747323848,35
2024-07-02,rth,att_eff,-0.796602729854547,0.6401542325041185,0.28332290100158064,35
2024-07-02,rth,def_eff,-0.7427841428746611,0.678065890458802,0.2854485359523405,35
2024-07-02,rth,att_large,0.0,0.3060301564748335,0.07409351034310298,35
2024-07-02,rth,def_large,0.0,0.2927708333333333,0.06869676716064486,35
2024-07-02,rth,balance,-0.077436839240623,0.11662538271961631,0.01678662388673157,35
2024-07-02,rth,volume,0.32214331239005245,3.2214331239005247,0.5537162268837078,35
2024-07-03,rth,delta,-0.25233840190816936,0.2537901013714967,0.09364609567354974,35
2024-07-03,rth,def_cancel,0.39706767208057003,0.48825272989822677,0.01775463173119629,35
2024-07-03,rth,att_cancel,0.39581889859212815,0.48912889548249705,0.01863255611477703,35
2024-07-03,rth,def_refill,0.3076630434782609,0.692608695652174,0.06989455008837443,35
2024-07-03,rth,att_refill,0.3003787878787879,0.6933333333333334,0.06907506207997499,35
2024-07-03,rth,def_hidden,0.0,0.03556589147286822,0.014542146257974313,35
2024-07-03,rth,att_eff,-0.8076039317102797,0.6423544728752648,0.28318776320819294,35
2024-07-03,rth,def_eff,-0.7449304420186693,0.6845047878908268,0.28475684483632746,35
2024-07-03,rth,att_large,0.0,0.308494167396531,0.07418373734103394,35
2024-07-03,rth,def_large,0.0,0.29374999999999996,0.06865704984150153,35
2024-07-03,rth,balance,-0.07696581443003991,0.11662538271961631,0.016647562541335387,35
2024-07-03,rth,volume,0.2899289811510472,3.2214331239005247,0.5787664351174105,35
2024-07-05,rth,delta,-0.25233840190816936,0.2537901013714967,0.09418850498670724,36
2024-07-05,rth,def_cancel,0.3965553964748529,0.48825272989822677,0.017922044662871135,36
2024-07-05,rth,att_cancel,0.395300509720515,0.48912889548249705,0.018846936232940616,36
2024-07-05,rth,def_refill,0.3071739130434783,0.692608695652174,0.07072751341575834,36
2024-07-05,rth,att_refill,0.3003787878787879,0.6943181818181818,0.06963465514957994,36
2024-07-05,rth,def_hidden,0.0,0.03556589147286822,0.01454890862343737,36
2024-07-05,rth,att_eff,-0.8076039317102797,0.6423544728752648,0.2837944463721558,36
2024-07-05,rth,def_eff,-0.7427841428746611,0.6845047878908268,0.2853991971453966,36
2024-07-05,rth,att_large,0.0,0.31095817831822853,0.07496970695420285,36
2024-07-05,rth,def_large,0.0,0.29472916666666665,0.06924699769009958,36
2024-07-05,rth,balance,-0.07696581443003991,0.1175674323407826,0.016656626576788847,36
2024-07-05,rth,volume,0.2899289811510472,3.2536474551395296,0.5817765477700833,36
2024-07-08,rth,delta,-0.25044633273703043,0.2547361359570661,0.0954124168952819,35
2024-07-08,rth,def_cancel,0.3952747074605599,0.48825272989822677,0.01822544970674779,35
2024-07-08,rth,att_cancel,0.3945229264130953,0.48912889548249705,0.019093900924406326,35
2024-07-08,rth,def_refill,0.3066847826086957,0.6940760869565218,0.07185636811277368,35
2024-07-08,rth,att_refill,0.3013636363636364,0.6923484848484849,0.07059363234560258,35
2024-07-08,rth,def_hidden,0.0,0.03532558139534884,0.014633540129331084,35
2024-07-08,rth,att_eff,-0.7922022491122542,0.6379539921329718,0.2854851547645007,35
2024-07-08,rth,def_eff,-0.7406378437306529,0.6759195913147935,0.28714416186151576,35
2024-07-08,rth,att_large,0.0,0.31095817831822853,0.07629996805375355,35
2024-07-08,rth,def_large,0.0,0.29521875,0.07044409974216748,35
2024-07-08,rth,balance,-0.07696581443003991,0.12180665563603055,0.01674173377440733,35
2024-07-08,rth,volume,0.32214331239005245,3.31807611761754,0.6072445126937206,35
2024-07-09,rth,delta,-0.24950029815146102,0.2537901013714967,0.09467313762246206,36
2024-07-09,rth,def_cancel,0.39553084526341853,0.48799659209536816,0.01803714835583285,36
2024-07-09,rth,att_cancel,0.3950413152847084,0.48912889548249705,0.01891792084160863,36
2024-07-09,rth,def_refill,0.3081521739130435,0.695054347826087,0.07129307457045228,36
2024-07-09,rth,att_refill,0.3013636363636364,0.6918560606060606,0.06997756980393259,36
2024-07-09,rth,def_hidden,0.0,0.0346046511627907,0.014448602440974383,36
2024-07-09,rth,att_eff,-0.7944024894834005,0.6423544728752648,0.28541892263564567,36
2024-07-09,rth,def_eff,-0.7449304420186693,0.6823584887468184,0.2869799314869523,36
2024-07-09,rth,att_large,0.0,0.30947977176521,0.07596837986067642,36
2024-07-09,rth,def_large,0.0,0.29423958333333333,0.06968112474064425,36
2024-07-09,rth,balance,-0.07790786405120614,0.11992255639369809,0.016583267776903915,36
2024-07-09,rth,volume,0.2899289811510472,3.285861786378535,0.598393281220125,36
2024-07-10,rth,delta,-0.24760822898032198,0.2537901013714967,0.09338712090978606,36
2024-07-10,rth,def_cancel,0.39604312086913573,0.48799659209536816,0.01775923374254141,36
2024-07-10,rth,att_cancel,0.39581889859212815,0.48912889548249705,0.018657762764524057,36
2024-07-10,rth,def_refill,0.3086413043478261,0.6970108695652174,0.07055784553173572,36
2024-07-10,rth,att_refill,0.3018560606060606,0.6918560606060606,0.06927370630342042,36
2024-07-10,rth,def_hidden,0.0,0.0358062015503876,0.014633554812098116,36
2024-07-10,rth,att_eff,-0.8076039317102797,0.6489551939887046,0.2830002197261666,36
2024-07-10,rth,def_eff,-0.7449304420186693,0.6866510870348348,0.28548346690053733,36
2024-07-10,rth,att_large,0.0,0.3134221892399261,0.07524197020610449,36
2024-07-10,rth,def_large,0.0,0.2913020833333333,0.0680623401436785,36
2024-07-10,rth,balance,-0.07696581443003991,0.11850948196194877,0.016454411390022766,36
2024-07-10,rth,volume,0.2899289811510472,3.2536474551395296,0.5884216241652303,36
2024-07-11,rth,delta,-0.24760822898032198,0.25568217054263576,0.09391487091101845,37
2024-07-11,rth,def_cancel,0.3952747074605599,0.48799659209536816,0.0178900020400401,37
2024-07-11,rth,att_cancel,0.395300509720515,0.48912889548249705,0.01877485085342827,37
2024-07-11,rth,def_refill,0.3086413043478261,0.6979891304347826,0.0712961779268637,37
2024-07-11,rth,att_refill,0.30234848484848487,0.6933333333333334,0.07008534053733542,37
2024-07-11,rth,def_hidden,0.0,0.0358062015503876,0.014686457630311778,37
2024-07-11,rth,att_eff,-0.8076039317102797,0.6467549536175579,0.283182111827737,37
2024-07-11,rth,def_eff,-0.7449304420186693,0.6866510870348348,0.28570384214421357,37
2024-07-11,rth,att_large,0.0,0.3173646067146421,0.07621506587912819,37
2024-07-11,rth,def_large,0.0,0.29326041666666663,0.0691546344025568,37
2024-07-11,rth,balance,-0.077436839240623,0.11898050677253191,0.016483813455657415,37
2024-07-11,rth,volume,0.2899289811510472,3.31807611761754,0.6237675294043401,37
2024-07-12,rth,delta,-0.24477012522361363,0.25189803220035767,0.09273331052601826,38
2024-07-12,rth,def_cancel,0.39629925867199434,0.48850886770108526,0.017678186549290553,38
2024-07-12,rth,att_cancel,0.39659648189954794,0.4896472843541102,0.018545137526734232,38
2024-07-12,rth,def_refill,0.3105978260869565,0.6955434782608696,0.07037692544729841,38
2024-07-12,rth,att_refill,0.3043181818181818,0.6908712121212122,0.06918847290200038,38
2024-07-12,rth,def_hidden,0.0,0.03628682170542636,0.014532390735799485,38
2024-07-12,rth,att_eff,-0.7944024894834005,0.6379539921329718,0.28108230205284057,38
2024-07-12,rth,def_eff,-0.7384915445866447,0.6845047878908268,0.28333192449385297,38
2024-07-12,rth,att_large,0.0,0.3134221892399261,0.0749246212374789,38
2024-07-12,rth,def_large,0.0,0.28983333333333333,0.06814302476464736,38
2024-07-12,rth,balance,-0.0755527399982906,0.11615435790903328,0.016397856992898183,38
2024-07-12,rth,volume,0.2899289811510472,3.2536474551395296,0.6042439476971568,38
2024-07-15,rth,delta,-0.2438240906380441,0.25095199761478826,0.09200590188364423,37
2024-07-15,rth,def_cancel,0.39706767208057003,0.48850886770108526,0.017582775144991295,37
2024-07-15,rth,att_cancel,0.39633728746374136,0.4893880899183036,0.018414094368943607,37
2024-07-15,rth,def_refill,0.3120652173913044,0.695054347826087,0.06976814129787089,37
2024-07-15,rth,att_refill,0.3053030303030303,0.6898863636363637,0.06839739257775693,37
2024-07-15,rth,def_hidden,0.0,0.0370077519379845,0.014659269452447748,37
2024-07-15,rth,att_eff,-0.7922022491122542,0.6379539921329718,0.2807288631843183,37
2024-07-15,rth,def_eff,-0.7320526471546198,0.6802121896028104,0.28270636362816176,37
2024-07-15,rth,att_large,0.0,0.307508563027852,0.07443663579827661,37
2024-07-15,rth,def_large,0.0,0.28542708333333333,0.06732906256497727,37
2024-07-15,rth,balance,-0.07461069037712437,0.115212308287867,0.016294162842254375,37
2024-07-15,rth,volume,0.2899289811510472,3.2536474551395296,0.6304471339400611,37
2024-07-16,rth,delta,-0.2428780560524747,0.24905992844364944,0.09181838806201913,37
2024-07-16,rth,def_cancel,0.39732380988342864,0.48876500550394386,0.017547995094303503,37
2024-07-16,rth,att_cancel,0.3968556763353545,0.4896472843541102,0.01838386315869157,37
2024-07-16,rth,def_refill,0.3130434782608696,0.6935869565217392,0.06945164344802157,37
2024-07-16,rth,att_refill,0.30678030303030307,0.6874242424242425,0.06822980891012377,37
2024-07-16,rth,def_hidden,0.0,0.0370077519379845,0.014609743921847568,37
2024-07-16,rth,att_eff,-0.7900020087411077,0.6357537517618255,0.2803608858057376,37
2024-07-16,rth,def_eff,-0.734198946298628,0.6694806938827691,0.2822708957125417,37
2024-07-16,rth,att_large,0.0,0.305537354290494,0.0741432204772578,37
2024-07-16,rth,def_large,0.0,0.2824895833333333,0.0671431242873758,37
2024-07-16,rth,balance,-0.07178454151362573,0.115212308287867,0.0165482061239567,37
2024-07-16,rth,volume,0.2899289811510472,3.2536474551395296,0.6284930543537016,37
2024-07-17,rth,delta,-0.2428780560524747,0.25000596302921885,0.09232509877671652,37
2024-07-17,rth,def_cancel,0.39706767208057003,0.48902114330680246,0.017707619891587423,37
2024-07-17,rth,att_cancel,0.39633728746374136,0.4896472843541102,0.01849013438485746,37
2024-07-17,rth,def_refill,0.312554347826087,0.6940760869565218,0.06999803091028804,37
2024-07-17,rth,att_refill,0.3072727272727273,0.6879166666666667,0.0686330120835294,37
2024-07-17,rth,def_hidden,0.0,0.0370077519379845,0.014584235385685908,37
2024-07-17,rth,att_eff,-0.7900020087411077,0.6357537517618255,0.2803496787200086,37
2024-07-17,rth,def_eff,-0.7363452454426365,0.6651880955947522,0.2821477760870484,37
2024-07-17,rth,att_large,0.0,0.305537354290494,0.07451504164843513,37
2024-07-17,rth,def_large,0.0,0.28444791666666663,0.06751892143472916,37
2024-07-17,rth,balance,-0.07178454151362573,0.115212308287867,0.016624673904817873,37
2024-07-17,rth,volume,0.32214331239005245,3.2536474551395296,0.6401991507718062,37
2024-07-18,rth,delta,-0.24193202146690518,0.2481138938580798,0.09166892813655395,38
2024-07-18,rth,def_cancel,0.39757994768628724,0.48902114330680246,0.017596726358500975,38
2024-07-18,rth,att_cancel,0.3971148707711611,0.4899064787899168,0.018357329048600282,38
2024-07-18,rth,def_refill,0.312554347826087,0.692608695652174,0.0696763115235031,38
2024-07-18,rth,att_refill,0.30776515151515155,0.6869318181818183,0.06826245329354289,38
2024-07-18,rth,def_hidden,0.0,0.03676744186046512,0.014378441066440865,38
2024-07-18,rth,att_eff,-0.7900020087411077,0.6357537517618255,0.27994341399965506,38
2024-07-18,rth,def_eff,-0.734198946298628,0.6651880955947522,0.2816985426918535,38
2024-07-18,rth,att_large,0.0,0.30405894773747544,0.07406586453901555,38
2024-07-18,rth,def_large,0.0,0.2824895833333333,0.06688537625850377,38
2024-07-18,rth,balance,-0.07131351670304265,0.11379923385611768,0.016768189935180276,38
2024-07-18,rth,volume,0.32214331239005245,3.2536474551395296,0.6299964735116547,38
2024-07-19,rth,delta,-0.23909391771019683,0.24622182468694098,0.09149081722695088,39
2024-07-19,rth,def_cancel,0.39886063670058014,0.48953341891251967,0.017683437287114013,39
2024-07-19,rth,att_cancel,0.39789245407858087,0.49042486766152993,0.01837783555461228,39
2024-07-19,rth,def_refill,0.3130434782608696,0.6891847826086958,0.06943501379682687,39
2024-07-19,rth,att_refill,0.30924242424242426,0.6844696969696971,0.06807147209497241,39
2024-07-19,rth,def_hidden,0.0,0.0370077519379845,0.014307398853134683,39
2024-07-19,rth,att_eff,-0.7724000857719355,0.6291530306483857,0.27877675014983316,39
2024-07-19,rth,def_eff,-0.7191748522905703,0.6608954973067358,0.28023851429725677,39
2024-07-19,rth,att_large,0.0,0.30356614555313594,0.07401845510900333,39
2024-07-19,rth,def_large,0.0,0.2780833333333333,0.06640638119319724,39
2024-07-19,rth,balance,-0.07037146708187647,0.12557485412069536,0.01694975788681687,39
2024-07-19,rth,volume,0.32214331239005245,3.382504780095551,0.6134234690720275,39
2024-07-22,rth,delta,-0.2372018485390579,0.24432975551580194,0.0914015221670263,37
2024-07-22,rth,def_cancel,0.3986044988977216,0.48978955671537827,0.017834473403663727,37
2024-07-22,rth,att_cancel,0.3971148707711611,0.49016567322572335,0.018547131449812102,37
2024-07-22,rth,def_refill,0.3096195652173913,0.6833152173913044,0.06893730300404333,37
2024-07-22,rth,att_refill,0.3082575757575758,0.6780681818181818,0.06782504228961964,37
2024-07-22,rth,def_hidden,0.0,0.03724806201550388,0.014487856798350516,37
2024-07-22,rth,att_eff,-0.7657993646584962,0.6181518287926533,0.2781287669828257,37
2024-07-22,rth,def_eff,-0.7105896557145372,0.652310300730703,0.27956748232967144,37
2024-07-22,rth,att_large,0.0,0.30258054118445693,0.0742559629846969,37
2024-07-22,rth,def_large,0.0,0.27563541666666663,0.06654931518568828,37
2024-07-22,rth,balance,-0.07131351670304265,0.1368794495746899,0.017373579262295914,37
2024-07-22,rth,volume,0.3543576436290577,3.382504780095551,0.6086716084248661,37
2024-07-23,rth,delta,-0.23625581395348838,0.24432975551580194,0.09071495161511466,37
2024-07-23,rth,def_cancel,0.39886063670058014,0.4900456945182369,0.017764512380683186,37
2024-07-23,rth,att_cancel,0.3971148707711611,0.49016567322572335,0.01854155191771551,37
2024-07-23,rth,def_refill,0.3096195652173913,0.6803804347826088,0.06833382317386716,37
2024-07-23,rth,att_refill,0.30776515151515155,0.6765909090909091,0.06757709263594114,37
2024-07-23,rth,def_hidden,0.0,0.03484496124031008,0.014179239004438668,37
2024-07-23,rth,att_eff,-0.7657993646584962,0.6203520691638,0.27722976301259433,37
2024-07-23,rth,def_eff,-0.7105896557145372,0.6544565998747109,0.27905920276892654,37
2024-07-23,rth,att_large,0.0,0.30307334336879643,0.07397285255683678,37
2024-07-23,rth,def_large,0.0,0.27563541666666663,0.06687631460862213,37
2024-07-23,rth,balance,-0.07272659113479196,0.15195224351334924,0.017479876542245976,37
2024-07-23,rth,volume,0.3543576436290577,3.382504780095551,0.612614638768245,37
2024-07-24,rth,delta,-0.23247167561121052,0.24338372093023253,0.08986980041377052,37
2024-07-24,rth,def_cancel,0.39937291230629735,0.49030183232109537,0.017680588251422134,37
2024-07-24,rth,att_cancel,0.39789245407858087,0.49042486766152993,0.018464187939172125,37
2024-07-24,rth,def_refill,0.3096195652173913,0.6745108695652174,0.067852761104488,37
2024-07-24,rth,att_refill,0.3082575757575758,0.6731439393939395,0.06708642881499814,37
2024-07-24,rth,def_hidden,0.0,0.03364341085271318,0.013964022672802433,37
2024-07-24,rth,att_eff,-0.7635991242873497,0.6181518287926533,0.2762294083763326,37
2024-07-24,rth,def_eff,-0.7062970574265208,0.6501640015866945,0.2776510790499753,37
2024-07-24,rth,att_large,0.0,0.3006093324470989,0.0731694462820487,37
2024-07-24,rth,def_large,0.0,0.2692708333333333,0.06620397165372242,37
2024-07-24,rth,balance,-0.06895839265012715,0.1576045412403465,0.017723679982956157,37
2024-07-24,rth,volume,0.3543576436290577,3.3502904488565455,0.6089102968010867,37
2024-07-25,rth,delta,-0.23247167561121052,0.24338372093023253,0.09022812005410276,38
2024-07-25,rth,def_cancel,0.39911677450343874,0.49030183232109537,0.017844604171322706,38
2024-07-25,rth,att_cancel,0.39789245407858087,0.49042486766152993,0.018574861199532614,38
2024-07-25,rth,def_refill,0.3096195652173913,0.6745108695652174,0.06835063568743395,38
2024-07-25,rth,att_refill,0.3082575757575758,0.6731439393939395,0.06750340444751199,38
2024-07-25,rth,def_hidden,0.0,0.03364341085271318,0.014067139829385669,38
2024-07-25,rth,att_eff,-0.7635991242873497,0.6181518287926533,0.2762591653250872,38
2024-07-25,rth,def_eff,-0.7062970574265208,0.6480177024426865,0.2775308213323197,38
2024-07-25,rth,att_large,0.0,0.3006093324470989,0.07343185684928871,38
2024-07-25,rth,def_large,0.0,0.2707395833333333,0.06699628316181647,38
2024-07-25,rth,balance,-0.06895839265012715,0.15713351642976336,0.01790521894741027,38
2024-07-25,rth,volume,0.3543576436290577,3.414719111334556,0.625404033395069,38
2024-07-26,rth,delta,-0.2315256410256411,0.2414916517590937,0.09041545225146222,39
2024-07-26,rth,def_cancel,0.39962905010915595,0.49055797012395397,0.01788156559304717,39
2024-07-26,rth,att_cancel,0.39815164851438745,0.4906840620973365,0.018613967800404647,39
2024-07-26,rth,def_refill,0.3101086956521739,0.672554347826087,0.06833561007824154,39
2024-07-26,rth,att_refill,0.3082575757575758,0.6711742424242425,0.06738297894380231,39
2024-07-26,rth,def_hidden,0.0,0.03364341085271318,0.014051338635878836,39
2024-07-26,rth,att_eff,-0.7547981628027636,0.6181518287926533,0.27602429726492383,39
2024-07-26,rth,def_eff,-0.7020044591385044,0.6458714032986781,0.27717985083793534,39
2024-07-26,rth,att_large,0.0,0.2986381237097409,0.07356739230001332,39
2024-07-26,rth,def_large,0.0,0.27025,0.06693631816190593,39
2024-07-26,rth,balance,-0.06848736783954401,0.15807556605092965,0.01809485741594635,39
2024-07-26,rth,volume,0.3543576436290577,3.4791477738125662,0.6162615981929457,39
2024-07-29,rth,delta,-0.22868753726893265,0.2414916517590937,0.0917291123503749,38
2024-07-29,rth,def_cancel,0.39937291230629735,0.49055797012395397,0.018487274474778458,38
2024-07-29,rth,att_cancel,0.39789245407858087,0.4909432565331431,0.018956670462005852,38
2024-07-29,rth,def_refill,0.3076630434782609,0.6681521739130435,0.06887509425073945,38
2024-07-29,rth,att_refill,0.30579545454545454,0.6672348484848485,0.06810944407735944,38
2024-07-29,rth,def_hidden,0.0,0.03484496124031008,0.01440817815145983,38
2024-07-29,rth,att_eff,-0.7459972013181777,0.6093508673080672,0.2758011998464728,38
2024-07-29,rth,def_eff,-0.6934192625624713,0.6394325058666532,0.2765737610786275,38
2024-07-29,rth,att_large,0.0,0.30258054118445693,0.07486957740896581,38
2024-07-29,rth,def_large,0.0,0.26976041666666667,0.06786759475520794,38
2024-07-29,rth,balance,-0.06895839265012715,0.1623147893461776,0.01825133030638737,38
2024-07-29,rth,volume,0.3543576436290577,3.575790767529582,0.6296198428595523,38
2024-07-30,rth,delta,-0.22774150268336313,0.24054561717352407,0.09085950074826016,38
2024-07-30,rth,def_cancel,0.4003974635177317,0.49081410792681257,0.018360137596568633,38
2024-07-30,rth,att_cancel,0.398410842950194,0.4909432565331431,0.018829091251512522,38
2024-07-30,rth,def_refill,0.3091304347826087,0.6666847826086957,0.06820536188787753,38
2024-07-30,rth,att_refill,0.30678030303030307,0.6657575757575758,0.06752443495246413,38
2024-07-30,rth,def_hidden,0.0,0.03508527131782946,0.013610078184569855,38
2024-07-30,rth,att_eff,-0.7437969609470312,0.6093508673080672,0.27514348058871485,38
2024-07-30,rth,def_eff,-0.6934192625624713,0.6372862067226452,0.27607980266654925,38
2024-07-30,rth,att_large,0.0,0.2991309258940804,0.07406487519930216,38
2024-07-30,rth,def_large,0.0,0.26829166666666665,0.06726749395818157,38
2024-07-30,rth,balance,-0.06848736783954401,0.15901761567209582,0.018195846696146285,38
2024-07-30,rth,volume,0.3543576436290577,3.543576436290577,0.6258216326473651,38
2024-07-31,rth,delta,-0.22774150268336313,0.24054561717352407,0.09127145421183529,38
2024-07-31,rth,def_cancel,0.4003974635177317,0.49081410792681257,0.01845230741072338,38
2024-07-31,rth,att_cancel,0.398410842950194,0.4909432565331431,0.018917104496940035,38
2024-07-31,rth,def_refill,0.3091304347826087,0.6661956521739131,0.06834026162819316,38
2024-07-31,rth,att_refill,0.30628787878787883,0.6657575757575758,0.06770310413651624,38
2024-07-31,rth,def_hidden,0.0,0.03508527131782946,0.01364908268656757,38
2024-07-31,rth,att_eff,-0.7437969609470312,0.6093508673080672,0.2761593749113462,38
2024-07-31,rth,def_eff,-0.6934192625624713,0.6351399075786368,0.2770838129495098,38
2024-07-31,rth,att_large,0.0,0.2986381237097409,0.07433509070764417,38
2024-07-31,rth,def_large,0.0,0.26829166666666665,0.06785271147851513,38
2024-07-31,rth,balance,-0.06848736783954401,0.15901761567209582,0.01818625556540198,38
2024-07-31,rth,volume,0.3543576436290577,3.543576436290577,0.6242478460050406,38
2024-08-01,rth,delta,-0.22774150268336313,0.24054561717352407,0.09150330994921536,39
2024-08-01,rth,def_cancel,0.40065360132059025,0.49081410792681257,0.018465133451193355,39
2024-08-01,rth,att_cancel,0.398410842950194,0.4909432565331431,0.018946505171123097,39
2024-08-01,rth,def_refill,0.3081521739130435,0.6652173913043479,0.06830880130512082,39
2024-08-01,rth,att_refill,0.30579545454545454,0.6652651515151515,0.06769118795498237,39
2024-08-01,rth,def_hidden,0.0,0.03508527131782946,0.013667299388379989,39
2024-08-01,rth,att_eff,-0.7393964802047381,0.6027501461946279,0.2760067918319241,39
2024-08-01,rth,def_eff,-0.6912729634184631,0.6308473092906204,0.27714803790888315,39
2024-08-01,rth,att_large,0.0,0.2986381237097409,0.07447812202686831,39
2024-08-01,rth,def_large,0.0,0.26829166666666665,0.06812636550017931,39
2024-08-01,rth,balance,-0.06801634302896092,0.15807556605092965,0.018168039806684903,39
2024-08-01,rth,volume,0.3543576436290577,3.575790767529582,0.6197504319107333,39
2024-08-02,rth,delta,-0.22679546809779372,0.23959958258795466,0.09187627875033476,40
2024-08-02,rth,def_cancel,0.40065360132059025,0.49055797012395397,0.018481666036937412,40
2024-08-02,rth,att_cancel,0.398410842950194,0.4909432565331431,0.018942069688896907,40
2024-08-02,rth,def_refill,0.3071739130434783,0.6642391304347827,0.06831989068837815,40
2024-08-02,rth,att_refill,0.30579545454545454,0.6637878787878788,0.06759993291581243,40
2024-08-02,rth,def_hidden,0.0,0.03508527131782946,0.013852119219078321,40
2024-08-02,rth,att_eff,-0.7283952783490055,0.6005499058234816,0.2761290587606279,40
2024-08-02,rth,def_eff,-0.6869803651304465,0.628701010146612,0.27712397493669594,40
2024-08-02,rth,att_large,0.0,0.2981453215254014,0.07478087149458815,40
2024-08-02,rth,def_large,0.0,0.26780208333333333,0.06832732486336146,40
2024-08-02,rth,balance,-0.06754531821837784,0.15901761567209582,0.018172191697538836,40
2024-08-02,rth,volume,0.3543576436290577,3.575790767529582,0.6104605054690118,40
2024-08-05,rth,delta,-0.22301132975551585,0.2367614788312462,0.09120412447779058,39
2024-08-05,rth,def_cancel,0.39937291230629735,0.49030183232109537,0.018484394394655143,39
2024-08-05,rth,att_cancel,0.398410842950194,0.4906840620973365,0.01883709338742168,39
2024-08-05,rth,def_refill,0.3066847826086957,0.6617934782608696,0.06747869611725395,39
2024-08-05,rth,att_refill,0.30333333333333334,0.6603409090909091,0.0670722606925508,39
2024-08-05,rth,def_hidden,0.0,0.03917054263565892,0.014510098755558564,39
2024-08-05,rth,att_eff,-0.7217945572355662,0.5895487039677487,0.2722007810876124,39
2024-08-05,rth,def_eff,-0.6762488694104054,0.6201158135705791,0.2728160774607548,39
2024-08-05,rth,att_large,0.0,0.29617411278804334,0.07518411964076804,39
2024-08-05,rth,def_large,0.0,0.2663333333333333,0.06848258100207348,39
2024-08-05,rth,balance,-0.06895839265012715,0.159959665293262,0.018729160237206968,39
2024-08-05,rth,volume,0.3543576436290577,3.6402194300075927,0.6346010712646283,39
2024-08-06,rth,delta,-0.2201732259988074,0.23865354800238525,0.09130905824804994,39
2024-08-06,rth,def_cancel,0.39886063670058014,0.48978955671537827,0.01838529814449369,39
2024-08-06,rth,att_cancel,0.39789245407858087,0.49016567322572335,0.01866355730598738,39
2024-08-06,rth,def_refill,0.26608695652173914,0.6578804347826087,0.06621683945075209,39
2024-08-06,rth,att_refill,0.2654166666666667,0.6564015151515152,0.06605852882143684,39
2024-08-06,rth,def_hidden,0.0,0.042534883720930235,0.015823169167085722,39
2024-08-06,rth,att_eff,-0.7129935957509801,0.5829479828543094,0.26999047494484124,39
2024-08-06,rth,def_eff,-0.6633710745463557,0.6136769161385542,0.2704720856123331,39
2024-08-06,rth,att_large,0.0,0.2981453215254014,0.07528191279231762,39
2024-08-06,rth,def_large,0.0,0.26339583333333333,0.06856875885906313,39
2024-08-06,rth,balance,-0.06942941746071024,0.16043069010384514,0.02087121079851987,39
2024-08-06,rth,volume,0.3543576436290577,3.672433761246598,0.6201065996201809,39
2024-08-07,rth,delta,-0.2201732259988074,0.2358154442456768,0.09117362711027152,39
2024-08-07,rth,def_cancel,0.39937291230629735,0.48978955671537827,0.018368868761182277,39
2024-08-07,rth,att_cancel,0.398410842950194,0.4899064787899168,0.018582058170843293,39
2024-08-07,rth,def_refill,0.2626630434782609,0.6569021739130435,0.06592618598853105,39
2024-08-07,rth,att_refill,0.2609848484848485,0.6549242424242424,0.06581984578293128,39
2024-08-07,rth,def_hidden,0.0,0.041813953488372094,0.01584044982607457,39
2024-08-07,rth,att_eff,-0.7107933553798336,0.5829479828543094,0.2701094400018297,39
2024-08-07,rth,def_eff,-0.6633710745463557,0.6158232152825627,0.2705710749139421,39
2024-08-07,rth,att_large,0.0,0.2981453215254014,0.07517301665770933,39
2024-08-07,rth,def_large,0.0,0.26437499999999997,0.06897918962563793,39
2024-08-07,rth,balance,-0.06942941746071024,0.16184376453559446,0.021213809821395393,39
2024-08-07,rth,volume,0.3543576436290577,3.672433761246598,0.6211966406111372,39
2024-08-09,rth,delta,-0.2201732259988074,0.2348694096601074,0.0910594625214467,40
2024-08-09,rth,def_cancel,0.39988518791201455,0.4900456945182369,0.01827553553358927,40
2024-08-09,rth,att_cancel,0.3986700373860006,0.49016567322572335,0.01846568125803976,40
2024-08-09,rth,def_refill,0.26168478260869565,0.6554347826086957,0.06543994097288851,40
2024-08-09,rth,att_refill,0.26,0.6529545454545455,0.06535669971863327,40
2024-08-09,rth,def_hidden,0.0,0.04133333333333334,0.015765961642701207,40
2024-08-09,rth,att_eff,-0.7107933553798336,0.5785475021120163,0.26956154527196435,40
2024-08-09,rth,def_eff,-0.6612247754023475,0.6136769161385542,0.2699073091989482,40
2024-08-09,rth,att_large,0.0,0.29666691497238284,0.07506130194794453,40
2024-08-09,rth,def_large,0.0,0.26241666666666663,0.06889720507140444,40
2024-08-09,rth,balance,-0.06895839265012715,0.16090171491442828,0.02113257748427371,40
2024-08-09,rth,volume,0.3543576436290577,3.672433761246598,0.6141833965555179,40
2024-08-12,rth,delta,-0.21828115682766847,0.2358154442456768,0.09009762085909569,38
2024-08-12,rth,def_cancel,0.4001413257148731,0.49030183232109537,0.018142059383417015,38
2024-08-12,rth,att_cancel,0.39918842625761375,0.49042486766152993,0.01824578028768487,38
2024-08-12,rth,def_refill,0.26070652173913045,0.6520108695652175,0.06455650604925757,38
2024-08-12,rth,att_refill,0.2585227272727273,0.6504924242424243,0.06455281808656928,38
2024-08-12,rth,def_hidden,0.0,0.041813953488372094,0.015505568572345805,38
2024-08-12,rth,att_eff,-0.7107933553798336,0.5785475021120163,0.2666459200806295,38
2024-08-12,rth,def_eff,-0.6612247754023475,0.6179695144265707,0.26697972563557726,38
2024-08-12,rth,att_large,0.0,0.29765251934106185,0.07464714901436603,38
2024-08-12,rth,def_large,0.0,0.25458333333333333,0.06803698939511345,38
2024-08-12,rth,balance,-0.07037146708187647,0.16278581415676063,0.021041868204720614,38
2024-08-12,rth,volume,0.3543576436290577,3.672433761246598,0.6219960382222474,38
2024-08-14,rth,delta,-0.21638908765652953,0.2367614788312462,0.09020071598640704,37
2024-08-14,rth,def_cancel,0.4001413257148731,0.49030183232109537,0.018227891818260532,37
2024-08-14,rth,att_cancel,0.39918842625761375,0.4906840620973365,0.018279167303009915,37
2024-08-14,rth,def_refill,0.25826086956521743,0.6510326086956523,0.06434721732923325,37
2024-08-14,rth,att_refill,0.25655303030303034,0.6465530303030304,0.06434694776945252,37
2024-08-14,rth,def_hidden,0.0,0.042294573643410854,0.01547477739646476,37
2024-08-14,rth,att_eff,-0.7107933553798336,0.5785475021120163,0.2665450967152397,37
2024-08-14,rth,def_eff,-0.6590784762583393,0.6179695144265707,0.26674141635220916,37
2024-08-14,rth,att_large,0.0,0.2996237280784199,0.07485082856664942,37
2024-08-14,rth,def_large,0.0,0.25507291666666665,0.06819816022378919,37
2024-08-14,rth,balance,-0.07131351670304265,0.16372786377792692,0.021146583697202986,37
2024-08-14,rth,volume,0.3543576436290577,3.7046480924856033,0.6072240745882599,37
2024-08-20,rth,delta,-0.2144970184853906,0.2358154442456768,0.09018126012889334,36
2024-08-20,rth,def_cancel,0.4001413257148731,0.4900456945182369,0.018205141476602068,36
2024-08-20,rth,att_cancel,0.39918842625761375,0.49042486766152993,0.01827329937065331,36
2024-08-20,rth,def_refill,0.25679347826086957,0.650054347826087,0.0641680944166736,36
2024-08-20,rth,att_refill,0.2555681818181818,0.6465530303030304,0.06432243465793976,36
2024-08-20,rth,def_hidden,0.0,0.043496124031007756,0.015808705994549723,36
2024-08-20,rth,att_eff,-0.7107933553798336,0.57634726174087,0.2660513188778927,36
2024-08-20,rth,def_eff,-0.6590784762583393,0.6179695144265707,0.2660921403998289,36
2024-08-20,rth,att_large,0.0,0.30307334336879643,0.07506842234707872,36
2024-08-20,rth,def_large,0.0,0.25654166666666667,0.06864253898721745,36
2024-08-20,rth,balance,-0.06895839265012715,0.16514093820967624,0.021341502941916408,36
2024-08-20,rth,volume,0.3543576436290577,3.7046480924856033,0.6147348749412074,36
2024-08-21,rth,delta,-0.2144970184853906,0.2358154442456768,0.09037198132203299,36
2024-08-21,rth,def_cancel,0.4003974635177317,0.4900456945182369,0.018202929538500365,36
2024-08-21,rth,att_cancel,0.3994476206934203,0.49042486766152993,0.018268295880468743,36
2024-08-21,rth,def_refill,0.25581521739130436,0.650054347826087,0.06425197434258972,36
2024-08-21,rth,att_refill,0.25507575757575757,0.6460606060606061,0.06434170117064532,36
2024-08-21,rth,def_hidden,0.0,0.043736434108527136,0.015901931706799464,36
2024-08-21,rth,att_eff,-0.7107933553798336,0.57634726174087,0.2663698235342548,36
2024-08-21,rth,def_eff,-0.6590784762583393,0.6179695144265707,0.26610092989956313,36
2024-08-21,rth,att_large,0.0,0.3050445521061545,0.07538061431882993,36
2024-08-21,rth,def_large,0.0,0.25654166666666667,0.0686539871733124,36
2024-08-21,rth,balance,-0.06942941746071024,0.16561196302025927,0.021444211490788595,36
2024-08-21,rth,volume,0.3543576436290577,3.7368624237246086,0.6189645534470701,36
2024-08-22,rth,delta,-0.21638908765652953,0.2367614788312462,0.09041663902237668,37
2024-08-22,rth,def_cancel,0.40065360132059025,0.48978955671537827,0.01814961947702757,37
2024-08-22,rth,att_cancel,0.3994476206934203,0.49042486766152993,0.018233664550692225,37
2024-08-22,rth,def_refill,0.25630434782608696,0.6495652173913044,0.06414881713036473,37
2024-08-22,rth,att_refill,0.25507575757575757,0.6455681818181819,0.06427900982773976,37
2024-08-22,rth,def_hidden,0.0,0.04397674418604652,0.01596345153835131,37
2024-08-22,rth,att_eff,-0.7129935957509801,0.5741470213697233,0.266271903335233,37
2024-08-22,rth,def_eff,-0.6590784762583393,0.6222621127145875,0.2660169589003612,37
2024-08-22,rth,att_large,0.0,0.3070157608435125,0.07541985813763075,37
2024-08-22,rth,def_large,0.0,0.2560520833333333,0.06858220853717395,37
2024-08-22,rth,balance,-0.06895839265012715,0.16514093820967624,0.021420801835184185,37
2024-08-22,rth,volume,0.3543576436290577,3.7046480924856033,0.6152917596490851,37
2024-08-23,rth,delta,-0.21544305307096012,0.2358154442456768,0.09006356211865575,38
2024-08-23,rth,def_cancel,0.40116587692630745,0.48978955671537827,0.018020561229761856,38
2024-08-23,rth,att_cancel,0.3999660095650335,0.4906840620973365,0.01815283472649523,38
2024-08-23,rth,def_refill,0.25728260869565217,0.6476086956521739,0.0637549935513587,38
2024-08-23,rth,att_refill,0.2555681818181818,0.6440909090909092,0.06390980659405282,38
2024-08-23,rth,def_hidden,0.0,0.043736434108527136,0.01590646198422343,38
2024-08-23,rth,att_eff,-0.7129935957509801,0.57634726174087,0.2656153548156935,38
2024-08-23,rth,def_eff,-0.6590784762583393,0.6222621127145875,0.26539874169742494,38
2024-08-23,rth,att_large,0.0,0.3060301564748335,0.07509841363535304,38
2024-08-23,rth,def_large,0.0,0.2585,0.06841294331485766,38
2024-08-23,rth,balance,-0.06848736783954401,0.16372786377792692,0.021518887212617847,38
2024-08-23,rth,volume,0.3543576436290577,3.7046480924856033,0.626426374845218,38
2024-08-26,rth,delta,-0.21071288014311274,0.2358154442456768,0.08981528364825485,36
2024-08-26,rth,def_cancel,0.40167815253202466,0.4900456945182369,0.01796847599549277,36
2024-08-26,rth,att_cancel,0.4007435928724532,0.49120245096894966,0.017990940495061086,36
2024-08-26,rth,def_refill,0.25532608695652176,0.6432065217391305,0.06304959421015702,36
2024-08-26,rth,att_refill,0.2540909090909091,0.6411363636363637,0.06311647516129051,36
2024-08-26,rth,def_hidden,0.0,0.043736434108527136,0.015870595659403526,36
2024-08-26,rth,att_eff,-0.7107933553798336,0.5697465406274302,0.264534597590983,36
2024-08-26,rth,def_eff,-0.6590784762583393,0.6179695144265707,0.26406635108494936,36
2024-08-26,rth,att_large,0.0,0.30208773900011743,0.07540992820813654,36
2024-08-26,rth,def_large,0.0,0.25556249999999997,0.06826577279806147,36
2024-08-26,rth,balance,-0.06895839265012715,0.1646699133990931,0.021797887667390707,36
2024-08-26,rth,volume,0.3543576436290577,3.7368624237246086,0.6168692887764133,36
2024-08-27,rth,delta,-0.2088208109719738,0.23108527131782952,0.0887078830968402,36
2024-08-27,rth,def_cancel,0.40244656594060035,0.4900456945182369,0.017802706359059405,36
2024-08-27,rth,att_cancel,0.40126198174406635,0.49120245096894966,0.017846426878904448,36
2024-08-27,rth,def_refill,0.25630434782608696,0.638804347826087,0.062349033438908595,36
2024-08-27,rth,att_refill,0.2540909090909091,0.6386742424242424,0.06243602708605011,36
2024-08-27,rth,def_hidden,0.0,0.04517829457364342,0.015717472313659712,36
2024-08-27,rth,att_eff,-0.7107933553798336,0.57634726174087,0.2652362933930484,36
2024-08-27,rth,def_eff,-0.6590784762583393,0.6222621127145875,0.26486447843576816,36
2024-08-27,rth,att_large,0.0,0.3015949368157779,0.07449456610938239,36
2024-08-27,rth,def_large,0.0,0.26388541666666665,0.06803896685283917,36
2024-08-27,rth,balance,-0.06801634302896092,0.16419888858850995,0.021865634491079425,36
2024-08-27,rth,volume,0.3543576436290577,3.7046480924856033,0.6132553226059638,36
2024-08-28,rth,delta,-0.20787477638640428,0.22824716756112107,0.08760251550399964,36
2024-08-28,rth,def_cancel,0.40398339275775186,0.49030183232109537,0.017324275539249007,36
2024-08-28,rth,att_cancel,0.40307634279471244,0.49146164540475623,0.017481499687981288,36
2024-08-28,rth,def_refill,0.25728260869565217,0.6383152173913044,0.06140033321140252,36
2024-08-28,rth,att_refill,0.2540909090909091,0.6371969696969697,0.06133038372076362,36
2024-08-28,rth,def_hidden,0.0,0.047100775193798454,0.01622279077623854,36
2024-08-28,rth,att_eff,-0.7107933553798336,0.5785475021120163,0.2641808494686822,36
2024-08-28,rth,def_eff,-0.6590784762583393,0.6222621127145875,0.26374515433380724,36
2024-08-28,rth,att_large,0.0,0.2991309258940804,0.07319130041666323,36
2024-08-28,rth,def_large,0.0,0.26241666666666663,0.06669088493090315,36
2024-08-28,rth,balance,-0.06754531821837784,0.16514093820967624,0.02196509561759497,36
2024-08-28,rth,volume,0.3543576436290577,3.6080050987685874,0.5482584478657949,36
2024-08-29,rth,delta,-0.20787477638640428,0.2301392367322599,0.08753731673176846,37
2024-08-29,rth,def_cancel,0.40423953056061046,0.4900456945182369,0.017268978268252883,37
2024-08-29,rth,att_cancel,0.403335537230519,0.49146164540475623,0.017423319952658695,37
2024-08-29,rth,def_refill,0.25777173913043483,0.6368478260869566,0.06129689086510346,37
2024-08-29,rth,att_refill,0.25458333333333333,0.635719696969697,0.06121508929858533,37
2024-08-29,rth,def_hidden,0.0,0.047821705426356595,0.01649288326384534,37
2024-08-29,rth,att_eff,-0.7173940764932731,0.5785475021120163,0.26486981806468785,37
2024-08-29,rth,def_eff,-0.6590784762583393,0.626554711002604,0.26427524821007753,37
2024-08-29,rth,att_large,0.0,0.2996237280784199,0.07295229590332639,37
2024-08-29,rth,def_large,0.0,0.26290625,0.06652872205045549,37
2024-08-29,rth,balance,-0.06754531821837784,0.16372786377792692,0.021885030405682876,37
2024-08-29,rth,volume,0.32214331239005245,3.6080050987685874,0.5429169547029274,37
2024-08-30,rth,delta,-0.20787477638640428,0.22919320214669048,0.08740990968114322,38
2024-08-30,rth,def_cancel,0.40475180616632767,0.49055797012395397,0.01718803651425428,38
2024-08-30,rth,att_cancel,0.4041131205379388,0.4917208398405628,0.01734120892224267,38
2024-08-30,rth,def_refill,0.25826086956521743,0.6348913043478261,0.06093110363137228,38
2024-08-30,rth,att_refill,0.25507575757575757,0.6342424242424243,0.06083665975819571,38
2024-08-30,rth,def_hidden,0.0,0.047100775193798454,0.016310998762048536,38
2024-08-30,rth,att_eff,-0.7129935957509801,0.5851482232254557,0.26577075302148834,38
2024-08-30,rth,def_eff,-0.6590784762583393,0.6244084118585955,0.26533106485924535,38
2024-08-30,rth,att_large,0.0,0.2986381237097409,0.07261900833847763,38
2024-08-30,rth,def_large,0.0,0.26094791666666667,0.06625026708708634,38
2024-08-30,rth,balance,-0.06754531821837784,0.16278581415676063,0.022004241043341873,38
2024-08-30,rth,volume,0.32214331239005245,3.6080050987685874,0.542288691450779,38
2024-09-03,rth,delta,-0.20787477638640428,0.22730113297555166,0.0865935907674741,36
2024-09-03,rth,def_cancel,0.40577635737776196,0.49081410792681257,0.016983556900144112,36
2024-09-03,rth,att_cancel,0.40566828715277825,0.4919800342763694,0.016961368051911743,36
2024-09-03,rth,def_refill,0.25679347826086957,0.6314673913043479,0.059453287333887155,36
2024-09-03,rth,att_refill,0.2531060606060606,0.6303030303030304,0.05981646143822062,36
2024-09-03,rth,def_hidden,0.0,0.04926356589147287,0.016837819673344422,36
2024-09-03,rth,att_eff,-0.7107933553798336,0.5873484635966024,0.26423774561475943,36
2024-09-03,rth,def_eff,-0.6590784762583393,0.6222621127145875,0.26328914526026387,36
2024-09-03,rth,att_large,0.0,0.29715971715672235,0.07154638129696345,36
2024-09-03,rth,def_large,0.0,0.2614375,0.0656224325754986,36
2024-09-03,rth,balance,-0.0666032685972116,0.1623147893461776,0.022295181407905953,36
2024-09-03,rth,volume,0.3543576436290577,3.6080050987685874,0.5789968728014988,36
2024-09-04,rth,delta,-0.2088208109719738,0.2254090638044126,0.08601264296480356,36
2024-09-04,rth,def_cancel,0.4070570463920549,0.49081410792681257,0.01683771784206769,36
2024-09-04,rth,att_cancel,0.4059274815885848,0.4919800342763694,0.01684397653019322,36
2024-09-04,rth,def_refill,0.25679347826086957,0.6290217391304348,0.05875386070332005,36
2024-09-04,rth,att_refill,0.25359848484848485,0.6288257575757576,0.059275595287374666,36
2024-09-04,rth,def_hidden,0.0,0.04950387596899225,0.01681166654493317,36
2024-09-04,rth,att_eff,-0.7107933553798336,0.5873484635966024,0.26309966243649974,36
2024-09-04,rth,def_eff,-0.6590784762583393,0.6222621127145875,0.2620393550559772,36
2024-09-04,rth,att_large,0.0,0.29666691497238284,0.0711202040334146,36
2024-09-04,rth,def_large,0.0,0.25947916666666665,0.06514149182862367,36
2024-09-04,rth,balance,-0.06613224378662852,0.16137273972501132,0.02227549227715181,36
2024-09-04,rth,volume,0.3543576436290577,3.575790767529582,0.56386997132916,36
2024-09-05,rth,delta,-0.2088208109719738,0.2254090638044126,0.08581548613522424,37
2024-09-05,rth,def_cancel,0.4073131841949135,0.49081410792681257,0.016776899707820092,37
2024-09-05,rth,att_cancel,0.406445870460198,0.4919800342763694,0.016804773001795198,37
2024-09-05,rth,def_refill,0.25728260869565217,0.6280434782608696,0.0585292072316664,37
2024-09-05,rth,att_refill,0.2540909090909091,0.6278409090909092,0.05910287277840149,37
2024-09-05,rth,def_hidden,0.0,0.04974418604651163,0.016981080787048918,37
2024-09-05,rth,att_eff,-0.7107933553798336,0.5873484635966024,0.26284104470690284,37
2024-09-05,rth,def_eff,-0.6590784762583393,0.6222621127145875,0.2616376068295864,37
2024-09-05,rth,att_large,0.0,0.2981453215254014,0.0710902534246758,37
2024-09-05,rth,def_large,0.0,0.25947916666666665,0.06526226808978337,37
2024-09-05,rth,balance,-0.06566121897604538,0.159959665293262,0.022280729033501596,37
2024-09-05,rth,volume,0.3543576436290577,3.543576436290577,0.5575233398377388,37
2024-09-06,rth,delta,-0.2097668455575432,0.22635509838998202,0.08571166178883288,38
2024-09-06,rth,def_cancel,0.4073131841949135,0.49081410792681257,0.01679964220678374,38
2024-09-06,rth,att_cancel,0.406445870460198,0.4919800342763694,0.01682976549059021,38
2024-09-06,rth,def_refill,0.25777173913043483,0.6270652173913044,0.05851039722840035,38
2024-09-06,rth,att_refill,0.25458333333333333,0.6268560606060607,0.05918343726273846,38
2024-09-06,rth,def_hidden,0.0,0.05022480620155039,0.01756041410811366,38
2024-09-06,rth,att_eff,-0.7173940764932731,0.5895487039677487,0.2629923502917567,38
2024-09-06,rth,def_eff,-0.6590784762583393,0.6244084118585955,0.26185802762988203,38
2024-09-06,rth,att_large,0.0,0.2991309258940804,0.0713024425294076,38
2024-09-06,rth,def_large,0.0,0.2604583333333333,0.06537464430178747,38
2024-09-06,rth,balance,-0.06566121897604538,0.15854659086151268,0.02225888183997845,38
2024-09-06,rth,volume,0.3543576436290577,3.543576436290577,0.5581977293917103,38
2024-09-09,rth,delta,-0.21071288014311274,0.2244630292188432,0.08679161484532683,36
2024-09-09,rth,def_cancel,0.4080815976034893,0.4913263835325298,0.017596624888157556,36
2024-09-09,rth,att_cancel,0.4061866760243914,0.4919800342763694,0.01712389082824745,36
2024-09-09,rth,def_refill,0.25532608695652176,0.6119021739130436,0.05814135156709675,36
2024-09-09,rth,att_refill,0.2526136363636364,0.6150378787878789,0.058837965851438065,36
2024-09-09,rth,def_hidden,0.0,0.05046511627906977,0.018453223946650443,36
2024-09-09,rth,att_eff,-0.7019923938952475,0.5785475021120163,0.2624313786380361,36
2024-09-09,rth,def_eff,-0.6504932796823062,0.6136769161385542,0.26068357430806455,36
2024-09-09,rth,att_large,0.0,0.29568131060370384,0.07258486632559069,36
2024-09-09,rth,def_large,0.0,0.26290625,0.06702771950474845,36
2024-09-09,rth,balance,-0.06283507011254674,0.16137273972501132,0.023303607804801247,36
2024-09-09,rth,volume,0.38657197486806294,3.6080050987685874,0.5342630643758258,36
2024-09-10,rth,delta,-0.21071288014311274,0.2254090638044126,0.0871666873395116,36
2024-09-10,rth,def_cancel,0.4080815976034893,0.4910702457296712,0.017600102704308,36
2024-09-10,rth,att_cancel,0.4054090927169717,0.4917208398405628,0.017146389754912762,36
2024-09-10,rth,def_refill,0.25385869565217395,0.6094565217391305,0.058105032436355064,36
2024-09-10,rth,att_refill,0.2516287878787879,0.6115909090909091,0.05881975005888397,36
2024-09-10,rth,def_hidden,0.0,0.05406976744186047,0.01880457574579434,36
2024-09-10,rth,att_eff,-0.704192634266394,0.5785475021120163,0.2627637409853807,36
2024-09-10,rth,def_eff,-0.6526395788263146,0.6179695144265707,0.26104490594685953,36
2024-09-10,rth,att_large,0.0,0.3001165302627594,0.07320988346362566,36
2024-09-10,rth,def_large,0.0,0.26584375,0.06740482905720951,36
2024-09-10,rth,balance,-0.06330609492312989,0.1623147893461776,0.023529673087133492,36
2024-09-10,rth,volume,0.3543576436290577,3.6402194300075927,0.5396008510869275,36
2024-09-11,rth,delta,-0.21260494931425167,0.22730113297555166,0.08826079225307412,36
2024-09-11,rth,def_cancel,0.4083377354063479,0.4910702457296712,0.017622216636735372,36
2024-09-11,rth,att_cancel,0.4061866760243914,0.4919800342763694,0.017262720787966538,36
2024-09-11,rth,def_refill,0.25385869565217395,0.6070108695652174,0.058380825733936756,36
2024-09-11,rth,att_refill,0.2501515151515152,0.6091287878787879,0.059262806748836334,36
2024-09-11,rth,def_hidden,0.0,0.056472868217054266,0.019446131877053404,36
2024-09-11,rth,att_eff,-0.7019923938952475,0.5785475021120163,0.26440375907149816,36
2024-09-11,rth,def_eff,-0.6526395788263146,0.6158232152825627,0.26234169942159585,36
2024-09-11,rth,att_large,0.0,0.305537354290494,0.07432143528819801,36
2024-09-11,rth,def_large,0.0,0.27122916666666663,0.06898718781590538,36
2024-09-11,rth,balance,-0.06377711973371297,0.16278581415676063,0.023690120001442504,36
2024-09-11,rth,volume,0.38657197486806294,3.6402194300075927,0.514858246024732,36
2024-09-12,rth,delta,-0.21260494931425167,0.22730113297555166,0.08871286023278169,37
2024-09-12,rth,def_cancel,0.4080815976034893,0.4910702457296712,0.01772357059837981,37
2024-09-12,rth,att_cancel,0.40566828715277825,0.4919800342763694,0.01743210096866157,37
2024-09-12,rth,def_refill,0.25434782608695655,0.6065217391304348,0.058727911210417254,37
2024-09-12,rth,att_refill,0.2501515151515152,0.6086363636363636,0.059477052201646154,37
2024-09-12,rth,def_hidden,0.0,0.056472868217054266,0.019732376712326007,37
2024-09-12,rth,att_eff,-0.699792153524101,0.57634726174087,0.2639088036675481,37
2024-09-12,rth,def_eff,-0.6504932796823062,0.6115306169945462,0.26193723574193983,37
2024-09-12,rth,att_large,0.0,0.306522958659173,0.07492199080102557,37
2024-09-12,rth,def_large,0.0,0.27269791666666665,0.06962774730841341,37
2024-09-12,rth,balance,-0.06519019416546229,0.16184376453559446,0.023793581410261107,37
2024-09-12,rth,volume,0.38657197486806294,3.672433761246598,0.5352410283360013,37
2024-09-13,rth,delta,-0.21260494931425167,0.22730113297555166,0.08837447299676436,38
2024-09-13,rth,def_cancel,0.4085938732092065,0.4910702457296712,0.01763391816548021,38
2024-09-13,rth,att_cancel,0.4061866760243914,0.49223922871217596,0.017357989566435233,38
2024-09-13,rth,def_refill,0.25483695652173916,0.6060326086956522,0.05859494986644053,38
2024-09-13,rth,att_refill,0.25113636363636366,0.6081439393939394,0.05926014771217037,38
2024-09-13,rth,def_hidden,0.0,0.056472868217054266,0.019755709723567633,38
2024-09-13,rth,att_eff,-0.7019923938952475,0.5785475021120163,0.2641461984038323,38
2024-09-13,rth,def_eff,-0.6504932796823062,0.6136769161385542,0.26234139192174444,38
2024-09-13,rth,att_large,0.0,0.308494167396531,0.07469698036081314,38
2024-09-13,rth,def_large,0.0,0.27220833333333333,0.06940172278026616,38
2024-09-13,rth,balance,-0.0647191693548792,0.16090171491442828,0.02371181438408138,38
2024-09-13,rth,volume,0.38657197486806294,3.6402194300075927,0.5295517045557084,38
2024-09-16,rth,delta,-0.21260494931425167,0.22730113297555166,0.0884937850511852,36
2024-09-16,rth,def_cancel,0.4085938732092065,0.4910702457296712,0.017636141198970386,36
2024-09-16,rth,att_cancel,0.4059274815885848,0.4919800342763694,0.017371972633475275,36
2024-09-16,rth,def_refill,0.25288043478260874,0.6001630434782609,0.058008075441448446,36
2024-09-16,rth,att_refill,0.24916666666666668,0.6027272727272728,0.05881659352225939,36
2024-09-16,rth,def_hidden,0.0,0.060077519379844964,0.020415795178950723,36
2024-09-16,rth,att_eff,-0.6909911920395151,0.5785475021120163,0.26383943758881284,36
2024-09-16,rth,def_eff,-0.648346980538298,0.6093843178505378,0.26205586213784415,36
2024-09-16,rth,att_large,0.0,0.3129293870555866,0.0750221730072513,36
2024-09-16,rth,def_large,0.0,0.27220833333333333,0.0698265049602297,36
2024-09-16,rth,balance,-0.06424814454429606,0.16372786377792692,0.02381078311137129,36
2024-09-16,rth,volume,0.3543576436290577,3.672433761246598,0.5281590060500464,36
2024-09-17,rth,delta,-0.21355098389982108,0.2301392367322599,0.08865496255662429,36
2024-09-17,rth,def_cancel,0.4080815976034893,0.49081410792681257,0.017576157576270606,36
2024-09-17,rth,att_cancel,0.4054090927169717,0.4917208398405628,0.017318702548721063,36
2024-09-17,rth,def_refill,0.2509239130434783,0.5996739130434783,0.05764568806210357,36
2024-09-17,rth,att_refill,0.24768939393939396,0.6012500000000001,0.05856057460809559,36
2024-09-17,rth,def_hidden,0.0,0.06392248062015504,0.0208296118168886,36
2024-09-17,rth,att_eff,-0.7019923938952475,0.5851482232254557,0.2645981370352715,36
2024-09-17,rth,def_eff,-0.6526395788263146,0.6158232152825627,0.26269013057604074,36
2024-09-17,rth,att_large,0.0,0.3168718045303026,0.0753275807034455,36
2024-09-17,rth,def_large,0.0,0.2751458333333333,0.07036043567077915,36
2024-09-17,rth,balance,-0.0647191693548792,0.15901761567209582,0.024017308532159443,36
2024-09-17,rth,volume,0.3543576436290577,3.6080050987685874,0.545225138077909,36
2024-09-18,rth,delta,-0.21355098389982108,0.22919320214669048,0.08805930505641538,36
2024-09-18,rth,def_cancel,0.4093622866177822,0.4910702457296712,0.01729877843838213,36
2024-09-18,rth,att_cancel,0.4072234537676177,0.4919800342763694,0.01696243508143076,36
2024-09-18,rth,def_refill,0.2509239130434783,0.5991847826086957,0.05701834477746514,36
2024-09-18,rth,att_refill,0.24719696969696972,0.5997727272727273,0.05785613553191773,36
2024-09-18,rth,def_hidden,0.0,0.06416279069767443,0.02081251798961613,36
2024-09-18,rth,att_eff,-0.708593115008687,0.5895487039677487,0.2643602411235126,36
2024-09-18,rth,def_eff,-0.6612247754023475,0.6222621127145875,0.26216235959905826,36
2024-09-18,rth,att_large,0.0,0.3173646067146421,0.07476317444530413,36
2024-09-18,rth,def_large,0.0,0.2751458333333333,0.06978386798445353,36
2024-09-18,rth,balance,-0.06377711973371297,0.1514812187027661,0.024212665612968753,36
2024-09-18,rth,volume,0.32214331239005245,3.6080050987685874,0.5477112767929309,36
2024-09-19,rth,delta,-0.21544305307096012,0.22919320214669048,0.08843313110529476,37
2024-09-19,rth,def_cancel,0.4078254598006307,0.4910702457296712,0.01745637800893861,37
2024-09-19,rth,att_cancel,0.406445870460198,0.4919800342763694,0.017217505701378474,37
2024-09-19,rth,def_refill,0.24847826086956523,0.5977173913043479,0.05679420577899634,37
2024-09-19,rth,att_refill,0.24424242424242426,0.5978030303030303,0.05757921810962878,37
2024-09-19,rth,def_hidden,0.0,0.06296124031007752,0.02076175125039697,37
2024-09-19,rth,att_eff,-0.7063928746375405,0.5895487039677487,0.263923543059862,37
2024-09-19,rth,def_eff,-0.6590784762583393,0.6201158135705791,0.26160693667563434,37
2024-09-19,rth,att_large,0.0,0.3149005957929446,0.07482435732278818,37
2024-09-19,rth,def_large,0.0,0.27563541666666663,0.06992646266591271,37
2024-09-19,rth,balance,-0.06519019416546229,0.16655401264142555,0.02519811027168645,37
2024-09-19,rth,volume,0.32214331239005245,3.672433761246598,0.5454803467523349,37
2024-09-20,rth,delta,-0.21544305307096012,0.2301392367322599,0.08848711923871701,38
2024-09-20,rth,def_cancel,0.40756932199777207,0.4910702457296712,0.017446237044854908,38
2024-09-20,rth,att_cancel,0.4061866760243914,0.4919800342763694,0.017220404806062524,38
2024-09-20,rth,def_refill,0.24847826086956523,0.5972282608695653,0.056868188743032025,38
2024-09-20,rth,att_refill,0.2447348484848485,0.5987878787878789,0.05764840906328383,38
2024-09-20,rth,def_hidden,0.0,0.06248062015503877,0.020747988278146823,38
2024-09-20,rth,att_eff,-0.7063928746375405,0.5895487039677487,0.26467222058981954,38
2024-09-20,rth,def_eff,-0.6612247754023475,0.6222621127145875,0.2623819971729244,38
2024-09-20,rth,att_large,0.0,0.3168718045303026,0.0749459250301289,38
2024-09-20,rth,def_large,0.0,0.27759375,0.06990467011878673,38
2024-09-20,rth,balance,-0.06519019416546229,0.16561196302025927,0.025128163018418727,38
2024-09-20,rth,volume,0.32214331239005245,3.6402194300075927,0.5426007725683862,38
2024-09-23,rth,delta,-0.21828115682766847,0.2301392367322599,0.08886017461230776,36
2024-09-23,rth,def_cancel,0.40756932199777207,0.49081410792681257,0.01739353716767396,36
2024-09-23,rth,att_cancel,0.40670506489600455,0.4919800342763694,0.017016242878593057,36
2024-09-23,rth,def_refill,0.24456521739130438,0.5894021739130435,0.05598835241503246,36
2024-09-23,rth,att_refill,0.24178030303030304,0.5854924242424243,0.05682390152910808,36
2024-09-23,rth,def_hidden,0.0,0.06728682170542637,0.02159512971087057,36
2024-09-23,rth,att_eff,-0.7107933553798336,0.5961494250811885,0.26581123861789946,36
2024-09-23,rth,def_eff,-0.6676636728343723,0.6222621127145875,0.26338804174226366,36
2024-09-23,rth,att_large,0.0,0.3222926285580372,0.07586431696395511,36
2024-09-23,rth,def_large,0.0,0.2824895833333333,0.06997505762213332,36
2024-09-23,rth,balance,-0.06283507011254674,0.1491260946498506,0.025448784786234985,36
2024-09-23,rth,volume,0.32214331239005245,3.6402194300075927,0.5325769701023905,36
2024-09-24,rth,delta,-0.21828115682766847,0.23203130590339893,0.08842402258945253,36
2024-09-24,rth,def_cancel,0.4073131841949135,0.49055797012395397,0.01728723017869001,36
2024-09-24,rth,att_cancel,0.40670506489600455,0.4917208398405628,0.016875201267432742,36
2024-09-24,rth,def_refill,0.24407608695652175,0.5908695652173913,0.055534297854984885,36
2024-09-24,rth,att_refill,0.24079545454545456,0.5864772727272728,0.05648532447075744,36
2024-09-24,rth,def_hidden,0.0,0.07089147286821706,0.022008876407545622,36
2024-09-24,rth,att_eff,-0.7173940764932731,0.5983496654523348,0.2653254394568729,36
2024-09-24,rth,def_eff,-0.674102570266397,0.628701010146612,0.26309424550457133,36
2024-09-24,rth,att_large,0.0,0.3252494416640742,0.07582205787013063,36
2024-09-24,rth,def_large,0.0,0.28493749999999995,0.07000092112105223,36
2024-09-24,rth,balance,-0.06283507011254674,0.14724199540751814,0.02543988210499828,36
2024-09-24,rth,volume,0.32214331239005245,3.575790767529582,0.537199652161272,36
2024-09-25,rth,delta,-0.219227191413238,0.23203130590339893,0.08754397257467854,36
2024-09-25,rth,def_cancel,0.40756932199777207,0.49030183232109537,0.016789268080901983,36
2024-09-25,rth,att_cancel,0.40696425933181113,0.4917208398405628,0.01667364117714952,36
2024-09-25,rth,def_refill,0.24358695652173915,0.5903804347826087,0.054926726358175526,36
2024-09-25,rth,att_refill,0.23981060606060609,0.5859848484848486,0.05580571781365212,36
2024-09-25,rth,def_hidden,0.0,0.07233333333333335,0.022128283458746935,36
2024-09-25,rth,att_eff,-0.7173940764932731,0.5983496654523348,0.264561174246259,36
2024-09-25,rth,def_eff,-0.6762488694104054,0.628701010146612,0.26253675043834185,36
2024-09-25,rth,att_large,0.0,0.3267278482170928,0.07542385743347253,36
2024-09-25,rth,def_large,0.0,0.28591666666666665,0.06961646664775449,36
2024-09-25,rth,balance,-0.062364045301963655,0.1444158465440195,0.02564913087758453,36
2024-09-25,rth,volume,0.32214331239005245,3.543576436290577,0.5357663368836346,36
2024-09-26,rth,delta,-0.2201732259988074,0.23108527131782952,0.0874141170733168,37
2024-09-26,rth,def_cancel,0.40756932199777207,0.49030183232109537,0.01676395580175078,37
2024-09-26,rth,att_cancel,0.40696425933181113,0.49146164540475623,0.016641557952824845,37
2024-09-26,rth,def_refill,0.24358695652173915,0.5908695652173913,0.054881295853106825,37
2024-09-26,rth,att_refill,0.24030303030303032,0.586969696969697,0.05576162337219838,37
2024-09-26,rth,def_hidden,0.0,0.0716124031007752,0.02203593076249354,37
2024-09-26,rth,att_eff,-0.7195943168644197,0.5983496654523348,0.26474936931918747,37
2024-09-26,rth,def_eff,-0.6762488694104054,0.628701010146612,0.2626360941930578,37
2024-09-26,rth,att_large,0.0,0.3267278482170928,0.07538339739336042,37
2024-09-26,rth,def_large,0.0,0.28591666666666665,0.06947801446455648,37
2024-09-26,rth,balance,-0.062364045301963655,0.14394482173343648,0.02565030865094155,37
2024-09-26,rth,volume,0.32214331239005245,3.543576436290577,0.5335283333819542,37
2024-09-27,rth,delta,-0.22111926058437692,0.23203130590339893,0.08769704443684755,38
2024-09-27,rth,def_cancel,0.4078254598006307,0.49030183232109537,0.016776740031456176,38
2024-09-27,rth,att_cancel,0.40696425933181113,0.49146164540475623,0.016675805045783282,38
2024-09-27,rth,def_refill,0.24407608695652175,0.5913586956521739,0.055080764511251344,38
2024-09-27,rth,att_refill,0.24030303030303032,0.586969696969697,0.05590766391362539,38
2024-09-27,rth,def_hidden,0.0,0.07089147286821706,0.02195702459771127,38
2024-09-27,rth,att_eff,-0.7173940764932731,0.5983496654523348,0.2646913781754853,38
2024-09-27,rth,def_eff,-0.674102570266397,0.628701010146612,0.26255901535926923,38
2024-09-27,rth,att_large,0.0,0.3272206504014323,0.07557104890900493,38
2024-09-27,rth,def_large,0.0,0.2868958333333333,0.06997839872841016,38
2024-09-27,rth,balance,-0.06330609492312989,0.14347379692285334,0.0255890137475838,38
2024-09-27,rth,volume,0.32214331239005245,3.543576436290577,0.5321375313079244,38
2024-09-30,rth,delta,-0.22301132975551585,0.23297734048896834,0.08723982815909652,36
2024-09-30,rth,def_cancel,0.4078254598006307,0.49030183232109537,0.0166070077073262,36
2024-09-30,rth,att_cancel,0.4072234537676177,0.49146164540475623,0.0164490058721608,36
2024-09-30,rth,def_refill,0.24260869565217394,0.5894021739130435,0.05454204190957122,36
2024-09-30,rth,att_refill,0.23931818181818182,0.5854924242424243,0.05541514090465979,36
2024-09-30,rth,def_hidden,0.0,0.07449612403100776,0.022256791840252192,36
2024-09-30,rth,att_eff,-0.7173940764932731,0.5983496654523348,0.26259641790968613,36
2024-09-30,rth,def_eff,-0.674102570266397,0.628701010146612,0.26015371597591913,36
2024-09-30,rth,att_large,0.0,0.3326414744291668,0.07556063203161809,36
2024-09-30,rth,def_large,0.0,0.2927708333333333,0.0696194118379673,36
2024-09-30,rth,balance,-0.06377711973371297,0.14582892097576883,0.025832368187137307,36
2024-09-30,rth,volume,0.32214331239005245,3.5113621050515715,0.5392262832412433,36
2024-10-01,rth,delta,-0.22395736434108526,0.2358154442456768,0.08671270548696333,36
2024-10-01,rth,def_cancel,0.4078254598006307,0.49030183232109537,0.01652416478552389,36
2024-10-01,rth,att_cancel,0.4072234537676177,0.49146164540475623,0.016391327684961095,36
2024-10-01,rth,def_refill,0.2411413043478261,0.5879347826086957,0.054023063146879026,36
2024-10-01,rth,att_refill,0.2378409090909091,0.5854924242424243,0.05508275636142333,36
2024-10-01,rth,def_hidden,0.0,0.0776201550387597,0.022410267466821517,36
2024-10-01,rth,att_eff,-0.7239947976067125,0.6005499058234816,0.2627751399171386,36
2024-10-01,rth,def_eff,-0.6805414676984218,0.6394325058666532,0.2603612967339288,36
2024-10-01,rth,att_large,0.0,0.3375694962725619,0.0753744414658918,36
2024-10-01,rth,def_large,0.0,0.29423958333333333,0.06951134663121702,36
2024-10-01,rth,balance,-0.0647191693548792,0.1430027721122702,0.026054377283276888,36
2024-10-01,rth,volume,0.2899289811510472,3.4791477738125662,0.5463664379142366,36
2024-10-02,rth,delta,-0.22490339892665479,0.23865354800238525,0.08654294318111394,36
2024-10-02,rth,def_cancel,0.4098745622234994,0.49030183232109537,0.016301237990988343,36
2024-10-02,rth,att_cancel,0.40800103707503743,0.4917208398405628,0.01629768258068818,36
2024-10-02,rth,def_refill,0.2396739130434783,0.5845108695652175,0.05380553586252627,36
2024-10-02,rth,att_refill,0.23734848484848486,0.5840151515151516,0.05459627920098422,36
2024-10-02,rth,def_hidden,0.0,0.07617829457364342,0.02205097351958385,36
2024-10-02,rth,att_eff,-0.7349959994624451,0.6049503865657742,0.2652803980478051,36
2024-10-02,rth,def_eff,-0.6848340659864383,0.6415788050106617,0.2629932954829785,36
2024-10-02,rth,att_large,0.0,0.3395407050099199,0.07443907014422954,36
2024-10-02,rth,def_large,0.0,0.2957083333333333,0.06923392954238847,36
2024-10-02,rth,balance,-0.061421995680797425,0.13970559843818853,0.025918216701430245,36
2024-10-02,rth,volume,0.32214331239005245,3.3502904488565455,0.5115273076508099,36
2024-10-03,rth,delta,-0.22679546809779372,0.23770751341681584,0.08661704794336031,37
2024-10-03,rth,def_cancel,0.4098745622234994,0.49030183232109537,0.016316738487048215,37
2024-10-03,rth,att_cancel,0.4072234537676177,0.4917208398405628,0.016358505150341936,37
2024-10-03,rth,def_refill,0.2396739130434783,0.5840217391304349,0.053907078438115145,37
2024-10-03,rth,att_refill,0.23734848484848486,0.5840151515151516,0.05485750756946831,37
2024-10-03,rth,def_hidden,0.0,0.07545736434108528,0.0220247876182373,37
2024-10-03,rth,att_eff,-0.7415967205758847,0.6027501461946279,0.26515290221684223,37
2024-10-03,rth,def_eff,-0.6848340659864383,0.6415788050106617,0.2627844452330082,37
2024-10-03,rth,att_large,0.0,0.34003350719425945,0.0747245252695646,37
2024-10-03,rth,def_large,0.0,0.29913541666666665,0.06960293856437169,37
2024-10-03,rth,balance,-0.06095097087021434,0.14017662324877156,0.025780227556642853,37
2024-10-03,rth,volume,0.32214331239005245,3.31807611761754,0.5073453804800853,37
2024-10-04,rth,delta,-0.2315256410256411,0.23959958258795466,0.0871553091219664,38
2024-10-04,rth,def_cancel,0.40885001101206503,0.49081410792681257,0.016340945766297268,38
2024-10-04,rth,att_cancel,0.40566828715277825,0.4919800342763694,0.01633208036357281,38
2024-10-04,rth,def_refill,0.2401630434782609,0.5879347826086957,0.05399322502621393,38
2024-10-04,rth,att_refill,0.23734848484848486,0.586969696969697,0.05484131848930422,38
2024-10-04,rth,def_hidden,0.0,0.0728139534883721,0.021717693791842324,38
2024-10-04,rth,att_eff,-0.748197441689324,0.6049503865657742,0.2630555746520372,38
2024-10-04,rth,def_eff,-0.6869803651304465,0.6415788050106617,0.26115717723428566,38
2024-10-04,rth,att_large,0.0,0.3395407050099199,0.07505615257199154,38
2024-10-04,rth,def_large,0.0,0.30403125,0.06944588951407592,38
2024-10-04,rth,balance,-0.06047994605963125,0.13782149919585607,0.025621596419604768,38
2024-10-04,rth,volume,0.2899289811510472,3.285861786378535,0.5023409171875463,38
2024-10-07,rth,delta,-0.2372018485390579,0.24527579010137157,0.08749398902143088,36
2024-10-07,rth,def_cancel,0.4098745622234994,0.4913263835325298,0.016479077756475485,36
2024-10-07,rth,att_cancel,0.4061866760243914,0.4927576175837891,0.016769214737072644,36
2024-10-07,rth,def_refill,0.26559782608695653,0.5942934782608696,0.05529878858866408,36
2024-10-07,rth,att_refill,0.2585227272727273,0.5938636363636364,0.05596708734073209,36
2024-10-07,rth,def_hidden,0.0,0.07425581395348838,0.021596025738840195,36
2024-10-07,rth,att_eff,-0.774600326143082,0.6093508673080672,0.2642556864947666,36
2024-10-07,rth,def_eff,-0.7062970574265208,0.6566028990187194,0.2626721529291821,36
2024-10-07,rth,att_large,0.0,0.3459471334063335,0.07623787875976108,36
2024-10-07,rth,def_large,0.0,0.31088541666666664,0.06947273172882629,36
2024-10-07,rth,balance,-0.059066871627881934,0.13264022627944194,0.024126448096120075,36
2024-10-07,rth,volume,0.2899289811510472,3.1892187926615194,0.5294852929660419,36
2024-10-08,rth,delta,-0.2372018485390579,0.24527579010137157,0.08741686752778603,37
2024-10-08,rth,def_cancel,0.4098745622234994,0.4913263835325298,0.016453812687723588,37
2024-10-08,rth,att_cancel,0.406445870460198,0.4927576175837891,0.01670892777491914,37
2024-10-08,rth,def_refill,0.26608695652173914,0.5942934782608696,0.0552689460830941,37
2024-10-08,rth,att_refill,0.25901515151515153,0.5928787878787879,0.05594300516338959,37
2024-10-08,rth,def_hidden,0.0,0.07473643410852714,0.02147244180221753,37
2024-10-08,rth,att_eff,-0.774600326143082,0.6093508673080672,0.264203932912644,37
2024-10-08,rth,def_eff,-0.7041507582825126,0.6544565998747109,0.26260002984340525,37
2024-10-08,rth,att_large,0.0,0.344468726853315,0.0759717679081284,37
2024-10-08,rth,def_large,0.0,0.3089270833333333,0.0690317914640309,37
2024-10-08,rth,balance,-0.059066871627881934,0.13169817665827577,0.024079490582836295,37
2024-10-08,rth,volume,0.2899289811510472,3.1892187926615194,0.5242297443934296,37
2024-10-09,rth,delta,-0.2381478831246273,0.2471678592725104,0.08905911131294725,37
2024-10-09,rth,def_cancel,0.4085938732092065,0.4913263835325298,0.01678967632284998,37
2024-10-09,rth,att_cancel,0.40566828715277825,0.49249842314798253,0.01699083968567614,37
2024-10-09,rth,def_refill,0.26608695652173914,0.5972282608695653,0.056280254296271114,37
2024-10-09,rth,att_refill,0.2585227272727273,0.5963257575757576,0.05688708459682587,37
2024-10-09,rth,def_hidden,0.0,0.07425581395348838,0.02190157275006775,37
2024-10-09,rth,att_eff,-0.7724000857719355,0.6093508673080672,0.26624452306631247,37
2024-10-09,rth,def_eff,-0.6977118608504878,0.6544565998747109,0.2645491706207879,37
2024-10-09,rth,att_large,0.0,0.34791834214369155,0.07715237463827099,37
2024-10-09,rth,def_large,0.0,0.31235416666666665,0.07032281177614913,37
2024-10-09,rth,balance,-0.0562407227643833,0.13499535033235743,0.02421136175929909,37
2024-10-09,rth,volume,0.2899289811510472,3.2214331239005247,0.5319931013520374,37
2024-10-10,rth,delta,-0.2381478831246273,0.25000596302921885,0.09007811357303198,38
2024-10-10,rth,def_cancel,0.4080815976034893,0.4910702457296712,0.016908814598162326,38
2024-10-10,rth,att_cancel,0.4051498982811651,0.49249842314798253,0.01708731749211816,38
2024-10-10,rth,def_refill,0.26608695652173914,0.5991847826086957,0.056960705833068594,38
2024-10-10,rth,att_refill,0.2585227272727273,0.5997727272727273,0.057563149868272614,38
2024-10-10,rth,def_hidden,0.0,0.07497674418604652,0.022213969554274095,38
2024-10-10,rth,att_eff,-0.7724000857719355,0.6093508673080672,0.2669395464153798,38
2024-10-10,rth,def_eff,-0.6977118608504878,0.652310300730703,0.2650354110077905,38
2024-10-10,rth,att_large,0.0,0.3523535618027471,0.07784837050074957,38
2024-10-10,rth,def_large,0.0,0.31284375,0.07085627095105927,38
2024-10-10,rth,balance,-0.05671174757496639,0.13499535033235743,0.024138021960762524,38
2024-10-10,rth,volume,0.2899289811510472,3.2536474551395296,0.5419027995729075,38
2024-10-11,rth,delta,-0.23909391771019683,0.25000596302921885,0.08996070441051927,39
2024-10-11,rth,def_cancel,0.4083377354063479,0.4910702457296712,0.016857972649926264,39
2024-10-11,rth,att_cancel,0.4051498982811651,0.49249842314798253,0.017038343261400638,39
2024-10-11,rth,def_refill,0.26608695652173914,0.5991847826086957,0.056939487335728935,39
2024-10-11,rth,att_refill,0.25901515151515153,0.6022348484848485,0.05755479033879192,39
2024-10-11,rth,def_hidden,0.0,0.07497674418604652,0.022163388665330096,39
2024-10-11,rth,att_eff,-0.7724000857719355,0.6137513480503602,0.26709737870172656,39
2024-10-11,rth,def_eff,-0.7020044591385044,0.652310300730703,0.2652594479049114,39
2024-10-11,rth,att_large,0.0,0.3528463639870866,0.07770778169362998,39
2024-10-11,rth,def_large,0.0,0.3138229166666666,0.07074264619612992,39
2024-10-11,rth,balance,-0.05671174757496639,0.13405330071119126,0.024059750022674704,39
2024-10-11,rth,volume,0.2899289811510472,3.2214331239005247,0.53918047453257,39
2024-10-14,rth,delta,-0.2381478831246273,0.24905992844364944,0.08996570256255818,38
2024-10-14,rth,def_cancel,0.4080815976034893,0.4913263835325298,0.01688747440347718,38
2024-10-14,rth,att_cancel,0.4048907038453585,0.49249842314798253,0.01710751952217771,38
2024-10-14,rth,def_refill,0.267554347826087,0.6021195652173914,0.05716213607532384,38
2024-10-14,rth,att_refill,0.25950757575757577,0.6071590909090909,0.05781439915118545,38
2024-10-14,rth,def_hidden,0.0,0.07449612403100776,0.022115900885903792,38
2024-10-14,rth,att_eff,-0.774600326143082,0.6181518287926533,0.2671750061637635,38
2024-10-14,rth,def_eff,-0.7062970574265208,0.6587491981627278,0.26543055236995694,38
2024-10-14,rth,att_large,0.0,0.3538319683557656,0.0779539462281683,38
2024-10-14,rth,def_large,0.0,0.3143125,0.0710832523989382,38
2024-10-14,rth,balance,-0.05671174757496639,0.1345243255217743,0.024094995281288816,38
2024-10-14,rth,volume,0.2899289811510472,3.2214331239005247,0.5419841181283865,38
2024-10-15,rth,delta,-0.2381478831246273,0.24905992844364944,0.09009777251433669,39
2024-10-15,rth,def_cancel,0.4078254598006307,0.4913263835325298,0.016910448444158073,39
2024-10-15,rth,att_cancel,0.40463150940955195,0.49249842314798253,0.017138954231934532,39
2024-10-15,rth,def_refill,0.267554347826087,0.602608695652174,0.05729716190667051,39
2024-10-15,rth,att_refill,0.26,0.6071590909090909,0.057971654795393235,39
2024-10-15,rth,def_hidden,0.0,0.07449612403100776,0.0221192143544777,39
2024-10-15,rth,att_eff,-0.774600326143082,0.6181518287926533,0.26754478518621916,39
2024-10-15,rth,def_eff,-0.7062970574265208,0.6587491981627278,0.2660379215063294,39
2024-10-15,rth,att_large,0.0,0.3538319683557656,0.07804637158905887,39
2024-10-15,rth,def_large,0.0,0.3148020833333333,0.07112119904609643,39
2024-10-15,rth,balance,-0.05671174757496639,0.1345243255217743,0.024088654169637593,39
2024-10-15,rth,volume,0.2899289811510472,3.2214331239005247,0.5417128364457171,39
2024-10-16,rth,delta,-0.23909391771019683,0.25000596302921885,0.09013555247924679,40
2024-10-16,rth,def_cancel,0.4078254598006307,0.4913263835325298,0.016904323297163737,40
2024-10-16,rth,att_cancel,0.40463150940955195,0.49249842314798253,0.01713438037523787,40
2024-10-16,rth,def_refill,0.26706521739130434,0.6030978260869566,0.05737763066943436,40
2024-10-16,rth,att_refill,0.26,0.6076515151515152,0.0579906705370029,40
2024-10-16,rth,def_hidden,0.0,0.07425581395348838,0.022090475349717795,40
2024-10-16,rth,att_eff,-0.774600326143082,0.6181518287926533,0.2675416974612959,40
2024-10-16,rth,def_eff,-0.7062970574265208,0.6587491981627278,0.266023319449148,40
2024-10-16,rth,att_large,0.0,0.3538319683557656,0.07806491015967779,40
2024-10-16,rth,def_large,0.0,0.3148020833333333,0.07109596058382305,40
2024-10-16,rth,balance,-0.05671174757496639,0.1345243255217743,0.024062678447530978,40
2024-10-16,rth,volume,0.2899289811510472,3.2214331239005247,0.5410455490700659,40
2024-10-17,rth,delta,-0.23909391771019683,0.25000596302921885,0.09007099199188223,41
2024-10-17,rth,def_cancel,0.40756932199777207,0.4913263835325298,0.016898817645224835,41
2024-10-17,rth,att_cancel,0.40463150940955195,0.49249842314798253,0.017137592774628417,41
2024-10-17,rth,def_refill,0.26706521739130434,0.6035869565217392,0.05753210851427214,41
2024-10-17,rth,att_refill,0.26,0.6081439393939394,0.057996629888983776,41
2024-10-17,rth,def_hidden,0.0,0.074015503875969,0.022062140873518342,41
2024-10-17,rth,att_eff,-0.774600326143082,0.6181518287926533,0.26742066039295936,41
2024-10-17,rth,def_eff,-0.7062970574265208,0.6608954973067358,0.26601015468329264,41
2024-10-17,rth,att_large,0.0,0.35432477054010514,0.07817822345499534,41
2024-10-17,rth,def_large,0.0,0.3148020833333333,0.07121812483473983,41
2024-10-17,rth,balance,-0.05671174757496639,0.13405330071119126,0.02403491903187256,41
2024-10-17,rth,volume,0.2899289811510472,3.2214331239005247,0.54043326795193,41
2024-10-18,rth,delta,-0.23909391771019683,0.2537901013714967,0.09029135796395633,42
2024-10-18,rth,def_cancel,0.4068009085891964,0.4913263835325298,0.01699165775571356,42
2024-10-18,rth,att_cancel,0.40463150940955195,0.49249842314798253,0.01718054424929341,42
2024-10-18,rth,def_refill,0.26706521739130434,0.6060326086956522,0.057829530530422134,42
2024-10-18,rth,att_refill,0.26,0.6096212121212121,0.0582491129365299,42
2024-10-18,rth,def_hidden,0.0,0.07449612403100776,0.022080471914360182,42
2024-10-18,rth,att_eff,-0.7768005665142286,0.6203520691638,0.2679453952956325,42
2024-10-18,rth,def_eff,-0.7105896557145372,0.6630417964507442,0.2666687902228968,42
2024-10-18,rth,att_large,0.0,0.35531037490878414,0.07838565124227667,42
2024-10-18,rth,def_large,0.0,0.3148020833333333,0.07130992336897546,42
2024-10-18,rth,balance,-0.05671174757496639,0.1345243255217743,0.0239399424371155,42
2024-10-18,rth,volume,0.2899289811510472,3.2214331239005247,0.5492192513664432,42
2024-10-21,rth,delta,-0.23909391771019683,0.2528440667859273,0.09052393923077733,41
2024-10-21,rth,def_cancel,0.40628863298347917,0.4913263835325298,0.01707349991257461,41
2024-10-21,rth,att_cancel,0.4043723149737454,0.49249842314798253,0.01725087373833118,41
2024-10-21,rth,def_refill,0.26706521739130434,0.6045652173913044,0.057873071918893286,41
2024-10-21,rth,att_refill,0.26,0.6096212121212121,0.0583190948954406,41
2024-10-21,rth,def_hidden,0.0,0.07473643410852714,0.022174962991835984,41
2024-10-21,rth,att_eff,-0.774600326143082,0.6203520691638,0.2680733069605088,41
2024-10-21,rth,def_eff,-0.7127359548585457,0.6608954973067358,0.26692986772533334,41
2024-10-21,rth,att_large,0.0,0.35531037490878414,0.07851281669538385,41
2024-10-21,rth,def_large,0.0,0.31676041666666666,0.07185009932943388,41
2024-10-21,rth,balance,-0.05671174757496639,0.13546637514294058,0.024048631073889958,41
2024-10-21,rth,volume,0.2899289811510472,3.2214331239005247,0.5541147007039874,41
2024-10-22,rth,delta,-0.24003995229576625,0.2547361359570661,0.09060608593623773,41
2024-10-22,rth,def_cancel,0.40603249518062057,0.4913263835325298,0.01712889551221806,41
2024-10-22,rth,att_cancel,0.4041131205379388,0.49223922871217596,0.01724559623412595,41
2024-10-22,rth,def_refill,0.26657608695652174,0.6055434782608696,0.05804340858466682,41
2024-10-22,rth,att_refill,0.26,0.6115909090909091,0.05847863464325263,41
2024-10-22,rth,def_hidden,0.0,0.07593798449612404,0.02236944240685849,41
2024-10-22,rth,att_eff,-0.7768005665142286,0.6203520691638,0.26859460345450953,41
2024-10-22,rth,def_eff,-0.7148822540025539,0.6608954973067358,0.2673049090827649,41
2024-10-22,rth,att_large,0.0,0.35629597927746315,0.07868710478231355,41
2024-10-22,rth,def_large,0.0,0.31676041666666666,0.07191525280199688,41
2024-10-22,rth,balance,-0.0562407227643833,0.13735047438527292,0.023941437421719086,41
2024-10-22,rth,volume,0.2899289811510472,3.2214331239005247,0.5336350907654103,41
2024-10-23,rth,delta,-0.24193202146690518,0.2547361359570661,0.09040008323037174,41
2024-10-23,rth,def_cancel,0.40603249518062057,0.4913263835325298,0.017084146127839865,41
2024-10-23,rth,att_cancel,0.4043723149737454,0.49223922871217596,0.017235516604128063,41
2024-10-23,rth,def_refill,0.26657608695652174,0.6070108695652174,0.058005639748364236,41
2024-10-23,rth,att_refill,0.26049242424242425,0.6120833333333333,0.05838753844850888,41
2024-10-23,rth,def_hidden,0.0,0.0776201550387597,0.02259260537514053,41
2024-10-23,rth,att_eff,-0.7790008068853751,0.6291530306483857,0.2691343060259787,41
2024-10-23,rth,def_eff,-0.7213211514345785,0.6716269930267771,0.2678503993714285,41
2024-10-23,rth,att_large,0.0,0.35826718801482116,0.07843624038077138,41
2024-10-23,rth,def_large,0.0,0.3192083333333333,0.07166338651282415,41
2024-10-23,rth,balance,-0.05765379719613262,0.13876354881702224,0.023960757492792733,41
2024-10-23,rth,volume,0.2899289811510472,3.157004461422514,0.5284472950684308,41
2024-10-24,rth,delta,-0.24193202146690518,0.2547361359570661,0.09044547896718742,42
2024-10-24,rth,def_cancel,0.40603249518062057,0.4913263835325298,0.017082965764038775,42
2024-10-24,rth,att_cancel,0.4041131205379388,0.49223922871217596,0.01724798250431684,42
2024-10-24,rth,def_refill,0.26657608695652174,0.6079891304347826,0.058110529826176684,42
2024-10-24,rth,att_refill,0.26049242424242425,0.6120833333333333,0.05842116363832932,42
2024-10-24,rth,def_hidden,0.0,0.0776201550387597,0.02260314355386184,42
2024-10-24,rth,att_eff,-0.7790008068853751,0.6291530306483857,0.2691214484357593,42
2024-10-24,rth,def_eff,-0.7213211514345785,0.6716269930267771,0.2679721055157405,42
2024-10-24,rth,att_large,0.0,0.35777438583048166,0.07847750774215599,42
2024-10-24,rth,def_large,0.0,0.31969791666666664,0.07167289138634882,42
2024-10-24,rth,balance,-0.05765379719613262,0.1382925240064392,0.023930127705066608,42
2024-10-24,rth,volume,0.2899289811510472,3.157004461422514,0.5278356667768631,42
2024-10-25,rth,delta,-0.2428780560524747,0.2537901013714967,0.09008602241417592,43
2024-10-25,rth,def_cancel,0.40628863298347917,0.4913263835325298,0.017020650698606667,43
2024-10-25,rth,att_cancel,0.4041131205379388,0.49223922871217596,0.01723961254297367,43
2024-10-25,rth,def_refill,0.26706521739130434,0.6079891304347826,0.05803748158402939,43
2024-10-25,rth,att_refill,0.2609848484848485,0.6125757575757577,0.058335192557159764,43
2024-10-25,rth,def_hidden,0.0,0.0776201550387597,0.022552773782646595,43
2024-10-25,rth,att_eff,-0.7834012876276681,0.6357537517618255,0.2692256858656014,43
2024-10-25,rth,def_eff,-0.7256137497225952,0.678065890458802,0.2682374863363906,43
2024-10-25,rth,att_large,0.0,0.35826718801482116,0.07848602772736857,43
2024-10-25,rth,def_large,0.0,0.3192083333333333,0.07156276446830838,43
2024-10-25,rth,balance,-0.05765379719613262,0.1382925240064392,0.02384060696512462,43
2024-10-25,rth,volume,0.2899289811510472,3.157004461422514,0.5247222428139309,43
2024-10-29,rth,delta,-0.24666219439475257,0.2594663088849136,0.0920533647096208,40
2024-10-29,rth,def_cancel,0.40423953056061046,0.4913263835325298,0.01751280979969021,40
2024-10-29,rth,att_cancel,0.40152117617987293,0.4917208398405628,0.017748729104254173,40
2024-10-29,rth,def_refill,0.2636413043478261,0.6133695652173914,0.05939482586482147,40
2024-10-29,rth,att_refill,0.25950757575757577,0.6184848484848485,0.059504859430437554,40
2024-10-29,rth,def_hidden,0.0,0.07569767441860466,0.02230132695666772,40
2024-10-29,rth,att_eff,-0.7768005665142286,0.6247525499060931,0.2660290768017799,40
2024-10-29,rth,def_eff,-0.7213211514345785,0.6587491981627278,0.26492044437252404,40
2024-10-29,rth,att_large,0.0,0.36023839675217917,0.08042003218462246,40
2024-10-29,rth,def_large,0.0,0.31871875,0.07309070542631164,40
2024-10-29,rth,balance,-0.05859584681729879,0.14017662324877156,0.024066613943274084,40
2024-10-29,rth,volume,0.2899289811510472,3.2214331239005247,0.5401997499945425,40
2024-10-30,rth,delta,-0.24666219439475257,0.26041234347048303,0.09205666162959995,40
2024-10-30,rth,def_cancel,0.40398339275775186,0.49081410792681257,0.01745320083069803,40
2024-10-30,rth,att_cancel,0.4007435928724532,0.49146164540475623,0.017658479053429665,40
2024-10-30,rth,def_refill,0.26461956521739133,0.6153260869565218,0.05937856494003508,40
2024-10-30,rth,att_refill,0.26,0.6209469696969697,0.05953321572577726,40
2024-10-30,rth,def_hidden,0.0,0.07449612403100776,0.022082075404819792,40
2024-10-30,rth,att_eff,-0.7856015279988147,0.6357537517618255,0.2680788365961424,40
2024-10-30,rth,def_eff,-0.7299063480106116,0.6630417964507442,0.26697583294891875,40
2024-10-30,rth,att_large,0.0,0.35777438583048166,0.08015164359085312,40
2024-10-30,rth,def_large,0.0,0.31725,0.0729922390969499,40
2024-10-30,rth,balance,-0.05953789643846502,0.13546637514294058,0.024020566633937885,40
2024-10-30,rth,volume,0.2899289811510472,3.157004461422514,0.4638157362870159,40
2024-10-31,rth,delta,-0.24666219439475257,0.26041234347048303,0.09180030786836624,41
2024-10-31,rth,def_cancel,0.4037272549548933,0.49081410792681257,0.017385055382712792,41
2024-10-31,rth,att_cancel,0.4004843984366466,0.49120245096894966,0.017601726538082067,41
2024-10-31,rth,def_refill,0.26510869565217393,0.6158152173913044,0.059327832439670866,41
2024-10-31,rth,att_refill,0.26049242424242425,0.6209469696969697,0.05939791047676748,41
2024-10-31,rth,def_hidden,0.0,0.07329457364341085,0.021892359372896252,41
2024-10-31,rth,att_eff,-0.7856015279988147,0.6357537517618255,0.2677727169866714,41
2024-10-31,rth,def_eff,-0.7299063480106116,0.6630417964507442,0.26662908968633786,41
2024-10-31,rth,att_large,0.0,0.35580317709312365,0.07982397227816539,41
2024-10-31,rth,def_large,0.0,0.3148020833333333,0.07238908486887922,41
2024-10-31,rth,balance,-0.06000892124904811,0.1382925240064392,0.023880651653412018,41
2024-10-31,rth,volume,0.2899289811510472,3.157004461422514,0.4599705975215588,41
2024-11-01,rth,delta,-0.24760822898032198,0.26041234347048303,0.09198084518232663,42
2024-11-01,rth,def_cancel,0.40295884154631756,0.49055797012395397,0.017386593031076383,42
2024-11-01,rth,att_cancel,0.3999660095650335,0.4909432565331431,0.017617183200594747,42
2024-11-01,rth,def_refill,0.26559782608695653,0.616304347826087,0.05941885939120858,42
2024-11-01,rth,att_refill,0.2614772727272727,0.6224242424242424,0.0594033573582578,42
2024-11-01,rth,def_hidden,0.0,0.07329457364341085,0.021860957448470265,42
2024-11-01,rth,att_eff,-0.7878017683699612,0.6379539921329718,0.2687058547126431,42
2024-11-01,rth,def_eff,-0.7320526471546198,0.6759195913147935,0.2675232460222714,42
2024-11-01,rth,att_large,0.0,0.35580317709312365,0.07971815769573459,42
2024-11-01,rth,def_large,0.0,0.3148020833333333,0.07224765211913971,42
2024-11-01,rth,balance,-0.05953789643846502,0.13735047438527292,0.023797341794614738,42
2024-11-01,rth,volume,0.2899289811510472,3.157004461422514,0.45626587672444224,42
2024-11-04,rth,delta,-0.2485542635658915,0.2594663088849136,0.09235860440236983,41
2024-11-04,rth,def_cancel,0.40244656594060035,0.49055797012395397,0.01750844174419443,41
2024-11-04,rth,att_cancel,0.39918842625761375,0.49120245096894966,0.01772452986157079,41
2024-11-04,rth,def_refill,0.26608695652173914,0.61875,0.05985454241750479,41
2024-11-04,rth,att_refill,0.26196969696969696,0.6243939393939394,0.05958365370999515,41
2024-11-04,rth,def_hidden,0.0,0.0716124031007752,0.02173960562134505,41
2024-11-04,rth,att_eff,-0.7944024894834005,0.6379539921329718,0.2691099680890403,41
2024-11-04,rth,def_eff,-0.734198946298628,0.6845047878908268,0.26839099401082633,41
2024-11-04,rth,att_large,0.0,0.35136795743406807,0.07915145633737332,41
2024-11-04,rth,def_large,0.0,0.3148020833333333,0.0719918561476554,41
2024-11-04,rth,balance,-0.06095097087021434,0.1382925240064392,0.023648934526058818,41
2024-11-04,rth,volume,0.2899289811510472,3.157004461422514,0.47309645637642744,41
2024-11-05,rth,delta,-0.2485542635658915,0.2575742397137746,0.09222893755413364,41
2024-11-05,rth,def_cancel,0.40244656594060035,0.49030183232109537,0.017429318613740568,41
2024-11-05,rth,att_cancel,0.3986700373860006,0.4909432565331431,0.017681805768719496,41
2024-11-05,rth,def_refill,0.26657608695652174,0.61875,0.05964852139940736,41
2024-11-05,rth,att_refill,0.2629545454545455,0.6258712121212121,0.05922655291743613,41
2024-11-05,rth,def_hidden,0.0,0.06968992248062016,0.02093291853680687,41
2024-11-05,rth,att_eff,-0.7944024894834005,0.6379539921329718,0.2694851212189997,41
2024-11-05,rth,def_eff,-0.7363452454426365,0.6823584887468184,0.2692229200760464,41
2024-11-05,rth,att_large,0.0,0.34742553995935205,0.07834558449359255,41
2024-11-05,rth,def_large,0.0,0.31284375,0.07130310010599172,41
2024-11-05,rth,balance,-0.062364045301963655,0.1382925240064392,0.023493979412198336,41
2024-11-05,rth,volume,0.2899289811510472,3.157004461422514,0.4609756539860629,41
2024-11-06,rth,delta,-0.24950029815146102,0.258520274299344,0.09134688458489781,41
2024-11-06,rth,def_cancel,0.4019342903348832,0.49030183232109537,0.01645478513845442,41
2024-11-06,rth,att_cancel,0.398410842950194,0.4909432565331431,0.01742853114413718,41
2024-11-06,rth,def_refill,0.267554347826087,0.6241304347826088,0.05950553066350703,41
2024-11-06,rth,att_refill,0.263939393939394,0.6298106060606061,0.05910229662206654,41
2024-11-06,rth,def_hidden,0.0,0.0716124031007752,0.02020292520316225,41
2024-11-06,rth,att_eff,-0.8120044124525727,0.6423544728752648,0.26986873399777894,41
2024-11-06,rth,def_eff,-0.7513693394506942,0.6887973861788432,0.26995670739085603,41
2024-11-06,rth,att_large,0.0,0.3459471334063335,0.0765552915879116,41
2024-11-06,rth,def_large,0.0,0.31284375,0.06961032819766666,41
2024-11-06,rth,balance,-0.06377711973371297,0.1368794495746899,0.02262078857054261,41
2024-11-06,rth,volume,0.2899289811510472,2.9959328052274876,0.46941489714410106,41
2024-11-07,rth,delta,-0.2485542635658915,0.25662820512820517,0.09138810357708439,42
2024-11-07,rth,def_cancel,0.40142201472916605,0.4900456945182369,0.016586035142141964,42
2024-11-07,rth,att_cancel,0.39815164851438745,0.4906840620973365,0.01749603301534511,42
2024-11-07,rth,def_refill,0.2680434782608696,0.622663043478261,0.05958479526303179,42
2024-11-07,rth,att_refill,0.2644318181818182,0.6278409090909092,0.05924752230594634,42
2024-11-07,rth,def_hidden,0.0,0.07329457364341085,0.02032991261402578,42
2024-11-07,rth,att_eff,-0.8076039317102797,0.6423544728752648,0.27084691902913854,42
2024-11-07,rth,def_eff,-0.7470767411626775,0.6845047878908268,0.270827745917996,42
2024-11-07,rth,att_large,0.0,0.3439759246689755,0.07653275544435695,42
2024-11-07,rth,def_large,0.0,0.3103958333333333,0.06950243333659499,42
2024-11-07,rth,balance,-0.06330609492312989,0.1359373999535236,0.02284057184597765,42
2024-11-07,rth,volume,0.2899289811510472,3.028147136466493,0.4649400252966056,42
2024-11-08,rth,delta,-0.2485542635658915,0.2547361359570661,0.09113927345567006,43
2024-11-08,rth,def_cancel,0.40065360132059025,0.4900456945182369,0.016522704867411267,43
2024-11-08,rth,att_cancel,0.39815164851438745,0.4906840620973365,0.01751395782956113,43
2024-11-08,rth,def_refill,0.2680434782608696,0.622663043478261,0.059314532230598876,43
2024-11-08,rth,att_refill,0.2644318181818182,0.6268560606060607,0.05902450599053896,43
2024-11-08,rth,def_hidden,0.0,0.07305426356589148,0.0201790684694191,43
2024-11-08,rth,att_eff,-0.8098041720814262,0.6423544728752648,0.2707282398484585,43
2024-11-08,rth,def_eff,-0.7470767411626775,0.6866510870348348,0.2704595309171848,43
2024-11-08,rth,att_large,0.0,0.34200471593161746,0.07627011223218867,43
2024-11-08,rth,def_large,0.0,0.30990625,0.06959580018791117,43
2024-11-08,rth,balance,-0.06330609492312989,0.13546637514294058,0.022848590345364423,43
2024-11-08,rth,volume,0.2899289811510472,2.9959328052274876,0.46027002632153585,43
2024-11-11,rth,delta,-0.25044633273703043,0.2547361359570661,0.08952581276243149,41
2024-11-11,rth,def_cancel,0.39937291230629735,0.48978955671537827,0.016405973962676564,41
2024-11-11,rth,att_cancel,0.39789245407858087,0.49042486766152993,0.017168505908881578,41
2024-11-11,rth,def_refill,0.26608695652173914,0.622663043478261,0.058481260285815496,41
2024-11-11,rth,att_refill,0.2654166666666667,0.6278409090909092,0.05787872776245515,41
2024-11-11,rth,def_hidden,0.0,0.06728682170542637,0.018853679401622945,41
2024-11-11,rth,att_eff,-0.8164048931948658,0.6423544728752648,0.270200728094703,41
2024-11-11,rth,def_eff,-0.7556619377387106,0.6930899844668597,0.2705300891499545,41
2024-11-11,rth,att_large,0.0,0.3365838919038829,0.07437057454321215,41
2024-11-11,rth,def_large,0.0,0.30305208333333333,0.06672926545817298,41
2024-11-11,rth,balance,-0.06189302049138057,0.1368794495746899,0.022674908329499196,41
2024-11-11,rth,volume,0.25771464991204196,2.9637184739884823,0.41323331994890067,41
2024-11-12,rth,delta,-0.25139236732259995,0.25568217054263576,0.0900634786820941,41
2024-11-12,rth,def_cancel,0.3986044988977216,0.48953341891251967,0.016504328043927884,41
2024-11-12,rth,att_cancel,0.3971148707711611,0.4899064787899168,0.01732655462604003,41
2024-11-12,rth,def_refill,0.26559782608695653,0.625108695652174,0.05867861393834481,41
2024-11-12,rth,att_refill,0.26492424242424245,0.6293181818181819,0.058275454616507016,41
2024-11-12,rth,def_hidden,0.0,0.06776744186046513,0.01884230052164982,41
2024-11-12,rth,att_eff,-0.8252058546794516,0.6423544728752648,0.27023151939445605,41
2024-11-12,rth,def_eff,-0.7578082368827188,0.6995288818988845,0.2702046024514963,41
2024-11-12,rth,att_large,0.0,0.3351054853508644,0.074811345536906,41
2024-11-12,rth,def_large,0.0,0.3059895833333333,0.06713772057458581,41
2024-11-12,rth,balance,-0.06283507011254674,0.13640842476410675,0.02273057355364968,41
2024-11-12,rth,volume,0.25771464991204196,2.9315041427494775,0.41896742430582895,41
2024-11-13,rth,delta,-0.24950029815146102,0.25568217054263576,0.09002815577111878,41
2024-11-13,rth,def_cancel,0.39809222329200444,0.48953341891251967,0.016565375215255723,41
2024-11-13,rth,att_cancel,0.3971148707711611,0.4899064787899168,0.017364612074463215,41
2024-11-13,rth,def_refill,0.26608695652173914,0.6260869565217392,0.05871324895202814,41
2024-11-13,rth,att_refill,0.2654166666666667,0.6312878787878788,0.05841562667248415,41
2024-11-13,rth,def_hidden,0.0,0.06536434108527132,0.01834846501310303,41
2024-11-13,rth,att_eff,-0.8252058546794516,0.6467549536175579,0.2709153130467037,41
2024-11-13,rth,def_eff,-0.7578082368827188,0.7038214801869009,0.27068510983864785,41
2024-11-13,rth,att_large,0.0,0.3321486722448273,0.07465226494759132,41
2024-11-13,rth,def_large,0.0,0.3059895833333333,0.06706011820827994,41
2024-11-13,rth,balance,-0.06330609492312989,0.1382925240064392,0.022615593645311762,41
2024-11-13,rth,volume,0.25771464991204196,2.9315041427494775,0.4172902316486481,41
2024-11-14,rth,delta,-0.24950029815146102,0.2547361359570661,0.09013788277248609,42
2024-11-14,rth,def_cancel,0.39783608548914584,0.48927728110966107,0.01666102969549097,42
2024-11-14,rth,att_cancel,0.3968556763353545,0.4896472843541102,0.017491844431858476,42
2024-11-14,rth,def_refill,0.26657608695652174,0.6270652173913044,0.05902355859883423,42
2024-11-14,rth,att_refill,0.26590909090909093,0.6312878787878788,0.0586478260495737,42
2024-11-14,rth,def_hidden,0.0,0.0644031007751938,0.01821598323509531,42
2024-11-14,rth,att_eff,-0.8230056143083051,0.6467549536175579,0.271108124775707,42
2024-11-14,rth,def_eff,-0.7556619377387106,0.7038214801869009,0.27072100038160224,42
2024-11-14,rth,att_large,0.0,0.3326414744291668,0.07477656489856568,42
2024-11-14,rth,def_large,0.0,0.3045208333333333,0.06693852828068796,42
2024-11-14,rth,balance,-0.06283507011254674,0.13923457362760538,0.02251774460625185,42
2024-11-14,rth,volume,0.25771464991204196,2.9637184739884823,0.41831577978696727,42
2024-11-15,rth,delta,-0.24760822898032198,0.2537901013714967,0.08961983931966976,43
2024-11-15,rth,def_cancel,0.39809222329200444,0.48927728110966107,0.016582892950846646,43
2024-11-15,rth,att_cancel,0.3968556763353545,0.4896472843541102,0.01740736825310503,43
2024-11-15,rth,def_refill,0.26706521739130434,0.6280434782608696,0.058742645121401704,43
2024-11-15,rth,att_refill,0.26640151515151517,0.6307954545454546,0.058392360950085195,43
2024-11-15,rth,def_hidden,0.0,0.06368217054263567,0.018085711252634386,43
2024-11-15,rth,att_eff,-0.8208053739371586,0.6423544728752648,0.2705556377244347,43
2024-11-15,rth,def_eff,-0.7535156385947024,0.7038214801869009,0.2703830252293032,43
2024-11-15,rth,att_large,0.0,0.3316558700604878,0.07435313858421862,43
2024-11-15,rth,def_large,0.0,0.30305208333333333,0.06646415821288566,43
2024-11-15,rth,balance,-0.062364045301963655,0.1382925240064392,0.022345508813452902,43
2024-11-15,rth,volume,0.25771464991204196,2.9315041427494775,0.41438200885121435,43
2024-11-18,rth,delta,-0.25139236732259995,0.2575742397137746,0.09040457883058992,41
2024-11-18,rth,def_cancel,0.39783608548914584,0.48850886770108526,0.016593458072128628,41
2024-11-18,rth,att_cancel,0.39607809302793473,0.4888697010466905,0.017333840867240304,41
2024-11-18,rth,def_refill,0.2734239130434783,0.6348913043478261,0.060106509267724734,41
2024-11-18,rth,att_refill,0.2737878787878788,0.6347348484848485,0.059628761240424696,41
2024-11-18,rth,def_hidden,0.0,0.06512403100775195,0.01817990275942757,41
2024-11-18,rth,att_eff,-0.8252058546794516,0.6445547132464116,0.2713760714745281,41
2024-11-18,rth,def_eff,-0.7513693394506942,0.7038214801869009,0.2721027468746789,41
2024-11-18,rth,att_large,0.0,0.3370766940882224,0.07522045223660076,41
2024-11-18,rth,def_large,0.0,0.3089270833333333,0.06744135886853021,41
2024-11-18,rth,balance,-0.06047994605963125,0.12274870525719672,0.02006877778073683,41
2024-11-18,rth,volume,0.2899289811510472,2.8026468177934563,0.40509708698622143,41
2024-11-19,rth,delta,-0.25139236732259995,0.25568217054263576,0.09016239389779836,41
2024-11-19,rth,def_cancel,0.39809222329200444,0.48876500550394386,0.016578283053136873,41
2024-11-19,rth,att_cancel,0.39633728746374136,0.48912889548249705,0.017323532941993448,41
2024-11-19,rth,def_refill,0.2744021739130435,0.6368478260869566,0.060094290721435094,41
2024-11-19,rth,att_refill,0.27329545454545456,0.635719696969697,0.059511632603141386,41
2024-11-19,rth,def_hidden,0.0,0.06608527131782946,0.01809416341132781,41
2024-11-19,rth,att_eff,-0.8252058546794516,0.6423544728752648,0.2711597037594711,41
2024-11-19,rth,def_eff,-0.749223040306686,0.7059677793309094,0.271912029498173,41
2024-11-19,rth,att_large,0.0,0.33411988098218537,0.07497246903581659,41
2024-11-19,rth,def_large,0.0,0.3055,0.06723870134440824,41
2024-11-19,rth,balance,-0.06047994605963125,0.12321973006777986,0.02000538670031724,41
2024-11-19,rth,volume,0.2899289811510472,2.770432486554451,0.40620291470123,41
2024-11-20,rth,delta,-0.25139236732259995,0.25662820512820517,0.09076257339562227,41
2024-11-20,rth,def_cancel,0.39783608548914584,0.48876500550394386,0.016701630824070557,41
2024-11-20,rth,att_cancel,0.3955597041563216,0.4888697010466905,0.017558740620680014,41
2024-11-20,rth,def_refill,0.2748913043478261,0.6358695652173914,0.060243302608388394,41
2024-11-20,rth,att_refill,0.2728030303030303,0.6362121212121212,0.059746805358251276,41
2024-11-20,rth,def_hidden,0.0,0.06752713178294574,0.01918067406932274,41
2024-11-20,rth,att_eff,-0.8230056143083051,0.6467549536175579,0.27204187033086724,41
2024-11-20,rth,def_eff,-0.7470767411626775,0.7038214801869009,0.2731657912744231,41
2024-11-20,rth,att_large,0.0,0.33362707879784587,0.07599601140203213,41
2024-11-20,rth,def_large,0.0,0.30403125,0.06752955363106367,41
2024-11-20,rth,balance,-0.06189302049138057,0.12321973006777986,0.02001880544567437,41
2024-11-20,rth,volume,0.2899289811510472,2.8026468177934563,0.40733841115877156,41
2024-11-21,rth,delta,-0.25044633273703043,0.25568217054263576,0.09018806298254273,42
2024-11-21,rth,def_cancel,0.3965553964748529,0.48825272989822677,0.01686915632348497,42
2024-11-21,rth,att_cancel,0.3942637319772887,0.4886105066108839,0.01756723228727389,42
2024-11-21,rth,def_refill,0.2753804347826087,0.6339130434782609,0.060088454738618825,42
2024-11-21,rth,att_refill,0.2747727272727273,0.6347348484848485,0.05942040774059142,42
2024-11-21,rth,def_hidden,0.0,0.06728682170542637,0.018913344591499553,42
2024-11-21,rth,att_eff,-0.8164048931948658,0.6379539921329718,0.27046145076388983,42
2024-11-21,rth,def_eff,-0.7384915445866447,0.7038214801869009,0.27140068544362067,42
2024-11-21,rth,att_large,0.0,0.3311630678761483,0.07558037963034979,42
2024-11-21,rth,def_large,0.0,0.3006041666666667,0.06767675026711854,42
2024-11-21,rth,balance,-0.061421995680797425,0.12651690374186153,0.02012858949687866,42
2024-11-21,rth,volume,0.2899289811510472,2.770432486554451,0.39911836196321004,42
2024-11-22,rth,delta,-0.24950029815146102,0.2528440667859273,0.09011504785768788,43
2024-11-22,rth,def_cancel,0.39706767208057003,0.48825272989822677,0.016974929453287203,43
2024-11-22,rth,att_cancel,0.3945229264130953,0.4883513121750773,0.01753398146695854,43
2024-11-22,rth,def_refill,0.2768478260869565,0.6324456521739131,0.060009250890261635,43
2024-11-22,rth,att_refill,0.27625,0.63375,0.0591711925222529,43
2024-11-22,rth,def_hidden,0.0,0.06608527131782946,0.01883005962504288,43
2024-11-22,rth,att_eff,-0.8098041720814262,0.6379539921329718,0.2704104046825391,43
2024-11-22,rth,def_eff,-0.7299063480106116,0.6952362836108681,0.27127391201665385,43
2024-11-22,rth,att_large,0.0,0.3257422438484137,0.07533755409060905,43
2024-11-22,rth,def_large,0.0,0.29521875,0.06683392266761488,43
2024-11-22,rth,balance,-0.06095097087021434,0.1382925240064392,0.02087555116838094,43
2024-11-22,rth,volume,0.2899289811510472,2.8348611490324616,0.39141777421602547,43
2024-11-25,rth,delta,-0.2485542635658915,0.25189803220035767,0.08998066242636407,41
2024-11-25,rth,def_cancel,0.3965553964748529,0.48799659209536816,0.017039098910443768,41
2024-11-25,rth,att_cancel,0.3940045375414821,0.4883513121750773,0.01759071087003925,41
2024-11-25,rth,def_refill,0.2768478260869565,0.6324456521739131,0.05995393276163126,41
2024-11-25,rth,att_refill,0.27674242424242423,0.6352272727272728,0.05925119521078983,41
2024-11-25,rth,def_hidden,0.0,0.06344186046511628,0.018424890002509048,41
2024-11-25,rth,att_eff,-0.8120044124525727,0.6423544728752648,0.2712935596586269,41
2024-11-25,rth,def_eff,-0.7320526471546198,0.6995288818988845,0.2721068822024383,41
2024-11-25,rth,att_large,0.0,0.3217998263736977,0.0747305103764327,41
2024-11-25,rth,def_large,0.0,0.2927708333333333,0.0666368225926189,41
2024-11-25,rth,balance,-0.061421995680797425,0.13923457362760538,0.02081385236053433,41
2024-11-25,rth,volume,0.2899289811510472,2.867075480271467,0.3928006423450896,41
2024-11-28,rth,delta,-0.24760822898032198,0.25095199761478826,0.09007382531757195,40
2024-11-28,rth,def_cancel,0.39629925867199434,0.48799659209536816,0.017121284032437623,40
2024-11-28,rth,att_cancel,0.39374534310567555,0.4883513121750773,0.017676667929251128,40
2024-11-28,rth,def_refill,0.2773369565217392,0.6324456521739131,0.06009515728763819,40
2024-11-28,rth,att_refill,0.27674242424242423,0.6347348484848485,0.0593360115168528,40
2024-11-28,rth,def_hidden,0.0,0.06344186046511628,0.018545873631062974,40
2024-11-28,rth,att_eff,-0.8164048931948658,0.6489551939887046,0.2731437582324242,40
2024-11-28,rth,def_eff,-0.7384915445866447,0.7038214801869009,0.2740810012279746,40
2024-11-28,rth,att_large,0.0,0.3183502110833211,0.07490565431925023,40
2024-11-28,rth,def_large,0.0,0.2824895833333333,0.06583645190074504,40
2024-11-28,rth,balance,-0.06095097087021434,0.14017662324877156,0.02096413712774448,40
2024-11-28,rth,volume,0.2899289811510472,2.867075480271467,0.3961388733264212,40
2024-11-29,rth,delta,-0.24666219439475257,0.25000596302921885,0.08984948530189683,41
2024-11-29,rth,def_cancel,0.39629925867199434,0.48799659209536816,0.01707884097755411,41
2024-11-29,rth,att_cancel,0.3940045375414821,0.48809211773927075,0.017632568263408706,41
2024-11-29,rth,def_refill,0.2778260869565218,0.6324456521739131,0.05994547964172069,41
2024-11-29,rth,att_refill,0.2772348484848485,0.6347348484848485,0.059188624425464305,41
2024-11-29,rth,def_hidden,0.0,0.06320155038759691,0.018499142697132046,41
2024-11-29,rth,att_eff,-0.8252058546794516,0.6577561554732902,0.2729734150012752,41
2024-11-29,rth,def_eff,-0.7470767411626775,0.7038214801869009,0.27396263364435103,41
2024-11-29,rth,att_large,0.0,0.3178574088989816,0.07471691290476225,41
2024-11-29,rth,def_large,0.0,0.28151041666666665,0.06567056059535659,41
2024-11-29,rth,balance,-0.06047994605963125,0.14865506983926746,0.020988512327425237,41
2024-11-29,rth,volume,0.2899289811510472,2.867075480271467,0.3941316518747161,41
2024-12-02,rth,delta,-0.24666219439475257,0.25000596302921885,0.08968838118862538,39
2024-12-02,rth,def_cancel,0.3942501562491256,0.48825272989822677,0.017048427964890377,39
2024-12-02,rth,att_cancel,0.3940045375414821,0.48809211773927075,0.017485354527806633,39
2024-12-02,rth,def_refill,0.28125,0.6383152173913044,0.060252574241712445,39
2024-12-02,rth,att_refill,0.28117424242424244,0.6435984848484849,0.05928908172942574,39
2024-12-02,rth,def_hidden,0.0,0.06248062015503877,0.0186235853953281,39
2024-12-02,rth,att_eff,-0.8362070565351842,0.6731578380713161,0.27373935709414066,39
2024-12-02,rth,def_eff,-0.7578082368827188,0.7081140784749174,0.27453165338574054,39
2024-12-02,rth,att_large,0.0,0.3124365848712471,0.07382500839844065,39
2024-12-02,rth,def_large,0.0,0.27612499999999995,0.06451066375840554,39
2024-12-02,rth,balance,-0.061421995680797425,0.1514812187027661,0.02038282457997725,39
2024-12-02,rth,volume,0.25771464991204196,2.8348611490324616,0.4047341308447687,39
2024-12-03,rth,delta,-0.23909391771019683,0.24905992844364944,0.08875251096436179,39
2024-12-03,rth,def_cancel,0.3937378806434084,0.48645976527821666,0.017009342608243647,39
2024-12-03,rth,att_cancel,0.3942637319772887,0.4865369511244313,0.017566712431502148,39
2024-12-03,rth,def_refill,0.29005434782608697,0.6392934782608696,0.06066490470132447,39
2024-12-03,rth,att_refill,0.2929924242424243,0.6470454545454546,0.059663705618739515,39
2024-12-03,rth,def_hidden,0.0,0.06488372093023256,0.0186467952873332,39
2024-12-03,rth,att_eff,-0.8472082583909166,0.6819587995559018,0.27775897493129237,39
2024-12-03,rth,def_eff,-0.7621008351707355,0.7102603776189258,0.27829709475665637,39
2024-12-03,rth,att_large,0.0,0.3089869695808705,0.07276801447398824,39
2024-12-03,rth,def_large,0.0,0.25703125,0.0636671213858107,39
2024-12-03,rth,balance,-0.06189302049138057,0.1561914668085972,0.01980117876868359,39
2024-12-03,rth,volume,0.2899289811510472,2.8348611490324616,0.3972639196263323,39
2024-12-04,rth,delta,-0.24003995229576625,0.24432975551580194,0.08773781878734041,39
2024-12-04,rth,def_cancel,0.3934817428405499,0.48620362747535806,0.01692950183516817,39
2024-12-04,rth,att_cancel,0.3940045375414821,0.48601856225281803,0.017313723837464542,39
2024-12-04,rth,def_refill,0.29396739130434785,0.6451630434782609,0.061107475271970885,39
2024-12-04,rth,att_refill,0.3013636363636364,0.6509848484848485,0.05960614416603395,39
2024-12-04,rth,def_hidden,0.0,0.06224031007751939,0.01812940829743166,39
2024-12-04,rth,att_eff,-0.8472082583909166,0.6841590399270485,0.27903735415689107,39
2024-12-04,rth,def_eff,-0.7663934334587519,0.7166992750509507,0.27932457385263804,39
2024-12-04,rth,att_large,0.0,0.30405894773747544,0.07088140243017159,39
2024-12-04,rth,def_large,0.0,0.25556249999999997,0.06295875822107451,39
2024-12-04,rth,balance,-0.06283507011254674,0.18727910430708217,0.019265801795979882,39
2024-12-04,rth,volume,0.2899289811510472,2.8026468177934563,0.3778985066155945,39
2024-12-05,rth,delta,-0.24003995229576625,0.24622182468694098,0.08778270528158716,40
2024-12-05,rth,def_cancel,0.3934817428405499,0.48620362747535806,0.016933169783705133,40
2024-12-05,rth,att_cancel,0.3940045375414821,0.48601856225281803,0.017343340779091658,40
2024-12-05,rth,def_refill,0.29445652173913045,0.6471195652173913,0.06127438499804433,40
2024-12-05,rth,att_refill,0.3013636363636364,0.6514772727272727,0.05969105503902445,40
2024-12-05,rth,def_hidden,0.0,0.06272093023255815,0.018491461217143963,40
2024-12-05,rth,att_eff,-0.8472082583909166,0.6841590399270485,0.2795411836435678,40
2024-12-05,rth,def_eff,-0.7706860317467683,0.7166992750509507,0.2799083646845567,40
2024-12-05,rth,att_large,0.0,0.305537354290494,0.07114114522868561,40
2024-12-05,rth,def_large,0.0,0.25703125,0.06313617339318517,40
2024-12-05,rth,balance,-0.06283507011254674,0.18633705468591588,0.01924922086042236,40
2024-12-05,rth,volume,0.2899289811510472,2.8026468177934563,0.3776605779710802,40
2024-12-06,rth,delta,-0.23909391771019683,0.24622182468694098,0.08750711053741851,41
2024-12-06,rth,def_cancel,0.3937378806434084,0.48620362747535806,0.016862658871531735,41
2024-12-06,rth,att_cancel,0.3940045375414821,0.48601856225281803,0.017270278427937494,41
2024-12-06,rth,def_refill,0.29494565217391305,0.6480978260869565,0.061106056559049236,41
2024-12-06,rth,att_refill,0.3018560606060606,0.6549242424242424,0.05954658026207777,41
2024-12-06,rth,def_hidden,0.0,0.06248062015503877,0.018403407180234425,41
2024-12-06,rth,att_eff,-0.8472082583909166,0.6841590399270485,0.2793288099052421,41
2024-12-06,rth,def_eff,-0.7706860317467683,0.7209918733389671,0.27998572319802867,41
2024-12-06,rth,att_large,0.0,0.3060301564748335,0.07083628619074894,41
2024-12-06,rth,def_large,0.0,0.2575208333333333,0.06289453930486197,41
2024-12-06,rth,balance,-0.06330609492312989,0.1853950050647497,0.01917770871393581,41
2024-12-06,rth,volume,0.2899289811510472,2.8026468177934563,0.37554838947508934,41
2024-12-09,rth,delta,-0.23909391771019683,0.23959958258795466,0.08316714189037692,39
2024-12-09,rth,def_cancel,0.39450629405198423,0.48569135186964085,0.016211663223590973,39
2024-12-09,rth,att_cancel,0.3942637319772887,0.48601856225281803,0.016836753467239104,39
2024-12-09,rth,def_refill,0.29934782608695654,0.6569021739130435,0.05914770479850637,39
2024-12-09,rth,att_refill,0.3053030303030303,0.6603409090909091,0.05774501689204848,39
2024-12-09,rth,def_hidden,0.0,0.05527131782945737,0.016965709656960672,39
2024-12-09,rth,att_eff,-0.8516087391332097,0.6973604821539272,0.2758709544532019,39
2024-12-09,rth,def_eff,-0.7857101257548262,0.7317233690590084,0.27764083085091534,39
2024-12-09,rth,att_large,0.0,0.2912460909446483,0.06823416157317092,39
2024-12-09,rth,def_large,0.0,0.2531145833333333,0.06018243612423128,39
2024-12-09,rth,balance,-0.07837888886178923,0.17974270733775244,0.018900009662051544,39
2024-12-09,rth,volume,0.2899289811510472,2.706003824076441,0.3380946969705178,39
2024-12-10,rth,delta,-0.2381478831246273,0.23959958258795466,0.083455606671272,39
2024-12-10,rth,def_cancel,0.393994018446267,0.48543521406678225,0.016327736034519997,39
2024-12-10,rth,att_cancel,0.3940045375414821,0.48575936781701146,0.016972978506532996,39
2024-12-10,rth,def_refill,0.30081521739130435,0.6598369565217392,0.059457395867038035,39
2024-12-10,rth,att_refill,0.30579545454545454,0.6618181818181819,0.05816525567355472,39
2024-12-10,rth,def_hidden,0.0,0.05358914728682171,0.016864396341063518,39
2024-12-10,rth,att_eff,-0.8516087391332097,0.6973604821539272,0.27594567563139233,39
2024-12-10,rth,def_eff,-0.7857101257548262,0.7317233690590084,0.27759346186999756,39
2024-12-10,rth,att_large,0.0,0.28779647565427174,0.06833455465818894,39
2024-12-10,rth,def_large,0.0,0.2487083333333333,0.06000630539292286,39
2024-12-10,rth,balance,-0.07837888886178923,0.18021373214833558,0.01886163444631222,39
2024-12-10,rth,volume,0.2899289811510472,2.7382181553154457,0.3387506447521093,39
2024-12-11,rth,delta,-0.23909391771019683,0.24338372093023253,0.0843663617458082,39
2024-12-11,rth,def_cancel,0.3937378806434084,0.48543521406678225,0.01648206625396777,39
2024-12-11,rth,att_cancel,0.3940045375414821,0.48601856225281803,0.01717329001721046,39
2024-12-11,rth,def_refill,0.30032608695652174,0.6632608695652175,0.06020738955000957,39
2024-12-11,rth,att_refill,0.30776515151515155,0.664280303030303,0.05893491185660684,39
2024-12-11,rth,def_hidden,0.0,0.05358914728682171,0.01709197635158165,39
2024-12-11,rth,att_eff,-0.8428077776486236,0.6841590399270485,0.27611545222404327,39
2024-12-11,rth,def_eff,-0.7792712283228014,0.7231381724829751,0.2777556439106044,39
2024-12-11,rth,att_large,0.0,0.28582526691691373,0.0684426454498083,39
2024-12-11,rth,def_large,0.0,0.24821875,0.06033808421171755,39
2024-12-11,rth,balance,-0.08073401291470478,0.1816268065800849,0.01900373954969451,39
2024-12-11,rth,volume,0.2899289811510472,2.7382181553154457,0.34317916637664264,39
2024-12-12,rth,delta,-0.24003995229576625,0.24338372093023253,0.08431533002185417,40
2024-12-12,rth,def_cancel,0.3937378806434084,0.48543521406678225,0.01647526459372636,40
2024-12-12,rth,att_cancel,0.39374534310567555,0.48601856225281803,0.01723133044877804,40
2024-12-12,rth,def_refill,0.30032608695652174,0.6637500000000001,0.0603027344370642,40
2024-12-12,rth,att_refill,0.30776515151515155,0.6637878787878788,0.05889459089959858,40
2024-12-12,rth,def_hidden,0.0,0.05358914728682171,0.01708332431185927,40
2024-12-12,rth,att_eff,-0.8494084987620631,0.6841590399270485,0.2767071570542674,40
2024-12-12,rth,def_eff,-0.7792712283228014,0.7274307707709915,0.2782786952570701,40
2024-12-12,rth,att_large,0.0,0.28681087128559274,0.06854073225815671,40
2024-12-12,rth,def_large,0.0,0.24821875,0.06022321087343649,40
2024-12-12,rth,balance,-0.08261811215703718,0.18115578176950176,0.018994008203377016,40
2024-12-12,rth,volume,0.2899289811510472,2.7382181553154457,0.3427482362395204,40
2024-12-13,rth,delta,-0.2372018485390579,0.23959958258795466,0.08300693770236871,41
2024-12-13,rth,def_cancel,0.3952747074605599,0.48774045429250956,0.016189452183805148,41
2024-12-13,rth,att_cancel,0.3955597041563216,0.48809211773927075,0.016883668500444267,41
2024-12-13,rth,def_refill,0.3032608695652174,0.6745108695652174,0.05983073358533705,41
2024-12-13,rth,att_refill,0.310719696969697,0.6775757575757576,0.05874476385903373,41
2024-12-13,rth,def_hidden,0.0,0.052387596899224814,0.016539188864126746,41
2024-12-13,rth,att_eff,-0.8516087391332097,0.6973604821539272,0.2740219870943315,41
2024-12-13,rth,def_eff,-0.7878564248988345,0.7295770699149999,0.2758068056059053,41
2024-12-13,rth,att_large,0.0,0.28040444288917915,0.06725361875496388,41
2024-12-13,rth,def_large,0.0,0.24528124999999998,0.0589471228809914,41
2024-12-13,rth,balance,-0.08120503772528787,0.17267733517900585,0.01864099230735968,41
2024-12-13,rth,volume,0.2899289811510472,2.706003824076441,0.33073204506442944,41
2024-12-16,rth,delta,-0.23625581395348838,0.23770751341681584,0.08250920609291613,39
2024-12-16,rth,def_cancel,0.39604312086913573,0.48850886770108526,0.01608126050399325,39
2024-12-16,rth,att_cancel,0.39607809302793473,0.4888697010466905,0.01674953030220025,39
2024-12-16,rth,def_refill,0.3047282608695652,0.6735326086956522,0.05912396980709278,39
2024-12-16,rth,att_refill,0.3112121212121212,0.6765909090909091,0.05849470632348422,39
2024-12-16,rth,def_hidden,0.0,0.052387596899224814,0.016448045851902342,39
2024-12-16,rth,att_eff,-0.8494084987620631,0.699560722525074,0.2734185296401661,39
2024-12-16,rth,def_eff,-0.7857101257548262,0.7295770699149999,0.27478393330515394,39
2024-12-16,rth,att_large,0.0,0.27941883852050015,0.06666302381159406,39
2024-12-16,rth,def_large,0.0,0.24332291666666664,0.058224183283852655,39
2024-12-16,rth,balance,-0.08026298810412164,0.17173528555783968,0.018545564920445495,39
2024-12-16,rth,volume,0.2899289811510472,2.6737894928374355,0.3283310960212471,39
2024-12-17,rth,delta,-0.23530977936791897,0.23108527131782952,0.08173350908909428,39
2024-12-17,rth,def_cancel,0.3968115342777115,0.48850886770108526,0.015846908127325126,39
2024-12-17,rth,att_cancel,0.39633728746374136,0.4886105066108839,0.016615560101256165,39
2024-12-17,rth,def_refill,0.30570652173913043,0.6745108695652174,0.0585468588238861,39
2024-12-17,rth,att_refill,0.3131818181818182,0.6775757575757576,0.058002191748252094,39
2024-12-17,rth,def_hidden,0.0,0.05094573643410853,0.016184179181736612,39
2024-12-17,rth,att_eff,-0.8494084987620631,0.699560722525074,0.27324492840207176,39
2024-12-17,rth,def_eff,-0.7857101257548262,0.7295770699149999,0.27443153225227307,39
2024-12-17,rth,att_large,0.0,0.27547642104578407,0.06580706302326142,39
2024-12-17,rth,def_large,0.0,0.2443020833333333,0.05755101137596281,39
2024-12-17,rth,balance,-0.08638631064170205,0.17173528555783968,0.018549104767690342,39
2024-12-17,rth,volume,0.2899289811510472,2.6737894928374355,0.29515787945476957,39
2024-12-18,rth,delta,-0.23436374478234945,0.23203130590339893,0.08190940209567289,39
2024-12-18,rth,def_cancel,0.39809222329200444,0.48927728110966107,0.01578535317128913,39
2024-12-18,rth,att_cancel,0.3971148707711611,0.4896472843541102,0.016606304293807682,39
2024-12-18,rth,def_refill,0.3071739130434783,0.6764673913043479,0.0591076983941614,39
2024-12-18,rth,att_refill,0.3141666666666667,0.6800378787878788,0.05851952419062892,39
2024-12-18,rth,def_hidden,0.0,0.05334883720930233,0.01636554445309074,39
2024-12-18,rth,att_eff,-0.8428077776486236,0.6973604821539272,0.27241479843506705,39
2024-12-18,rth,def_eff,-0.7771249291787932,0.7274307707709915,0.2734868346905253,39
2024-12-18,rth,att_large,0.0,0.2759692232301236,0.06615447239328355,39
2024-12-18,rth,def_large,0.0,0.24185416666666665,0.05740551570605545,39
2024-12-18,rth,balance,-0.08874143469461754,0.16749606226259173,0.018367668136387894,39
2024-12-18,rth,volume,0.2899289811510472,2.6737894928374355,0.33682804254390114,39
2024-12-19,rth,delta,-0.23530977936791897,0.23203130590339893,0.08274031684206795,40
2024-12-19,rth,def_cancel,0.3986044988977216,0.4900456945182369,0.01597188009832894,40
2024-12-19,rth,att_cancel,0.39763325964277424,0.4909432565331431,0.016695730952117356,40
2024-12-19,rth,def_refill,0.30570652173913043,0.6759782608695653,0.059229858276905155,40
2024-12-19,rth,att_refill,0.31170454545454546,0.6800378787878788,0.05899170187919017,40
2024-12-19,rth,def_hidden,0.0,0.05310852713178295,0.01641914068888707,40
2024-12-19,rth,att_eff,-0.8340068161640377,0.6951602417827809,0.2732962637938464,40
2024-12-19,rth,def_eff,-0.774978630034785,0.7252844716269835,0.2745001718901929,40
2024-12-19,rth,att_large,0.0,0.27843323415182114,0.06668086041289688,40
2024-12-19,rth,def_large,0.0,0.2438125,0.058130698292020166,40
2024-12-19,rth,balance,-0.0943937324216148,0.16325683896734378,0.018335473305353907,40
2024-12-19,rth,volume,0.2899289811510472,2.7382181553154457,0.3320708411191678,40
2024-12-20,rth,delta,-0.23247167561121052,0.23108527131782952,0.08422888940208936,41
2024-12-20,rth,def_cancel,0.4003974635177317,0.4944000371668328,0.016211124337287025,41
2024-12-20,rth,att_cancel,0.3994476206934203,0.4950903675060484,0.016749087910827395,41
2024-12-20,rth,def_refill,0.28760869565217395,0.6696195652173914,0.059120463898986016,41
2024-12-20,rth,att_refill,0.2929924242424243,0.6731439393939395,0.05895889878105753,41
2024-12-20,rth,def_hidden,0.0,0.05431007751937985,0.016955180860801607,41
2024-12-20,rth,att_eff,-0.8164048931948658,0.6819587995559018,0.2741057290305659,41
2024-12-20,rth,def_eff,-0.7642471343147437,0.7166992750509507,0.2748912944465834,41
2024-12-20,rth,att_large,0.0,0.2764620254144631,0.06784912907552271,41
2024-12-20,rth,def_large,0.0,0.24087499999999998,0.059611986160210226,41
2024-12-20,rth,balance,-0.09203860836869926,0.15572044199801405,0.01824275574419441,41
2024-12-20,rth,volume,0.2899289811510472,2.867075480271467,0.32687083458752164,41
2024-12-23,rth,delta,-0.23247167561121052,0.2301392367322599,0.08518529641471348,39
2024-12-23,rth,def_cancel,0.40090973912344885,0.4946561749696914,0.01643019981742215,39
2024-12-23,rth,att_cancel,0.3997068151292269,0.49560875637766155,0.01699326309339816,39
2024-12-23,rth,def_refill,0.28125,0.6652173913043479,0.0590258636238839,39
2024-12-23,rth,att_refill,0.28462121212121216,0.6696969696969697,0.058980347516323944,39
2024-12-23,rth,def_hidden,0.0,0.05599224806201551,0.017246759154091545,39
2024-12-23,rth,att_eff,-0.8098041720814262,0.6797585591847555,0.2731087587494186,39
2024-12-23,rth,def_eff,-0.7599545360267272,0.7102603776189258,0.27415099910937596,39
2024-12-23,rth,att_large,0.0,0.2759692232301236,0.06878112512916418,39
2024-12-23,rth,def_large,0.0,0.24185416666666665,0.060391016608226704,39
2024-12-23,rth,balance,-0.09015450912636686,0.1538363427556817,0.01884593857635679,39
2024-12-23,rth,volume,0.32214331239005245,2.9637184739884823,0.411775670651409,39
2024-12-26,rth,delta,-0.23057960644007158,0.2301392367322599,0.08585239962157408,38
2024-12-26,rth,def_cancel,0.4001413257148731,0.49491231277255,0.01686012828814222,38
2024-12-26,rth,att_cancel,0.3994476206934203,0.4961271452492747,0.017299461884658918,38
2024-12-26,rth,def_refill,0.2797826086956522,0.6647282608695653,0.059206281977010417,38
2024-12-26,rth,att_refill,0.2816666666666667,0.6692045454545454,0.059299181957594385,38
2024-12-26,rth,def_hidden,0.0,0.05599224806201551,0.01730025897167347,38
2024-12-26,rth,att_eff,-0.8098041720814262,0.6731578380713161,0.2750652759845102,38
2024-12-26,rth,def_eff,-0.7470767411626775,0.7145529759069422,0.2761361195676364,38
2024-12-26,rth,att_large,0.0,0.27547642104578407,0.06944397176376704,38
2024-12-26,rth,def_large,0.0,0.24479166666666666,0.06145354664103164,38
2024-12-26,rth,balance,-0.09015450912636686,0.15524941718743102,0.01899766390163172,38
2024-12-26,rth,volume,0.2899289811510472,3.028147136466493,0.4468561386424546,38
2024-12-27,rth,delta,-0.23057960644007158,0.23108527131782952,0.08565510492785804,39
2024-12-27,rth,def_cancel,0.4003974635177317,0.49491231277255,0.01679064649132995,39
2024-12-27,rth,att_cancel,0.3997068151292269,0.49586795081346813,0.017227731116192344,39
2024-12-27,rth,def_refill,0.2797826086956522,0.6652173913043479,0.05903919841461385,39
2024-12-27,rth,att_refill,0.28265151515151515,0.668219696969697,0.05909484616895716,39
2024-12-27,rth,def_hidden,0.0,0.05503100775193799,0.01717814791193705,39
2024-12-27,rth,att_eff,-0.8230056143083051,0.6753580784424624,0.2762722017126338,39
2024-12-27,rth,def_eff,-0.7535156385947024,0.7274307707709915,0.2779773348091431,39
2024-12-27,rth,att_large,0.0,0.27794043196748164,0.06931529727112785,39
2024-12-27,rth,def_large,0.0,0.24332291666666664,0.06112119146187584,39
2024-12-27,rth,balance,-0.08968348431578377,0.15430736756626473,0.018991775770046748,39
2024-12-27,rth,volume,0.2899289811510472,3.028147136466493,0.44366102569037796,39
2024-12-30,rth,delta,-0.23057960644007158,0.2301392367322599,0.08462175889889309,38
2024-12-30,rth,def_cancel,0.40142201472916605,0.4951684505754086,0.016701840033682948,38
2024-12-30,rth,att_cancel,0.40126198174406635,0.4961271452492747,0.017095695119578376,38
2024-12-30,rth,def_refill,0.278804347826087,0.6637500000000001,0.058242307779173504,38
2024-12-30,rth,att_refill,0.2816666666666667,0.6667424242424242,0.05831072916142866,38
2024-12-30,rth,def_hidden,0.0,0.05431007751937985,0.017132643127429306,38
2024-12-30,rth,att_eff,-0.8164048931948658,0.6665571169578763,0.2733253920099458,38
2024-12-30,rth,def_eff,-0.7427841428746611,0.7145529759069422,0.2753888938425481,38
2024-12-30,rth,att_large,0.0,0.27547642104578407,0.06858725237976701,38
2024-12-30,rth,def_large,0.0,0.24185416666666665,0.06084984367565209,38
2024-12-30,rth,balance,-0.08968348431578377,0.15666249161918033,0.018925957329991375,38
2024-12-30,rth,volume,0.2899289811510472,2.9637184739884823,0.4252168497615387,38
2024-12-31,rth,delta,-0.22868753726893265,0.22730113297555166,0.08324555810818182,38
2024-12-31,rth,def_cancel,0.40270270374345896,0.4954245883782672,0.016491432863131438,38
2024-12-31,rth,att_cancel,0.40281714835890586,0.4963863396850813,0.016867637775495832,38
2024-12-31,rth,def_refill,0.278804347826087,0.6617934782608696,0.057337005382459484,38
2024-12-31,rth,att_refill,0.2821590909090909,0.664280303030303,0.05747378015576171,38
2024-12-31,rth,def_hidden,0.0,0.05406976744186047,0.01687389706408317,38
2024-12-31,rth,att_eff,-0.8098041720814262,0.6665571169578763,0.2716795041759767,38
2024-12-31,rth,def_eff,-0.7363452454426365,0.7102603776189258,0.273510865039486,38
2024-12-31,rth,att_large,0.0,0.2690699926493705,0.06734814521220743,38
2024-12-31,rth,def_large,0.0,0.2379375,0.05987015954522158,38
2024-12-31,rth,balance,-0.08921245950520068,0.15572044199801405,0.019362158704695983,38
2024-12-31,rth,volume,0.32214331239005245,2.9315041427494775,0.4210388234948054,38
2025-01-02,rth,delta,-0.22774150268336313,0.2301392367322599,0.08221011972535554,38
2025-01-02,rth,def_cancel,0.40321497934917616,0.4956807261811257,0.016233124350647894,38
2025-01-02,rth,att_cancel,0.4035947316663256,0.4963863396850813,0.016573155243259367,38
2025-01-02,rth,def_refill,0.2768478260869565,0.6593478260869565,0.05619526789421587,38
2025-01-02,rth,att_refill,0.27871212121212124,0.6632954545454546,0.05668369868945595,38
2025-01-02,rth,def_hidden,0.0,0.056472868217054266,0.016784307382944817,38
2025-01-02,rth,att_eff,-0.8164048931948658,0.6687573573290231,0.27137195516439444,38
2025-01-02,rth,def_eff,-0.7470767411626775,0.7124066767629338,0.2726928648106245,38
2025-01-02,rth,att_large,0.0,0.27251960793974705,0.06695265758303616,38
2025-01-02,rth,def_large,0.0,0.24038541666666666,0.05908925612503911,38
2025-01-02,rth,balance,-0.08921245950520068,0.15713351642976336,0.01965369742330691,38
2025-01-02,rth,volume,0.32214331239005245,2.867075480271467,0.399356161212588,38
2025-01-03,rth,delta,-0.22490339892665479,0.22635509838998202,0.0820667933426613,39
2025-01-03,rth,def_cancel,0.40398339275775186,0.4954245883782672,0.016366197326648627,39
2025-01-03,rth,att_cancel,0.4041131205379388,0.4961271452492747,0.016684255101935174,39
2025-01-03,rth,def_refill,0.2739130434782609,0.6529891304347827,0.05522478690805377,39
2025-01-03,rth,att_refill,0.27575757575757576,0.6573863636363637,0.05576152705517113,39
2025-01-03,rth,def_hidden,0.0,0.05358914728682171,0.017112030505803063,39
2025-01-03,rth,att_eff,-0.8010032105968401,0.6621566362155833,0.27093981858847366,39
2025-01-03,rth,def_eff,-0.7363452454426365,0.7016751810428925,0.27251640859621695,39
2025-01-03,rth,att_large,0.0,0.26611317954333347,0.06605420387488858,39
2025-01-03,rth,def_large,0.0,0.23695833333333333,0.058770095268329464,39
2025-01-03,rth,balance,-0.08732836026286822,0.1623147893461776,0.020835361545100878,39
2025-01-03,rth,volume,0.32214331239005245,2.899289811510472,0.3881346887391537,39
2025-01-06,rth,delta,-0.22490339892665479,0.22824716756112107,0.08175779580045588,37
2025-01-06,rth,def_cancel,0.40500794396918627,0.4959368639839843,0.01624606057715439,37
2025-01-06,rth,att_cancel,0.4043723149737454,0.49664553412088785,0.016573412397391657,37
2025-01-06,rth,def_refill,0.2734239130434783,0.6573913043478261,0.05508716198473134,37
2025-01-06,rth,att_refill,0.2747727272727273,0.6618181818181819,0.055559490338317946,37
2025-01-06,rth,def_hidden,0.0,0.052147286821705434,0.016970660692221858,37
2025-01-06,rth,att_eff,-0.8032034509679866,0.6665571169578763,0.2693019586265071,37
2025-01-06,rth,def_eff,-0.7363452454426365,0.7081140784749174,0.27064356656752825,37
2025-01-06,rth,att_large,0.0,0.26956279483371,0.06611149655947275,37
2025-01-06,rth,def_large,0.0,0.2398958333333333,0.05891832124351521,37
2025-01-06,rth,balance,-0.08874143469461754,0.1660829878308424,0.02066225100705039,37
2025-01-06,rth,volume,0.32214331239005245,2.867075480271467,0.3971403506133983,37
2025-01-07,rth,delta,-0.22395736434108526,0.22919320214669048,0.08141700599751778,37
2025-01-07,rth,def_cancel,0.40603249518062057,0.4961930017868429,0.016276885109933862,37
2025-01-07,rth,att_cancel,0.4043723149737454,0.49690472855669443,0.016479851913481388,37
2025-01-07,rth,def_refill,0.2739130434782609,0.6564130434782609,0.0550566017735407,37
2025-01-07,rth,att_refill,0.2747727272727273,0.6623106060606061,0.05553587636876042,37
2025-01-07,rth,def_hidden,0.0,0.05094573643410853,0.01689551398190293,37
2025-01-07,rth,att_eff,-0.8032034509679866,0.6665571169578763,0.2691099427774884,37
2025-01-07,rth,def_eff,-0.7363452454426365,0.7059677793309094,0.27093068586041563,37
2025-01-07,rth,att_large,0.0,0.27005559701804954,0.06575955414260753,37
2025-01-07,rth,def_large,0.0,0.23891666666666664,0.058235082289632305,37
2025-01-07,rth,balance,-0.08827040988403445,0.16796708707317487,0.020481473535042857,37
2025-01-07,rth,volume,0.32214331239005245,2.899289811510472,0.39745123037865926,37
2025-01-08,rth,delta,-0.22395736434108526,0.22730113297555166,0.08155663931180368,37
2025-01-08,rth,def_cancel,0.4070570463920549,0.4959368639839843,0.016164523111919803,37
2025-01-08,rth,att_cancel,0.4048907038453585,0.49664553412088785,0.016423431253883184,37
2025-01-08,rth,def_refill,0.2729347826086957,0.6525000000000001,0.05481179622195997,37
2025-01-08,rth,att_refill,0.2747727272727273,0.6598484848484849,0.055374959726050194,37
2025-01-08,rth,def_hidden,0.0,0.05022480620155039,0.01688716631305866,37
2025-01-08,rth,att_eff,-0.8032034509679866,0.6621566362155833,0.2704577438010273,37
2025-01-08,rth,def_eff,-0.7320526471546198,0.7016751810428925,0.272232344583889,37
2025-01-08,rth,att_large,0.0,0.26611317954333347,0.06577537648268376,37
2025-01-08,rth,def_large,0.0,0.23695833333333333,0.058273654802649275,37
2025-01-08,rth,balance,-0.08685733545228513,0.16655401264142555,0.020920120454581536,37
2025-01-08,rth,volume,0.32214331239005245,2.9315041427494775,0.3936420477177578,37
2025-01-10,rth,delta,-0.22395736434108526,0.22730113297555166,0.0812372824999137,38
2025-01-10,rth,def_cancel,0.4068009085891964,0.4959368639839843,0.016194447945899547,38
2025-01-10,rth,att_cancel,0.4048907038453585,0.49664553412088785,0.01636670236758632,38
2025-01-10,rth,def_refill,0.2729347826086957,0.6490760869565217,0.05458958820008891,38
2025-01-10,rth,att_refill,0.2747727272727273,0.6573863636363637,0.05514710852782321,38
2025-01-10,rth,def_hidden,0.0,0.04974418604651163,0.01663589789382104,38
2025-01-10,rth,att_eff,-0.8010032105968401,0.6621566362155833,0.2695581033563526,38
2025-01-10,rth,def_eff,-0.7320526471546198,0.6995288818988845,0.2712153202715867,38
2025-01-10,rth,att_large,0.0,0.2690699926493705,0.06595405153487581,38
2025-01-10,rth,def_large,0.0,0.23744791666666665,0.05874925105066529,38
2025-01-10,rth,balance,-0.0859152858311189,0.16419888858850995,0.021069066440886745,38
2025-01-10,rth,volume,0.32214331239005245,2.867075480271467,0.3873227746440309,38
2025-01-13,rth,delta,-0.22206529516994633,0.22824716756112107,0.08163444501470879,36
2025-01-13,rth,def_cancel,0.4080815976034893,0.4959368639839843,0.016235708401904702,36
2025-01-13,rth,att_cancel,0.4048907038453585,0.49664553412088785,0.016324108791043866,36
2025-01-13,rth,def_refill,0.267554347826087,0.6446739130434783,0.05413033723730119,36
2025-01-13,rth,att_refill,0.27181818181818185,0.6549242424242424,0.054665885739496406,36
2025-01-13,rth,def_hidden,0.0,0.04926356589147287,0.016649217817323893,36
2025-01-13,rth,att_eff,-0.7878017683699612,0.655555915102144,0.2680546652733389,36
2025-01-13,rth,def_eff,-0.7213211514345785,0.6952362836108681,0.27043305480062885,36
2025-01-13,rth,att_large,0.0,0.26956279483371,0.06619870010895329,36
2025-01-13,rth,def_large,0.0,0.23646874999999998,0.059546968686409074,36
2025-01-13,rth,balance,-0.08450221139936959,0.1707932359366734,0.021536979178107468,36
2025-01-13,rth,volume,0.32214331239005245,2.9315041427494775,0.3833815136263327,36
2025-01-14,rth,delta,-0.22206529516994633,0.22824716756112107,0.08216324528673141,36
2025-01-14,rth,def_cancel,0.4080815976034893,0.4959368639839843,0.01629620623945306,36
2025-01-14,rth,att_cancel,0.4051498982811651,0.49664553412088785,0.01640169571023502,36
2025-01-14,rth,def_refill,0.26706521739130434,0.6432065217391305,0.054292365979776054,36
2025-01-14,rth,att_refill,0.2713257575757576,0.6549242424242424,0.05481855051601185,36
2025-01-14,rth,def_hidden,0.0,0.04974418604651163,0.016717503193774418,36
2025-01-14,rth,att_eff,-0.7856015279988147,0.655555915102144,0.2690337371731402,36
2025-01-14,rth,def_eff,-0.7191748522905703,0.6952362836108681,0.27113639158105135,36
2025-01-14,rth,att_large,0.0,0.27005559701804954,0.0663477587063042,36
2025-01-14,rth,def_large,0.0,0.23695833333333333,0.05995970816536754,36
2025-01-14,rth,balance,-0.08450221139936959,0.17126426074725654,0.02173238495270321,36
2025-01-14,rth,volume,0.32214331239005245,2.9637184739884823,0.38438405915666407,36
2025-01-15,rth,delta,-0.22206529516994633,0.22730113297555166,0.08243030984959727,36
2025-01-15,rth,def_cancel,0.4085938732092065,0.4959368639839843,0.01631923007980717,36
2025-01-15,rth,att_cancel,0.4048907038453585,0.49664553412088785,0.016469164422059906,36
2025-01-15,rth,def_refill,0.267554347826087,0.6417391304347827,0.054405074711030406,36
2025-01-15,rth,att_refill,0.27181818181818185,0.6539393939393939,0.05482254864371576,36
2025-01-15,rth,def_hidden,0.0,0.04926356589147287,0.016626274315985845,36
2025-01-15,rth,att_eff,-0.7856015279988147,0.655555915102144,0.26967754889277806,36
2025-01-15,rth,def_eff,-0.7191748522905703,0.6909436853228512,0.2717025086097738,36
2025-01-15,rth,att_large,0.0,0.27054839920238904,0.0663433978619655,36
2025-01-15,rth,def_large,0.0,0.23695833333333333,0.05981133194838035,36
2025-01-15,rth,balance,-0.0859152858311189,0.17032221112609036,0.02173682216882567,36
2025-01-15,rth,volume,0.32214331239005245,2.9637184739884823,0.3822839887754937,36
2025-01-16,rth,delta,-0.22206529516994633,0.22635509838998202,0.08233163947953052,37
2025-01-16,rth,def_cancel,0.4080815976034893,0.4956807261811257,0.01629793477545716,37
2025-01-16,rth,att_cancel,0.4041131205379388,0.4961271452492747,0.01643628890154776,37
2025-01-16,rth,def_refill,0.2685326086956522,0.6407608695652175,0.05431246097034557,37
2025-01-16,rth,att_refill,0.2728030303030303,0.6534469696969697,0.05484020050761524,37
2025-01-16,rth,def_hidden,0.0,0.04926356589147287,0.016574226422118536,37
2025-01-16,rth,att_eff,-0.7768005665142286,0.6511554343598509,0.26880442047592334,37
2025-01-16,rth,def_eff,-0.7191748522905703,0.6823584887468184,0.27075950867588144,37
2025-01-16,rth,att_large,0.0,0.27054839920238904,0.06633203578605487,37
2025-01-16,rth,def_large,0.0,0.23646874999999998,0.05960523616309632,37
2025-01-16,rth,balance,-0.08638631064170205,0.16890913669434104,0.021715542836435592,37
2025-01-16,rth,volume,0.32214331239005245,2.9637184739884823,0.37760739850639313,37
2025-01-17,rth,delta,-0.22111926058437692,0.22730113297555166,0.08237076353896308,38
2025-01-17,rth,def_cancel,0.4080815976034893,0.4954245883782672,0.016279877481698696,38
2025-01-17,rth,att_cancel,0.4041131205379388,0.4961271452492747,0.016415609719204298,38
2025-01-17,rth,def_refill,0.2690217391304348,0.6392934782608696,0.05422785288751385,38
2025-01-17,rth,att_refill,0.27329545454545456,0.651969696969697,0.05480486766755753,38
2025-01-17,rth,def_hidden,0.0,0.048302325581395356,0.016409364949005387,38
2025-01-17,rth,att_eff,-0.7724000857719355,0.6467549536175579,0.2688223283734121,38
2025-01-17,rth,def_eff,-0.7191748522905703,0.6802121896028104,0.2708013542901388,38
2025-01-17,rth,att_large,0.0,0.26956279483371,0.06631344605677032,38
2025-01-17,rth,def_large,0.0,0.2354895833333333,0.05936858508728142,38
2025-01-17,rth,balance,-0.08544426102053582,0.16702503745200858,0.021590200708770733,38
2025-01-17,rth,volume,0.32214331239005245,2.9637184739884823,0.37491497153256914,38
2025-01-20,rth,delta,-0.22206529516994633,0.22635509838998202,0.08225507533530256,36
2025-01-20,rth,def_cancel,0.41064297563207514,0.4959368639839843,0.016050984180465064,36
2025-01-20,rth,att_cancel,0.40696425933181113,0.49664553412088785,0.016166101607736145,36
2025-01-20,rth,def_refill,0.267554347826087,0.6412500000000001,0.0537422470134977,36
2025-01-20,rth,att_refill,0.27181818181818185,0.6554166666666666,0.054690049512276115,36
2025-01-20,rth,def_hidden,0.0,0.043496124031007756,0.015321145044418711,36
2025-01-20,rth,att_eff,-0.7768005665142286,0.655555915102144,0.26923978868107357,36
2025-01-20,rth,def_eff,-0.7191748522905703,0.6845047878908268,0.2711025163760843,36
2025-01-20,rth,att_large,0.0,0.2680843882806915,0.06526899877620149,36
2025-01-20,rth,def_large,0.0,0.23402083333333332,0.05846614087986361,36
2025-01-20,rth,balance,-0.08685733545228513,0.1693801615049242,0.02172248624940382,36
2025-01-20,rth,volume,0.32214331239005245,2.9637184739884823,0.3823082898502797,36
2025-01-21,rth,delta,-0.22111926058437692,0.22730113297555166,0.08165539571314268,36
2025-01-21,rth,def_cancel,0.4108991134349337,0.4964491395897015,0.015852997197247656,36
2025-01-21,rth,att_cancel,0.4074826482034243,0.497163922992501,0.01607233526981835,36
2025-01-21,rth,def_refill,0.26657608695652174,0.6422282608695653,0.05331145527601589,36
2025-01-21,rth,att_refill,0.27083333333333337,0.6573863636363637,0.0545244537886336,36
2025-01-21,rth,def_hidden,0.0,0.042775193798449615,0.015164702194783159,36
2025-01-21,rth,att_eff,-0.7856015279988147,0.6577561554732902,0.26901316150388677,36
2025-01-21,rth,def_eff,-0.7277600488666034,0.6930899844668597,0.2710056031461899,36
2025-01-21,rth,att_large,0.0,0.27104120138672855,0.06477821822419857,36
2025-01-21,rth,def_large,0.0,0.2354895833333333,0.05864800042805527,36
2025-01-21,rth,balance,-0.08779938507345136,0.15666249161918033,0.02128927478738721,36
2025-01-21,rth,volume,0.32214331239005245,2.9315041427494775,0.38759328947557087,36
2025-01-22,rth,delta,-0.22111926058437692,0.22919320214669048,0.08203617418058677,36
2025-01-22,rth,def_cancel,0.4114113890406509,0.4967052773925601,0.015861735743712618,36
2025-01-22,rth,att_cancel,0.40774184263923086,0.497163922992501,0.01608788614768361,36
2025-01-22,rth,def_refill,0.26657608695652174,0.6422282608695653,0.05344769197016694,36
2025-01-22,rth,att_refill,0.27034090909090913,0.6573863636363637,0.05462541250299024,36
2025-01-22,rth,def_hidden,0.0,0.043496124031007756,0.015251076167519017,36
2025-01-22,rth,att_eff,-0.7790008068853751,0.655555915102144,0.2684026389572695,36
2025-01-22,rth,def_eff,-0.7277600488666034,0.6909436853228512,0.2704589485181347,36
2025-01-22,rth,att_large,0.0,0.27350521230842606,0.06525938402934667,36
2025-01-22,rth,def_large,0.0,0.23597916666666666,0.05889960179353752,36
2025-01-22,rth,balance,-0.08874143469461754,0.15666249161918033,0.021322543980835745,36
2025-01-22,rth,volume,0.32214331239005245,2.9315041427494775,0.3904662359532729,36
2025-01-23,rth,delta,-0.22206529516994633,0.22919320214669048,0.08191784737079695,37
2025-01-23,rth,def_cancel,0.4111552512377923,0.4964491395897015,0.015820494911651165,37
2025-01-23,rth,att_cancel,0.40696425933181113,0.497163922992501,0.016059028304664404,37
2025-01-23,rth,def_refill,0.26657608695652174,0.6441847826086957,0.05347238501408452,37
2025-01-23,rth,att_refill,0.27034090909090913,0.6573863636363637,0.05466954801979429,37
2025-01-23,rth,def_hidden,0.0,0.042775193798449615,0.015166626092521491,37
2025-01-23,rth,att_eff,-0.7790008068853751,0.655555915102144,0.26829103969512624,37
2025-01-23,rth,def_eff,-0.7277600488666034,0.6909436853228512,0.27019668649298406,37
2025-01-23,rth,att_large,0.0,0.27547642104578407,0.06519160458402767,37
2025-01-23,rth,def_large,0.0,0.23891666666666664,0.05891004189361403,37
2025-01-23,rth,balance,-0.08827040988403445,0.1561914668085972,0.021239833956773903,37
2025-01-23,rth,volume,0.32214331239005245,2.9315041427494775,0.3884539336891385,37
2025-01-24,rth,delta,-0.22395736434108526,0.22919320214669048,0.08263920330395919,38
2025-01-24,rth,def_cancel,0.4098745622234994,0.4964491395897015,0.015967826487146695,38
2025-01-24,rth,att_cancel,0.4054090927169717,0.497163922992501,0.016235841146443886,38
2025-01-24,rth,def_refill,0.26657608695652174,0.6456521739130435,0.05423562709189263,38
2025-01-24,rth,att_refill,0.27034090909090913,0.6583712121212122,0.05557713624787275,38
2025-01-24,rth,def_hidden,0.0,0.042534883720930235,0.015127753286996639,38
2025-01-24,rth,att_eff,-0.7790008068853751,0.655555915102144,0.2680502699036987,38
2025-01-24,rth,def_eff,-0.7277600488666034,0.6909436853228512,0.2699446156702683,38
2025-01-24,rth,att_large,0.0,0.27892603633616064,0.06570073718700647,38
2025-01-24,rth,def_large,0.0,0.2443020833333333,0.060042255430770394,38
2025-01-24,rth,balance,-0.08921245950520068,0.15572044199801405,0.02128236932928704,38
2025-01-24,rth,volume,0.32214331239005245,2.9637184739884823,0.4174735877950448,38
2025-01-27,rth,delta,-0.22301132975551585,0.22919320214669048,0.08216226272701216,38
2025-01-27,rth,def_cancel,0.4098745622234994,0.4964491395897015,0.015963269702501892,38
2025-01-27,rth,att_cancel,0.4054090927169717,0.497163922992501,0.016194081145898424,38
2025-01-27,rth,def_refill,0.26657608695652174,0.6451630434782609,0.05395672353081311,38
2025-01-27,rth,att_refill,0.27083333333333337,0.6588636363636364,0.05534566649045064,38
2025-01-27,rth,def_hidden,0.0,0.041813953488372094,0.015017576850807247,38
2025-01-27,rth,att_eff,-0.7790008068853751,0.655555915102144,0.26889414463296873,38
2025-01-27,rth,def_eff,-0.7277600488666034,0.6909436853228512,0.2703166422277072,38
2025-01-27,rth,att_large,0.0,0.27843323415182114,0.06519285556767129,38
2025-01-27,rth,def_large,0.0,0.24626041666666665,0.059860743762634616,38
2025-01-27,rth,balance,-0.08921245950520068,0.15572044199801405,0.02127637288285279,38
2025-01-27,rth,volume,0.32214331239005245,2.9637184739884823,0.41722783057043034,38
2025-01-28,rth,delta,-0.2201732259988074,0.22730113297555166,0.08200006772874537,38
2025-01-28,rth,def_cancel,0.41064297563207514,0.4959368639839843,0.015878801255199384,38
2025-01-28,rth,att_cancel,0.4061866760243914,0.49664553412088785,0.016038157813115444,38
2025-01-28,rth,def_refill,0.267554347826087,0.6402717391304348,0.05371875202700794,38
2025-01-28,rth,att_refill,0.2728030303030303,0.6554166666666666,0.05501414594839987,38
2025-01-28,rth,def_hidden,0.0,0.042775193798449615,0.015300722760944256,38
2025-01-28,rth,att_eff,-0.7657993646584962,0.6401542325041185,0.26903672460845973,38
2025-01-28,rth,def_eff,-0.7191748522905703,0.6823584887468184,0.2703666123328752,38
2025-01-28,rth,att_large,0.0,0.27794043196748164,0.0654187900281088,38
2025-01-28,rth,def_large,0.0,0.24332291666666664,0.059778350574003554,38
2025-01-28,rth,balance,-0.08732836026286822,0.1444158465440195,0.021392215786737456,38
2025-01-28,rth,volume,0.3543576436290577,2.9315041427494775,0.40824502062739076,38
2025-01-29,rth,delta,-0.2201732259988074,0.2244630292188432,0.081842172089853,38
2025-01-29,rth,def_cancel,0.41217980244922664,0.4959368639839843,0.015834975059710803,38
2025-01-29,rth,att_cancel,0.40670506489600455,0.49664553412088785,0.016029904907795038,38
2025-01-29,rth,def_refill,0.2680434782608696,0.6392934782608696,0.0537096642690554,38
2025-01-29,rth,att_refill,0.27329545454545456,0.6504924242424243,0.05489670208838163,38
2025-01-29,rth,def_hidden,0.0,0.042054263565891474,0.015219706838478736,38
2025-01-29,rth,att_eff,-0.7657993646584962,0.6357537517618255,0.2689458254287344,38
2025-01-29,rth,def_eff,-0.7191748522905703,0.678065890458802,0.27033659340484734,38
2025-01-29,rth,att_large,0.0,0.2759692232301236,0.06524666353047553,38
2025-01-29,rth,def_large,0.0,0.24185416666666665,0.059559407423124405,38
2025-01-29,rth,balance,-0.08685733545228513,0.14253174730168716,0.02128014218010901,38
2025-01-29,rth,volume,0.3543576436290577,2.9315041427494775,0.4057422465151743,38
2025-01-30,rth,delta,-0.219227191413238,0.2244630292188432,0.0824731804611418,39
2025-01-30,rth,def_cancel,0.4119236646463681,0.4956807261811257,0.015912470319760945,39
2025-01-30,rth,att_cancel,0.406445870460198,0.4963863396850813,0.016046246958993753,39
2025-01-30,rth,def_refill,0.2680434782608696,0.6358695652173914,0.05339853906893086,39
2025-01-30,rth,att_refill,0.2728030303030303,0.6475378787878788,0.05462378918457761,39
2025-01-30,rth,def_hidden,0.0,0.043015503875968995,0.015155070613101314,39
2025-01-30,rth,att_eff,-0.7657993646584962,0.6313532710195324,0.26832333119813234,39
2025-01-30,rth,def_eff,-0.7148822540025539,0.6716269930267771,0.2698606463409142,39
2025-01-30,rth,att_large,0.0,0.27547642104578407,0.06539244065598308,39
2025-01-30,rth,def_large,0.0,0.24136458333333333,0.05985546776040762,39
2025-01-30,rth,balance,-0.08732836026286822,0.1444158465440195,0.022061764926658522,39
2025-01-30,rth,volume,0.3543576436290577,2.9637184739884823,0.3995629882441462,39
2025-01-31,rth,delta,-0.219227191413238,0.2244630292188432,0.0827604118881051,40
2025-01-31,rth,def_cancel,0.4119236646463681,0.4956807261811257,0.015924582868608404,40
2025-01-31,rth,att_cancel,0.4061866760243914,0.4963863396850813,0.016134000316815156,40
2025-01-31,rth,def_refill,0.2685326086956522,0.6353804347826087,0.0533869282505483,40
2025-01-31,rth,att_refill,0.27329545454545456,0.6475378787878788,0.054581953539998805,40
2025-01-31,rth,def_hidden,0.0,0.043255813953488376,0.015114318305054301,40
2025-01-31,rth,att_eff,-0.7657993646584962,0.6291530306483857,0.2694814275257922,40
2025-01-31,rth,def_eff,-0.7148822540025539,0.6716269930267771,0.2708125788199456,40
2025-01-31,rth,att_large,0.0,0.2759692232301236,0.06541056340987826,40
2025-01-31,rth,def_large,0.0,0.24185416666666665,0.059955632297813546,40
2025-01-31,rth,balance,-0.08685733545228513,0.14253174730168716,0.022070267061650356,40
2025-01-31,rth,volume,0.3543576436290577,2.9959328052274876,0.3959245276106729,40
2025-02-03,rth,delta,-0.219227191413238,0.22162492546213475,0.08301619654206603,38
2025-02-03,rth,def_cancel,0.4116675268435095,0.4959368639839843,0.016007837072677538,38
2025-02-03,rth,att_cancel,0.406445870460198,0.4963863396850813,0.01616673373904393,38
2025-02-03,rth,def_refill,0.2680434782608696,0.6309782608695653,0.05324830033641841,38
2025-02-03,rth,att_refill,0.2723106060606061,0.6465530303030304,0.05462099624739545,38
2025-02-03,rth,def_hidden,0.0,0.042775193798449615,0.01490847922716955,38
2025-02-03,rth,att_eff,-0.7635991242873497,0.6269527902772394,0.26931718519570785,38
2025-02-03,rth,def_eff,-0.7127359548585457,0.6694806938827691,0.2705180724962358,38
2025-02-03,rth,att_large,0.0,0.27202680575540755,0.06540273693190844,38
2025-02-03,rth,def_large,0.0,0.24136458333333333,0.06020327896414751,38
2025-02-03,rth,balance,-0.08732836026286822,0.1260458789312785,0.022201538679379264,38
2025-02-03,rth,volume,0.3543576436290577,2.9959328052274876,0.39881272141505986,38
2025-02-04,rth,delta,-0.21828115682766847,0.22067889087656534,0.08326856385080005,38
2025-02-04,rth,def_cancel,0.41064297563207514,0.4956807261811257,0.016126070746855944,38
2025-02-04,rth,att_cancel,0.40463150940955195,0.4961271452492747,0.016233291625471248,38
2025-02-04,rth,def_refill,0.267554347826087,0.627554347826087,0.0532102366087607,38
2025-02-04,rth,att_refill,0.27181818181818185,0.6411363636363637,0.05454932761402921,38
2025-02-04,rth,def_hidden,0.0,0.043255813953488376,0.014862707530834799,38
2025-02-04,rth,att_eff,-0.7503976820604705,0.6247525499060931,0.2688081433464806,38
2025-02-04,rth,def_eff,-0.7105896557145372,0.6651880955947522,0.2699740711148184,38
2025-02-04,rth,att_large,0.0,0.27153400357106805,0.06589744074083154,38
2025-02-04,rth,def_large,0.0,0.24087499999999998,0.06058004025568251,38
2025-02-04,rth,balance,-0.08827040988403445,0.13923457362760538,0.023061207485475636,38
2025-02-04,rth,volume,0.3543576436290577,3.028147136466493,0.39904150769591107,38
2025-02-06,rth,delta,-0.219227191413238,0.21973285629099593,0.08339828803224543,38
2025-02-06,rth,def_cancel,0.4108991134349337,0.4956807261811257,0.016172354586543782,38
2025-02-06,rth,att_cancel,0.4043723149737454,0.4961271452492747,0.01627290640158137,38
2025-02-06,rth,def_refill,0.26657608695652174,0.616304347826087,0.05317164436059368,38
2025-02-06,rth,att_refill,0.2713257575757576,0.63375,0.05435851876656342,38
2025-02-06,rth,def_hidden,0.0,0.043496124031007756,0.01542080213573464,38
2025-02-06,rth,att_eff,-0.7569984031739101,0.6247525499060931,0.26897745541725154,38
2025-02-06,rth,def_eff,-0.708443356570529,0.6651880955947522,0.2698635514298608,38
2025-02-06,rth,att_large,0.0,0.27350521230842606,0.06617977460278321,38
2025-02-06,rth,def_large,0.0,0.2398958333333333,0.060865744523002745,38
2025-02-06,rth,balance,-0.07932093848295546,0.14865506983926746,0.02324929378984526,38
2025-02-06,rth,volume,0.3543576436290577,3.028147136466493,0.4015789447280201,38
2025-02-07,rth,delta,-0.219227191413238,0.21973285629099593,0.08389226264033572,39
2025-02-07,rth,def_cancel,0.41064297563207514,0.4956807261811257,0.01629593935649798,39
2025-02-07,rth,att_cancel,0.4035947316663256,0.4961271452492747,0.016424880810712365,39
2025-02-07,rth,def_refill,0.26657608695652174,0.6167934782608696,0.05357970156849578,39
2025-02-07,rth,att_refill,0.27083333333333337,0.6342424242424243,0.05485150636208323,39
2025-02-07,rth,def_hidden,0.0,0.043736434108527136,0.015446510820911955,39
2025-02-07,rth,att_eff,-0.7569984031739101,0.6247525499060931,0.29370444958003683,39
2025-02-07,rth,def_eff,-0.7105896557145372,0.6673343947387607,0.290149855315277,39
2025-02-07,rth,att_large,0.0,0.27399801449276556,0.0665029372390668,39
2025-02-07,rth,def_large,0.0,0.24136458333333333,0.06116581633022433,39
2025-02-07,rth,balance,-0.07884991367237232,0.14865506983926746,0.023632842135949777,39
2025-02-07,rth,volume,0.3543576436290577,3.060361467705498,0.42089023450899415,39
2025-02-10,rth,delta,-0.21638908765652953,0.21689475253428747,0.0835515031291742,37
2025-02-10,rth,def_cancel,0.4096184244206408,0.4951684505754086,0.016284800731347613,37
2025-02-10,rth,att_cancel,0.40307634279471244,0.49560875637766155,0.016195307323495913,37
2025-02-10,rth,def_refill,0.26608695652173914,0.605054347826087,0.05234056451910964,37
2025-02-10,rth,att_refill,0.2713257575757576,0.6263636363636363,0.053591253688309345,37
2025-02-10,rth,def_hidden,0.0,0.04397674418604652,0.015235817932842457,37
2025-02-10,rth,att_eff,-0.7437969609470312,0.6269527902772394,0.29514590496708504,37
2025-02-10,rth,def_eff,-0.7062970574265208,0.6566028990187194,0.2920096893387532,37
2025-02-10,rth,att_large,0.0,0.27054839920238904,0.06596283711283737,37
2025-02-10,rth,def_large,0.0,0.24087499999999998,0.06151906359788708,37
2025-02-10,rth,balance,-0.07696581443003991,0.1660829878308424,0.02496881569257775,37
2025-02-10,rth,volume,0.3543576436290577,3.060361467705498,0.41813410009893326,37
2025-02-11,rth,delta,-0.21828115682766847,0.21689475253428747,0.08402339599944275,37
2025-02-11,rth,def_cancel,0.40885001101206503,0.4944000371668328,0.016404399029455268,37
2025-02-11,rth,att_cancel,0.4020395650514861,0.4950903675060484,0.01630446869201316,37
2025-02-11,rth,def_refill,0.26461956521739133,0.5874456521739131,0.05202851183540459,37
2025-02-11,rth,att_refill,0.26984848484848484,0.6076515151515152,0.05328468235865355,37
2025-02-11,rth,def_hidden,0.0,0.04541860465116279,0.015456417932268488,37
2025-02-11,rth,att_eff,-0.7437969609470312,0.6225523095349463,0.29703178849091344,37
2025-02-11,rth,def_eff,-0.6955655617064795,0.6544565998747109,0.2933803511783282,37
2025-02-11,rth,att_large,0.0,0.27498361886144457,0.06647793769429672,37
2025-02-11,rth,def_large,0.0,0.2438125,0.06207618956022338,37
2025-02-11,rth,balance,-0.07696581443003991,0.16796708707317487,0.02526325412228217,37
2025-02-11,rth,volume,0.3543576436290577,3.0925757989445035,0.42505183748903974,37
2025-02-12,rth,delta,-0.21733512224209905,0.21784078711985688,0.08434420293370837,37
2025-02-12,rth,def_cancel,0.4085938732092065,0.4941438993639742,0.016458619162179135,37
2025-02-12,rth,att_cancel,0.4017803706156795,0.4948311730702418,0.016365404388421458,37
2025-02-12,rth,def_refill,0.2641304347826087,0.5864673913043479,0.05206282410826711,37
2025-02-12,rth,att_refill,0.26984848484848484,0.6056818181818182,0.05317355364084636,37
2025-02-12,rth,def_hidden,0.0,0.04517829457364342,0.015515956536728623,37
2025-02-12,rth,att_eff,-0.7415967205758847,0.6225523095349463,0.2979960656683505,37
2025-02-12,rth,def_eff,-0.6977118608504878,0.6544565998747109,0.2942664019983715,37
2025-02-12,rth,att_large,0.0,0.27399801449276556,0.06665672813283602,37
2025-02-12,rth,def_large,0.0,0.2438125,0.06226806254919309,37
2025-02-12,rth,balance,-0.077436839240623,0.1684381118837579,0.025413881477211374,37
2025-02-12,rth,volume,0.3543576436290577,3.124790130183509,0.42797213451147664,37
2025-02-13,rth,delta,-0.21733512224209905,0.2187868217054263,0.08426803466086205,38
2025-02-13,rth,def_cancel,0.4083377354063479,0.4938877615611156,0.016374556387392162,38
2025-02-13,rth,att_cancel,0.40126198174406635,0.49457197863443525,0.016337326020368928,38
2025-02-13,rth,def_refill,0.26461956521739133,0.5864673913043479,0.05211922246442969,38
2025-02-13,rth,att_refill,0.27034090909090913,0.6066666666666667,0.05309059480489338,38
2025-02-13,rth,def_hidden,0.0,0.04613953488372093,0.015492458880826294,38
2025-02-13,rth,att_eff,-0.7437969609470312,0.6225523095349463,0.29710475226070543,38
2025-02-13,rth,def_eff,-0.6977118608504878,0.6544565998747109,0.2935536085399059,38
2025-02-13,rth,att_large,0.0,0.2764620254144631,0.06689475538006309,38
2025-02-13,rth,def_large,0.0,0.24283333333333332,0.062172930918253565,38
2025-02-13,rth,balance,-0.07649478961945683,0.17032221112609036,0.02531601435971075,38
2025-02-13,rth,volume,0.3543576436290577,3.0925757989445035,0.4278977503199184,38
2025-02-14,rth,delta,-0.21828115682766847,0.21973285629099593,0.08440074344046442,39
2025-02-14,rth,def_cancel,0.4083377354063479,0.4938877615611156,0.016384643093334886,39
2025-02-14,rth,att_cancel,0.40126198174406635,0.49457197863443525,0.016366025705543335,39
2025-02-14,rth,def_refill,0.26461956521739133,0.5874456521739131,0.05247058424265807,39
2025-02-14,rth,att_refill,0.27034090909090913,0.6076515151515152,0.05324342773879658,39
2025-02-14,rth,def_hidden,0.0,0.04589922480620155,0.015449747260119521,39
2025-02-14,rth,att_eff,-0.7437969609470312,0.6225523095349463,0.29663506692059527,39
2025-02-14,rth,def_eff,-0.6955655617064795,0.652310300730703,0.2931402357799437,39
2025-02-14,rth,att_large,0.0,0.27695482759880263,0.06710055819613288,39
2025-02-14,rth,def_large,0.0,0.24234374999999997,0.06205723233919143,39
2025-02-14,rth,balance,-0.07649478961945683,0.16985118631550722,0.02526298178640963,39
2025-02-14,rth,volume,0.3543576436290577,3.0925757989445035,0.4272965769647192,39
2025-02-19,rth,delta,-0.21638908765652953,0.21689475253428747,0.08157673910603738,35
2025-02-19,rth,def_cancel,0.40603249518062057,0.48953341891251967,0.015979670375739708,35
2025-02-19,rth,att_cancel,0.398410842950194,0.4899064787899168,0.015980694442747845,35
2025-02-19,rth,def_refill,0.2709782608695652,0.5796195652173913,0.05034389913615821,35
2025-02-19,rth,att_refill,0.28018939393939396,0.6012500000000001,0.0507371965175113,35
2025-02-19,rth,def_hidden,0.0,0.04013178294573644,0.01397148524038408,35
2025-02-19,rth,att_eff,-0.748197441689324,0.6269527902772394,0.30229417120736224,35
2025-02-19,rth,def_eff,-0.7041507582825126,0.6544565998747109,0.297774710386053,35
2025-02-19,rth,att_large,0.0,0.27547642104578407,0.0647969161591454,35
2025-02-19,rth,def_large,0.0,0.24087499999999998,0.060086108164455844,35
2025-02-19,rth,balance,-0.06424814454429606,0.18115578176950176,0.02661912679951408,35
2025-02-19,rth,volume,0.3543576436290577,2.9315041427494775,0.34953901800773873,35
2025-02-20,rth,delta,-0.21733512224209905,0.21689475253428747,0.08134904994448348,36
2025-02-20,rth,def_cancel,0.40628863298347917,0.48953341891251967,0.01590082082747363,36
2025-02-20,rth,att_cancel,0.398410842950194,0.4896472843541102,0.01592784791249526,36
2025-02-20,rth,def_refill,0.2714673913043478,0.5820652173913043,0.050342074100831816,36
2025-02-20,rth,att_refill,0.2806818181818182,0.6046969696969697,0.050652582319016405,36
2025-02-20,rth,def_hidden,0.0,0.04013178294573644,0.013887126758241818,36
2025-02-20,rth,att_eff,-0.748197441689324,0.6269527902772394,0.3015897161599615,36
2025-02-20,rth,def_eff,-0.7041507582825126,0.6544565998747109,0.29737796429047003,36
2025-02-20,rth,att_large,0.0,0.27449081667710507,0.0645008024210752,36
2025-02-20,rth,def_large,0.0,0.24136458333333333,0.05980325758427164,36
2025-02-20,rth,balance,-0.06377711973371297,0.17974270733775244,0.02647688908780377,36
2025-02-20,rth,volume,0.3543576436290577,2.9315041427494775,0.3475362466460985,36
2025-02-21,rth,delta,-0.21733512224209905,0.22067889087656534,0.08213133360371618,37
2025-02-21,rth,def_cancel,0.40603249518062057,0.48927728110966107,0.016023952927680656,37
2025-02-21,rth,att_cancel,0.39789245407858087,0.4896472843541102,0.016108760814231265,37
2025-02-21,rth,def_refill,0.27195652173913043,0.5845108695652175,0.05141352866260149,37
2025-02-21,rth,att_refill,0.28117424242424244,0.6096212121212121,0.05164690036343157,37
2025-02-21,rth,def_hidden,0.0,0.0406124031007752,0.014047289239480563,37
2025-02-21,rth,att_eff,-0.7459972013181777,0.6247525499060931,0.30196329719773746,37
2025-02-21,rth,def_eff,-0.7041507582825126,0.652310300730703,0.2977627461999101,37
2025-02-21,rth,att_large,0.0,0.27892603633616064,0.06566420490080821,37
2025-02-21,rth,def_large,0.0,0.2438125,0.06044563967707079,37
2025-02-21,rth,balance,-0.06283507011254674,0.17832963290600312,0.026283241096574032,37
2025-02-21,rth,volume,0.3543576436290577,2.9637184739884823,0.37386550507436445,37
2025-02-24,rth,delta,-0.21733512224209905,0.21973285629099593,0.08151165597427881,37
2025-02-24,rth,def_cancel,0.4065447707863378,0.48902114330680246,0.015651343366589583,37
2025-02-24,rth,att_cancel,0.39815164851438745,0.48912889548249705,0.015771100460110477,37
2025-02-24,rth,def_refill,0.2734239130434783,0.5864673913043479,0.05104259363260967,37
2025-02-24,rth,att_refill,0.28363636363636363,0.6110984848484848,0.051290375409575685,37
2025-02-24,rth,def_hidden,0.0,0.04085271317829458,0.014094559539142801,37
2025-02-24,rth,att_eff,-0.7415967205758847,0.6225523095349463,0.3007731806282357,37
2025-02-24,rth,def_eff,-0.7020044591385044,0.6437251041546697,0.29638440592467236,37
2025-02-24,rth,att_large,0.0,0.27843323415182114,0.06498946152620257,37
2025-02-24,rth,def_large,0.0,0.24087499999999998,0.05925398957449396,37
2025-02-24,rth,balance,-0.0670742934077947,0.17880065771658626,0.02626461361080902,37
2025-02-24,rth,volume,0.3543576436290577,2.9637184739884823,0.33816544815645755,37
2025-02-25,rth,delta,-0.21828115682766847,0.21973285629099593,0.08221154124719998,37
2025-02-25,rth,def_cancel,0.40577635737776196,0.48902114330680246,0.015786022694411202,37
2025-02-25,rth,att_cancel,0.39789245407858087,0.4888697010466905,0.015923135431286085,37
2025-02-25,rth,def_refill,0.2744021739130435,0.5874456521739131,0.05156218209738684,37
2025-02-25,rth,att_refill,0.28363636363636363,0.6110984848484848,0.05183202455618679,37
2025-02-25,rth,def_hidden,0.0,0.041813953488372094,0.014425348629237902,37
2025-02-25,rth,att_eff,-0.7239947976067125,0.6203520691638,0.2983021928626828,37
2025-02-25,rth,def_eff,-0.6955655617064795,0.628701010146612,0.29340546271297213,37
2025-02-25,rth,att_large,0.0,0.27744762978314214,0.06556251691362168,37
2025-02-25,rth,def_large,0.0,0.24185416666666665,0.0600441217134784,37
2025-02-25,rth,balance,-0.06613224378662852,0.17880065771658626,0.026234601939050885,37
2025-02-25,rth,volume,0.3543576436290577,3.028147136466493,0.36839924308893834,37
2025-02-26,rth,delta,-0.21544305307096012,0.2187868217054263,0.0827360023128523,37
2025-02-26,rth,def_cancel,0.40628863298347917,0.48876500550394386,0.01577517069987383,37
2025-02-26,rth,att_cancel,0.398410842950194,0.4888697010466905,0.015939665395236835,37
2025-02-26,rth,def_refill,0.2773369565217392,0.5889130434782609,0.05187066317076749,37
2025-02-26,rth,att_refill,0.2860984848484849,0.6101136363636364,0.052023482454985524,37
2025-02-26,rth,def_hidden,0.0,0.042775193798449615,0.015164403598597406,37
2025-02-26,rth,att_eff,-0.7151938361221266,0.6203520691638,0.2976056038354924,37
2025-02-26,rth,def_eff,-0.6955655617064795,0.628701010146612,0.29273459582767003,37
2025-02-26,rth,att_large,0.0,0.27695482759880263,0.06579534930566487,37
2025-02-26,rth,def_large,0.0,0.24185416666666665,0.060055176076283204,37
2025-02-26,rth,balance,-0.06613224378662852,0.17832963290600312,0.026651870007366324,37
2025-02-26,rth,volume,0.3543576436290577,3.060361467705498,0.3637224376752996,37
2025-02-27,rth,delta,-0.21638908765652953,0.2187868217054263,0.08325478640770803,38
2025-02-27,rth,def_cancel,0.4070570463920549,0.48876500550394386,0.015728041229744742,38
2025-02-27,rth,att_cancel,0.39918842625761375,0.4888697010466905,0.01590154183735845,38
2025-02-27,rth,def_refill,0.278804347826087,0.5889130434782609,0.05189359605146363,38
2025-02-27,rth,att_refill,0.2875757575757576,0.6091287878787879,0.05216523650421318,38
2025-02-27,rth,def_hidden,0.0,0.042534883720930235,0.015017409698096515,38
2025-02-27,rth,att_eff,-0.7151938361221266,0.6203520691638,0.29710103761667606,38
2025-02-27,rth,def_eff,-0.6977118608504878,0.626554711002604,0.29228445309125295,38
2025-02-27,rth,att_large,0.0,0.27449081667710507,0.06543107122944465,38
2025-02-27,rth,def_large,0.0,0.24528124999999998,0.06074725317124935,38
2025-02-27,rth,balance,-0.0647191693548792,0.1769165584742538,0.026844520108996555,38
2025-02-27,rth,volume,0.38657197486806294,3.060361467705498,0.35803903777684454,38
2025-02-28,rth,delta,-0.21638908765652953,0.21784078711985688,0.08414834479795727,39
2025-02-28,rth,def_cancel,0.4065447707863378,0.48876500550394386,0.015793994118261278,39
2025-02-28,rth,att_cancel,0.3994476206934203,0.4888697010466905,0.01593613026490905,39
2025-02-28,rth,def_refill,0.28125,0.5874456521739131,0.05217471685579947,39
2025-02-28,rth,att_refill,0.2875757575757576,0.6056818181818182,0.05249257362775776,39
2025-02-28,rth,def_hidden,0.0,0.043736434108527136,0.015254585927392837,39
2025-02-28,rth,att_eff,-0.7107933553798336,0.6203520691638,0.29293838320012155,39
2025-02-28,rth,def_eff,-0.6912729634184631,0.6222621127145875,0.28850145851319564,39
2025-02-28,rth,att_large,0.0,0.2759692232301236,0.06671444166157695,39
2025-02-28,rth,def_large,0.0,0.24968749999999998,0.06187976864745244,39
2025-02-28,rth,balance,-0.06424814454429606,0.19293140203407944,0.027148868276733802,39
2025-02-28,rth,volume,0.38657197486806294,3.1892187926615194,0.3937596609920078,39
2025-03-03,rth,delta,-0.21828115682766847,0.22067889087656534,0.08732841759051262,38
2025-03-03,rth,def_cancel,0.4055202195749034,0.48774045429250956,0.016260410050787436,38
2025-03-03,rth,att_cancel,0.3986700373860006,0.48783292330346417,0.016424188118020402,38
2025-03-03,rth,def_refill,0.28271739130434786,0.5894021739130435,0.05407114968902465,38
2025-03-03,rth,att_refill,0.2920075757575758,0.6071590909090909,0.05419993562174411,38
2025-03-03,rth,def_hidden,0.0,0.041813953488372094,0.015650383746852712,38
2025-03-03,rth,att_eff,-0.6953916727818081,0.6027501461946279,0.2927987820601466,38
2025-03-03,rth,def_eff,-0.6762488694104054,0.6093843178505378,0.28886975882559723,38
2025-03-03,rth,att_large,0.0,0.28237565162653716,0.07001134408537728,38
2025-03-03,rth,def_large,0.0,0.25458333333333333,0.064446009224577,38
2025-03-03,rth,balance,-0.06519019416546229,0.22119289066906567,0.027670963209271076,38
2025-03-03,rth,volume,0.38657197486806294,3.31807611761754,0.5297421452162862,38
2025-03-04,rth,delta,-0.219227191413238,0.2244630292188432,0.08765521549359376,38
2025-03-04,rth,def_cancel,0.40577635737776196,0.48722817868679236,0.016176349171557386,38
2025-03-04,rth,att_cancel,0.3986700373860006,0.48705533999604445,0.01617788349547035,38
2025-03-04,rth,def_refill,0.28809782608695655,0.5913586956521739,0.05445550373835665,38
2025-03-04,rth,att_refill,0.2974242424242424,0.6096212121212121,0.054533488387810664,38
2025-03-04,rth,def_hidden,0.0,0.043015503875968995,0.015214460273112292,38
2025-03-04,rth,att_eff,-0.6953916727818081,0.5983496654523348,0.2922330549338495,38
2025-03-04,rth,def_eff,-0.674102570266397,0.6050917195625214,0.2880593032280788,38
2025-03-04,rth,att_large,0.0,0.28336125599521617,0.07033524825877399,38
2025-03-04,rth,def_large,0.0,0.25507291666666665,0.06470227355088139,38
2025-03-04,rth,balance,-0.062364045301963655,0.22354801472198127,0.027875485210138534,38
2025-03-04,rth,volume,0.38657197486806294,3.31807611761754,0.5358470594179304,38
2025-03-05,rth,delta,-0.21638908765652953,0.22257096004770416,0.08852456096243197,38
2025-03-05,rth,def_cancel,0.40603249518062057,0.48697204088393375,0.016328330920654364,38
2025-03-05,rth,att_cancel,0.3994476206934203,0.48679614556023787,0.0164382952767776,38
2025-03-05,rth,def_refill,0.28711956521739135,0.5874456521739131,0.054600704256833194,38
2025-03-05,rth,att_refill,0.29643939393939395,0.6037121212121213,0.0544942557001974,38
2025-03-05,rth,def_hidden,0.0,0.04157364341085272,0.014957988602731393,38
2025-03-05,rth,att_eff,-0.682190230554929,0.5917489443388955,0.29007115706144077,38
2025-03-05,rth,def_eff,-0.6655173736903641,0.5943602238424801,0.28618205398353497,38
2025-03-05,rth,att_large,0.0,0.28089724507351865,0.07087412154204009,38
2025-03-05,rth,def_large,0.0,0.252625,0.06534594807340674,38
2025-03-05,rth,balance,-0.06377711973371297,0.21883776661615018,0.02903076865361667,38
2025-03-05,rth,volume,0.38657197486806294,3.575790767529582,0.5247438922836954,38
2025-03-06,rth,delta,-0.21544305307096012,0.22257096004770416,0.08887958328319,39
2025-03-06,rth,def_cancel,0.4055202195749034,0.48671590308107526,0.016522865987604073,39
2025-03-06,rth,att_cancel,0.3994476206934203,0.4865369511244313,0.016615671193366155,39
2025-03-06,rth,def_refill,0.2778260869565218,0.5845108695652175,0.054067433026762424,39
2025-03-06,rth,att_refill,0.28708333333333336,0.5997727272727273,0.05399194257145414,39
2025-03-06,rth,def_hidden,0.0,0.0406124031007752,0.015176381179151769,39
2025-03-06,rth,att_eff,-0.6755895094414897,0.5873484635966024,0.2896177906146852,39
2025-03-06,rth,def_eff,-0.6612247754023475,0.5879213264104552,0.28565527146126685,39
2025-03-06,rth,att_large,0.0,0.27941883852050015,0.07118037914920204,39
2025-03-06,rth,def_large,0.0,0.2516458333333333,0.06602672391997694,39
2025-03-06,rth,balance,-0.06566121897604538,0.21977981623731635,0.030765489556720066,39
2025-03-06,rth,volume,0.4187863061070682,3.575790767529582,0.5166475993880305,39
2025-03-07,rth,delta,-0.2144970184853906,0.22257096004770416,0.08893408747886859,40
2025-03-07,rth,def_cancel,0.40628863298347917,0.48645976527821666,0.01652033188604135,40
2025-03-07,rth,att_cancel,0.3999660095650335,0.4862777566886246,0.016744941904946884,40
2025-03-07,rth,def_refill,0.2778260869565218,0.5815760869565217,0.05379165076590819,40
2025-03-07,rth,att_refill,0.28708333333333336,0.5953409090909091,0.05376997456700416,40
2025-03-07,rth,def_hidden,0.0,0.0406124031007752,0.015337349477053208,40
2025-03-07,rth,att_eff,-0.6711890286991966,0.57634726174087,0.28801957341084555,40
2025-03-07,rth,def_eff,-0.656932177114331,0.577189830690414,0.2840450185553757,40
2025-03-07,rth,att_large,0.0,0.27941883852050015,0.0716168615449723,40
2025-03-07,rth,def_large,0.0,0.25066666666666665,0.06655735218852146,40
2025-03-07,rth,balance,-0.06519019416546229,0.22590313877489676,0.03125100962752683,40
2025-03-07,rth,volume,0.4187863061070682,3.575790767529582,0.5033300183096437,40
2025-03-10,rth,delta,-0.2144970184853906,0.2235169946332738,0.0907805396140119,38
2025-03-10,rth,def_cancel,0.40628863298347917,0.48620362747535806,0.016684030682409878,38
2025-03-10,rth,att_cancel,0.3997068151292269,0.48601856225281803,0.017016332249438416,38
2025-03-10,rth,def_refill,0.2685326086956522,0.5815760869565217,0.05402322283339764,38
2025-03-10,rth,att_refill,0.278219696969697,0.5938636363636364,0.05391188885227799,38
2025-03-10,rth,def_hidden,0.0,0.04109302325581396,0.015537854402028125,38
2025-03-10,rth,att_eff,-0.6623880672146105,0.5653460598851372,0.28820588292852023,38
2025-03-10,rth,def_eff,-0.6547858779703228,0.5686046341143811,0.2838465096816237,38
2025-03-10,rth,att_large,0.0,0.28040444288917915,0.07274969693826899,38
2025-03-10,rth,def_large,0.0,0.2516458333333333,0.06769040224240509,38
2025-03-10,rth,balance,-0.06377711973371297,0.2348526101759758,0.03212565917872896,38
2025-03-10,rth,volume,0.4187863061070682,3.6402194300075927,0.5358983632196744,38
2025-03-11,rth,delta,-0.2144970184853906,0.2244630292188432,0.09109535127892367,39
2025-03-11,rth,def_cancel,0.4065447707863378,0.48620362747535806,0.016730509658870473,39
2025-03-11,rth,att_cancel,0.3997068151292269,0.48575936781701146,0.01704690896322772,39
2025-03-11,rth,def_refill,0.267554347826087,0.5810869565217391,0.05410701351695166,39
2025-03-11,rth,att_refill,0.2772348484848485,0.5928787878787879,0.053979405767380716,39
2025-03-11,rth,def_hidden,0.0,0.04085271317829458,0.015565125687189416,39
2025-03-11,rth,att_eff,-0.660187826843464,0.5631458195139909,0.2882315295138634,39
2025-03-11,rth,def_eff,-0.6526395788263146,0.5664583349703727,0.2840541398387371,39
2025-03-11,rth,att_large,0.0,0.28089724507351865,0.07296176425403562,39
2025-03-11,rth,def_large,0.0,0.2516458333333333,0.0678072717881418,39
2025-03-11,rth,balance,-0.06377711973371297,0.23296851093364335,0.03243206853227763,39
2025-03-11,rth,volume,0.4187863061070682,3.672433761246598,0.5318928887508028,39
2025-03-12,rth,delta,-0.21544305307096012,0.22257096004770416,0.0911571311568627,39
2025-03-12,rth,def_cancel,0.4068009085891964,0.48594748967249946,0.016609807049620073,39
2025-03-12,rth,att_cancel,0.4004843984366466,0.48575936781701146,0.01690351456084135,39
2025-03-12,rth,def_refill,0.2685326086956522,0.5805978260869565,0.053830672769242034,39
2025-03-12,rth,att_refill,0.2737878787878788,0.5923863636363637,0.0536301070475173,39
2025-03-12,rth,def_hidden,0.0,0.04109302325581396,0.015546941548097767,39
2025-03-12,rth,att_eff,-0.6579875864723175,0.5631458195139909,0.28825464997281947,39
2025-03-12,rth,def_eff,-0.6526395788263146,0.5643120358263647,0.2839670294202301,39
2025-03-12,rth,att_large,0.0,0.27892603633616064,0.07283315732926049,39
2025-03-12,rth,def_large,0.0,0.2516458333333333,0.06757799244140131,39
2025-03-12,rth,balance,-0.06566121897604538,0.2301423620701447,0.033193940845840535,39
2025-03-12,rth,volume,0.45100063734607343,3.6402194300075927,0.5325030664208564,39
2025-03-13,rth,delta,-0.21544305307096012,0.2235169946332738,0.09074297662393001,40
2025-03-13,rth,def_cancel,0.4070570463920549,0.48620362747535806,0.016501533169133373,40
2025-03-13,rth,att_cancel,0.4007435928724532,0.48601856225281803,0.01681188895096632,40
2025-03-13,rth,def_refill,0.26706521739130434,0.5796195652173913,0.05345001495305637,40
2025-03-13,rth,att_refill,0.27181818181818185,0.5914015151515152,0.05330449442769407,40
2025-03-13,rth,def_hidden,0.0,0.0406124031007752,0.01540186850065943,40
2025-03-13,rth,att_eff,-0.6623880672146105,0.5653460598851372,0.28721076869378914,40
2025-03-13,rth,def_eff,-0.6526395788263146,0.5664583349703727,0.28310649456268416,40
2025-03-13,rth,att_large,0.0,0.27991164070483965,0.0725219095611596,40
2025-03-13,rth,def_large,0.0,0.2501770833333333,0.06718534504493504,40
2025-03-13,rth,balance,-0.06519019416546229,0.23579465979714198,0.033159474893605066,40
2025-03-13,rth,volume,0.45100063734607343,3.6080050987685874,0.5266500016778028,40
2025-03-14,rth,delta,-0.21544305307096012,0.2235169946332738,0.09068189753166439,41
2025-03-14,rth,def_cancel,0.4073131841949135,0.48620362747535806,0.016436073654453015,41
2025-03-14,rth,att_cancel,0.4010027873082598,0.4862777566886246,0.016771011450153698,41
2025-03-14,rth,def_refill,0.26510869565217393,0.5786413043478261,0.053269360188430114,41
2025-03-14,rth,att_refill,0.26886363636363636,0.5899242424242425,0.05310397410973116,41
2025-03-14,rth,def_hidden,0.0,0.0406124031007752,0.015297270056352693,41
2025-03-14,rth,att_eff,-0.6623880672146105,0.5653460598851372,0.2866243643169438,41
2025-03-14,rth,def_eff,-0.6526395788263146,0.5664583349703727,0.2825766519956307,41
2025-03-14,rth,att_large,0.0,0.28089724507351865,0.07262816366512481,41
2025-03-14,rth,def_large,0.0,0.25066666666666665,0.06706683450450182,41
2025-03-14,rth,balance,-0.06424814454429606,0.23391056055480952,0.03307797369539863,41
2025-03-14,rth,volume,0.45100063734607343,3.575790767529582,0.5222923239364279,41
2025-03-17,rth,delta,-0.21544305307096012,0.2244630292188432,0.09100096053218606,39
2025-03-17,rth,def_cancel,0.40756932199777207,0.48620362747535806,0.016498300821317768,39
2025-03-17,rth,att_cancel,0.40126198174406635,0.4862777566886246,0.016781657736511538,39
2025-03-17,rth,def_refill,0.2636413043478261,0.5786413043478261,0.053461392057980756,39
2025-03-17,rth,att_refill,0.26738636363636364,0.5894318181818182,0.05322776880151622,39
2025-03-17,rth,def_hidden,0.0,0.0406124031007752,0.015412354370060949,39
2025-03-17,rth,att_eff,-0.664588307585757,0.5675463002562839,0.2873336654568699,39
2025-03-17,rth,def_eff,-0.6526395788263146,0.5664583349703727,0.28317539642651324,39
2025-03-17,rth,att_large,0.0,0.28188284944219766,0.07323053734828794,39
2025-03-17,rth,def_large,0.0,0.252625,0.06782547477886797,39
2025-03-17,rth,balance,-0.06047994605963125,0.23862080866064062,0.033549424938173734,39
2025-03-17,rth,volume,0.45100063734607343,3.6402194300075927,0.5574023617888081,39
2025-03-18,rth,delta,-0.21544305307096012,0.2244630292188432,0.09076133567982994,39
2025-03-18,rth,def_cancel,0.40756932199777207,0.48594748967249946,0.01642862101697418,39
2025-03-18,rth,att_cancel,0.40152117617987293,0.4862777566886246,0.016716303066130117,39
2025-03-18,rth,def_refill,0.26070652173913045,0.5776630434782609,0.05324912486854763,39
2025-03-18,rth,att_refill,0.2629545454545455,0.5884469696969697,0.052968746649307584,39
2025-03-18,rth,def_hidden,0.0,0.04109302325581396,0.01545572681833779,39
2025-03-18,rth,att_eff,-0.6711890286991966,0.571946780998577,0.28722452665475073,39
2025-03-18,rth,def_eff,-0.656932177114331,0.5728972324023975,0.2831441681576402,39
2025-03-18,rth,att_large,0.0,0.28188284944219766,0.07308454576373404,39
2025-03-18,rth,def_large,0.0,0.2531145833333333,0.06780534947671686,39
2025-03-18,rth,balance,-0.061421995680797425,0.24238900714530542,0.03409505254258882,39
2025-03-18,rth,volume,0.4187863061070682,3.6402194300075927,0.5585727927438515,39
2025-03-19,rth,delta,-0.21355098389982108,0.2235169946332738,0.09076700019479528,39
2025-03-19,rth,def_cancel,0.40756932199777207,0.48594748967249946,0.01644756397380072,39
2025-03-19,rth,att_cancel,0.40152117617987293,0.4862777566886246,0.01672692320782209,39
2025-03-19,rth,def_refill,0.26021739130434784,0.5771739130434783,0.05323757672398298,39
2025-03-19,rth,att_refill,0.2629545454545455,0.5859848484848486,0.05295726273909779,39
2025-03-19,rth,def_hidden,0.0,0.04133333333333334,0.015488045175970631,39
2025-03-19,rth,att_eff,-0.6689887883280501,0.571946780998577,0.2871877793457768,39
2025-03-19,rth,def_eff,-0.656932177114331,0.5707509332583891,0.28324033429865714,39
2025-03-19,rth,att_large,0.0,0.28188284944219766,0.07312014516930003,39
2025-03-19,rth,def_large,0.0,0.252625,0.06789405854458264,39
2025-03-19,rth,balance,-0.061421995680797425,0.24286003195588857,0.03421649842510405,39
2025-03-19,rth,volume,0.4187863061070682,3.6402194300075927,0.5593938494541306,39
2025-03-20,rth,delta,-0.21544305307096012,0.2244630292188432,0.09114628752679016,40
2025-03-20,rth,def_cancel,0.4073131841949135,0.48594748967249946,0.016481605388320535,40
2025-03-20,rth,att_cancel,0.4010027873082598,0.4862777566886246,0.016815513628272407,40
2025-03-20,rth,def_refill,0.25923913043478264,0.5766847826086957,0.0533196021104947,40
2025-03-20,rth,att_refill,0.2609848484848485,0.5854924242424243,0.05302729315160569,40
2025-03-20,rth,def_hidden,0.0,0.041813953488372094,0.015531265071255651,40
2025-03-20,rth,att_eff,-0.6689887883280501,0.5697465406274302,0.28685331985044654,40
2025-03-20,rth,def_eff,-0.656932177114331,0.5707509332583891,0.2830964435747649,40
2025-03-20,rth,att_large,0.0,0.28286845381087666,0.07333232955299966,40
2025-03-20,rth,def_large,0.0,0.25507291666666665,0.06826903365274342,40
2025-03-20,rth,balance,-0.06095097087021434,0.24521515600880406,0.03429766927858839,40
2025-03-20,rth,volume,0.45100063734607343,3.6402194300075927,0.5570058593463312,40
2025-03-24,rth,delta,-0.21544305307096012,0.2244630292188432,0.09134006662571748,38
2025-03-24,rth,def_cancel,0.4073131841949135,0.48620362747535806,0.016526094371743672,38
2025-03-24,rth,att_cancel,0.40126198174406635,0.4862777566886246,0.01683947867599552,38
2025-03-24,rth,def_refill,0.25826086956521743,0.5742391304347827,0.05330891209082746,38
2025-03-24,rth,att_refill,0.26,0.5835227272727274,0.05296041909167121,38
2025-03-24,rth,def_hidden,0.0,0.042054263565891474,0.015561931317088464,38
2025-03-24,rth,att_eff,-0.6667885479569036,0.5675463002562839,0.28748458722730785,38
2025-03-24,rth,def_eff,-0.6547858779703228,0.5664583349703727,0.2836952397342071,38
2025-03-24,rth,att_large,0.0,0.28139004725785816,0.07352566717666904,38
2025-03-24,rth,def_large,0.0,0.25360416666666663,0.06844587705171293,38
2025-03-24,rth,balance,-0.06047994605963125,0.24521515600880406,0.034461070484423754,38
2025-03-24,rth,volume,0.45100063734607343,3.6402194300075927,0.5581217354879885,38
2025-03-25,rth,delta,-0.2144970184853906,0.2244630292188432,0.09131617620554362,38
2025-03-25,rth,def_cancel,0.4078254598006307,0.48620362747535806,0.01650955691932454,38
2025-03-25,rth,att_cancel,0.4025579539230993,0.4862777566886246,0.016775999039403876,38
2025-03-25,rth,def_refill,0.25826086956521743,0.5732608695652175,0.053020661649330836,38
2025-03-25,rth,att_refill,0.25950757575757577,0.5825378787878788,0.052639630743836596,38
2025-03-25,rth,def_hidden,0.0,0.042294573643410854,0.015625109263289565,38
2025-03-25,rth,att_eff,-0.6689887883280501,0.5697465406274302,0.2879216670686376,38
2025-03-25,rth,def_eff,-0.656932177114331,0.5686046341143811,0.2841388297510427,38
2025-03-25,rth,att_large,0.0,0.28089724507351865,0.07357465234118564,38
2025-03-25,rth,def_large,0.0,0.25066666666666665,0.06814120628427449,38
2025-03-25,rth,balance,-0.05953789643846502,0.24521515600880406,0.03446554328231794,38
2025-03-25,rth,volume,0.45100063734607343,3.672433761246598,0.5610003239519877,38
2025-03-26,rth,delta,-0.21355098389982108,0.2244630292188432,0.09095685751430564,38
2025-03-26,rth,def_cancel,0.4080815976034893,0.48620362747535806,0.01642214345652664,38
2025-03-26,rth,att_cancel,0.4025579539230993,0.4862777566886246,0.016709467640389268,38
2025-03-26,rth,def_refill,0.25826086956521743,0.5742391304347827,0.05286396125724556,38
2025-03-26,rth,att_refill,0.26,0.5840151515151516,0.05246113317132284,38
2025-03-26,rth,def_hidden,0.0,0.041813953488372094,0.015565322152593073,38
2025-03-26,rth,att_eff,-0.6667885479569036,0.5675463002562839,0.2859164256339269,38
2025-03-26,rth,def_eff,-0.656932177114331,0.5643120358263647,0.28232702341907406,38
2025-03-26,rth,att_large,0.0,0.27991164070483965,0.07325162966784791,38
2025-03-26,rth,def_large,0.0,0.24968749999999998,0.06787472090167387,38
2025-03-26,rth,balance,-0.058124822006715704,0.24427310638763788,0.03435423118712089,38
2025-03-26,rth,volume,0.45100063734607343,3.6402194300075927,0.5589518740000431,38
2025-03-27,rth,delta,-0.21355098389982108,0.2235169946332738,0.09065108347436837,39
2025-03-27,rth,def_cancel,0.4083377354063479,0.48645976527821666,0.01637758689321378,39
2025-03-27,rth,att_cancel,0.40281714835890586,0.4862777566886246,0.01665695423304844,39
2025-03-27,rth,def_refill,0.25875000000000004,0.5737500000000001,0.05273398401629174,39
2025-03-27,rth,att_refill,0.26049242424242425,0.5835227272727274,0.052298999869188595,39
2025-03-27,rth,def_hidden,0.0,0.04157364341085272,0.015510645174309159,39
2025-03-27,rth,att_eff,-0.6689887883280501,0.5697465406274302,0.2856693619019572,39
2025-03-27,rth,def_eff,-0.656932177114331,0.5664583349703727,0.2820405882881321,39
2025-03-27,rth,att_large,0.0,0.27941883852050015,0.07301185122691818,39
2025-03-27,rth,def_large,0.0,0.2487083333333333,0.06756601307988752,39
2025-03-27,rth,balance,-0.05765379719613262,0.2433310567664717,0.034200564926017245,39
2025-03-27,rth,volume,0.45100063734607343,3.6402194300075927,0.5560820822934103,39
2025-03-31,rth,delta,-0.21544305307096012,0.2254090638044126,0.09080927963039828,37
2025-03-31,rth,def_cancel,0.4078254598006307,0.48697204088393375,0.01639834237464217,37
2025-03-31,rth,att_cancel,0.40229875948729266,0.48679614556023787,0.01676578046794868,37
2025-03-31,rth,def_refill,0.25728260869565217,0.5747282608695653,0.0528972279367886,37
2025-03-31,rth,att_refill,0.2585227272727273,0.5845075757575758,0.052506168080832014,37
2025-03-31,rth,def_hidden,0.0,0.04013178294573644,0.015313854918353685,37
2025-03-31,rth,att_eff,-0.6711890286991966,0.5697465406274302,0.2869839410040843,37
2025-03-31,rth,def_eff,-0.6547858779703228,0.5707509332583891,0.282773528632158,37
2025-03-31,rth,att_large,0.0,0.28139004725785816,0.07329525265073798,37
2025-03-31,rth,def_large,0.0,0.252625,0.06822438049186506,37
2025-03-31,rth,balance,-0.0562407227643833,0.249454379304052,0.03452679454474156,37
2025-03-31,rth,volume,0.45100063734607343,3.672433761246598,0.5759737227334519,37
2025-04-01,rth,delta,-0.21544305307096012,0.22635509838998202,0.09084872834362082,37
2025-04-01,rth,def_cancel,0.4080815976034893,0.48697204088393375,0.01637469496105922,37
2025-04-01,rth,att_cancel,0.4025579539230993,0.48705533999604445,0.016699912856874142,37
2025-04-01,rth,def_refill,0.25679347826086957,0.5722826086956522,0.05287001232689553,37
2025-04-01,rth,att_refill,0.2570454545454546,0.5825378787878788,0.05251950199605999,37
2025-04-01,rth,def_hidden,0.0,0.03965116279069768,0.015301464656375004,37
2025-04-01,rth,att_eff,-0.6711890286991966,0.5653460598851372,0.286286109073929,37
2025-04-01,rth,def_eff,-0.6547858779703228,0.5664583349703727,0.28224717517149306,37
2025-04-01,rth,att_large,0.0,0.28237565162653716,0.07349805615693629,37
2025-04-01,rth,def_large,0.0,0.25360416666666663,0.0685230471618742,37
2025-04-01,rth,balance,-0.05482764833263398,0.2503964289252182,0.03467498577020954,37
2025-04-01,rth,volume,0.45100063734607343,3.672433761246598,0.5781157939256792,37
2025-04-02,rth,delta,-0.21544305307096012,0.22635509838998202,0.09104485802667756,37
2025-04-02,rth,def_cancel,0.4083377354063479,0.48748431648965096,0.016410780832867372,37
2025-04-02,rth,att_cancel,0.40307634279471244,0.48783292330346417,0.01669120189719731,37
2025-04-02,rth,def_refill,0.25581521739130436,0.5698369565217392,0.052811298585713505,37
2025-04-02,rth,att_refill,0.2560606060606061,0.5790909090909091,0.052683125834840375,37
2025-04-02,rth,def_hidden,0.0,0.0406124031007752,0.015348431914004507,37
2025-04-02,rth,att_eff,-0.6667885479569036,0.5631458195139909,0.2849291949919768,37
2025-04-02,rth,def_eff,-0.6526395788263146,0.5664583349703727,0.2810415546207932,37
2025-04-02,rth,att_large,0.0,0.28582526691691373,0.0738264988969362,37
2025-04-02,rth,def_large,0.0,0.2560520833333333,0.06909278904593551,37
2025-04-02,rth,balance,-0.05388559871146775,0.2480413048723027,0.03453868378227941,37
2025-04-02,rth,volume,0.4187863061070682,3.672433761246598,0.5928840295482525,37
2025-04-03,rth,delta,-0.21638908765652953,0.22635509838998202,0.0907104199048964,38
2025-04-03,rth,def_cancel,0.40885001101206503,0.48850886770108526,0.016365479294094404,38
2025-04-03,rth,att_cancel,0.4035947316663256,0.4888697010466905,0.016647069325122762,38
2025-04-03,rth,def_refill,0.25434782608695655,0.568858695652174,0.052921493246883874,38
2025-04-03,rth,att_refill,0.2560606060606061,0.5781060606060606,0.052818018970264384,38
2025-04-03,rth,def_hidden,0.0,0.0406124031007752,0.01530387138402987,38
2025-04-03,rth,att_eff,-0.6689887883280501,0.5653460598851372,0.2848163696990009,38
2025-04-03,rth,def_eff,-0.6526395788263146,0.5686046341143811,0.28088738870652696,38
2025-04-03,rth,att_large,0.0,0.28779647565427174,0.07396210549709105,38
2025-04-03,rth,def_large,0.0,0.2585,0.06936468867597927,38
2025-04-03,rth,balance,-0.05482764833263398,0.249454379304052,0.03442485069321877,38
2025-04-03,rth,volume,0.4187863061070682,3.6402194300075927,0.5976384488856176,38
2025-04-04,rth,delta,-0.21544305307096012,0.2254090638044126,0.09068150936136324,39
2025-04-04,rth,def_cancel,0.4091061488149236,0.48876500550394386,0.01632848877143084,39
2025-04-04,rth,att_cancel,0.40385392610213217,0.4888697010466905,0.016633075665216875,39
2025-04-04,rth,def_refill,0.2523913043478261,0.5678804347826087,0.05288134899897087,39
2025-04-04,rth,att_refill,0.2526136363636364,0.5776136363636364,0.05280694368982635,39
2025-04-04,rth,def_hidden,0.0,0.04085271317829458,0.015303161199092526,39
2025-04-04,rth,att_eff,-0.6689887883280501,0.5653460598851372,0.2849317920860243,39
2025-04-04,rth,def_eff,-0.6504932796823062,0.5707509332583891,0.2810477326353035,39
2025-04-04,rth,att_large,0.0,0.28779647565427174,0.07405040981738101,39
2025-04-04,rth,def_large,0.0,0.25947916666666665,0.06956470143807399,39
2025-04-04,rth,balance,-0.05435662352205084,0.24851232968288584,0.03443196887920712,39
2025-04-04,rth,volume,0.4187863061070682,3.6402194300075927,0.5936730981243279,39
2025-04-07,rth,delta,-0.21544305307096012,0.22730113297555166,0.092719334683824,38
2025-04-07,rth,def_cancel,0.4096184244206408,0.48876500550394386,0.016526667467645778,38
2025-04-07,rth,att_cancel,0.40566828715277825,0.4893880899183036,0.016904978337803557,38
2025-04-07,rth,def_refill,0.21179347826086958,0.5649456521739131,0.05271635973086216,38
2025-04-07,rth,att_refill,0.21125000000000002,0.5736742424242425,0.052764155258588505,38
2025-04-07,rth,def_hidden,0.0,0.04085271317829458,0.01501809978989071,38
2025-04-07,rth,att_eff,-0.655787346101171,0.5477441369159655,0.28384083274024696,38
2025-04-07,rth,def_eff,-0.6354691856742485,0.5557268392503314,0.27998908735521216,38
2025-04-07,rth,att_large,0.0,0.29518850841936434,0.07611954139852262,38
2025-04-07,rth,def_large,0.0,0.26829166666666665,0.0720038861228895,38
2025-04-07,rth,balance,-0.059066871627881934,0.2419179823347224,0.036180256278274224,38
2025-04-07,rth,volume,0.45100063734607343,3.6402194300075927,0.5890619586116876,38
2025-04-08,rth,delta,-0.21355098389982108,0.2244630292188432,0.09146496341776694,38
2025-04-08,rth,def_cancel,0.4068009085891964,0.48850886770108526,0.016310536802067448,38
2025-04-08,rth,att_cancel,0.4043723149737454,0.4888697010466905,0.01672554755877295,38
2025-04-08,rth,def_refill,0.1570108695652174,0.5615217391304348,0.05135367899506455,38
2025-04-08,rth,att_refill,0.15462121212121213,0.5702272727272728,0.05131054529306,38
2025-04-08,rth,def_hidden,0.0,0.04109302325581396,0.014958324463324884,38
2025-04-08,rth,att_eff,-0.6513868653588781,0.5477441369159655,0.2610508616090559,38
2025-04-08,rth,def_eff,-0.6333228865302403,0.5535805401063234,0.26131909829160394,38
2025-04-08,rth,att_large,0.0,0.29075328876030876,0.07514701042844439,38
2025-04-08,rth,def_large,0.0,0.2648645833333333,0.0713866864785308,38
2025-04-08,rth,balance,-0.06424814454429606,0.2372077342288913,0.03654605071702844,38
2025-04-08,rth,volume,0.45100063734607343,3.6080050987685874,0.5631505353160493,38
2025-04-09,rth,delta,-0.2144970184853906,0.2254090638044126,0.09165513140082476,38
2025-04-09,rth,def_cancel,0.4070570463920549,0.48876500550394386,0.016403074298583196,38
2025-04-09,rth,att_cancel,0.4043723149737454,0.48912889548249705,0.016869531280631265,38
2025-04-09,rth,def_refill,0.1394021739130435,0.5595652173913044,0.050951584240605974,38
2025-04-09,rth,att_refill,0.13837121212121212,0.5648106060606061,0.050969138903040945,38
2025-04-09,rth,def_hidden,0.0,0.04157364341085272,0.015154528613101025,38
2025-04-09,rth,att_eff,-0.6469863846165851,0.5433436561736724,0.25830212275613407,38
2025-04-09,rth,def_eff,-0.6268839890982154,0.549287941818307,0.25856323563934447,38
2025-04-09,rth,att_large,0.0,0.29617411278804334,0.07602536397563606,38
2025-04-09,rth,def_large,0.0,0.2648645833333333,0.07138013923199278,38
2025-04-09,rth,balance,-0.0670742934077947,0.22307698991139813,0.03721237928203858,38
2025-04-09,rth,volume,0.5154292998240839,3.6080050987685874,0.5605011423058983,38
2025-04-10,rth,delta,-0.21544305307096012,0.2254090638044126,0.09126925454873616,39
2025-04-10,rth,def_cancel,0.4070570463920549,0.48902114330680246,0.016372422454522677,39
2025-04-10,rth,att_cancel,0.40463150940955195,0.48912889548249705,0.01680630282577891,39
2025-04-10,rth,def_refill,0.12913043478260872,0.557608695652174,0.05030701959000283,39
2025-04-10,rth,att_refill,0.13,0.5628409090909091,0.050422515083512295,39
2025-04-10,rth,def_hidden,0.0,0.042775193798449615,0.015202894295962662,39
2025-04-10,rth,att_eff,-0.6469863846165851,0.5433436561736724,0.25725929320309776,39
2025-04-10,rth,def_eff,-0.6247376899542072,0.549287941818307,0.2575161760411993,39
2025-04-10,rth,att_large,0.0,0.29715971715672235,0.07582868485098543,39
2025-04-10,rth,def_large,0.0,0.26388541666666665,0.07096610860994197,39
2025-04-10,rth,balance,-0.0670742934077947,0.22260596510081498,0.037273133977164516,39
2025-04-10,rth,volume,0.5154292998240839,3.575790767529582,0.5516475883911901,39
2025-04-11,rth,delta,-0.21544305307096012,0.2254090638044126,0.09133917829988421,40
2025-04-11,rth,def_cancel,0.4073131841949135,0.48927728110966107,0.016381068033853346,40
2025-04-11,rth,att_cancel,0.4051498982811651,0.4893880899183036,0.016774556895034123,40
2025-04-11,rth,def_refill,0.12423913043478262,0.5566304347826088,0.050000328008418846,40
2025-04-11,rth,att_refill,0.12556818181818183,0.5618560606060606,0.05002014291908844,40
2025-04-11,rth,def_hidden,0.0,0.042534883720930235,0.015135051774216146,40
2025-04-11,rth,att_eff,-0.6447861442454386,0.5433436561736724,0.2575116116759709,40
2025-04-11,rth,def_eff,-0.622591390810199,0.5471416426742985,0.25751142523900883,40
2025-04-11,rth,att_large,0.0,0.2986381237097409,0.07596001213500761,40
2025-04-11,rth,def_large,0.0,0.26388541666666665,0.07093107213342943,40
2025-04-11,rth,balance,-0.06754531821837784,0.2249610891537306,0.037549499894245976,40
2025-04-11,rth,volume,0.5154292998240839,3.543576436290577,0.5461167943885783,40
2025-04-14,rth,delta,-0.21355098389982108,0.2235169946332738,0.09166468145746944,38
2025-04-14,rth,def_cancel,0.4073131841949135,0.48927728110966107,0.016500916051703136,38
2025-04-14,rth,att_cancel,0.40566828715277825,0.4893880899183036,0.016822582766759207,38
2025-04-14,rth,def_refill,0.12179347826086957,0.5517391304347826,0.049706986353039974,38
2025-04-14,rth,att_refill,0.12261363636363637,0.5554545454545455,0.04980630131745087,38
2025-04-14,rth,def_hidden,0.0,0.041813953488372094,0.01516603525365917,38
2025-04-14,rth,att_eff,-0.6359851827608525,0.5389431754313794,0.2581246530953018,38
2025-04-14,rth,def_eff,-0.6161524933781741,0.5428490443862821,0.25821048990227485,38
2025-04-14,rth,att_large,0.0,0.29518850841936434,0.07595745805985786,38
2025-04-14,rth,def_large,0.0,0.2648645833333333,0.071604796102656,38
2025-04-14,rth,balance,-0.06848736783954401,0.22778723801722922,0.03806718623259444,38
2025-04-14,rth,volume,0.5476436310630892,3.575790767529582,0.5482909398064019,38
2025-04-15,rth,delta,-0.21355098389982108,0.2235169946332738,0.09150431600793177,38
2025-04-15,rth,def_cancel,0.40756932199777207,0.48927728110966107,0.01646518282215062,38
2025-04-15,rth,att_cancel,0.40566828715277825,0.4893880899183036,0.016775469320448787,38
2025-04-15,rth,def_refill,0.12179347826086957,0.5502717391304348,0.04930887820828036,38
2025-04-15,rth,att_refill,0.12261363636363637,0.5539772727272727,0.04954547751679697,38
2025-04-15,rth,def_hidden,0.0,0.042294573643410854,0.015224133192071831,38
2025-04-15,rth,att_eff,-0.638185423131999,0.5433436561736724,0.2586891385357256,38
2025-04-15,rth,def_eff,-0.6204450916661908,0.5471416426742985,0.2588034196468692,38
2025-04-15,rth,att_large,0.0,0.29518850841936434,0.07575120392582728,38
2025-04-15,rth,def_large,0.0,0.2648645833333333,0.07158437634966364,38
2025-04-15,rth,balance,-0.06895839265012715,0.22778723801722922,0.03820741132137831,38
2025-04-15,rth,volume,0.5476436310630892,3.543576436290577,0.5476342616141774,38
2025-04-16,rth,delta,-0.21260494931425167,0.2235169946332738,0.09146882727223982,38
2025-04-16,rth,def_cancel,0.40756932199777207,0.48927728110966107,0.01649865630873355,38
2025-04-16,rth,att_cancel,0.4059274815885848,0.4896472843541102,0.01675671617254155,38
2025-04-16,rth,def_refill,0.12130434782608697,0.548804347826087,0.049151490369826516,38
2025-04-16,rth,att_refill,0.12261363636363637,0.5515151515151515,0.049428920243935845,38
2025-04-16,rth,def_hidden,0.0,0.042294573643410854,0.015217592876494452,38
2025-04-16,rth,att_eff,-0.6359851827608525,0.5411434158025257,0.25952941772986776,38
2025-04-16,rth,def_eff,-0.6182987925221826,0.5471416426742985,0.25943854801687327,38
2025-04-16,rth,att_large,0.0,0.29568131060370384,0.07561934748501326,38
2025-04-16,rth,def_large,0.0,0.26388541666666665,0.07150633565159006,38
2025-04-16,rth,balance,-0.06895839265012715,0.22778723801722922,0.038362222822833324,38
2025-04-16,rth,volume,0.5476436310630892,3.575790767529582,0.5476970422115542,38
2025-04-17,rth,delta,-0.21355098389982108,0.2235169946332738,0.09149462455418293,39
2025-04-17,rth,def_cancel,0.40756932199777207,0.48927728110966107,0.01649074426239676,39
2025-04-17,rth,att_cancel,0.4059274815885848,0.4896472843541102,0.016736644457688066,39
2025-04-17,rth,def_refill,0.12179347826086957,0.548804347826087,0.049134303073604016,39
2025-04-17,rth,att_refill,0.12261363636363637,0.5510227272727273,0.04939342628342945,39
2025-04-17,rth,def_hidden,0.0,0.042294573643410854,0.01520724010418618,39
2025-04-17,rth,att_eff,-0.638185423131999,0.5433436561736724,0.2596771077751505,39
2025-04-17,rth,def_eff,-0.6204450916661908,0.5471416426742985,0.2595069246915753,39
2025-04-17,rth,att_large,0.0,0.29568131060370384,0.07563464218143288,39
2025-04-17,rth,def_large,0.0,0.26388541666666665,0.07147119740540356,39
2025-04-17,rth,balance,-0.06848736783954401,0.22825826282781225,0.03831447626006283,39
2025-04-17,rth,volume,0.5476436310630892,3.543576436290577,0.5463905664463695,39
2025-04-21,rth,delta,-0.21260494931425167,0.2235169946332738,0.09139485528662007,39
2025-04-21,rth,def_cancel,0.40756932199777207,0.48927728110966107,0.016518989940528524,39
2025-04-21,rth,att_cancel,0.4061866760243914,0.4896472843541102,0.016713648787525497,39
2025-04-21,rth,def_refill,0.12179347826086957,0.5453804347826088,0.04897010764380935,39
2025-04-21,rth,att_refill,0.12261363636363637,0.5470833333333334,0.04926999765169762,39
2025-04-21,rth,def_hidden,0.0,0.04445736434108528,0.015356769248154779,39
2025-04-21,rth,att_eff,-0.638185423131999,0.5455438965448187,0.26017318149124113,39
2025-04-21,rth,def_eff,-0.622591390810199,0.549287941818307,0.2598124118414188,39
2025-04-21,rth,att_large,0.0,0.29666691497238284,0.07568519930711048,39
2025-04-21,rth,def_large,0.0,0.26339583333333333,0.07146469657987867,39
2025-04-21,rth,balance,-0.06848736783954401,0.2287292876383954,0.03851260562846037,39
2025-04-21,rth,volume,0.5154292998240839,3.543576436290577,0.5463638862424266,39
2025-04-22,rth,delta,-0.21355098389982108,0.22162492546213475,0.09089887350540937,39
2025-04-22,rth,def_cancel,0.4078254598006307,0.48953341891251967,0.016407430994587913,39
2025-04-22,rth,att_cancel,0.40670506489600455,0.4896472843541102,0.016567904533996307,39
2025-04-22,rth,def_refill,0.12130434782608697,0.5419565217391304,0.04813604929744158,39
2025-04-22,rth,att_refill,0.12212121212121213,0.542159090909091,0.04846186728799948,39
2025-04-22,rth,def_hidden,0.0,0.04397674418604652,0.01526988699255249,39
2025-04-22,rth,att_eff,-0.642585903874292,0.5477441369159655,0.25915021644030056,39
2025-04-22,rth,def_eff,-0.6247376899542072,0.5535805401063234,0.2590478555372309,39
2025-04-22,rth,att_large,0.0,0.29371010186634583,0.0750548229448832,39
2025-04-22,rth,def_large,0.0,0.26241666666666663,0.07110204118050564,39
2025-04-22,rth,balance,-0.06942941746071024,0.22967133725956157,0.038649311963867096,39
2025-04-22,rth,volume,0.5154292998240839,3.5113621050515715,0.5356193970212276,39
2025-04-23,rth,delta,-0.21355098389982108,0.22162492546213475,0.09096830225488249,39
2025-04-23,rth,def_cancel,0.40756932199777207,0.48953341891251967,0.01641876779377207,39
2025-04-23,rth,att_cancel,0.406445870460198,0.4896472843541102,0.016561824401525475,39
2025-04-23,rth,def_refill,0.12130434782608697,0.5385326086956522,0.048009503514626024,39
2025-04-23,rth,att_refill,0.12212121212121213,0.538219696969697,0.04839083049734816,39
2025-04-23,rth,def_hidden,0.0,0.04445736434108528,0.015259699052380945,39
2025-04-23,rth,att_eff,-0.642585903874292,0.5477441369159655,0.25924107577299416,39
2025-04-23,rth,def_eff,-0.6247376899542072,0.5535805401063234,0.2590522238687274,39
2025-04-23,rth,att_large,0.0,0.29420290405068533,0.07515039728988408,39
2025-04-23,rth,def_large,0.0,0.26241666666666663,0.07109166192708703,39
2025-04-23,rth,balance,-0.0666032685972116,0.23061338688072786,0.03893841240638105,39
2025-04-23,rth,volume,0.5154292998240839,3.5113621050515715,0.5364004151399013,39
2025-04-25,rth,delta,-0.21355098389982108,0.22067889087656534,0.0908420584008423,40
2025-04-25,rth,def_cancel,0.4073131841949135,0.48953341891251967,0.01643696434382665,40
2025-04-25,rth,att_cancel,0.406445870460198,0.4896472843541102,0.016564434441868975,40
2025-04-25,rth,def_refill,0.12130434782608697,0.5380434782608696,0.04790803875145053,40
2025-04-25,rth,att_refill,0.12212121212121213,0.5377272727272727,0.04829609351407907,40
2025-04-25,rth,def_hidden,0.0,0.0442170542635659,0.015211271989384652,40
2025-04-25,rth,att_eff,-0.6447861442454386,0.5477441369159655,0.26041581374851624,40
2025-04-25,rth,def_eff,-0.6247376899542072,0.5557268392503314,0.26042044536998527,40
2025-04-25,rth,att_large,0.0,0.2932172996820063,0.07497102087023404,40
2025-04-25,rth,def_large,0.0,0.26241666666666663,0.07105171381559554,40
2025-04-25,rth,balance,-0.0670742934077947,0.2301423620701447,0.03929358181125997,40
2025-04-25,rth,volume,0.5154292998240839,3.5113621050515715,0.5349064870114965,40
2025-04-28,rth,delta,-0.21260494931425167,0.22162492546213475,0.0910330342241657,38
2025-04-28,rth,def_cancel,0.4068009085891964,0.48953341891251967,0.016520534021894052,38
2025-04-28,rth,att_cancel,0.4059274815885848,0.4896472843541102,0.016634297163912126,38
2025-04-28,rth,def_refill,0.11885869565217393,0.5194565217391305,0.04691043248868834,38
2025-04-28,rth,att_refill,0.11916666666666667,0.5190151515151515,0.047355659541588775,38
2025-04-28,rth,def_hidden,0.0,0.04397674418604652,0.0147988349930332,38
2025-04-28,rth,att_eff,-0.642585903874292,0.5455438965448187,0.2594346429673697,38
2025-04-28,rth,def_eff,-0.6204450916661908,0.5535805401063234,0.25982390817117457,38
2025-04-28,rth,att_large,0.0,0.2986381237097409,0.07602692538627286,38
2025-04-28,rth,def_large,0.0,0.26388541666666665,0.07159727903902881,38
2025-04-28,rth,balance,-0.06942941746071024,0.23814978385005747,0.04045129798832104,38
2025-04-28,rth,volume,0.4832149685850787,3.543576436290577,0.5448310001872327,38
2025-04-29,rth,delta,-0.21165891472868215,0.22257096004770416,0.09076796948556,38
2025-04-29,rth,def_cancel,0.4073131841949135,0.48953341891251967,0.016493834778869017,38
2025-04-29,rth,att_cancel,0.4061866760243914,0.4899064787899168,0.016633356993703396,38
2025-04-29,rth,def_refill,0.1173913043478261,0.5126086956521739,0.04623499204945374,38
2025-04-29,rth,att_refill,0.1181818181818182,0.5131060606060607,0.04666824578074455,38
2025-04-29,rth,def_hidden,0.0,0.043255813953488376,0.01452336670238597,38
2025-04-29,rth,att_eff,-0.6447861442454386,0.5477441369159655,0.2616789224240561,38
2025-04-29,rth,def_eff,-0.622591390810199,0.5600194375383478,0.26207252527488095,38
2025-04-29,rth,att_large,0.0,0.2986381237097409,0.0755364171550818,38
2025-04-29,rth,def_large,0.0,0.2619270833333333,0.07124823976894619,38
2025-04-29,rth,balance,-0.06942941746071024,0.22307698991139813,0.04086997266047898,38
2025-04-29,rth,volume,0.4832149685850787,3.4469334425735614,0.5306709317142823,38
2025-04-30,rth,delta,-0.21165891472868215,0.21973285629099593,0.08938352795623483,38
2025-04-30,rth,def_cancel,0.4073131841949135,0.48978955671537827,0.016341936753967386,38
2025-04-30,rth,att_cancel,0.4059274815885848,0.49016567322572335,0.016450461195794394,38
2025-04-30,rth,def_refill,0.11592391304347827,0.5033152173913044,0.04470206129132486,38
2025-04-30,rth,att_refill,0.11621212121212122,0.5007954545454546,0.045316617302938844,38
2025-04-30,rth,def_hidden,0.0,0.043015503875968995,0.014181020764773155,38
2025-04-30,rth,att_eff,-0.6469863846165851,0.5499443772871118,0.2625336422703823,38
2025-04-30,rth,def_eff,-0.6247376899542072,0.5643120358263647,0.2629666020227361,38
2025-04-30,rth,att_large,0.0,0.29469570623502483,0.07420893076814401,38
2025-04-30,rth,def_large,0.0,0.26241666666666663,0.07060280393510385,38
2025-04-30,rth,balance,-0.07037146708187647,0.20894624559390496,0.041337275983517455,38
2025-04-30,rth,volume,0.4832149685850787,3.414719111334556,0.4215714014655119,38
2025-05-01,rth,delta,-0.21071288014311274,0.21973285629099593,0.08936576139636669,39
2025-05-01,rth,def_cancel,0.4070570463920549,0.48978955671537827,0.01635313854412562,39
2025-05-01,rth,att_cancel,0.40566828715277825,0.49016567322572335,0.016465362524563328,39
2025-05-01,rth,def_refill,0.11592391304347827,0.5028260869565218,0.044705260871190824,39
2025-05-01,rth,att_refill,0.11621212121212122,0.5007954545454546,0.04533484763161794,39
2025-05-01,rth,def_hidden,0.0,0.043015503875968995,0.014174713723130216,39
2025-05-01,rth,att_eff,-0.6469863846165851,0.5499443772871118,0.26253257480666664,39
2025-05-01,rth,def_eff,-0.6247376899542072,0.5643120358263647,0.26304904569027165,39
2025-05-01,rth,att_large,0.0,0.29469570623502483,0.0742871835930556,39
2025-05-01,rth,def_large,0.0,0.2619270833333333,0.07062434021905148,39
2025-05-01,rth,balance,-0.07037146708187647,0.20894624559390496,0.04133941456229141,39
2025-05-01,rth,volume,0.4832149685850787,3.414719111334556,0.42126700896832187,39
2025-05-02,rth,delta,-0.21071288014311274,0.21973285629099593,0.08929471293896867,40
2025-05-02,rth,def_cancel,0.4070570463920549,0.4900456945182369,0.016320940426474532,40
2025-05-02,rth,att_cancel,0.40566828715277825,0.49042486766152993,0.016441844080899323,40
2025-05-02,rth,def_refill,0.11592391304347827,0.5023369565217392,0.04458689565994206,40
2025-05-02,rth,att_refill,0.11670454545454546,0.5003030303030304,0.04531086022746461,40
2025-05-02,rth,def_hidden,0.0,0.043255813953488376,0.014111048713607147,40
2025-05-02,rth,att_eff,-0.6535871057300244,0.5565450984005511,0.2635743769231392,40
2025-05-02,rth,def_eff,-0.6290302882422238,0.5707509332583891,0.2640026216369304,40
2025-05-02,rth,att_large,0.0,0.29469570623502483,0.07409955862508662,40
2025-05-02,rth,def_large,0.0,0.26241666666666663,0.07060607815984515,40
2025-05-02,rth,balance,-0.06990044227129333,0.20800419597273878,0.04124763266637981,40
2025-05-02,rth,volume,0.4832149685850787,3.414719111334556,0.41937838848882497,40
2025-05-05,rth,delta,-0.2144970184853906,0.22067889087656534,0.08842347612614417,38
2025-05-05,rth,def_cancel,0.4068009085891964,0.49081410792681257,0.01589042008881958,38
2025-05-05,rth,att_cancel,0.4054090927169717,0.49146164540475623,0.016097779823819224,38
2025-05-05,rth,def_refill,0.1120108695652174,0.49793478260869567,0.04364090780570261,38
2025-05-05,rth,att_refill,0.11276515151515153,0.49685606060606063,0.04469251585509925,38
2025-05-05,rth,def_hidden,0.0,0.04662015503875969,0.01396125463700673,38
2025-05-05,rth,att_eff,-0.6689887883280501,0.5741470213697233,0.2647919389564937,38
2025-05-05,rth,def_eff,-0.6397617839622649,0.5900676255544637,0.2653309848296719,38
2025-05-05,rth,att_large,0.0,0.3060301564748335,0.07468112909548237,38
2025-05-05,rth,def_large,0.0,0.2707395833333333,0.07073576234303443,38
2025-05-05,rth,balance,-0.06895839265012715,0.20847522078332192,0.04058811332196123,38
2025-05-05,rth,volume,0.45100063734607343,3.1892187926615194,0.4396908556333196,38
2025-05-06,rth,delta,-0.21638908765652953,0.21973285629099593,0.08795910262072369,38
2025-05-06,rth,def_cancel,0.40628863298347917,0.4913263835325298,0.015778504033662776,38
2025-05-06,rth,att_cancel,0.4054090927169717,0.49223922871217596,0.015789497116431093,38
2025-05-06,rth,def_refill,0.11054347826086958,0.49891304347826093,0.04288104988666621,38
2025-05-06,rth,att_refill,0.1103030303030303,0.4948863636363637,0.043959930267997584,38
2025-05-06,rth,def_hidden,0.0,0.047100775193798454,0.013533430504361477,38
2025-05-06,rth,att_eff,-0.682190230554929,0.5829479828543094,0.26434065403477325,38
2025-05-06,rth,def_eff,-0.6462006813942898,0.600799121274505,0.2652894696955929,38
2025-05-06,rth,att_large,0.0,0.308494167396531,0.0742352980513719,38
2025-05-06,rth,def_large,0.0,0.27318749999999997,0.07018514046814395,38
2025-05-06,rth,balance,-0.07602376480887368,0.19999677419282602,0.04070459562063982,38
2025-05-06,rth,volume,0.38657197486806294,3.157004461422514,0.45109778257334543,38
2025-05-07,rth,delta,-0.21355098389982108,0.21973285629099593,0.08616064008142355,38
2025-05-07,rth,def_cancel,0.40603249518062057,0.4913263835325298,0.015522569301868405,38
2025-05-07,rth,att_cancel,0.40566828715277825,0.49223922871217596,0.015473804525006461,38
2025-05-07,rth,def_refill,0.10956521739130436,0.5018478260869565,0.04219814619290238,38
2025-05-07,rth,att_refill,0.10981060606060607,0.4978409090909091,0.04337060692591749,38
2025-05-07,rth,def_hidden,0.0,0.04902325581395349,0.013482922202804552,38
2025-05-07,rth,att_eff,-0.6909911920395151,0.5895487039677487,0.26503593784219265,38
2025-05-07,rth,def_eff,-0.6526395788263146,0.6158232152825627,0.2661365768137433,38
2025-05-07,rth,att_large,0.0,0.31095817831822853,0.07335673466059502,38
2025-05-07,rth,def_large,0.0,0.27269791666666665,0.0689727525297856,38
2025-05-07,rth,balance,-0.08120503772528787,0.19481550127641178,0.04069556894008274,38
2025-05-07,rth,volume,0.38657197486806294,3.124790130183509,0.41398594381484594,38
2025-05-08,rth,delta,-0.21355098389982108,0.21973285629099593,0.08623011148889577,39
2025-05-08,rth,def_cancel,0.4068009085891964,0.4915825213353884,0.015514516720155677,39
2025-05-08,rth,att_cancel,0.40696425933181113,0.49249842314798253,0.015300059160393169,39
2025-05-08,rth,def_refill,0.11103260869565218,0.49940217391304353,0.04212347084655423,39
2025-05-08,rth,att_refill,0.1112878787878788,0.4953787878787879,0.043279443357668035,39
2025-05-08,rth,def_hidden,0.0,0.04926356589147287,0.013664827267039888,39
2025-05-08,rth,att_eff,-0.699792153524101,0.5917489443388955,0.2663982825452207,39
2025-05-08,rth,def_eff,-0.6547858779703228,0.6201158135705791,0.26718434412039127,39
2025-05-08,rth,att_large,0.0,0.308494167396531,0.07277106223180856,39
2025-05-08,rth,def_large,0.0,0.27122916666666663,0.06870318006529874,39
2025-05-08,rth,balance,-0.08308913696762027,0.19104730279174698,0.03981388955294378,39
2025-05-08,rth,volume,0.38657197486806294,3.157004461422514,0.4037082516553414,39
2025-05-09,rth,delta,-0.21355098389982108,0.22067889087656534,0.08619567188493266,40
2025-05-09,rth,def_cancel,0.4065447707863378,0.4913263835325298,0.015484379435740896,40
2025-05-09,rth,att_cancel,0.4061866760243914,0.49223922871217596,0.015264120967098938,40
2025-05-09,rth,def_refill,0.1115217391304348,0.49940217391304353,0.042107592420358664,40
2025-05-09,rth,att_refill,0.11178030303030304,0.4953787878787879,0.043171753636506015,40
2025-05-09,rth,def_hidden,0.0,0.04926356589147287,0.013607799116759696,40
2025-05-09,rth,att_eff,-0.7019923938952475,0.5895487039677487,0.2668483355830233,40
2025-05-09,rth,def_eff,-0.6547858779703228,0.6201158135705791,0.2678356822393967,40
2025-05-09,rth,att_large,0.0,0.31145098050256803,0.07265490001884028,40
2025-05-09,rth,def_large,0.0,0.27318749999999997,0.06854198671466191,40
2025-05-09,rth,balance,-0.08261811215703718,0.19104730279174698,0.039646233090614214,40
2025-05-09,rth,volume,0.38657197486806294,3.124790130183509,0.401226758906161,40
2025-05-12,rth,delta,-0.2144970184853906,0.21973285629099593,0.08553014220716208,38
2025-05-12,rth,def_cancel,0.4052640817720448,0.491838659138247,0.015498638747285503,38
2025-05-12,rth,att_cancel,0.4051498982811651,0.4927576175837891,0.015252389881227041,38
2025-05-12,rth,def_refill,0.10907608695652175,0.5047826086956522,0.041719843142273665,38
2025-05-12,rth,att_refill,0.10931818181818183,0.4988257575757576,0.043001008392769456,38
2025-05-12,rth,def_hidden,0.0,0.05070542635658915,0.013689921738757336,38
2025-05-12,rth,att_eff,-0.7151938361221266,0.6005499058234816,0.26846342247157917,38
2025-05-12,rth,def_eff,-0.6590784762583393,0.6308473092906204,0.26899264787463806,38
2025-05-12,rth,att_large,0.0,0.3139149914242656,0.07264043004931575,38
2025-05-12,rth,def_large,0.0,0.27759375,0.06883923591016644,38
2025-05-12,rth,balance,-0.08356016177820341,0.18633705468591588,0.03918945832813481,38
2025-05-12,rth,volume,0.38657197486806294,3.124790130183509,0.41510078325341115,38
2025-05-13,rth,delta,-0.21544305307096012,0.21973285629099593,0.08558480273882978,38
2025-05-13,rth,def_cancel,0.40475180616632767,0.491838659138247,0.015576704558846898,38
2025-05-13,rth,att_cancel,0.40463150940955195,0.4927576175837891,0.015284756878029424,38
2025-05-13,rth,def_refill,0.10858695652173914,0.5057608695652175,0.04185523414826015,38
2025-05-13,rth,att_refill,0.10882575757575758,0.5003030303030304,0.04308619696488962,38
2025-05-13,rth,def_hidden,0.0,0.05118604651162791,0.013785563390977865,38
2025-05-13,rth,att_eff,-0.7151938361221266,0.6005499058234816,0.2691445437767461,38
2025-05-13,rth,def_eff,-0.656932177114331,0.6351399075786368,0.26954503714290257,38
2025-05-13,rth,att_large,0.0,0.3134221892399261,0.07255214635410831,38
2025-05-13,rth,def_large,0.0,0.27710416666666665,0.06916137863599955,38
2025-05-13,rth,balance,-0.08450221139936959,0.18680807949649902,0.039372339294330955,38
2025-05-13,rth,volume,0.3543576436290577,3.124790130183509,0.4186070233878019,38
2025-05-14,rth,delta,-0.21544305307096012,0.21973285629099593,0.08526945633374469,38
2025-05-14,rth,def_cancel,0.40475180616632767,0.491838659138247,0.015473579883661385,38
2025-05-14,rth,att_cancel,0.4043723149737454,0.4927576175837891,0.01522059045892649,38
2025-05-14,rth,def_refill,0.10858695652173914,0.5052717391304348,0.0413536510815847,38
2025-05-14,rth,att_refill,0.10882575757575758,0.4993181818181818,0.04275712996063994,38
2025-05-14,rth,def_hidden,0.0,0.05142635658914729,0.013773517986588785,38
2025-05-14,rth,att_eff,-0.7173940764932731,0.6005499058234816,0.2690567644142726,38
2025-05-14,rth,def_eff,-0.656932177114331,0.6351399075786368,0.26946247551188546,38
2025-05-14,rth,att_large,0.0,0.3144077936086051,0.0722106661547511,38
2025-05-14,rth,def_large,0.0,0.27710416666666665,0.06876753217328598,38
2025-05-14,rth,balance,-0.08685733545228513,0.18633705468591588,0.03931885621990366,38
2025-05-14,rth,volume,0.3543576436290577,3.0925757989445035,0.36886328657239775,38
2025-05-15,rth,delta,-0.21544305307096012,0.21973285629099593,0.08509501842955876,39
2025-05-15,rth,def_cancel,0.40500794396918627,0.491838659138247,0.015434468679961953,39
2025-05-15,rth,att_cancel,0.4043723149737454,0.4927576175837891,0.01520990781235229,39
2025-05-15,rth,def_refill,0.10907608695652175,0.5072282608695653,0.04145730374371916,39
2025-05-15,rth,att_refill,0.10931818181818183,0.5027651515151516,0.042859812383764115,39
2025-05-15,rth,def_hidden,0.0,0.05166666666666667,0.01375905244825336,39
2025-05-15,rth,att_eff,-0.7239947976067125,0.6027501461946279,0.2700265002023724,39
2025-05-15,rth,def_eff,-0.6590784762583393,0.6394325058666532,0.2704964261834818,39
2025-05-15,rth,att_large,0.0,0.3139149914242656,0.07211259191781108,39
2025-05-15,rth,def_large,0.0,0.27710416666666665,0.06855142138579172,39
2025-05-15,rth,balance,-0.0859152858311189,0.1853950050647497,0.03905379912289389,39
2025-05-15,rth,volume,0.38657197486806294,3.0925757989445035,0.3664743025820515,39
2025-05-16,rth,delta,-0.21638908765652953,0.21973285629099593,0.0849009076547045,40
2025-05-16,rth,def_cancel,0.40500794396918627,0.491838659138247,0.015404871634355385,40
2025-05-16,rth,att_cancel,0.4041131205379388,0.49249842314798253,0.015188340078522955,40
2025-05-16,rth,def_refill,0.10907608695652175,0.5111413043478261,0.04142228842023663,40
2025-05-16,rth,att_refill,0.10931818181818183,0.5076893939393939,0.042838150903514546,40
2025-05-16,rth,def_hidden,0.0,0.05166666666666667,0.013738338356655775,40
2025-05-16,rth,att_eff,-0.726195037977859,0.6071506269369209,0.26986405996467683,40
2025-05-16,rth,def_eff,-0.6633710745463557,0.6394325058666532,0.2703539508747639,40
2025-05-16,rth,att_large,0.0,0.3134221892399261,0.07192894904255005,40
2025-05-16,rth,def_large,0.0,0.27759375,0.06838765187024368,40
2025-05-16,rth,balance,-0.08544426102053582,0.1853950050647497,0.03893102516595395,40
2025-05-16,rth,volume,0.38657197486806294,3.060361467705498,0.36527044131353525,40
2025-05-19,rth,delta,-0.21544305307096012,0.21973285629099593,0.08501982294977266,38
2025-05-19,rth,def_cancel,0.40423953056061046,0.4920947969411055,0.015594790539953211,38
2025-05-19,rth,att_cancel,0.4043723149737454,0.4927576175837891,0.015307005472098817,38
2025-05-19,rth,def_refill,0.10858695652173914,0.5160326086956523,0.04183482367541331,38
2025-05-19,rth,att_refill,0.10882575757575758,0.5121212121212122,0.04339806501416812,38
2025-05-19,rth,def_hidden,0.0,0.05094573643410853,0.013720826353897042,38
2025-05-19,rth,att_eff,-0.7173940764932731,0.6005499058234816,0.27041389857127757,38
2025-05-19,rth,def_eff,-0.656932177114331,0.6308473092906204,0.27040195971549574,38
2025-05-19,rth,att_large,0.0,0.3149005957929446,0.07222492268277314,38
2025-05-19,rth,def_large,0.0,0.28053124999999995,0.06889282527678689,38
2025-05-19,rth,balance,-0.08685733545228513,0.1769165584742538,0.03853955484944497,38
2025-05-19,rth,volume,0.38657197486806294,3.0925757989445035,0.3946137227680616,38
2025-05-20,rth,delta,-0.21544305307096012,0.21973285629099593,0.08504436851460204,38
2025-05-20,rth,def_cancel,0.40398339275775186,0.4920947969411055,0.015603418585636375,38
2025-05-20,rth,att_cancel,0.4041131205379388,0.4927576175837891,0.01536526691088313,38
2025-05-20,rth,def_refill,0.10858695652173914,0.5204347826086957,0.04185875540938978,38
2025-05-20,rth,att_refill,0.10833333333333334,0.5165530303030303,0.04347565151910204,38
2025-05-20,rth,def_hidden,0.0,0.05118604651162791,0.013771291536475034,38
2025-05-20,rth,att_eff,-0.7217945572355662,0.6027501461946279,0.27020236155743593,38
2025-05-20,rth,def_eff,-0.656932177114331,0.6329936084346288,0.27043667038182706,38
2025-05-20,rth,att_large,0.0,0.3173646067146421,0.07225648586976575,38
2025-05-20,rth,def_large,0.0,0.28297916666666667,0.069104965915228,38
2025-05-20,rth,balance,-0.0925096331792824,0.17738758328483695,0.0384012406967076,38
2025-05-20,rth,volume,0.38657197486806294,3.0925757989445035,0.3958630357366731,38
2025-05-21,rth,delta,-0.21544305307096012,0.21973285629099593,0.08503796355030974,39
2025-05-21,rth,def_cancel,0.40398339275775186,0.4920947969411055,0.015600977131876527,39
2025-05-21,rth,att_cancel,0.4041131205379388,0.4927576175837891,0.015365953342611314,39
2025-05-21,rth,def_refill,0.10858695652173914,0.5219021739130435,0.041970902823555006,39
2025-05-21,rth,att_refill,0.10882575757575758,0.5170454545454546,0.04352812592535448,39
2025-05-21,rth,def_hidden,0.0,0.05142635658914729,0.013760193394516847,39
2025-05-21,rth,att_eff,-0.7217945572355662,0.6027501461946279,0.2703153152621168,39
2025-05-21,rth,def_eff,-0.656932177114331,0.6308473092906204,0.2705923769561107,39
2025-05-21,rth,att_large,0.0,0.3173646067146421,0.0722962005016819,39
2025-05-21,rth,def_large,0.0,0.28297916666666667,0.06911831156091658,39
2025-05-21,rth,balance,-0.0925096331792824,0.17738758328483695,0.03833691948721564,39
2025-05-21,rth,volume,0.38657197486806294,3.0925757989445035,0.39519544752408164,39
2025-05-22,rth,delta,-0.2144970184853906,0.2187868217054263,0.08427085195450051,40
2025-05-22,rth,def_cancel,0.40475180616632767,0.4928632103496813,0.015482376595108196,40
2025-05-22,rth,att_cancel,0.4048907038453585,0.49353520089120895,0.015274229544211253,40
2025-05-22,rth,def_refill,0.10956521739130436,0.5204347826086957,0.04180999535108763,40
2025-05-22,rth,att_refill,0.10981060606060607,0.5165530303030303,0.04322248062608802,40
2025-05-22,rth,def_hidden,0.0,0.05118604651162791,0.013702970303211754,40
2025-05-22,rth,att_eff,-0.7239947976067125,0.6027501461946279,0.269622308758562,40
2025-05-22,rth,def_eff,-0.656932177114331,0.6308473092906204,0.26984183488879776,40
2025-05-22,rth,att_large,0.0,0.3153933979772841,0.07172180667537773,40
2025-05-22,rth,def_large,0.0,0.28102083333333333,0.06848405118696749,40
2025-05-22,rth,balance,-0.09015450912636686,0.17503245923192134,0.03762649563493985,40
2025-05-22,rth,volume,0.38657197486806294,3.060361467705498,0.3872871517387149,40
2025-05-23,rth,delta,-0.2144970184853906,0.2187868217054263,0.08373374302930567,41
2025-05-23,rth,def_cancel,0.40577635737776196,0.4926070725468227,0.015380349006948566,41
2025-05-23,rth,att_cancel,0.4054090927169717,0.49327600645540237,0.015149968692242595,41
2025-05-23,rth,def_refill,0.11103260869565218,0.5219021739130435,0.04191026705967225,41
2025-05-23,rth,att_refill,0.1112878787878788,0.52,0.043547472551709404,41
2025-05-23,rth,def_hidden,0.0,0.05094573643410853,0.013488495396958402,41
2025-05-23,rth,att_eff,-0.7195943168644197,0.5961494250811885,0.2662816276281449,41
2025-05-23,rth,def_eff,-0.656932177114331,0.628701010146612,0.26663537563998696,41
2025-05-23,rth,att_large,0.0,0.3144077936086051,0.07131498530781324,41
2025-05-23,rth,def_large,0.0,0.28297916666666667,0.06804992289548359,41
2025-05-23,rth,balance,-0.09109655874753309,0.17267733517900585,0.037158871263460284,41
2025-05-23,rth,volume,0.32214331239005245,3.060361467705498,0.4061296294055135,41
2025-05-26,rth,delta,-0.2144970184853906,0.21784078711985688,0.08331688828364736,39
2025-05-26,rth,def_cancel,0.40603249518062057,0.4926070725468227,0.01528689775062004,39
2025-05-26,rth,att_cancel,0.4059274815885848,0.49327600645540237,0.015107414432429645,39
2025-05-26,rth,def_refill,0.11054347826086958,0.5091847826086957,0.041238280419921836,39
2025-05-26,rth,att_refill,0.11079545454545456,0.5081818181818182,0.04270965859493271,39
2025-05-26,rth,def_hidden,0.0,0.05166666666666667,0.01358061967000971,39
2025-05-26,rth,att_eff,-0.7239947976067125,0.6005499058234816,0.2682964142238836,39
2025-05-26,rth,def_eff,-0.656932177114331,0.6329936084346288,0.2692982383119588,39
2025-05-26,rth,att_large,0.0,0.3139149914242656,0.07133250313240629,39
2025-05-26,rth,def_large,0.0,0.28102083333333333,0.06782051947272262,39
2025-05-26,rth,balance,-0.09156758355811617,0.173148359989589,0.03733750787703137,39
2025-05-26,rth,volume,0.32214331239005245,3.060361467705498,0.371638569334693,39
2025-05-27,rth,delta,-0.2144970184853906,0.2187868217054263,0.08393017315126655,39
2025-05-27,rth,def_cancel,0.40500794396918627,0.491838659138247,0.01541005398601781,39
2025-05-27,rth,att_cancel,0.4051498982811651,0.49223922871217596,0.01522792826987882,39
2025-05-27,rth,def_refill,0.10956521739130436,0.5018478260869565,0.04103680873951597,39
2025-05-27,rth,att_refill,0.10981060606060607,0.5027651515151516,0.0425206133947666,39
2025-05-27,rth,def_hidden,0.0,0.05262790697674419,0.013785912874131763,39
2025-05-27,rth,att_eff,-0.726195037977859,0.6027501461946279,0.2688946338272746,39
2025-05-27,rth,def_eff,-0.656932177114331,0.6372862067226452,0.2701425276619513,39
2025-05-27,rth,att_large,0.0,0.3158862001616236,0.07209781514451051,39
2025-05-27,rth,def_large,0.0,0.282,0.06824327293094269,39
2025-05-27,rth,balance,-0.09345168280044858,0.1755034840425045,0.037987837351618765,39
2025-05-27,rth,volume,0.2899289811510472,3.0925757989445035,0.37768777201022313,39
2025-05-28,rth,delta,-0.2144970184853906,0.2187868217054263,0.08395375602753134,40
2025-05-28,rth,def_cancel,0.4052640817720448,0.491838659138247,0.015403704814167104,40
2025-05-28,rth,att_cancel,0.4054090927169717,0.49223922871217596,0.015233065791257883,40
2025-05-28,rth,def_refill,0.11005434782608696,0.5018478260869565,0.041106054844871495,40
2025-05-28,rth,att_refill,0.10981060606060607,0.5027651515151516,0.04256425353674511,40
2025-05-28,rth,def_hidden,0.0,0.05262790697674419,0.013792050438424542,40
2025-05-28,rth,att_eff,-0.726195037977859,0.6027501461946279,0.2695895614910047,40
2025-05-28,rth,def_eff,-0.656932177114331,0.6372862067226452,0.2710835844759611,40
2025-05-28,rth,att_large,0.0,0.3158862001616236,0.07203704634926003,40
2025-05-28,rth,def_large,0.0,0.282,0.06818768979821643,40
2025-05-28,rth,balance,-0.09345168280044858,0.17503245923192134,0.03793681075644809,40
2025-05-28,rth,volume,0.2899289811510472,3.0925757989445035,0.37711993393415644,40
2025-05-29,rth,delta,-0.2144970184853906,0.2187868217054263,0.08407739603410452,41
2025-05-29,rth,def_cancel,0.4052640817720448,0.491838659138247,0.015437702571231516,41
2025-05-29,rth,att_cancel,0.4051498982811651,0.49223922871217596,0.015255969586911253,41
2025-05-29,rth,def_refill,0.11005434782608696,0.5057608695652175,0.041283974642032456,41
2025-05-29,rth,att_refill,0.1103030303030303,0.5081818181818182,0.04283194143473527,41
2025-05-29,rth,def_hidden,0.0,0.052147286821705434,0.013740761771231045,41
2025-05-29,rth,att_eff,-0.726195037977859,0.6049503865657742,0.27064671516469874,41
2025-05-29,rth,def_eff,-0.6590784762583393,0.6394325058666532,0.2722710919909828,41
2025-05-29,rth,att_large,0.0,0.3163790023459631,0.07210478151446648,41
2025-05-29,rth,def_large,0.0,0.28151041666666665,0.0681431295797467,41
2025-05-29,rth,balance,-0.09298065798986549,0.1745614344213383,0.03780060492052607,41
2025-05-29,rth,volume,0.2899289811510472,3.0925757989445035,0.37631354223319563,41
2025-05-30,rth,delta,-0.2144970184853906,0.21973285629099593,0.08391676632130884,42
2025-05-30,rth,def_cancel,0.40577635737776196,0.4923509347439641,0.015355184878606558,42
2025-05-30,rth,att_cancel,0.40566828715277825,0.49249842314798253,0.015190314685558119,42
2025-05-30,rth,def_refill,0.11054347826086958,0.5052717391304348,0.04121332573334549,42
2025-05-30,rth,att_refill,0.11079545454545456,0.5081818181818182,0.04279936206000947,42
2025-05-30,rth,def_hidden,0.0,0.05142635658914729,0.013620034147718662,42
2025-05-30,rth,att_eff,-0.7283952783490055,0.6093508673080672,0.27133012510596144,42
2025-05-30,rth,def_eff,-0.6633710745463557,0.6415788050106617,0.2734646912282001,42
2025-05-30,rth,att_large,0.0,0.3149005957929446,0.07193798054816464,42
2025-05-30,rth,def_large,0.0,0.2795520833333333,0.0675897509241932,42
2025-05-30,rth,balance,-0.0925096331792824,0.173148359989589,0.03742258977576988,42
2025-05-30,rth,volume,0.2899289811510472,3.0925757989445035,0.3722075125077871,42
2025-06-02,rth,delta,-0.21260494931425167,0.21689475253428747,0.08325406032914363,40
2025-06-02,rth,def_cancel,0.40449566836346906,0.4910702457296712,0.015281285084009187,40
2025-06-02,rth,att_cancel,0.40463150940955195,0.49120245096894966,0.01515118521187889,40
2025-06-02,rth,def_refill,0.10858695652173914,0.5023369565217392,0.03967782777791862,40
2025-06-02,rth,att_refill,0.10833333333333334,0.5012878787878788,0.040792482092968985,40
2025-06-02,rth,def_hidden,0.0,0.05142635658914729,0.013453692862053277,40
2025-06-02,rth,att_eff,-0.7327957590912986,0.6181518287926533,0.27280499075674597,40
2025-06-02,rth,def_eff,-0.6719562711223888,0.6458714032986781,0.27536566955534936,40
2025-06-02,rth,att_large,0.0,0.3080013652121915,0.07114942242215061,40
2025-06-02,rth,def_large,0.0,0.2751458333333333,0.06610688557696494,40
2025-06-02,rth,balance,-0.0948647572321979,0.1693801615049242,0.03810121727829131,40
2025-06-02,rth,volume,0.32214331239005245,3.060361467705498,0.2935797124625215,40
2025-06-03,rth,delta,-0.21260494931425167,0.21784078711985688,0.08294430377259038,40
2025-06-03,rth,def_cancel,0.40423953056061046,0.4910702457296712,0.01528713300202878,40
2025-06-03,rth,att_cancel,0.40463150940955195,0.49120245096894966,0.015120431903976021,40
2025-06-03,rth,def_refill,0.10858695652173914,0.503804347826087,0.03958763542238486,40
2025-06-03,rth,att_refill,0.10833333333333334,0.5017803030303031,0.040533664337482504,40
2025-06-03,rth,def_hidden,0.0,0.05118604651162791,0.01333603529738307,40
2025-06-03,rth,att_eff,-0.7393964802047381,0.6247525499060931,0.2742051182654988,40
2025-06-03,rth,def_eff,-0.6783951685544136,0.6480177024426865,0.2765377993069786,40
2025-06-03,rth,att_large,0.0,0.307508563027852,0.07082414536655318,40
2025-06-03,rth,def_large,0.0,0.2736770833333333,0.06549438381912721,40
2025-06-03,rth,balance,-0.0948647572321979,0.1693801615049242,0.03804955518460023,40
2025-06-03,rth,volume,0.32214331239005245,3.028147136466493,0.29374469701236433,40
2025-06-04,rth,delta,-0.21260494931425167,0.2131106141920096,0.07855926410030883,40
2025-06-04,rth,def_cancel,0.40449566836346906,0.4913263835325298,0.014752491465744033,40
2025-06-04,rth,att_cancel,0.40463150940955195,0.49120245096894966,0.014456506661426899,40
2025-06-04,rth,def_refill,0.10809782608695653,0.5160326086956523,0.03877536613716477,40
2025-06-04,rth,att_refill,0.1078409090909091,0.5155681818181819,0.03965908532790287,40
2025-06-04,rth,def_hidden,0.0,0.051906976744186054,0.012938443976995338,40
2025-06-04,rth,att_eff,-0.7569984031739101,0.6423544728752648,0.27710423349208874,40
2025-06-04,rth,def_eff,-0.7020044591385044,0.6651880955947522,0.2793336887219032,40
2025-06-04,rth,att_large,0.0,0.29568131060370384,0.0660477925605652,40
2025-06-04,rth,def_large,0.0,0.2648645833333333,0.060684862983191104,40
2025-06-04,rth,balance,-0.08921245950520068,0.1693801615049242,0.03523997395311755,40
2025-06-04,rth,volume,0.2899289811510472,2.770432486554451,0.29476274117629525,40
2025-06-05,rth,delta,-0.21260494931425167,0.2131106141920096,0.07829289463988919,41
2025-06-05,rth,def_cancel,0.40475180616632767,0.4910702457296712,0.014669856944199682,41
2025-06-05,rth,att_cancel,0.4048907038453585,0.4909432565331431,0.014424113794320207,41
2025-06-05,rth,def_refill,0.10858695652173914,0.5228804347826087,0.03881968548755189,41
2025-06-05,rth,att_refill,0.10833333333333334,0.5244318181818182,0.039777920538696034,41
2025-06-05,rth,def_hidden,0.0,0.05118604651162791,0.012813325389789553,41
2025-06-05,rth,att_eff,-0.7569984031739101,0.6423544728752648,0.27678085101695493,41
2025-06-05,rth,def_eff,-0.7062970574265208,0.6651880955947522,0.27904886242872323,41
2025-06-05,rth,att_large,0.0,0.29518850841936434,0.06576217838720337,41
2025-06-05,rth,def_large,0.0,0.26339583333333333,0.06053440337702429,41
2025-06-05,rth,balance,-0.08827040988403445,0.1684381118837579,0.034921005242463894,41
2025-06-05,rth,volume,0.2899289811510472,2.770432486554451,0.29211987613124074,41
2025-06-06,rth,delta,-0.21071288014311274,0.21216457960643997,0.07827692581956489,42
2025-06-06,rth,def_cancel,0.40603249518062057,0.4910702457296712,0.014618833550321418,42
2025-06-06,rth,att_cancel,0.4059274815885848,0.4909432565331431,0.014400763599644971,42
2025-06-06,rth,def_refill,0.11005434782608696,0.5282608695652175,0.03910439495337322,42
2025-06-06,rth,att_refill,0.10981060606060607,0.5254166666666666,0.040122135333790755,42
2025-06-06,rth,def_hidden,0.0,0.04926356589147287,0.012567720457751123,42
2025-06-06,rth,att_eff,-0.7569984031739101,0.6401542325041185,0.2777028884627028,42
2025-06-06,rth,def_eff,-0.7062970574265208,0.6630417964507442,0.27969786880117015,42
2025-06-06,rth,att_large,0.0,0.2912460909446483,0.06570515840345882,42
2025-06-06,rth,def_large,0.0,0.2604583333333333,0.06050782568927684,42
2025-06-06,rth,balance,-0.08544426102053582,0.16514093820967624,0.034171801543232815,42
2025-06-06,rth,volume,0.2899289811510472,2.8026468177934563,0.29161131201117946,42
2025-06-09,rth,delta,-0.21260494931425167,0.21594871794871784,0.07770175607062194,40
2025-06-09,rth,def_cancel,0.4144850426749539,0.491838659138247,0.014171588599360876,40
2025-06-09,rth,att_cancel,0.4116297591763296,0.4917208398405628,0.01373568595411667,40
2025-06-09,rth,def_refill,0.14184782608695654,0.5458695652173914,0.04181405485332654,40
2025-06-09,rth,att_refill,0.14181818181818182,0.5406818181818183,0.042485883999154046,40
2025-06-09,rth,def_hidden,0.0,0.047821705426356595,0.011549051744178203,40
2025-06-09,rth,att_eff,-0.8076039317102797,0.6665571169578763,0.285970409418343,40
2025-06-09,rth,def_eff,-0.7449304420186693,0.7081140784749174,0.2878921514624288,40
2025-06-09,rth,att_large,0.0,0.29420290405068533,0.06478076993933239,40
2025-06-09,rth,def_large,0.0,0.2663333333333333,0.059708130782798595,40
2025-06-09,rth,balance,-0.08120503772528787,0.15666249161918033,0.029794302829237684,40
2025-06-09,rth,volume,0.25771464991204196,2.7382181553154457,0.3119286380974229,40
2025-06-10,rth,delta,-0.21165891472868215,0.2131106141920096,0.07611532271959917,40
2025-06-10,rth,def_cancel,0.4144850426749539,0.4913263835325298,0.013908575840991911,40
2025-06-10,rth,att_cancel,0.411370564740523,0.49146164540475623,0.013532780493322278,40
2025-06-10,rth,def_refill,0.1726630434782609,0.5517391304347826,0.041902174518751154,40
2025-06-10,rth,att_refill,0.17087121212121212,0.5460984848484849,0.042884370723806804,40
2025-06-10,rth,def_hidden,0.0,0.048302325581395356,0.011459688854083203,40
2025-06-10,rth,att_eff,-0.8296063354217447,0.6841590399270485,0.2871222999823519,40
2025-06-10,rth,def_eff,-0.7556619377387106,0.7274307707709915,0.2891579546015303,40
2025-06-10,rth,att_large,0.0,0.28828927783861125,0.06321703801925557,40
2025-06-10,rth,def_large,0.0,0.26584375,0.05877586039797885,40
2025-06-10,rth,balance,-0.08026298810412164,0.1491260946498506,0.028286414543825435,40
2025-06-10,rth,volume,0.22550031867303671,2.64157516159843,0.3135964358157763,40
2025-06-11,rth,delta,-0.21355098389982108,0.21405664877757902,0.07590599931607538,40
2025-06-11,rth,def_cancel,0.4147411804778125,0.4915825213353884,0.013762504214522223,40
2025-06-11,rth,att_cancel,0.41111137030471645,0.49146164540475623,0.013520691035209207,40
2025-06-11,rth,def_refill,0.19907608695652176,0.5590760869565218,0.04258643293149544,40
2025-06-11,rth,att_refill,0.196969696969697,0.5510227272727273,0.043480480137386944,40
2025-06-11,rth,def_hidden,0.0,0.048062015503875975,0.011430628362557541,40
2025-06-11,rth,att_eff,-0.8318065757928912,0.6885595206693416,0.28633894651750924,40
2025-06-11,rth,def_eff,-0.7556619377387106,0.7338696682030164,0.2883868369070555,40
2025-06-11,rth,att_large,0.0,0.2912460909446483,0.06345129938046225,40
2025-06-11,rth,def_large,0.0,0.26388541666666665,0.05803312304907942,40
2025-06-11,rth,balance,-0.08073401291470478,0.14488687135460265,0.02779759018756739,40
2025-06-11,rth,volume,0.22550031867303671,2.64157516159843,0.31492372287641895,40
2025-06-12,rth,delta,-0.21165891472868215,0.21121854502087056,0.07489078986698385,41
2025-06-12,rth,def_cancel,0.4134604914635196,0.4910702457296712,0.013659994602411003,41
2025-06-12,rth,att_cancel,0.41111137030471645,0.49120245096894966,0.01345595868182798,41
2025-06-12,rth,def_refill,0.2025,0.5610326086956522,0.04231836987844171,41
2025-06-12,rth,att_refill,0.19992424242424245,0.5534848484848485,0.04316505891775673,41
2025-06-12,rth,def_hidden,0.0,0.04637984496124031,0.011086186224867057,41
2025-06-12,rth,att_eff,-0.8296063354217447,0.6929600014116346,0.2842311390276481,41
2025-06-12,rth,def_eff,-0.7578082368827188,0.7317233690590084,0.2863211147987675,41
2025-06-12,rth,att_large,0.0,0.28582526691691373,0.06267298264232485,41
2025-06-12,rth,def_large,0.0,0.2619270833333333,0.0570930038413705,41
2025-06-12,rth,balance,-0.08026298810412164,0.1430027721122702,0.027261123674964468,41
2025-06-12,rth,volume,0.22550031867303671,2.64157516159843,0.3058680959671946,41
2025-06-13,rth,delta,-0.21165891472868215,0.21121854502087056,0.07533818676728855,42
2025-06-13,rth,def_cancel,0.413204353660661,0.49081410792681257,0.013734633156905634,42
2025-06-13,rth,att_cancel,0.41111137030471645,0.4909432565331431,0.01354501521314297,42
2025-06-13,rth,def_refill,0.20298913043478262,0.5639673913043479,0.04276576089061802,42
2025-06-13,rth,att_refill,0.2004166666666667,0.5569318181818183,0.04363519971074199,42
2025-06-13,rth,def_hidden,0.0,0.04613953488372093,0.011034904384113529,42
2025-06-13,rth,att_eff,-0.8296063354217447,0.6885595206693416,0.28493605959890184,42
2025-06-13,rth,def_eff,-0.7578082368827188,0.7317233690590084,0.2873205270491425,42
2025-06-13,rth,att_large,0.0,0.28533246473257423,0.06298694818540229,42
2025-06-13,rth,def_large,0.0,0.26290625,0.057507982039964434,42
2025-06-13,rth,balance,-0.07979196329353855,0.14253174730168716,0.027147637577365255,42
2025-06-13,rth,volume,0.22550031867303671,2.64157516159843,0.3079337975771411,42
2025-06-16,rth,delta,-0.2097668455575432,0.2131106141920096,0.07504377710124954,40
2025-06-16,rth,def_cancel,0.4126920780549438,0.49055797012395397,0.0135311830725375,40
2025-06-16,rth,att_cancel,0.4108521758689099,0.4906840620973365,0.013425373450093895,40
2025-06-16,rth,def_refill,0.21179347826086958,0.5639673913043479,0.04310759671082585,40
2025-06-16,rth,att_refill,0.20928030303030304,0.556439393939394,0.043505084232946474,40
2025-06-16,rth,def_hidden,0.0,0.04493798449612404,0.010867613000986232,40
2025-06-16,rth,att_eff,-0.8274060950505981,0.6841590399270485,0.2814938633327813,40
2025-06-16,rth,def_eff,-0.7556619377387106,0.7274307707709915,0.2844514137388897,40
2025-06-16,rth,att_large,0.0,0.28533246473257423,0.06279694448521107,40
2025-06-16,rth,def_large,0.0,0.26241666666666663,0.05736827094345792,40
2025-06-16,rth,balance,-0.07979196329353855,0.13405330071119126,0.026658038574291276,40
2025-06-16,rth,volume,0.22550031867303671,2.64157516159843,0.30530545929556197,40
2025-06-17,rth,delta,-0.2097668455575432,0.21405664877757902,0.07509586946643634,40
2025-06-17,rth,def_cancel,0.413204353660661,0.49055797012395397,0.01347150156882343,40
2025-06-17,rth,att_cancel,0.4108521758689099,0.4906840620973365,0.013419744611036618,40
2025-06-17,rth,def_refill,0.21326086956521742,0.5644565217391305,0.0431793465172194,40
2025-06-17,rth,att_refill,0.21026515151515152,0.5574242424242425,0.04362703924334598,40
2025-06-17,rth,def_hidden,0.0,0.042534883720930235,0.010386843211678865,40
2025-06-17,rth,att_eff,-0.8252058546794516,0.6797585591847555,0.2832335379342607,40
2025-06-17,rth,def_eff,-0.7556619377387106,0.7274307707709915,0.28630784010676474,40
2025-06-17,rth,att_large,0.0,0.28533246473257423,0.06278068014072662,40
2025-06-17,rth,def_large,0.0,0.2619270833333333,0.05750929453237733,40
2025-06-17,rth,balance,-0.08167606253587095,0.13075612703710948,0.02610840672814905,40
2025-06-17,rth,volume,0.22550031867303671,2.64157516159843,0.3061958916332935,40
2025-06-18,rth,delta,-0.2097668455575432,0.2131106141920096,0.0742044918603743,41
2025-06-18,rth,def_cancel,0.413204353660661,0.4900456945182369,0.013287675059301673,41
2025-06-18,rth,att_cancel,0.4105929814331033,0.49016567322572335,0.013243519932026378,41
2025-06-18,rth,def_refill,0.21521739130434783,0.5639673913043479,0.04269573417565854,41
2025-06-18,rth,att_refill,0.2122348484848485,0.5574242424242425,0.04324672094394039,41
2025-06-18,rth,def_hidden,0.0,0.04157364341085272,0.01019321345983201,41
2025-06-18,rth,att_eff,-0.8274060950505981,0.6841590399270485,0.2820981293334866,41
2025-06-18,rth,def_eff,-0.7578082368827188,0.7274307707709915,0.2846180426042894,41
2025-06-18,rth,att_large,0.0,0.28188284944219766,0.061910561594188306,41
2025-06-18,rth,def_large,0.0,0.25898958333333333,0.056743869757620365,41
2025-06-18,rth,balance,-0.08308913696762027,0.12934305260536016,0.025759090594717236,41
2025-06-18,rth,volume,0.22550031867303671,2.609360830359425,0.3035324806393695,41
2025-06-20,rth,delta,-0.2097668455575432,0.2131106141920096,0.07447736475859994,42
2025-06-20,rth,def_cancel,0.4114113890406509,0.48978955671537827,0.013312337401069433,42
2025-06-20,rth,att_cancel,0.4085194259466506,0.4899064787899168,0.013449546637730679,42
2025-06-20,rth,def_refill,0.21521739130434783,0.5644565217391305,0.04273746330904663,42
2025-06-20,rth,att_refill,0.21272727272727274,0.558409090909091,0.04322453368626722,42
2025-06-20,rth,def_hidden,0.0,0.04085271317829458,0.010108903399984876,42
2025-06-20,rth,att_eff,-0.8274060950505981,0.6863592802981948,0.28216373534786404,42
2025-06-20,rth,def_eff,-0.7578082368827188,0.7274307707709915,0.28469649182555795,42
2025-06-20,rth,att_large,0.0,0.28483966254823473,0.06236052581146231,42
2025-06-20,rth,def_large,0.0,0.2614375,0.05706750456219604,42
2025-06-20,rth,balance,-0.08356016177820341,0.128401002984194,0.025808722861740106,42
2025-06-20,rth,volume,0.22550031867303671,2.64157516159843,0.30060636607447694,42
2025-06-23,rth,delta,-0.20692874180083487,0.21405664877757902,0.07495477982586889,40
2025-06-23,rth,def_cancel,0.4111552512377923,0.48953341891251967,0.01323680962732702,40
2025-06-23,rth,att_cancel,0.40774184263923086,0.4899064787899168,0.013470135022455799,40
2025-06-23,rth,def_refill,0.2181521739130435,0.5659239130434783,0.043141742781395084,40
2025-06-23,rth,att_refill,0.21617424242424244,0.5603787878787879,0.0434978849365724,40
2025-06-23,rth,def_hidden,0.0,0.04037209302325582,0.010038268276159319,40
2025-06-23,rth,att_eff,-0.8230056143083051,0.6797585591847555,0.28097055049116626,40
2025-06-23,rth,def_eff,-0.7578082368827188,0.7231381724829751,0.2833000068107835,40
2025-06-23,rth,att_large,0.0,0.28582526691691373,0.06285923542455106,40
2025-06-23,rth,def_large,0.0,0.2619270833333333,0.05724139260333144,40
2025-06-23,rth,balance,-0.0821470873464541,0.1260458789312785,0.024067233274505266,40
2025-06-23,rth,volume,0.22550031867303671,2.64157516159843,0.30177611163510637,40
2025-06-24,rth,delta,-0.20692874180083487,0.21500268336314843,0.07563610445657354,41
2025-06-24,rth,def_cancel,0.41038683782921653,0.48927728110966107,0.013396546758208424,41
2025-06-24,rth,att_cancel,0.40670506489600455,0.4896472843541102,0.013542835919998913,41
2025-06-24,rth,def_refill,0.21619565217391307,0.5664130434782609,0.04324723876158398,41
2025-06-24,rth,att_refill,0.21518939393939396,0.5593939393939394,0.04378413307193188,41
2025-06-24,rth,def_hidden,0.0,0.03989147286821706,0.009944367359175125,41
2025-06-24,rth,att_eff,-0.8208053739371586,0.6797585591847555,0.2841815836715229,41
2025-06-24,rth,def_eff,-0.7556619377387106,0.7231381724829751,0.2860901229550033,41
2025-06-24,rth,att_large,0.0,0.28582526691691373,0.06308121216855353,41
2025-06-24,rth,def_large,0.0,0.2604583333333333,0.05731121275989767,41
2025-06-24,rth,balance,-0.08167606253587095,0.12557485412069536,0.024084099151266164,41
2025-06-24,rth,volume,0.22550031867303671,2.706003824076441,0.2998875843363351,41
2025-06-25,rth,delta,-0.20692874180083487,0.21405664877757902,0.07531571271720368,41
2025-06-25,rth,def_cancel,0.4091061488149236,0.48927728110966107,0.01341922202204022,41
2025-06-25,rth,att_cancel,0.4059274815885848,0.4896472843541102,0.013526675999222205,41
2025-06-25,rth,def_refill,0.21668478260869567,0.5752173913043479,0.04340904371778433,41
2025-06-25,rth,att_refill,0.21617424242424244,0.5643181818181818,0.04378988060807906,41
2025-06-25,rth,def_hidden,0.0,0.0394108527131783,0.009842869315823115,41
2025-06-25,rth,att_eff,-0.8252058546794516,0.6907597610404879,0.284370865093666,41
2025-06-25,rth,def_eff,-0.7599545360267272,0.7274307707709915,0.2860296888020534,41
2025-06-25,rth,att_large,0.0,0.28631806910125324,0.0628947630267999,41
2025-06-25,rth,def_large,0.0,0.2614375,0.05727501403192189,41
2025-06-25,rth,balance,-0.08356016177820341,0.1251038293101122,0.02372313558625901,41
2025-06-25,rth,volume,0.22550031867303671,2.6737894928374355,0.29950039022404396,41
2025-06-26,rth,delta,-0.20692874180083487,0.2131106141920096,0.0752346028334899,42
2025-06-26,rth,def_cancel,0.4085938732092065,0.48927728110966107,0.013406901461624912,42
2025-06-26,rth,att_cancel,0.4059274815885848,0.4893880899183036,0.013501981603865646,42
2025-06-26,rth,def_refill,0.21717391304347827,0.5766847826086957,0.04342973949475146,42
2025-06-26,rth,att_refill,0.21666666666666667,0.566780303030303,0.04386018976694535,42
2025-06-26,rth,def_hidden,0.0,0.0394108527131783,0.00981501653405087,42
2025-06-26,rth,att_eff,-0.8252058546794516,0.6929600014116346,0.2844137364773022,42
2025-06-26,rth,def_eff,-0.7621008351707355,0.7274307707709915,0.28608575139699505,42
2025-06-26,rth,att_large,0.0,0.28631806910125324,0.06282110357891761,42
2025-06-26,rth,def_large,0.0,0.26094791666666667,0.05725121313758622,42
2025-06-26,rth,balance,-0.08450221139936959,0.1251038293101122,0.02367760605792726,42
2025-06-26,rth,volume,0.22550031867303671,2.64157516159843,0.2983126328326683,42
2025-06-27,rth,delta,-0.20692874180083487,0.21500268336314843,0.07625085226931866,43
2025-06-27,rth,def_cancel,0.4068009085891964,0.48902114330680246,0.013709854623054112,43
2025-06-27,rth,att_cancel,0.4048907038453585,0.4893880899183036,0.013757541063830616,43
2025-06-27,rth,def_refill,0.21717391304347827,0.5781521739130435,0.044743252477803065,43
2025-06-27,rth,att_refill,0.2171590909090909,0.570719696969697,0.04508668236837467,43
2025-06-27,rth,def_hidden,0.0,0.03917054263565892,0.009801479982283581,43
2025-06-27,rth,att_eff,-0.8252058546794516,0.6929600014116346,0.2856159778326917,43
2025-06-27,rth,def_eff,-0.7621008351707355,0.7274307707709915,0.2871052697240378,43
2025-06-27,rth,att_large,0.0,0.29026048657596926,0.06368302669702837,43
2025-06-27,rth,def_large,0.0,0.26339583333333333,0.05838573625424174,43
2025-06-27,rth,balance,-0.0840311865887865,0.12557485412069536,0.023756755348616047,43
2025-06-27,rth,volume,0.22550031867303671,2.7382181553154457,0.35350166767646657,43
2025-06-30,rth,delta,-0.2088208109719738,0.21405664877757902,0.07656998009447598,41
2025-06-30,rth,def_cancel,0.4055202195749034,0.48902114330680246,0.013857889954809226,41
2025-06-30,rth,att_cancel,0.40307634279471244,0.4893880899183036,0.013855614563947655,41
2025-06-30,rth,def_refill,0.2181521739130435,0.5894021739130435,0.04533917451110196,41
2025-06-30,rth,att_refill,0.21814393939393942,0.5800757575757576,0.04583608426378668,41
2025-06-30,rth,def_hidden,0.0,0.03917054263565892,0.009800970830723765,41
2025-06-30,rth,att_eff,-0.8230056143083051,0.6907597610404879,0.2855204897901553,41
2025-06-30,rth,def_eff,-0.7578082368827188,0.7274307707709915,0.28653051781305394,41
2025-06-30,rth,att_large,0.0,0.2922316953133273,0.06385919089442679,41
2025-06-30,rth,def_large,0.0,0.26535416666666667,0.05880671685852291,41
2025-06-30,rth,balance,-0.09109655874753309,0.11992255639369809,0.023495011659995582,41
2025-06-30,rth,volume,0.22550031867303671,2.8026468177934563,0.3928861926497922,41
2025-07-01,rth,delta,-0.2088208109719738,0.21500268336314843,0.0767896969485916,41
2025-07-01,rth,def_cancel,0.40475180616632767,0.48876500550394386,0.014101403795171722,41
2025-07-01,rth,att_cancel,0.4020395650514861,0.4888697010466905,0.013970152099526506,41
2025-07-01,rth,def_refill,0.21961956521739132,0.5918478260869565,0.04598644311362559,41
2025-07-01,rth,att_refill,0.2191287878787879,0.5815530303030303,0.04649632779862587,41
2025-07-01,rth,def_hidden,0.0,0.0394108527131783,0.010011560603010115,41
2025-07-01,rth,att_eff,-0.818605133566012,0.6863592802981948,0.28479996195611795,41
2025-07-01,rth,def_eff,-0.7556619377387106,0.7231381724829751,0.28571582656491035,41
2025-07-01,rth,att_large,0.0,0.29568131060370384,0.06453761398828131,41
2025-07-01,rth,def_large,0.0,0.2663333333333333,0.05926831576472855,41
2025-07-01,rth,balance,-0.09298065798986549,0.11992255639369809,0.023331651616313245,41
2025-07-01,rth,volume,0.22550031867303671,2.867075480271467,0.39550764175191355,41
2025-07-03,rth,delta,-0.2088208109719738,0.21594871794871784,0.07729338645583632,41
2025-07-03,rth,def_cancel,0.4037272549548933,0.48850886770108526,0.014172606107908759,41
2025-07-03,rth,att_cancel,0.4010027873082598,0.4888697010466905,0.014099586179660242,41
2025-07-03,rth,def_refill,0.22059782608695655,0.5962500000000001,0.04654139754419651,41
2025-07-03,rth,att_refill,0.22011363636363637,0.586969696969697,0.04706757745645569,41
2025-07-03,rth,def_hidden,0.0,0.03917054263565892,0.00995026917701604,41
2025-07-03,rth,att_eff,-0.8164048931948658,0.6841590399270485,0.28538380664266044,41
2025-07-03,rth,def_eff,-0.7556619377387106,0.7188455741949586,0.2863318643402692,41
2025-07-03,rth,att_large,0.0,0.29617411278804334,0.06505989188091255,41
2025-07-03,rth,def_large,0.0,0.26535416666666667,0.05934450626109628,41
2025-07-03,rth,balance,-0.09203860836869926,0.11945153158311494,0.023209297660055275,41
2025-07-03,rth,volume,0.22550031867303671,2.899289811510472,0.3929020434700882,41
2025-07-07,rth,delta,-0.2088208109719738,0.21405664877757902,0.07669517487582342,39
2025-07-07,rth,def_cancel,0.40116587692630745,0.48774045429250956,0.014174507787229337,39
2025-07-07,rth,att_cancel,0.39789245407858087,0.487314534431851,0.014305956241416817,39
2025-07-07,rth,def_refill,0.23625000000000002,0.6011413043478261,0.04741503242410084,39
2025-07-07,rth,att_refill,0.23981060606060609,0.5958333333333333,0.047940934602553206,39
2025-07-07,rth,def_hidden,0.0,0.03556589147286822,0.009030837578344608,39
2025-07-07,rth,att_eff,-0.8164048931948658,0.6929600014116346,0.2864275920382436,39
2025-07-07,rth,def_eff,-0.7621008351707355,0.7231381724829751,0.2876888558690401,39
2025-07-07,rth,att_large,0.0,0.3001165302627594,0.0649534267022648,39
2025-07-07,rth,def_large,0.0,0.2707395833333333,0.05916668411387078,39
2025-07-07,rth,balance,-0.08827040988403445,0.11662538271961631,0.022510505652236796,39
2025-07-07,rth,volume,0.22550031867303671,2.899289811510472,0.41198179059958423,39
2025-07-08,rth,delta,-0.2088208109719738,0.2131106141920096,0.0774261434406071,39
2025-07-08,rth,def_cancel,0.4003974635177317,0.48774045429250956,0.014418549064913322,39
2025-07-08,rth,att_cancel,0.3971148707711611,0.4875737288676576,0.014686818422486682,39
2025-07-08,rth,def_refill,0.24211956521739134,0.6035869565217392,0.04810103043404308,39
2025-07-08,rth,att_refill,0.24719696969696972,0.597310606060606,0.04880019830592638,39
2025-07-08,rth,def_hidden,0.0,0.03508527131782946,0.009244830114168432,39
2025-07-08,rth,att_eff,-0.818605133566012,0.6951602417827809,0.28906772778894135,39
2025-07-08,rth,def_eff,-0.7621008351707355,0.7231381724829751,0.28986574693672995,39
2025-07-08,rth,att_large,0.0,0.29666691497238284,0.06604517246569473,39
2025-07-08,rth,def_large,0.0,0.26878124999999997,0.060189044292965746,39
2025-07-08,rth,balance,-0.08874143469461754,0.11474128347728396,0.02257353025266485,39
2025-07-08,rth,volume,0.22550031867303671,2.9959328052274876,0.4773213823397233,39
2025-07-09,rth,delta,-0.21071288014311274,0.21405664877757902,0.07788957046933806,39
2025-07-09,rth,def_cancel,0.39911677450343874,0.48748431648965096,0.014486341618188554,39
2025-07-09,rth,att_cancel,0.39659648189954794,0.48705533999604445,0.01476726040880604,39
2025-07-09,rth,def_refill,0.24358695652173915,0.6094565217391305,0.04858061451207419,39
2025-07-09,rth,att_refill,0.24867424242424244,0.6027272727272728,0.049220797829447605,39
2025-07-09,rth,def_hidden,0.0,0.03484496124031008,0.009165360240770035,39
2025-07-09,rth,att_eff,-0.8120044124525727,0.6907597610404879,0.28993223653738953,39
2025-07-09,rth,def_eff,-0.7621008351707355,0.7166992750509507,0.290681249278529,39
2025-07-09,rth,att_large,0.0,0.29715971715672235,0.06633035172790153,39
2025-07-09,rth,def_large,0.0,0.26829166666666665,0.06026166465573239,39
2025-07-09,rth,balance,-0.08779938507345136,0.11427025866670082,0.02250054673782685,39
2025-07-09,rth,volume,0.22550031867303671,2.9959328052274876,0.47685139616451233,39
2025-07-10,rth,delta,-0.21165891472868215,0.21405664877757902,0.07822752734848529,40
2025-07-10,rth,def_cancel,0.39886063670058014,0.48722817868679236,0.014531218000375667,40
2025-07-10,rth,att_cancel,0.39659648189954794,0.48705533999604445,0.014849259293345641,40
2025-07-10,rth,def_refill,0.24407608695652175,0.6123913043478262,0.049016666333797185,40
2025-07-10,rth,att_refill,0.2496590909090909,0.6056818181818182,0.049744373187664004,40
2025-07-10,rth,def_hidden,0.0,0.03484496124031008,0.009224658476006103,40
2025-07-10,rth,att_eff,-0.8120044124525727,0.6863592802981948,0.2891742693379436,40
2025-07-10,rth,def_eff,-0.7578082368827188,0.7102603776189258,0.2900576420457101,40
2025-07-10,rth,att_large,0.0,0.2991309258940804,0.06685815652165565,40
2025-07-10,rth,def_large,0.0,0.27220833333333333,0.06094584348829849,40
2025-07-10,rth,balance,-0.0925096331792824,0.11379923385611768,0.022418219459774638,40
2025-07-10,rth,volume,0.22550031867303671,2.9959328052274876,0.47395199227281004,40
2025-07-11,rth,delta,-0.21165891472868215,0.21405664877757902,0.07791246937220273,41
2025-07-11,rth,def_cancel,0.3986044988977216,0.48697204088393375,0.014483601587368148,41
2025-07-11,rth,att_cancel,0.3968556763353545,0.48679614556023787,0.014785701720550496,41
2025-07-11,rth,def_refill,0.24456521739130438,0.6167934782608696,0.048965128139152936,41
2025-07-11,rth,att_refill,0.2501515151515152,0.6091287878787879,0.04963173926314368,41
2025-07-11,rth,def_hidden,0.0,0.03484496124031008,0.009166466978215927,41
2025-07-11,rth,att_eff,-0.8120044124525727,0.6929600014116346,0.2887442698680689,41
2025-07-11,rth,def_eff,-0.7556619377387106,0.7102603776189258,0.2895707320684585,41
2025-07-11,rth,att_large,0.0,0.3011021346314384,0.06651749230481373,41
2025-07-11,rth,def_large,0.0,0.27269791666666665,0.060771578008725714,41
2025-07-11,rth,balance,-0.09203860836869926,0.1128571842349515,0.02227742978375369,41
2025-07-11,rth,volume,0.22550031867303671,2.9637184739884823,0.4695844886348258,41
2025-07-14,rth,delta,-0.21071288014311274,0.21216457960643997,0.076717361436008,39
2025-07-14,rth,def_cancel,0.39809222329200444,0.48697204088393375,0.014350143915734083,39
2025-07-14,rth,att_cancel,0.3971148707711611,0.4865369511244313,0.014596268522409993,39
2025-07-14,rth,def_refill,0.2460326086956522,0.6265760869565218,0.04858559879755649,39
2025-07-14,rth,att_refill,0.2526136363636364,0.6150378787878789,0.049095758449263296,39
2025-07-14,rth,def_hidden,0.0,0.03364341085271318,0.0088768839873091,39
2025-07-14,rth,att_eff,-0.8098041720814262,0.6929600014116346,0.2854792076130582,39
2025-07-14,rth,def_eff,-0.7556619377387106,0.7102603776189258,0.2865895229498919,39
2025-07-14,rth,att_large,0.0,0.2996237280784199,0.06535458648136819,39
2025-07-14,rth,def_large,0.0,0.26878124999999997,0.05965182915470436,39
2025-07-14,rth,balance,-0.09109655874753309,0.11238615942436836,0.022089557088020427,39
2025-07-14,rth,volume,0.22550031867303671,2.899289811510472,0.4648036307099547,39
2025-07-15,rth,delta,-0.2097668455575432,0.21216457960643997,0.07619556663884036,39
2025-07-15,rth,def_cancel,0.39629925867199434,0.48671590308107526,0.014272472412942184,39
2025-07-15,rth,att_cancel,0.3971148707711611,0.4862777566886246,0.014494106584380752,39
2025-07-15,rth,def_refill,0.24701086956521742,0.636358695652174,0.04839380331802467,39
2025-07-15,rth,att_refill,0.2531060606060606,0.6209469696969697,0.04883065170310716,39
2025-07-15,rth,def_hidden,0.0,0.03244186046511628,0.008756339381690579,39
2025-07-15,rth,att_eff,-0.8120044124525727,0.6929600014116346,0.28491657019918243,39
2025-07-15,rth,def_eff,-0.749223040306686,0.7274307707709915,0.2860978148046228,39
2025-07-15,rth,att_large,0.0,0.2996237280784199,0.06495435732778894,39
2025-07-15,rth,def_large,0.0,0.2648645833333333,0.05919670842528371,39
2025-07-15,rth,balance,-0.09062553393694994,0.11144410980320218,0.021952682414598003,39
2025-07-15,rth,volume,0.22550031867303671,2.899289811510472,0.46074271695446173,39
2025-07-16,rth,delta,-0.2088208109719738,0.21027251043530115,0.07504053395107099,39
2025-07-16,rth,def_cancel,0.39732380988342864,0.48645976527821666,0.013986741915677163,39
2025-07-16,rth,att_cancel,0.39763325964277424,0.4862777566886246,0.01418628443123974,39
2025-07-16,rth,def_refill,0.24847826086956523,0.6368478260869566,0.04772828069686076,39
2025-07-16,rth,att_refill,0.25458333333333333,0.621439393939394,0.047991791797634596,39
2025-07-16,rth,def_hidden,0.0,0.0322015503875969,0.008667123015525748,39
2025-07-16,rth,att_eff,-0.8164048931948658,0.6973604821539272,0.2834903194338223,39
2025-07-16,rth,def_eff,-0.7535156385947024,0.7274307707709915,0.28463084440514896,39
2025-07-16,rth,att_large,0.0,0.29568131060370384,0.06400357747257678,39
2025-07-16,rth,def_large,0.0,0.25947916666666665,0.0578150100069303,39
2025-07-16,rth,balance,-0.08874143469461754,0.11144410980320218,0.02167157000851624,39
2025-07-16,rth,volume,0.19328598743403147,2.8026468177934563,0.43012222820448553,39
2025-07-17,rth,delta,-0.2088208109719738,0.20932647584973174,0.07682043645543868,40
2025-07-17,rth,def_cancel,0.3965553964748529,0.48620362747535806,0.014606437744795166,40
2025-07-17,rth,att_cancel,0.3968556763353545,0.48601856225281803,0.01468817262950563,40
2025-07-17,rth,def_refill,0.24945652173913047,0.6344021739130435,0.04828187725681482,40
2025-07-17,rth,att_refill,0.25507575757575757,0.6189772727272728,0.04828349039545035,40
2025-07-17,rth,def_hidden,0.0,0.0322015503875969,0.008738275004021464,40
2025-07-17,rth,att_eff,-0.8120044124525727,0.6951602417827809,0.285221742394504,40
2025-07-17,rth,def_eff,-0.749223040306686,0.7188455741949586,0.28595934242531296,40
2025-07-17,rth,att_large,0.0,0.29568131060370384,0.06528319686215024,40
2025-07-17,rth,def_large,0.0,0.2614375,0.059231684306821145,40
2025-07-17,rth,balance,-0.08685733545228513,0.11191513461378533,0.02168740449941761,40
2025-07-17,rth,volume,0.22550031867303671,2.9637184739884823,0.4337369789561158,40
2025-07-18,rth,delta,-0.2088208109719738,0.20932647584973174,0.07686312471456976,41
2025-07-18,rth,def_cancel,0.39629925867199434,0.48620362747535806,0.014626879023215853,41
2025-07-18,rth,att_cancel,0.3968556763353545,0.48601856225281803,0.014707610289712292,41
2025-07-18,rth,def_refill,0.24945652173913047,0.6344021739130435,0.04833410261864153,41
2025-07-18,rth,att_refill,0.25507575757575757,0.6189772727272728,0.048316601592874577,41
2025-07-18,rth,def_hidden,0.0,0.0322015503875969,0.008732867473189155,41
2025-07-18,rth,att_eff,-0.8120044124525727,0.6973604821539272,0.2877180661140734,41
2025-07-18,rth,def_eff,-0.7535156385947024,0.7209918733389671,0.2878581659905117,41
2025-07-18,rth,att_large,0.0,0.29518850841936434,0.06524254321039599,41
2025-07-18,rth,def_large,0.0,0.2614375,0.059240878761043406,41
2025-07-18,rth,balance,-0.08685733545228513,0.11191513461378533,0.021707308522376376,41
2025-07-18,rth,volume,0.22550031867303671,2.9637184739884823,0.43369321090723306,41
2025-07-21,rth,delta,-0.2088208109719738,0.21121854502087056,0.0771966202445221,39
2025-07-21,rth,def_cancel,0.3950185696577014,0.48389838724963075,0.014701014916378995,39
2025-07-21,rth,att_cancel,0.39581889859212815,0.4839450067663654,0.014737967093584473,39
2025-07-21,rth,def_refill,0.25483695652173916,0.6383152173913044,0.048774046951356086,39
2025-07-21,rth,att_refill,0.26049242424242425,0.621439393939394,0.04869455443328411,39
2025-07-21,rth,def_hidden,0.0,0.031000000000000003,0.008453365400503439,39
2025-07-21,rth,att_eff,-0.818605133566012,0.703961203267367,0.28878185902915493,39
2025-07-21,rth,def_eff,-0.7556619377387106,0.7360159673470248,0.28897681391171115,39
2025-07-21,rth,att_large,0.0,0.29666691497238284,0.06570591124034317,39
2025-07-21,rth,def_large,0.0,0.25947916666666665,0.05905501469378848,39
2025-07-21,rth,balance,-0.08968348431578377,0.11379923385611768,0.02188419168567605,39
2025-07-21,rth,volume,0.19328598743403147,2.9959328052274876,0.44441192134465457,39
2025-07-22,rth,delta,-0.2097668455575432,0.21216457960643997,0.07758971971502984,39
2025-07-22,rth,def_cancel,0.3927133294319741,0.48338611164391354,0.014923553650475225,39
2025-07-22,rth,att_cancel,0.3932269542340624,0.4831674234589457,0.015042637545598045,39
2025-07-22,rth,def_refill,0.25777173913043483,0.6490760869565217,0.04976417897432234,39
2025-07-22,rth,att_refill,0.26,0.6298106060606061,0.049296712357426255,39
2025-07-22,rth,def_hidden,0.0,0.027635658914728686,0.008375770548592914,39
2025-07-22,rth,att_eff,-0.8296063354217447,0.7127621647519531,0.29376258084758555,39
2025-07-22,rth,def_eff,-0.7814175274668096,0.7446011639230576,0.29374128516028686,39
2025-07-22,rth,att_large,0.0,0.3011021346314384,0.06569060146285854,39
2025-07-22,rth,def_large,0.0,0.2614375,0.05916271947085575,39
2025-07-22,rth,balance,-0.08874143469461754,0.11050206018203601,0.021197130308578362,39
2025-07-22,rth,volume,0.25771464991204196,2.9959328052274876,0.45803599869981254,39
2025-07-23,rth,delta,-0.21071288014311274,0.21500268336314843,0.07884807886148179,39
2025-07-23,rth,def_cancel,0.3911765026148226,0.48210542262962064,0.01529984109677127,39
2025-07-23,rth,att_cancel,0.39141259318341637,0.4821306457157194,0.015301834874837805,39
2025-07-23,rth,def_refill,0.26021739130434784,0.6515217391304349,0.05097365196169569,39
2025-07-23,rth,att_refill,0.26196969696969696,0.63375,0.05043323410160767,39
2025-07-23,rth,def_hidden,0.0,0.027395348837209305,0.008232189288075191,39
2025-07-23,rth,att_eff,-0.8274060950505981,0.7105619243808063,0.2950962985011356,39
2025-07-23,rth,def_eff,-0.7814175274668096,0.7446011639230576,0.2945293070176871,39
2025-07-23,rth,att_large,0.0,0.306522958659173,0.06714692017037556,39
2025-07-23,rth,def_large,0.0,0.26682291666666663,0.06012621127864509,39
2025-07-23,rth,balance,-0.09109655874753309,0.11097308499261904,0.021294863860925693,39
2025-07-23,rth,volume,0.25771464991204196,3.0925757989445035,0.4982742123454324,39
2025-07-24,rth,delta,-0.2097668455575432,0.21405664877757902,0.07853382961461244,40
2025-07-24,rth,def_cancel,0.390920364811964,0.48184928482676204,0.015223835386635732,40
2025-07-24,rth,att_cancel,0.3906350098759966,0.4818714512799128,0.015262998113092136,40
2025-07-24,rth,def_refill,0.26168478260869565,0.6525000000000001,0.051033742500740165,40
2025-07-24,rth,att_refill,0.26344696969696973,0.6347348484848485,0.050261597815487585,40
2025-07-24,rth,def_hidden,0.0,0.028116279069767443,0.008243020346878373,40
2025-07-24,rth,att_eff,-0.8274060950505981,0.7105619243808063,0.2955927178690283,40
2025-07-24,rth,def_eff,-0.7814175274668096,0.7446011639230576,0.29533218428295466,40
2025-07-24,rth,att_large,0.0,0.3050445521061545,0.06694294676188287,40
2025-07-24,rth,def_large,0.0,0.26682291666666663,0.05972802952858559,40
2025-07-24,rth,balance,-0.08968348431578377,0.11474128347728396,0.021188824153958737,40
2025-07-24,rth,volume,0.25771464991204196,3.0925757989445035,0.4936385376375341,40
2025-07-25,rth,delta,-0.21260494931425167,0.2131106141920096,0.07816157803456414,41
2025-07-25,rth,def_cancel,0.38989581360052966,0.48159314702390343,0.015199903179239811,41
2025-07-25,rth,att_cancel,0.39037581544019,0.48161225684410625,0.015307720262746084,41
2025-07-25,rth,def_refill,0.2626630434782609,0.6588586956521739,0.05132347478867303,41
2025-07-25,rth,att_refill,0.26492424242424245,0.6426136363636364,0.05024518332935075,41
2025-07-25,rth,def_hidden,0.0,0.028116279069767443,0.008327331009884836,41
2025-07-25,rth,att_eff,-0.8296063354217447,0.7127621647519531,0.29482204509827226,41
2025-07-25,rth,def_eff,-0.7814175274668096,0.7446011639230576,0.29474576834187965,41
2025-07-25,rth,att_large,0.0,0.3070157608435125,0.06693191342614538,41
2025-07-25,rth,def_large,0.0,0.27269791666666665,0.059498004945767693,41
2025-07-25,rth,balance,-0.09062553393694994,0.11379923385611768,0.020957503678422827,41
2025-07-25,rth,volume,0.25771464991204196,3.060361467705498,0.4869721756852476,41
2025-07-28,rth,delta,-0.2144970184853906,0.21216457960643997,0.07771883807298675,39
2025-07-28,rth,def_cancel,0.3886151245862367,0.48159314702390343,0.015144396520790068,39
2025-07-28,rth,att_cancel,0.3880430655179308,0.48135306240829967,0.015242170668064957,39
2025-07-28,rth,def_refill,0.26510869565217393,0.6637500000000001,0.051290216861069444,39
2025-07-28,rth,att_refill,0.2678787878787879,0.6495075757575758,0.05002192954153966,39
2025-07-28,rth,def_hidden,0.0,0.029798449612403105,0.008328427595089725,39
2025-07-28,rth,att_eff,-0.8274060950505981,0.7149624051230994,0.29340089929594815,39
2025-07-28,rth,def_eff,-0.7857101257548262,0.7424548647790497,0.2926801607756814,39
2025-07-28,rth,att_large,0.0,0.307508563027852,0.06672496869520239,39
2025-07-28,rth,def_large,0.0,0.28151041666666665,0.05943139898547148,39
2025-07-28,rth,balance,-0.09062553393694994,0.11191513461378533,0.020874904713646534,39
2025-07-28,rth,volume,0.25771464991204196,3.028147136466493,0.4887402828047219,39
2025-07-29,rth,delta,-0.2144970184853906,0.21121854502087056,0.077626387340225,39
2025-07-29,rth,def_cancel,0.387846711177661,0.47954404460103484,0.015226684519393704,39
2025-07-29,rth,att_cancel,0.3875246766463176,0.47953870135765353,0.015331526378765305,39
2025-07-29,rth,def_refill,0.26706521739130434,0.6676630434782609,0.05168964917033161,39
2025-07-29,rth,att_refill,0.26984848484848484,0.6514772727272727,0.050247405473727136,39
2025-07-29,rth,def_hidden,0.0,0.030279069767441862,0.008366646234897183,39
2025-07-29,rth,att_eff,-0.8274060950505981,0.7127621647519531,0.2935806821666731,39
2025-07-29,rth,def_eff,-0.7814175274668096,0.7424548647790497,0.29221797972609126,39
2025-07-29,rth,att_large,0.0,0.308494167396531,0.06670082463388882,39
2025-07-29,rth,def_large,0.0,0.28346875,0.05974452366484808,39
2025-07-29,rth,balance,-0.09203860836869926,0.1128571842349515,0.020829470943220272,39
2025-07-29,rth,volume,0.25771464991204196,3.028147136466493,0.4949184629035098,39
2025-07-30,rth,delta,-0.21355098389982108,0.21121854502087056,0.07708088394142085,39
2025-07-30,rth,def_cancel,0.3875905733748024,0.4782633555867418,0.01518584100448709,39
2025-07-30,rth,att_cancel,0.38700628777470447,0.47824272917862065,0.015246140563019664,39
2025-07-30,rth,def_refill,0.2695108695652174,0.6730434782608696,0.05162542267514629,39
2025-07-30,rth,att_refill,0.27181818181818185,0.6544318181818182,0.05028011550210425,39
2025-07-30,rth,def_hidden,0.0,0.030038759689922482,0.008256327420878673,39
2025-07-30,rth,att_eff,-0.8296063354217447,0.7149624051230994,0.29475728490228664,39
2025-07-30,rth,def_eff,-0.783563826610818,0.7446011639230576,0.29310462645984336,39
2025-07-30,rth,att_large,0.0,0.307508563027852,0.0660467029787943,39
2025-07-30,rth,def_large,0.0,0.28346875,0.059011145594320455,39
2025-07-30,rth,balance,-0.09533578204278104,0.11238615942436836,0.02060900532132157,39
2025-07-30,rth,volume,0.25771464991204196,2.9959328052274876,0.49423443820133167,39
2025-07-31,rth,delta,-0.21355098389982108,0.21121854502087056,0.07770782089265506,40
2025-07-31,rth,def_cancel,0.38810284898051955,0.47800721778388333,0.015180682708216696,40
2025-07-31,rth,att_cancel,0.38726548221051105,0.4777243403070075,0.015284378570674568,40
2025-07-31,rth,def_refill,0.2714673913043478,0.6715760869565218,0.051544156082231715,40
2025-07-31,rth,att_refill,0.2728030303030303,0.6534469696969697,0.050314004249994215,40
2025-07-31,rth,def_hidden,0.0,0.029798449612403105,0.008201122752811233,40
2025-07-31,rth,att_eff,-0.8274060950505981,0.7105619243808063,0.296037335178562,40
2025-07-31,rth,def_eff,-0.774978630034785,0.7424548647790497,0.29416805398923657,40
2025-07-31,rth,att_large,0.0,0.3050445521061545,0.06573696991851959,40
2025-07-31,rth,def_large,0.0,0.28053124999999995,0.05917079313984311,40
2025-07-31,rth,balance,-0.09345168280044858,0.11615435790903328,0.021019500983857214,40
2025-07-31,rth,volume,0.25771464991204196,2.9637184739884823,0.48443764197374356,40
2025-08-01,rth,delta,-0.21260494931425167,0.21027251043530115,0.07777721704628734,41
2025-08-01,rth,def_cancel,0.38810284898051955,0.4774949421781661,0.015282153408535606,41
2025-08-01,rth,att_cancel,0.38700628777470447,0.4777243403070075,0.015521539690810033,41
2025-08-01,rth,def_refill,0.2739130434782609,0.6676630434782609,0.0515865427858024,41
2025-08-01,rth,att_refill,0.2747727272727273,0.6504924242424243,0.05061624355777335,41
2025-08-01,rth,def_hidden,0.0,0.028356589147286823,0.008088808524408237,41
2025-08-01,rth,att_eff,-0.8208053739371586,0.7061614436385133,0.29411710306541905,41
2025-08-01,rth,def_eff,-0.7642471343147437,0.7360159673470248,0.2922422066588833,41
2025-08-01,rth,att_large,0.0,0.2996237280784199,0.06532812333553005,41
2025-08-01,rth,def_large,0.0,0.27710416666666665,0.059469968728353355,41
2025-08-01,rth,balance,-0.09109655874753309,0.12698792855244467,0.02121371496511896,41
2025-08-01,rth,volume,0.25771464991204196,3.028147136466493,0.4981511524422864,41
2025-08-05,rth,delta,-0.21355098389982108,0.21121854502087056,0.07909353744793182,38
2025-08-05,rth,def_cancel,0.38630988436050945,0.4736528751352873,0.015607507333954575,38
2025-08-05,rth,att_cancel,0.38519192672405844,0.47383642376990887,0.015817464689863787,38
2025-08-05,rth,def_refill,0.2797826086956522,0.670108695652174,0.05280450752597969,38
2025-08-05,rth,att_refill,0.28363636363636363,0.651969696969697,0.05151849858968654,38
2025-08-05,rth,def_hidden,0.0,0.030759689922480623,0.00856122271563281,38
2025-08-05,rth,att_eff,-0.818605133566012,0.6973604821539272,0.29168191615532235,38
2025-08-05,rth,def_eff,-0.7535156385947024,0.7274307707709915,0.29011420206414673,38
2025-08-05,rth,att_large,0.0,0.30356614555313594,0.06658776015964327,38
2025-08-05,rth,def_large,0.0,0.27857291666666667,0.06029329513165083,38
2025-08-05,rth,balance,-0.09298065798986549,0.14206072249110402,0.021066689982618108,38
2025-08-05,rth,volume,0.25771464991204196,3.0925757989445035,0.5107941411564912,38
2025-08-06,rth,delta,-0.21355098389982108,0.20932647584973174,0.07848958698982988,38
2025-08-06,rth,def_cancel,0.3868221599662266,0.4739090129381459,0.015549991890453384,38
2025-08-06,rth,att_cancel,0.385451121159865,0.47383642376990887,0.015810283817289286,38
2025-08-06,rth,def_refill,0.28125,0.6710869565217392,0.05257065292169947,38
2025-08-06,rth,att_refill,0.28560606060606064,0.651969696969697,0.05117137377845771,38
2025-08-06,rth,def_hidden,0.0,0.03148062015503876,0.008702336315831546,38
2025-08-06,rth,att_eff,-0.818605133566012,0.6973604821539272,0.2905102820298231,38
2025-08-06,rth,def_eff,-0.7556619377387106,0.7231381724829751,0.28887129375239856,38
2025-08-06,rth,att_large,0.0,0.3006093324470989,0.0658375080524247,38
2025-08-06,rth,def_large,0.0,0.2751458333333333,0.059497139001283006,38
2025-08-06,rth,balance,-0.09345168280044858,0.14111867286993784,0.02079531049959481,38
2025-08-06,rth,volume,0.25771464991204196,3.0925757989445035,0.5064526309869364,38
2025-08-07,rth,delta,-0.21355098389982108,0.21027251043530115,0.07845066228449082,39
2025-08-07,rth,def_cancel,0.38656602216336805,0.4736528751352873,0.015539887885331179,39
2025-08-07,rth,att_cancel,0.38519192672405844,0.47383642376990887,0.015796001845417306,39
2025-08-07,rth,def_refill,0.2817391304347826,0.6696195652173914,0.05257611065726898,39
2025-08-07,rth,att_refill,0.2860984848484849,0.651969696969697,0.05119152496919765,39
2025-08-07,rth,def_hidden,0.0,0.03268217054263566,0.008769165198742091,39
2025-08-07,rth,att_eff,-0.818605133566012,0.6973604821539272,0.2902410503614752,39
2025-08-07,rth,def_eff,-0.7556619377387106,0.7231381724829751,0.28872911100692733,39
2025-08-07,rth,att_large,0.0,0.2996237280784199,0.06575535285041813,39
2025-08-07,rth,def_large,0.0,0.27416666666666667,0.05940076358286666,39
2025-08-07,rth,balance,-0.09298065798986549,0.14017662324877156,0.020722626033128633,39
2025-08-07,rth,volume,0.25771464991204196,3.0925757989445035,0.5037445229550437,39
2025-08-08,rth,delta,-0.21071288014311274,0.20932647584973174,0.07762579507861755,40
2025-08-08,rth,def_cancel,0.3873344355719438,0.4741651507410045,0.015349983729070501,40
2025-08-08,rth,att_cancel,0.38596951003147817,0.474354812641522,0.015612318849233317,40
2025-08-08,rth,def_refill,0.28222826086956526,0.6671739130434783,0.05202198456247165,40
2025-08-08,rth,att_refill,0.28708333333333336,0.6495075757575758,0.0506675688333768,40
2025-08-08,rth,def_hidden,0.0,0.0322015503875969,0.008667598211615573,40
2025-08-08,rth,att_eff,-0.8208053739371586,0.6973604821539272,0.28897233045658927,40
2025-08-08,rth,def_eff,-0.7556619377387106,0.7338696682030164,0.28766364221185065,40
2025-08-08,rth,att_large,0.0,0.29666691497238284,0.0650582242327907,40
2025-08-08,rth,def_large,0.0,0.27025,0.05835116300332332,40
2025-08-08,rth,balance,-0.09156758355811617,0.1444158465440195,0.020657324274900152,40
2025-08-08,rth,volume,0.25771464991204196,3.060361467705498,0.4937062732662415,40
2025-08-11,rth,delta,-0.21165891472868215,0.21121854502087056,0.0788065612967873,38
2025-08-11,rth,def_cancel,0.3860537465576509,0.4739090129381459,0.015670682235432196,38
2025-08-11,rth,att_cancel,0.38441434341663866,0.474354812641522,0.015882589132620317,38
2025-08-11,rth,def_refill,0.2807608695652174,0.6720652173913044,0.05303915644618146,38
2025-08-11,rth,att_refill,0.28560606060606064,0.6544318181818182,0.05157414927362729,38
2025-08-11,rth,def_hidden,0.0,0.03316279069767442,0.008801745755918853,38
2025-08-11,rth,att_eff,-0.8164048931948658,0.6841590399270485,0.2902045100190707,38
2025-08-11,rth,def_eff,-0.7470767411626775,0.7124066767629338,0.28899197615180683,38
2025-08-11,rth,att_large,0.0,0.30208773900011743,0.0658347949978948,38
2025-08-11,rth,def_large,0.0,0.27220833333333333,0.05951716784204087,38
2025-08-11,rth,balance,-0.0925096331792824,0.14724199540751814,0.020660532713420273,38
2025-08-11,rth,volume,0.2899289811510472,3.060361467705498,0.5104965341946026,38
2025-08-12,rth,delta,-0.21165891472868215,0.21121854502087056,0.07850666599082932,38
2025-08-12,rth,def_cancel,0.3857976087547923,0.4736528751352873,0.015667716923850338,38
2025-08-12,rth,att_cancel,0.3841551489808321,0.474354812641522,0.015883030963729724,38
2025-08-12,rth,def_refill,0.2817391304347826,0.6735326086956522,0.05313069104549911,38
2025-08-12,rth,att_refill,0.2865909090909091,0.6554166666666666,0.05158539708902042,38
2025-08-12,rth,def_hidden,0.0,0.03268217054263566,0.008813727708839076,38
2025-08-12,rth,att_eff,-0.8164048931948658,0.6841590399270485,0.2892439054357993,38
2025-08-12,rth,def_eff,-0.7470767411626775,0.7124066767629338,0.2878655466449478,38
2025-08-12,rth,att_large,0.0,0.3015949368157779,0.06557668052671971,38
2025-08-12,rth,def_large,0.0,0.26780208333333333,0.05885057669902567,38
2025-08-12,rth,balance,-0.09674885647453035,0.14582892097576883,0.020601810795150974,38
2025-08-12,rth,volume,0.2899289811510472,3.060361467705498,0.5056824061045521,38
2025-08-13,rth,delta,-0.21165891472868215,0.2083804412641621,0.0786441356224627,38
2025-08-13,rth,def_cancel,0.3852853331490751,0.4733967373324287,0.015840686888964336,38
2025-08-13,rth,att_cancel,0.38363676010921893,0.47409561820571544,0.01608409964288419,38
2025-08-13,rth,def_refill,0.28809782608695655,0.6754891304347826,0.053452953021053004,38
2025-08-13,rth,att_refill,0.2929924242424243,0.6573863636363637,0.052225731034109414,38
2025-08-13,rth,def_hidden,0.0,0.03316279069767442,0.008757689953977296,38
2025-08-13,rth,att_eff,-0.8164048931948658,0.6841590399270485,0.2906308361783338,38
2025-08-13,rth,def_eff,-0.7470767411626775,0.7124066767629338,0.28915298290887564,38
2025-08-13,rth,att_large,0.0,0.3011021346314384,0.06561634622410456,38
2025-08-13,rth,def_large,0.0,0.27025,0.059025332185397635,38
2025-08-13,rth,balance,-0.09816193090627967,0.1430027721122702,0.019992049187264698,38
2025-08-13,rth,volume,0.2899289811510472,3.0925757989445035,0.5147140312060411,38
2025-08-14,rth,delta,-0.21165891472868215,0.2074344066785927,0.07847011719050864,39
2025-08-14,rth,def_cancel,0.3855414709519337,0.4739090129381459,0.015821763941159202,39
2025-08-14,rth,att_cancel,0.38363676010921893,0.474354812641522,0.0160545817862102,39
2025-08-14,rth,def_refill,0.28858695652173916,0.6764673913043479,0.05348099235077807,39
2025-08-14,rth,att_refill,0.29397727272727275,0.6573863636363637,0.05220250460546642,39
2025-08-14,rth,def_hidden,0.0,0.03316279069767442,0.00874567505154843,39
2025-08-14,rth,att_eff,-0.818605133566012,0.6885595206693416,0.29072023026193733,39
2025-08-14,rth,def_eff,-0.7470767411626775,0.7188455741949586,0.2893739359466014,39
2025-08-14,rth,att_large,0.0,0.2996237280784199,0.06539441982005954,39
2025-08-14,rth,def_large,0.0,0.2692708333333333,0.05884216261025423,39
2025-08-14,rth,balance,-0.09769090609569653,0.14206072249110402,0.019907124311705708,39
2025-08-14,rth,volume,0.2899289811510472,3.060361467705498,0.5109066107108504,39
2025-08-15,rth,delta,-0.21165891472868215,0.20932647584973174,0.0791575904557871,40
2025-08-15,rth,def_cancel,0.38477305754335794,0.4736528751352873,0.01596104956056181,40
2025-08-15,rth,att_cancel,0.38337756567341236,0.474354812641522,0.016218569049276838,40
2025-08-15,rth,def_refill,0.28858695652173916,0.6764673913043479,0.05428193682295555,40
2025-08-15,rth,att_refill,0.29397727272727275,0.6573863636363637,0.0527997245710746,40
2025-08-15,rth,def_hidden,0.0,0.03316279069767442,0.008726036947656137,40
2025-08-15,rth,att_eff,-0.8164048931948658,0.6863592802981948,0.2912222466388626,40
2025-08-15,rth,def_eff,-0.7470767411626775,0.7166992750509507,0.29003875406017365,40
2025-08-15,rth,att_large,0.0,0.3015949368157779,0.06635715385342751,40
2025-08-15,rth,def_large,0.0,0.2692708333333333,0.0593260297159246,40
2025-08-15,rth,balance,-0.09721988128511344,0.14158969768052088,0.019882232751478768,40
2025-08-15,rth,volume,0.2899289811510472,3.0925757989445035,0.5273793009408982,40
2025-08-18,rth,delta,-0.21260494931425167,0.21121854502087056,0.08034628258736343,38
2025-08-18,rth,def_cancel,0.383492368529065,0.4739090129381459,0.016338364144334313,38
2025-08-18,rth,att_cancel,0.382340787930186,0.47487320151313517,0.016493639820289337,38
2025-08-18,rth,def_refill,0.2969021739130435,0.6828260869565218,0.055678000516199214,38
2025-08-18,rth,att_refill,0.3028409090909091,0.6623106060606061,0.05411562160281629,38
2025-08-18,rth,def_hidden,0.0,0.034124031007751944,0.008920377146033215,38
2025-08-18,rth,att_eff,-0.8120044124525727,0.6841590399270485,0.2916833442584047,38
2025-08-18,rth,def_eff,-0.7470767411626775,0.7124066767629338,0.29043924496322565,38
2025-08-18,rth,att_large,0.0,0.3015949368157779,0.06714800177641436,38
2025-08-18,rth,def_large,0.0,0.27220833333333333,0.05997005558079461,38
2025-08-18,rth,balance,-0.09674885647453035,0.1467709705969351,0.019660980386074837,38
2025-08-18,rth,volume,0.2899289811510472,3.157004461422514,0.546702585658961,38
2025-08-19,rth,delta,-0.21165891472868215,0.21121854502087056,0.08025405889983114,39
2025-08-19,rth,def_cancel,0.383492368529065,0.4739090129381459,0.016342635546553765,39
2025-08-19,rth,att_cancel,0.382340787930186,0.47513239594894174,0.016512507011707145,39
2025-08-19,rth,def_refill,0.2969021739130435,0.6823369565217392,0.05569800660376224,39
2025-08-19,rth,att_refill,0.3028409090909091,0.6623106060606061,0.05417210090276671,39
2025-08-19,rth,def_hidden,0.0,0.034124031007751944,0.008898388840665511,39
2025-08-19,rth,att_eff,-0.8120044124525727,0.6841590399270485,0.2915488907794968,39
2025-08-19,rth,def_eff,-0.7470767411626775,0.7124066767629338,0.2902960076252977,39
2025-08-19,rth,att_large,0.0,0.3015949368157779,0.06712869889467807,39
2025-08-19,rth,def_large,0.0,0.27220833333333333,0.06015332218843,39
2025-08-19,rth,balance,-0.09674885647453035,0.14724199540751814,0.01968559190700903,39
2025-08-19,rth,volume,0.2899289811510472,3.124790130183509,0.5458283539711213,39
2025-08-20,rth,delta,-0.21260494931425167,0.21027251043530115,0.07990703965506016,39
2025-08-20,rth,def_cancel,0.383492368529065,0.4746774263467216,0.016421138724941692,39
2025-08-20,rth,att_cancel,0.382340787930186,0.4756507848205549,0.01656188570364384,39
2025-08-20,rth,def_refill,0.3027717391304348,0.6828260869565218,0.05584323109617498,39
2025-08-20,rth,att_refill,0.3072727272727273,0.6632954545454546,0.05426106971428076,39
2025-08-20,rth,def_hidden,0.0,0.03292248062015504,0.008809831031859365,39
2025-08-20,rth,att_eff,-0.8164048931948658,0.6841590399270485,0.29194470255719385,39
2025-08-20,rth,def_eff,-0.7470767411626775,0.7145529759069422,0.2903698598767767,39
2025-08-20,rth,att_large,0.0,0.3011021346314384,0.06654529945079048,39
2025-08-20,rth,def_large,0.0,0.27220833333333333,0.05992821526389478,39
2025-08-20,rth,balance,-0.09674885647453035,0.1467709705969351,0.019359986437283355,39
2025-08-20,rth,volume,0.2899289811510472,3.1892187926615194,0.5478515786563873,39
2025-08-21,rth,delta,-0.21165891472868215,0.20932647584973174,0.0790480255318046,40
2025-08-21,rth,def_cancel,0.38451691974049934,0.4754458397552974,0.016310143351316347,40
2025-08-21,rth,att_cancel,0.3831183712376057,0.4764283681279746,0.01655186421463765,40
2025-08-21,rth,def_refill,0.30375,0.6779347826086957,0.055524983357180493,40
2025-08-21,rth,att_refill,0.30875,0.6598484848484849,0.0538179305196586,40
2025-08-21,rth,def_hidden,0.0,0.031000000000000003,0.008530941252691453,40
2025-08-21,rth,att_eff,-0.8054036913391331,0.6753580784424624,0.29026438512248265,40
2025-08-21,rth,def_eff,-0.7449304420186693,0.7059677793309094,0.2892823958270892,40
2025-08-21,rth,att_large,0.0,0.2991309258940804,0.06629117439390698,40
2025-08-21,rth,def_large,0.0,0.2707395833333333,0.05958259065634161,40
2025-08-21,rth,balance,-0.09345168280044858,0.14347379692285334,0.019334034227971114,40
2025-08-21,rth,volume,0.2899289811510472,3.0925757989445035,0.5282284594961516,40
2025-08-22,rth,delta,-0.2097668455575432,0.2074344066785927,0.0778007811273108,41
2025-08-22,rth,def_cancel,0.3857976087547923,0.4762142531638732,0.016016222510527603,41
2025-08-22,rth,att_cancel,0.3841551489808321,0.4769467569995878,0.016361934627784784,41
2025-08-22,rth,def_refill,0.30570652173913043,0.6754891304347826,0.05474115166265569,41
2025-08-22,rth,att_refill,0.310719696969697,0.6568939393939395,0.0530331301944241,41
2025-08-22,rth,def_hidden,0.0,0.030279069767441862,0.008391726969806895,41
2025-08-22,rth,att_eff,-0.7988029702256936,0.6709575977001694,0.2875616151503761,41
2025-08-22,rth,def_eff,-0.7427841428746611,0.7059677793309094,0.28626431228936305,41
2025-08-22,rth,att_large,0.0,0.2986381237097409,0.06552600127531151,41
2025-08-22,rth,def_large,0.0,0.26584375,0.05847317647918423,41
2025-08-22,rth,balance,-0.09156758355811617,0.17361938480017203,0.01912802718568661,41
2025-08-22,rth,volume,0.2899289811510472,3.060361467705498,0.5151157167959892,41
2025-08-25,rth,delta,-0.2097668455575432,0.2064883720930233,0.0767464701105117,39
2025-08-25,rth,def_cancel,0.38630988436050945,0.4764703909667317,0.01586192634097434,39
2025-08-25,rth,att_cancel,0.38493273228825187,0.4774651458712009,0.016281202697299678,39
2025-08-25,rth,def_refill,0.3194021739130435,0.6735326086956522,0.05460209475127924,39
2025-08-25,rth,att_refill,0.3225378787878788,0.6564015151515152,0.05276891853603406,39
2025-08-25,rth,def_hidden,0.0,0.030279069767441862,0.008375443835634528,39
2025-08-25,rth,att_eff,-0.8054036913391331,0.6709575977001694,0.2840969235016584,39
2025-08-25,rth,def_eff,-0.7406378437306529,0.7059677793309094,0.28304383052951815,39
2025-08-25,rth,att_large,0.0,0.29617411278804334,0.06483974267494168,39
2025-08-25,rth,def_large,0.0,0.26290625,0.05778821429052689,39
2025-08-25,rth,balance,-0.09062553393694994,0.18115578176950176,0.018808491072891034,39
2025-08-25,rth,volume,0.2899289811510472,2.9959328052274876,0.5173614531624748,39
2025-08-27,rth,delta,-0.20692874180083487,0.20554233750745388,0.07519729197434642,38
2025-08-27,rth,def_cancel,0.38810284898051955,0.4764703909667317,0.015496598386403656,38
2025-08-27,rth,att_cancel,0.38622870446728474,0.4777243403070075,0.01600876104348683,38
2025-08-27,rth,def_refill,0.3189130434782609,0.6720652173913044,0.05336537664406693,38
2025-08-27,rth,att_refill,0.3225378787878788,0.6544318181818182,0.051320311479251854,38
2025-08-27,rth,def_hidden,0.0,0.030038759689922482,0.008361369053486362,38
2025-08-27,rth,att_eff,-0.8076039317102797,0.6709575977001694,0.2824941232944413,38
2025-08-27,rth,def_eff,-0.7406378437306529,0.7059677793309094,0.2821072371092795,38
2025-08-27,rth,att_large,0.0,0.29075328876030876,0.06378171357269576,38
2025-08-27,rth,def_large,0.0,0.25458333333333333,0.0560521367009488,38
2025-08-27,rth,balance,-0.08544426102053582,0.18256885620125107,0.018586063485688663,38
2025-08-27,rth,volume,0.2899289811510472,2.899289811510472,0.4584156589689239,38
2025-08-28,rth,delta,-0.20598270721526535,0.20554233750745388,0.07481306842809621,39
2025-08-28,rth,def_cancel,0.3886151245862367,0.4764703909667317,0.015375987261704353,39
2025-08-28,rth,att_cancel,0.3864878989030913,0.4774651458712009,0.015896424096566573,39
2025-08-28,rth,def_refill,0.3198913043478261,0.6759782608695653,0.053098592313097145,39
2025-08-28,rth,att_refill,0.3235227272727273,0.6608333333333334,0.05106808442359057,39
2025-08-28,rth,def_hidden,0.0,0.030519379844961243,0.0083357805303011,39
2025-08-28,rth,att_eff,-0.8120044124525727,0.6753580784424624,0.28286246758447375,39
2025-08-28,rth,def_eff,-0.7427841428746611,0.7059677793309094,0.28238413728038925,39
2025-08-28,rth,att_large,0.0,0.29371010186634583,0.06338033068097401,39
2025-08-28,rth,def_large,0.0,0.2531145833333333,0.05565206058086051,39
2025-08-28,rth,balance,-0.08638631064170205,0.1806847569589186,0.018451591723010714,39
2025-08-28,rth,volume,0.25771464991204196,2.899289811510472,0.45401234828911263,39
2025-08-29,rth,delta,-0.20598270721526535,0.2064883720930233,0.07598593767676544,40
2025-08-29,rth,def_cancel,0.3888712623890953,0.4774949421781661,0.015509250211241598,40
2025-08-29,rth,att_cancel,0.38726548221051105,0.4785019236144272,0.016007544498476398,40
2025-08-29,rth,def_refill,0.3184239130434783,0.6735326086956522,0.05355916788363756,40
2025-08-29,rth,att_refill,0.3220454545454546,0.6588636363636364,0.052064616740071276,40
2025-08-29,rth,def_hidden,0.0,0.029558139534883725,0.008277481747480013,40
2025-08-29,rth,att_eff,-0.8054036913391331,0.6753580784424624,0.2859048291898539,40
2025-08-29,rth,def_eff,-0.7406378437306529,0.7059677793309094,0.285243787247751,40
2025-08-29,rth,att_large,0.0,0.2927244974976668,0.06339396590379004,40
2025-08-29,rth,def_large,0.0,0.2531145833333333,0.05688157945081547,40
2025-08-29,rth,balance,-0.09156758355811617,0.1769165584742538,0.019888763906544572,40
2025-08-29,rth,volume,0.25771464991204196,2.9637184739884823,0.45301025651585386,40
2025-09-01,rth,delta,-0.20503667262969594,0.20365026833631483,0.07482190782320552,39
2025-09-01,rth,def_cancel,0.3901519514033882,0.47800721778388333,0.015201926634094618,39
2025-09-01,rth,att_cancel,0.3885614543895439,0.47927950692184695,0.01575898599310813,39
2025-09-01,rth,def_refill,0.3194021739130435,0.672554347826087,0.052711609779098924,39
2025-09-01,rth,att_refill,0.32155303030303034,0.6583712121212122,0.05105198014131488,39
2025-09-01,rth,def_hidden,0.0,0.028837209302325584,0.008060005819314963,39
2025-09-01,rth,att_eff,-0.8076039317102797,0.6797585591847555,0.28378649645247667,39
2025-09-01,rth,def_eff,-0.7449304420186693,0.7124066767629338,0.2834704121480872,39
2025-09-01,rth,att_large,0.0,0.28582526691691373,0.061959637338058156,39
2025-09-01,rth,def_large,0.0,0.25066666666666665,0.055741000712607514,39
2025-09-01,rth,balance,-0.09062553393694994,0.17644553366367066,0.01963420591711063,39
2025-09-01,rth,volume,0.25771464991204196,2.867075480271467,0.4516338250538306,39
2025-09-02,rth,delta,-0.203144603458557,0.20932647584973174,0.07438030483706304,39
2025-09-02,rth,def_cancel,0.3906642270091054,0.47800721778388333,0.015116111735338592,39
2025-09-02,rth,att_cancel,0.3890798432611571,0.47927950692184695,0.015676516463117202,39
2025-09-02,rth,def_refill,0.3194021739130435,0.6710869565217392,0.052422176288708364,39
2025-09-02,rth,att_refill,0.3220454545454546,0.6623106060606061,0.05072176366510921,39
2025-09-02,rth,def_hidden,0.0,0.033883720930232564,0.008004111685600506,39
2025-09-02,rth,att_eff,-0.8076039317102797,0.6885595206693416,0.2826834848163502,39
2025-09-02,rth,def_eff,-0.7513693394506942,0.7145529759069422,0.2829567778135374,39
2025-09-02,rth,att_large,0.0,0.28089724507351865,0.061599903471871845,39
2025-09-02,rth,def_large,0.0,0.24772916666666664,0.05536837856915828,39
2025-09-02,rth,balance,-0.08921245950520068,0.1755034840425045,0.019549887754363355,39
2025-09-02,rth,volume,0.22550031867303671,2.867075480271467,0.4493548903308805,39
2025-09-03,rth,delta,-0.20409063804412642,0.2074344066785927,0.07387549940192349,40
2025-09-03,rth,def_cancel,0.39143264041768117,0.4785194933896004,0.015022872779196325,40
2025-09-03,rth,att_cancel,0.38985742656857686,0.47953870135765353,0.01556429348854384,40
2025-09-03,rth,def_refill,0.32086956521739135,0.6696195652173914,0.05219616510021609,40
2025-09-03,rth,att_refill,0.3225378787878788,0.6613257575757576,0.05063261813168353,40
2025-09-03,rth,def_hidden,0.0,0.03316279069767442,0.007932949800473916,40
2025-09-03,rth,att_eff,-0.8076039317102797,0.6885595206693416,0.2817735634072214,40
2025-09-03,rth,def_eff,-0.7513693394506942,0.7124066767629338,0.28173642454997416,40
2025-09-03,rth,att_large,0.0,0.27744762978314214,0.06082562095989054,40
2025-09-03,rth,def_large,0.0,0.24479166666666666,0.05482143183690174,40
2025-09-03,rth,balance,-0.09203860836869926,0.17267733517900585,0.019430060784875018,40
2025-09-03,rth,volume,0.22550031867303671,2.8026468177934563,0.44087900378848743,40
2025-09-04,rth,delta,-0.20503667262969594,0.2074344066785927,0.0739048784038755,41
2025-09-04,rth,def_cancel,0.3919449160233983,0.47877563119245903,0.015031365827003814,41
2025-09-04,rth,att_cancel,0.39037581544019,0.4800570902292668,0.015480648489627595,41
2025-09-04,rth,def_refill,0.32086956521739135,0.6686413043478261,0.05218690036863488,41
2025-09-04,rth,att_refill,0.3225378787878788,0.6603409090909091,0.0506278130810343,41
2025-09-04,rth,def_hidden,0.0,0.03316279069767442,0.007894461664495934,41
2025-09-04,rth,att_eff,-0.8054036913391331,0.6885595206693416,0.2805341963329959,41
2025-09-04,rth,def_eff,-0.749223040306686,0.7102603776189258,0.28065264689575325,41
2025-09-04,rth,att_large,0.0,0.2759692232301236,0.06057998747713499,41
2025-09-04,rth,def_large,0.0,0.2438125,0.05470655454854277,41
2025-09-04,rth,balance,-0.09674885647453035,0.17880065771658626,0.01940415945753005,41
2025-09-04,rth,volume,0.22550031867303671,2.8026468177934563,0.4357085816438765,41
2025-09-05,rth,delta,-0.20503667262969594,0.2064883720930233,0.07403196397243432,42
2025-09-05,rth,def_cancel,0.3919449160233983,0.47877563119245903,0.015048765327552085,42
2025-09-05,rth,att_cancel,0.39037581544019,0.4797978957934601,0.015491383953814004,42
2025-09-05,rth,def_refill,0.32086956521739135,0.6686413043478261,0.052220226966857936,42
2025-09-05,rth,att_refill,0.3225378787878788,0.6603409090909091,0.05068798524716761,42
2025-09-05,rth,def_hidden,0.0,0.03292248062015504,0.007882494730860723,42
2025-09-05,rth,att_eff,-0.8010032105968401,0.6863592802981948,0.2803432502976469,42
2025-09-05,rth,def_eff,-0.749223040306686,0.7081140784749174,0.2804843422063964,42
2025-09-05,rth,att_large,0.0,0.27547642104578407,0.06052762592450427,42
2025-09-05,rth,def_large,0.0,0.2443020833333333,0.0549384167131467,42
2025-09-05,rth,balance,-0.09721988128511344,0.17832963290600312,0.019553440918151557,42
2025-09-05,rth,volume,0.22550031867303671,2.8026468177934563,0.4349483618552193,42
2025-09-08,rth,delta,-0.20125253428741807,0.20554233750745388,0.07199234323293267,40
2025-09-08,rth,def_cancel,0.3937378806434084,0.47954404460103484,0.014748146240616588,40
2025-09-08,rth,att_cancel,0.39244937092664267,0.4810938679724931,0.015072167703817925,40
2025-09-08,rth,def_refill,0.3184239130434783,0.6627717391304349,0.05096711384642027,40
2025-09-08,rth,att_refill,0.3220454545454546,0.655909090909091,0.04918429578786729,40
2025-09-08,rth,def_hidden,0.0,0.031000000000000003,0.0075303912657941315,40
2025-09-08,rth,att_eff,-0.7944024894834005,0.6841590399270485,0.2745711248345952,40
2025-09-08,rth,def_eff,-0.7513693394506942,0.7059677793309094,0.275301511016022,40
2025-09-08,rth,att_large,0.0,0.27005559701804954,0.05841207271157368,40
2025-09-08,rth,def_large,0.0,0.23744791666666665,0.05243629387953854,40
2025-09-08,rth,balance,-0.09863295571686276,0.17974270733775244,0.020253682983960037,40
2025-09-08,rth,volume,0.22550031867303671,2.7382181553154457,0.376535418008741,40
2025-09-09,rth,delta,-0.20030649970184855,0.20459630292188424,0.07183974587206536,40
2025-09-09,rth,def_cancel,0.3942501562491256,0.47954404460103484,0.014705522423892182,40
2025-09-09,rth,att_cancel,0.39244937092664267,0.4810938679724931,0.01505521697743639,40
2025-09-09,rth,def_refill,0.3184239130434783,0.6617934782608696,0.05093995387751543,40
2025-09-09,rth,att_refill,0.3225378787878788,0.6564015151515152,0.04908941906283295,40
2025-09-09,rth,def_hidden,0.0,0.030519379844961243,0.0074824013567415075,40
2025-09-09,rth,att_eff,-0.7944024894834005,0.6819587995559018,0.27424628074108265,40
2025-09-09,rth,def_eff,-0.7513693394506942,0.7059677793309094,0.27504766159924043,40
2025-09-09,rth,att_large,0.0,0.2680843882806915,0.05837979721684937,40
2025-09-09,rth,def_large,0.0,0.235,0.05205659981932292,40
2025-09-09,rth,balance,-0.09910398052744585,0.1792716825271693,0.020224620631216033,40
2025-09-09,rth,volume,0.22550031867303671,2.7382181553154457,0.37564987567097763,40
2025-09-10,rth,delta,-0.20030649970184855,0.20554233750745388,0.07270021460945594,40
2025-09-10,rth,def_cancel,0.393994018446267,0.47980018240389344,0.014866562168531274,40
2025-09-10,rth,att_cancel,0.3919309820550295,0.4810938679724931,0.015221949846080622,40
2025-09-10,rth,def_refill,0.3174456521739131,0.6598369565217392,0.051362154831268526,40
2025-09-10,rth,att_refill,0.32155303030303034,0.655909090909091,0.04949021622814017,40
2025-09-10,rth,def_hidden,0.0,0.030279069767441862,0.0075241315777719074,40
2025-09-10,rth,att_eff,-0.7944024894834005,0.6819587995559018,0.27570902082646415,40
2025-09-10,rth,def_eff,-0.7513693394506942,0.7059677793309094,0.276334792009008,40
2025-09-10,rth,att_large,0.0,0.26660598172767297,0.059037604070294125,40
2025-09-10,rth,def_large,0.0,0.235,0.05262528983716664,40
2025-09-10,rth,balance,-0.10004603014861208,0.1816268065800849,0.020357120013575293,40
2025-09-10,rth,volume,0.22550031867303671,2.770432486554451,0.3816007855611876,40
2025-09-12,rth,delta,-0.20030649970184855,0.20554233750745388,0.07266709305642377,41
2025-09-12,rth,def_cancel,0.3942501562491256,0.47980018240389344,0.014852607178392294,41
2025-09-12,rth,att_cancel,0.3919309820550295,0.4810938679724931,0.01518243821844757,41
2025-09-12,rth,def_refill,0.3179347826086957,0.6603260869565218,0.0513657810942548,41
2025-09-12,rth,att_refill,0.3220454545454546,0.655909090909091,0.04963386946308962,41
2025-09-12,rth,def_hidden,0.0,0.030038759689922482,0.007483292085487572,41
2025-09-12,rth,att_eff,-0.7944024894834005,0.6819587995559018,0.27459863994061595,41
2025-09-12,rth,def_eff,-0.749223040306686,0.7059677793309094,0.27519988138742874,41
2025-09-12,rth,att_large,0.0,0.26611317954333347,0.058888401144686686,41
2025-09-12,rth,def_large,0.0,0.2354895833333333,0.052912711791064014,41
2025-09-12,rth,balance,-0.09957500533802899,0.18021373214833558,0.02028515432226357,41
2025-09-12,rth,volume,0.25771464991204196,2.7382181553154457,0.3781436002222019,41
2025-09-15,rth,delta,-0.20030649970184855,0.2064883720930233,0.07204615336332987,39
2025-09-15,rth,def_cancel,0.3952747074605599,0.48005632020675193,0.014597024807950753,39
2025-09-15,rth,att_cancel,0.3919309820550295,0.48135306240829967,0.015075577757963247,39
2025-09-15,rth,def_refill,0.32233695652173916,0.6583695652173913,0.051779498935055,39
2025-09-15,rth,att_refill,0.3274621212121212,0.6568939393939395,0.05016204025161414,39
2025-09-15,rth,def_hidden,0.0,0.031000000000000003,0.007470600788130301,39
2025-09-15,rth,att_eff,-0.7878017683699612,0.6775583188136087,0.27448899086413264,39
2025-09-15,rth,def_eff,-0.7513693394506942,0.6952362836108681,0.2752108873731495,39
2025-09-15,rth,att_large,0.0,0.2626635642529569,0.058252631117307725,39
2025-09-15,rth,def_large,0.0,0.23304166666666665,0.05220195535410746,39
2025-09-15,rth,balance,-0.10475627825444311,0.1877501291176652,0.020505418310715454,39
2025-09-15,rth,volume,0.25771464991204196,2.6737894928374355,0.3817211159062843,39
2025-09-16,rth,delta,-0.20030649970184855,0.2074344066785927,0.07141705947298374,39
2025-09-16,rth,def_cancel,0.39578698306627713,0.48031245800961053,0.014433079824996208,39
2025-09-16,rth,att_cancel,0.3921901764908361,0.48161225684410625,0.01490804660739222,39
2025-09-16,rth,def_refill,0.32233695652173916,0.6608152173913044,0.05136814636838714,39
2025-09-16,rth,att_refill,0.3279545454545455,0.6583712121212122,0.049737008164759844,39
2025-09-16,rth,def_hidden,0.0,0.030279069767441862,0.007396777966150481,39
2025-09-16,rth,att_eff,-0.7944024894834005,0.6819587995559018,0.27136679499412025,39
2025-09-16,rth,def_eff,-0.7535156385947024,0.7059677793309094,0.27276226673174514,39
2025-09-16,rth,att_large,0.0,0.26463477299031496,0.0580056224745677,39
2025-09-16,rth,def_large,0.0,0.2310833333333333,0.05157216594302999,39
2025-09-16,rth,balance,-0.10664037749677557,0.18586602987533285,0.02040891409646464,39
2025-09-16,rth,volume,0.25771464991204196,2.64157516159843,0.3766509913175836,39
2025-09-17,rth,delta,-0.20219856887298748,0.20554233750745388,0.07127446817543466,39
2025-09-17,rth,def_cancel,0.39578698306627713,0.48031245800961053,0.014414104319563671,39
2025-09-17,rth,att_cancel,0.3921901764908361,0.48135306240829967,0.01487850326244594,39
2025-09-17,rth,def_refill,0.32282608695652176,0.6642391304347827,0.05122066649648725,39
2025-09-17,rth,att_refill,0.32844696969696974,0.6603409090909091,0.04980874466835486,39
2025-09-17,rth,def_hidden,0.0,0.029798449612403105,0.007354559519320526,39
2025-09-17,rth,att_eff,-0.796602729854547,0.6885595206693416,0.2717884169809237,39
2025-09-17,rth,def_eff,-0.7513693394506942,0.7124066767629338,0.2730170999260799,39
2025-09-17,rth,att_large,0.0,0.2616779598842779,0.05747564641345423,39
2025-09-17,rth,def_large,0.0,0.235,0.05171881674851751,39
2025-09-17,rth,balance,-0.10522730306502626,0.18492398025416656,0.020393372336119,39
2025-09-17,rth,volume,0.22550031867303671,2.64157516159843,0.37574876706549,39
2025-09-18,rth,delta,-0.20125253428741807,0.2074344066785927,0.07159461619353004,40
2025-09-18,rth,def_cancel,0.39578698306627713,0.48056859581246913,0.014537828632614993,40
2025-09-18,rth,att_cancel,0.3921901764908361,0.4821306457157194,0.014983621626079168,40
2025-09-18,rth,def_refill,0.32038043478260875,0.6637500000000001,0.05125141310640077,40
2025-09-18,rth,att_refill,0.32549242424242425,0.6608333333333334,0.05004382212429208,40
2025-09-18,rth,def_hidden,0.0,0.030759689922480623,0.00769393814681549,40
2025-09-18,rth,att_eff,-0.7944024894834005,0.6841590399270485,0.2718619414524291,40
2025-09-18,rth,def_eff,-0.7513693394506942,0.7124066767629338,0.27293256399354043,40
2025-09-18,rth,att_large,0.0,0.2626635642529569,0.05793525968480999,40
2025-09-18,rth,def_large,0.0,0.23646874999999998,0.05242078917507485,40
2025-09-18,rth,balance,-0.10616935268619243,0.18303988101183422,0.02045634497780348,40
2025-09-18,rth,volume,0.25771464991204196,2.6737894928374355,0.3950689473116766,40
2025-09-19,rth,delta,-0.203144603458557,0.2074344066785927,0.07206346076833138,41
2025-09-19,rth,def_cancel,0.39604312086913573,0.48108087141818634,0.014603544786652451,41
2025-09-19,rth,att_cancel,0.3919309820550295,0.482389840151526,0.015104003197602158,41
2025-09-19,rth,def_refill,0.3189130434782609,0.6617934782608696,0.0515318929858471,41
2025-09-19,rth,att_refill,0.3245075757575758,0.6593560606060607,0.05018015696567169,41
2025-09-19,rth,def_hidden,0.0,0.030038759689922482,0.007718339235600571,41
2025-09-19,rth,att_eff,-0.796602729854547,0.6907597610404879,0.27287948671290163,41
2025-09-19,rth,def_eff,-0.7578082368827188,0.7102603776189258,0.2742609457507703,41
2025-09-19,rth,att_large,0.0,0.26364916862163595,0.05796404137843231,41
2025-09-19,rth,def_large,0.0,0.23597916666666666,0.052564474200026017,41
2025-09-19,rth,balance,-0.10805345192852489,0.18021373214833558,0.020389585803483264,41
2025-09-19,rth,volume,0.25771464991204196,2.6737894928374355,0.38952768404221544,41
2025-09-22,rth,delta,-0.20219856887298748,0.20554233750745388,0.07163605522000606,39
2025-09-22,rth,def_cancel,0.39809222329200444,0.48133700922104494,0.014391141469747206,39
2025-09-22,rth,att_cancel,0.3945229264130953,0.48264903458733255,0.014956420067842606,39
2025-09-22,rth,def_refill,0.3179347826086957,0.6573913043478261,0.05086956231859251,39
2025-09-22,rth,att_refill,0.3235227272727273,0.6564015151515152,0.04975183592471947,39
2025-09-22,rth,def_hidden,0.0,0.029558139534883725,0.007589402104238509,39
2025-09-22,rth,att_eff,-0.7944024894834005,0.6885595206693416,0.27057989533395355,39
2025-09-22,rth,def_eff,-0.7513693394506942,0.7059677793309094,0.27183527576369254,39
2025-09-22,rth,att_large,0.0,0.25773554240956187,0.05716257160283889,39
2025-09-22,rth,def_large,0.0,0.23010416666666664,0.052517416730042545,39
2025-09-22,rth,balance,-0.1099375511708573,0.18115578176950176,0.020482274209170932,39
2025-09-22,rth,volume,0.25771464991204196,2.6737894928374355,0.32465782774909685,39
2025-09-23,rth,delta,-0.20030649970184855,0.2064883720930233,0.07172088465230056,39
2025-09-23,rth,def_cancel,0.39911677450343874,0.48159314702390343,0.014386694847799676,39
2025-09-23,rth,att_cancel,0.3950413152847084,0.4829082290231391,0.014908458921351474,39
2025-09-23,rth,def_refill,0.3179347826086957,0.6534782608695653,0.0506516508992143,39
2025-09-23,rth,att_refill,0.3225378787878788,0.6534469696969697,0.04976608700319125,39
2025-09-23,rth,def_hidden,0.0,0.029558139534883725,0.007484982692526911,39
2025-09-23,rth,att_eff,-0.7900020087411077,0.6841590399270485,0.2709082889705762,39
2025-09-23,rth,def_eff,-0.7535156385947024,0.6973825827548761,0.2718986717202081,39
2025-09-23,rth,att_large,0.0,0.2528075205661668,0.05683295914707601,39
2025-09-23,rth,def_large,0.0,0.22569791666666664,0.05244197662491498,39
2025-09-23,rth,balance,-0.11276370003435593,0.18303988101183422,0.020640963194123608,39
2025-09-23,rth,volume,0.22550031867303671,2.6737894928374355,0.32661781336752804,39
2025-09-24,rth,delta,-0.19936046511627914,0.2083804412641621,0.07242140620842902,39
2025-09-24,rth,def_cancel,0.4001413257148731,0.48159314702390343,0.014467160463097048,39
2025-09-24,rth,att_cancel,0.39659648189954794,0.4829082290231391,0.015036011446146512,39
2025-09-24,rth,def_refill,0.31646739130434787,0.6510326086956523,0.05090351591838072,39
2025-09-24,rth,att_refill,0.3220454545454546,0.6475378787878788,0.049928905714535766,39
2025-09-24,rth,def_hidden,0.0,0.028596899224806203,0.007690003604422306,39
2025-09-24,rth,att_eff,-0.7922022491122542,0.6819587995559018,0.2717734522147864,39
2025-09-24,rth,def_eff,-0.7513693394506942,0.6995288818988845,0.2729105831438301,39
2025-09-24,rth,att_large,0.0,0.2513291140131483,0.05762593324636397,39
2025-09-24,rth,def_large,0.0,0.22080208333333332,0.05244323619465893,39
2025-09-24,rth,balance,-0.11276370003435593,0.18256885620125107,0.020758690589134935,39
2025-09-24,rth,volume,0.25771464991204196,2.6737894928374355,0.32646977455083,39
2025-09-25,rth,delta,-0.20125253428741807,0.21027251043530115,0.07261593637929542,40
2025-09-25,rth,def_cancel,0.39988518791201455,0.48159314702390343,0.014473950964862889,40
2025-09-25,rth,att_cancel,0.39633728746374136,0.4829082290231391,0.015072427804588066,40
2025-09-25,rth,def_refill,0.31695652173913047,0.6515217391304349,0.05097357611854632,40
2025-09-25,rth,att_refill,0.3210606060606061,0.6480303030303031,0.05019094665180326,40
2025-09-25,rth,def_hidden,0.0,0.028596899224806203,0.007674867154032491,40
2025-09-25,rth,att_eff,-0.7944024894834005,0.6819587995559018,0.2715326422132796,40
2025-09-25,rth,def_eff,-0.7513693394506942,0.7059677793309094,0.2726321750181855,40
2025-09-25,rth,att_large,0.0,0.2523147183818273,0.05780132131334633,40
2025-09-25,rth,def_large,0.0,0.22178124999999999,0.05289143814641356,40
2025-09-25,rth,balance,-0.11323472484493902,0.18256885620125107,0.02081661129325125,40
2025-09-25,rth,volume,0.25771464991204196,2.6737894928374355,0.3249592824821548,40
2025-09-26,rth,delta,-0.20030649970184855,0.21121854502087056,0.07303074301753118,41
2025-09-26,rth,def_cancel,0.4003974635177317,0.48210542262962064,0.014674966788853676,41
2025-09-26,rth,att_cancel,0.3968556763353545,0.4834266178947523,0.015177064219147949,41
2025-09-26,rth,def_refill,0.31695652173913047,0.650054347826087,0.05149061768341054,41
2025-09-26,rth,att_refill,0.3220454545454546,0.6470454545454546,0.051005055374923086,41
2025-09-26,rth,def_hidden,0.0,0.028596899224806203,0.008216902533349562,41
2025-09-26,rth,att_eff,-0.774600326143082,0.6709575977001694,0.26972884994984997,41
2025-09-26,rth,def_eff,-0.7406378437306529,0.6909436853228512,0.27114478191233365,41
2025-09-26,rth,att_large,0.0,0.2547787293035248,0.058620784570703514,41
2025-09-26,rth,def_large,0.0,0.22276041666666666,0.053710761164825475,41
2025-09-26,rth,balance,-0.11323472484493902,0.1816268065800849,0.020573928928594856,41
2025-09-26,rth,volume,0.25771464991204196,2.706003824076441,0.3182226038637631,41
2025-09-29,rth,delta,-0.20125253428741807,0.21027251043530115,0.07262099964040823,39
2025-09-29,rth,def_cancel,0.40167815253202466,0.48338611164391354,0.01469952750055506,39
2025-09-29,rth,att_cancel,0.39789245407858087,0.48498178450959173,0.015103814223987702,39
2025-09-29,rth,def_refill,0.31548913043478266,0.6441847826086957,0.05140135639331286,39
2025-09-29,rth,att_refill,0.32007575757575757,0.6440909090909092,0.050859959441144686,39
2025-09-29,rth,def_hidden,0.0,0.028356589147286823,0.008859367394887721,39
2025-09-29,rth,att_eff,-0.7724000857719355,0.6709575977001694,0.26535913178717085,39
2025-09-29,rth,def_eff,-0.7449304420186693,0.6887973861788432,0.26732690024274364,39
2025-09-29,rth,att_large,0.0,0.2533003227505063,0.05852299178609176,39
2025-09-29,rth,def_large,0.0,0.22080208333333332,0.05327471806863405,39
2025-09-29,rth,balance,-0.1118216504131897,0.18256885620125107,0.020271066067658983,39
2025-09-29,rth,volume,0.25771464991204196,2.706003824076441,0.31719990341961235,39
2025-09-30,rth,delta,-0.20125253428741807,0.21216457960643997,0.07232810496393104,39
2025-09-30,rth,def_cancel,0.40244656594060035,0.48389838724963075,0.01458028907457079,39
2025-09-30,rth,att_cancel,0.3989292318218072,0.4852409789453983,0.014887026609399195,39
2025-09-30,rth,def_refill,0.31597826086956526,0.6456521739130435,0.05154084768420111,39
2025-09-30,rth,att_refill,0.3210606060606061,0.6470454545454546,0.050798930162029216,39
2025-09-30,rth,def_hidden,0.0,0.029558139534883725,0.009143021152519273,39
2025-09-30,rth,att_eff,-0.7724000857719355,0.6797585591847555,0.26606942285199564,39
2025-09-30,rth,def_eff,-0.7513693394506942,0.6930899844668597,0.2680986674762642,39
2025-09-30,rth,att_large,0.0,0.25773554240956187,0.05838206439716005,39
2025-09-30,rth,def_large,0.0,0.21982291666666665,0.0525506258070402,39
2025-09-30,rth,balance,-0.1137057496555221,0.18492398025416656,0.01995531364559317,39
2025-09-30,rth,volume,0.25771464991204196,2.64157516159843,0.27974265165269757,39
2025-10-01,rth,delta,-0.20125253428741807,0.21500268336314843,0.07262368894172594,39
2025-10-01,rth,def_cancel,0.4019342903348832,0.48415452505248935,0.0148857455642553,39
2025-10-01,rth,att_cancel,0.3986700373860006,0.48575936781701146,0.01513738146166043,39
2025-10-01,rth,def_refill,0.31695652173913047,0.6485869565217391,0.05224951998886534,39
2025-10-01,rth,att_refill,0.3210606060606061,0.65,0.05182856023510076,39
2025-10-01,rth,def_hidden,0.0,0.028596899224806203,0.009548560951226755,39
2025-10-01,rth,att_eff,-0.7812010472565216,0.6819587995559018,0.2670243127314635,39
2025-10-01,rth,def_eff,-0.7556619377387106,0.6952362836108681,0.26913477578193196,39
2025-10-01,rth,att_large,0.0,0.2611851576999384,0.05828502596763164,39
2025-10-01,rth,def_large,0.0,0.2222708333333333,0.05328620268998633,39
2025-10-01,rth,balance,-0.11558984889785456,0.16325683896734378,0.02017148924468635,39
2025-10-01,rth,volume,0.25771464991204196,2.64157516159843,0.45850514723846464,39
2025-10-02,rth,delta,-0.203144603458557,0.21405664877757902,0.07269813084453682,40
2025-10-02,rth,def_cancel,0.40142201472916605,0.48389838724963075,0.01489366105543551,40
2025-10-02,rth,att_cancel,0.3986700373860006,0.48575936781701146,0.01513360182544229,40
2025-10-02,rth,def_refill,0.31695652173913047,0.6520108695652175,0.05228414874872456,40
2025-10-02,rth,att_refill,0.3210606060606061,0.6534469696969697,0.05199979437525704,40
2025-10-02,rth,def_hidden,0.0,0.028837209302325584,0.00951196208658211,40
2025-10-02,rth,att_eff,-0.7922022491122542,0.6841590399270485,0.2677914611355276,40
2025-10-02,rth,def_eff,-0.7599545360267272,0.6952362836108681,0.26995925289067707,40
2025-10-02,rth,att_large,0.0,0.2606923555155989,0.05846901392427218,40
2025-10-02,rth,def_large,0.0,0.22471875,0.05338965475506908,40
2025-10-02,rth,balance,-0.12124214662485183,0.16137273972501132,0.020089340580890406,40
2025-10-02,rth,volume,0.25771464991204196,2.64157516159843,0.4540345165862347,40
2025-10-03,rth,delta,-0.20503667262969594,0.2131106141920096,0.07240416584032111,41
2025-10-03,rth,def_cancel,0.40167815253202466,0.48415452505248935,0.014839441334779198,41
2025-10-03,rth,att_cancel,0.3986700373860006,0.48575936781701146,0.015101525661275714,41
2025-10-03,rth,def_refill,0.3174456521739131,0.6544565217391305,0.052154293738168905,41
2025-10-03,rth,att_refill,0.3210606060606061,0.6539393939393939,0.051911121833899614,41
2025-10-03,rth,def_hidden,0.0,0.028596899224806203,0.009432106662546695,41
2025-10-03,rth,att_eff,-0.7944024894834005,0.6885595206693416,0.26809120292506444,41
2025-10-03,rth,def_eff,-0.7599545360267272,0.6973825827548761,0.2700664658810699,41
2025-10-03,rth,att_large,0.0,0.25822834459390137,0.05820978831810043,41
2025-10-03,rth,def_large,0.0,0.22520833333333332,0.05320822821907756,41
2025-10-03,rth,balance,-0.1273654691624322,0.159959665293262,0.020022985677454835,41
2025-10-03,rth,volume,0.25771464991204196,2.64157516159843,0.4508515331020068,41
2025-10-06,rth,delta,-0.20409063804412642,0.2131106141920096,0.07265355982718684,40
2025-10-06,rth,def_cancel,0.4019342903348832,0.48466680065820655,0.014861450608901457,40
2025-10-06,rth,att_cancel,0.3989292318218072,0.48601856225281803,0.015123465348299786,40
2025-10-06,rth,def_refill,0.3174456521739131,0.6573913043478261,0.052409561467483975,40
2025-10-06,rth,att_refill,0.3210606060606061,0.6544318181818182,0.05216751180888984,40
2025-10-06,rth,def_hidden,0.0,0.026674418604651164,0.009143514695642398,40
2025-10-06,rth,att_eff,-0.7922022491122542,0.6907597610404879,0.2681632593150223,40
2025-10-06,rth,def_eff,-0.7599545360267272,0.7059677793309094,0.27014758149754714,40
2025-10-06,rth,att_large,0.0,0.2606923555155989,0.058267318055281056,40
2025-10-06,rth,def_large,0.0,0.22618749999999999,0.05350980871027836,40
2025-10-06,rth,balance,-0.1273654691624322,0.16043069010384514,0.020151421824061166,40
2025-10-06,rth,volume,0.25771464991204196,2.609360830359425,0.4515083725757281,40
2025-10-07,rth,delta,-0.20692874180083487,0.21405664877757902,0.0731066526468412,40
2025-10-07,rth,def_cancel,0.40167815253202466,0.48466680065820655,0.014967971034378314,40
2025-10-07,rth,att_cancel,0.3989292318218072,0.4862777566886246,0.015216579548817995,40
2025-10-07,rth,def_refill,0.3189130434782609,0.661304347826087,0.052891776196501976,40
2025-10-07,rth,att_refill,0.3220454545454546,0.6583712121212122,0.05264755280170553,40
2025-10-07,rth,def_hidden,0.0,0.026674418604651164,0.009179280826637002,40
2025-10-07,rth,att_eff,-0.7922022491122542,0.6907597610404879,0.26828157490161925,40
2025-10-07,rth,def_eff,-0.7599545360267272,0.7102603776189258,0.2701125590411546,40
2025-10-07,rth,att_large,0.0,0.2621707620686174,0.05849866096686908,40
2025-10-07,rth,def_large,0.0,0.22961458333333332,0.05423455574741441,40
2025-10-07,rth,balance,-0.12830751878359842,0.15572044199801405,0.02008255688871433,40
2025-10-07,rth,volume,0.25771464991204196,2.64157516159843,0.45626031193578953,40
2025-10-09,rth,delta,-0.20692874180083487,0.2131106141920096,0.07312296651434944,40
2025-10-09,rth,def_cancel,0.4019342903348832,0.48466680065820655,0.014942787540133312,40
2025-10-09,rth,att_cancel,0.3989292318218072,0.4862777566886246,0.015245769818795362,40
2025-10-09,rth,def_refill,0.3189130434782609,0.6608152173913044,0.05287649502000553,40
2025-10-09,rth,att_refill,0.3210606060606061,0.6573863636363637,0.05266302326678392,40
2025-10-09,rth,def_hidden,0.0,0.026674418604651164,0.009560382503091916,40
2025-10-09,rth,att_eff,-0.7922022491122542,0.6885595206693416,0.26767085998869367,40
2025-10-09,rth,def_eff,-0.7599545360267272,0.7059677793309094,0.26944725537640246,40
2025-10-09,rth,att_large,0.0,0.2616779598842779,0.05855446805042853,40
2025-10-09,rth,def_large,0.0,0.22863541666666665,0.05393115245171347,40
2025-10-09,rth,balance,-0.12783649397301527,0.1561914668085972,0.020048584502307062,40
2025-10-09,rth,volume,0.25771464991204196,2.64157516159843,0.45488679584208536,40
2025-10-10,rth,delta,-0.20692874180083487,0.21216457960643997,0.07277695753357923,41
2025-10-10,rth,def_cancel,0.40244656594060035,0.48492293846106516,0.014845538474378023,41
2025-10-10,rth,att_cancel,0.3994476206934203,0.48679614556023787,0.015194088667910444,41
2025-10-10,rth,def_refill,0.32086956521739135,0.6617934782608696,0.05277556348343162,41
2025-10-10,rth,att_refill,0.3220454545454546,0.6568939393939395,0.052586716733025604,41
2025-10-10,rth,def_hidden,0.0,0.026674418604651164,0.009518295049441489,41
2025-10-10,rth,att_eff,-0.7900020087411077,0.6885595206693416,0.26679327509333745,41
2025-10-10,rth,def_eff,-0.7556619377387106,0.7059677793309094,0.26855231883022673,41
2025-10-10,rth,att_large,0.0,0.25822834459390137,0.058018319494461366,41
2025-10-10,rth,def_large,0.0,0.22765624999999998,0.05333970439077178,41
2025-10-10,rth,balance,-0.12642341954126596,0.15336531794509856,0.01983623268868082,41
2025-10-10,rth,volume,0.25771464991204196,2.609360830359425,0.44578701689091194,41
2025-10-13,rth,delta,-0.20692874180083487,0.21405664877757902,0.07363686939165733,39
2025-10-13,rth,def_cancel,0.4019342903348832,0.48466680065820655,0.015004021884687609,39
2025-10-13,rth,att_cancel,0.39918842625761375,0.4865369511244313,0.01540702211829719,39
2025-10-13,rth,def_refill,0.312554347826087,0.6583695652173913,0.05275009318044172,39
2025-10-13,rth,att_refill,0.31367424242424247,0.6549242424242424,0.052635853739426426,39
2025-10-13,rth,def_hidden,0.0,0.028356589147286823,0.01036352251055275,39
2025-10-13,rth,att_eff,-0.7812010472565216,0.6819587995559018,0.266444582170341,39
2025-10-13,rth,def_eff,-0.7535156385947024,0.6952362836108681,0.26814389789566734,39
2025-10-13,rth,att_large,0.0,0.2621707620686174,0.0592194864945212,39
2025-10-13,rth,def_large,0.0,0.23206249999999998,0.05455774511443506,39
2025-10-13,rth,balance,-0.12548136992009978,0.15713351642976336,0.02054768390715903,39
2025-10-13,rth,volume,0.25771464991204196,2.6737894928374355,0.44723498281039875,39
2025-10-14,rth,delta,-0.20692874180083487,0.2131106141920096,0.07345038687179586,39
2025-10-14,rth,def_cancel,0.40219042813774175,0.48441066285534795,0.0148765588464985,39
2025-10-14,rth,att_cancel,0.3994476206934203,0.4862777566886246,0.015241569664026226,39
2025-10-14,rth,def_refill,0.3130434782608696,0.6569021739130435,0.0522032696029745,39
2025-10-14,rth,att_refill,0.31465909090909094,0.6534469696969697,0.05230758980241649,39
2025-10-14,rth,def_hidden,0.0,0.03148062015503876,0.011456084608388461,39
2025-10-14,rth,att_eff,-0.7834012876276681,0.6797585591847555,0.26572119125069077,39
2025-10-14,rth,def_eff,-0.7513693394506942,0.6952362836108681,0.26724112501422354,39
2025-10-14,rth,att_large,0.0,0.2616779598842779,0.05879095694735494,39
2025-10-14,rth,def_large,0.0,0.23402083333333332,0.05416484259080914,39
2025-10-14,rth,balance,-0.12359727067776732,0.15430736756626473,0.02049071575899561,39
2025-10-14,rth,volume,0.25771464991204196,2.706003824076441,0.4409596025821392,39
2025-10-15,rth,delta,-0.20692874180083487,0.2131106141920096,0.07389642348295822,39
2025-10-15,rth,def_cancel,0.40219042813774175,0.48441066285534795,0.014994719382041272,39
2025-10-15,rth,att_cancel,0.39918842625761375,0.4862777566886246,0.015350838526813357,39
2025-10-15,rth,def_refill,0.3110869565217392,0.6564130434782609,0.05247635053833451,39
2025-10-15,rth,att_refill,0.3131818181818182,0.6529545454545455,0.05244077463087168,39
2025-10-15,rth,def_hidden,0.0,0.03244186046511628,0.01150941427148774,39
2025-10-15,rth,att_eff,-0.7790008068853751,0.6709575977001694,0.26564307362394957,39
2025-10-15,rth,def_eff,-0.7513693394506942,0.6952362836108681,0.26742156811639284,39
2025-10-15,rth,att_large,0.0,0.26315636643729645,0.05937066688378537,39
2025-10-15,rth,def_large,0.0,0.23451041666666664,0.05445665369059412,39
2025-10-15,rth,balance,-0.12312624586718424,0.15524941718743102,0.020570288832666993,39
2025-10-15,rth,volume,0.25771464991204196,2.7382181553154457,0.4410038306502148,39
2025-10-16,rth,delta,-0.20692874180083487,0.2131106141920096,0.074432534776877,40
2025-10-16,rth,def_cancel,0.40244656594060035,0.48415452505248935,0.015018005268978707,40
2025-10-16,rth,att_cancel,0.3994476206934203,0.48601856225281803,0.015371296387003807,40
2025-10-16,rth,def_refill,0.3110869565217392,0.6559239130434783,0.05291714642041703,40
2025-10-16,rth,att_refill,0.31367424242424247,0.651969696969697,0.052730252028566404,40
2025-10-16,rth,def_hidden,0.0,0.0322015503875969,0.011862988261476835,40
2025-10-16,rth,att_eff,-0.7724000857719355,0.6709575977001694,0.2647704415339668,40
2025-10-16,rth,def_eff,-0.7406378437306529,0.6909436853228512,0.26660776114358326,40
2025-10-16,rth,att_large,0.0,0.2626635642529569,0.05961651107254576,40
2025-10-16,rth,def_large,0.0,0.23451041666666664,0.05473501205582066,40
2025-10-16,rth,balance,-0.12171317143543492,0.15430736756626473,0.02045376388110696,40
2025-10-16,rth,volume,0.25771464991204196,2.8026468177934563,0.4352166499306483,40
2025-10-17,rth,delta,-0.20598270721526535,0.21216457960643997,0.07524351425715575,41
2025-10-17,rth,def_cancel,0.40116587692630745,0.48389838724963075,0.015354848136908688,41
2025-10-17,rth,att_cancel,0.3989292318218072,0.48575936781701146,0.015891027969465798,41
2025-10-17,rth,def_refill,0.3032608695652174,0.6525000000000001,0.05317732625514272,41
2025-10-17,rth,att_refill,0.3053030303030303,0.6480303030303031,0.05289296825762463,41
2025-10-17,rth,def_hidden,0.0,0.034124031007751944,0.012674733244786261,41
2025-10-17,rth,att_eff,-0.7613988839162031,0.6511554343598509,0.2642107845004326,41
2025-10-17,rth,def_eff,-0.7320526471546198,0.6823584887468184,0.2657536301092068,41
2025-10-17,rth,att_large,0.0,0.26364916862163595,0.06111485202197222,41
2025-10-17,rth,def_large,0.0,0.23597916666666666,0.0558963015111523,41
2025-10-17,rth,balance,-0.12171317143543492,0.15477839237684787,0.020835270697246527,41
2025-10-17,rth,volume,0.25771464991204196,2.899289811510472,0.44808610500821033,41
2025-10-21,rth,delta,-0.20692874180083487,0.2131106141920096,0.07682960487817396,38
2025-10-21,rth,def_cancel,0.40065360132059025,0.48389838724963075,0.015520340036173353,38
2025-10-21,rth,att_cancel,0.3989292318218072,0.48601856225281803,0.015950510919621665,38
2025-10-21,rth,def_refill,0.29592391304347826,0.6549456521739131,0.05338152541922153,38
2025-10-21,rth,att_refill,0.2959469696969697,0.6504924242424243,0.053484143187448395,38
2025-10-21,rth,def_hidden,0.0,0.03676744186046512,0.0132382933543158,38
2025-10-21,rth,att_eff,-0.7591986435450566,0.6511554343598509,0.2639999049057407,38
2025-10-21,rth,def_eff,-0.734198946298628,0.6823584887468184,0.26587778099641535,38
2025-10-21,rth,att_large,0.0,0.2621707620686174,0.061615308392064416,38
2025-10-21,rth,def_large,0.0,0.23744791666666665,0.05669895343589455,38
2025-10-21,rth,balance,-0.1273654691624322,0.15854659086151268,0.022161279357492736,38
2025-10-21,rth,volume,0.25771464991204196,2.9637184739884823,0.4624720481152593,38
2025-10-22,rth,delta,-0.20787477638640428,0.21500268336314843,0.07775594058945211,38
2025-10-22,rth,def_cancel,0.4001413257148731,0.48389838724963075,0.01569571707242185,38
2025-10-22,rth,att_cancel,0.3986700373860006,0.48601856225281803,0.01611360382130955,38
2025-10-22,rth,def_refill,0.29543478260869566,0.6564130434782609,0.05387315394271283,38
2025-10-22,rth,att_refill,0.29496212121212123,0.6509848484848485,0.053867835918818205,38
2025-10-22,rth,def_hidden,0.0,0.03772868217054264,0.013373563237567273,38
2025-10-22,rth,att_eff,-0.7569984031739101,0.6489551939887046,0.26673214189744604,38
2025-10-22,rth,def_eff,-0.7320526471546198,0.6823584887468184,0.2674974530293928,38
2025-10-22,rth,att_large,0.0,0.26463477299031496,0.06241188389494628,38
2025-10-22,rth,def_large,0.0,0.23842708333333332,0.05734805225542872,38
2025-10-22,rth,balance,-0.12830751878359842,0.15006814427101678,0.02233254026745826,38
2025-10-22,rth,volume,0.25771464991204196,2.9959328052274876,0.4668221829596246,38
2025-10-24,rth,delta,-0.20692874180083487,0.21500268336314843,0.07787759419686323,39
2025-10-24,rth,def_cancel,0.39988518791201455,0.48389838724963075,0.015859018611999502,39
2025-10-24,rth,att_cancel,0.398410842950194,0.48601856225281803,0.01610850638502935,39
2025-10-24,rth,def_refill,0.29054347826086957,0.6554347826086957,0.053766904188299235,39
2025-10-24,rth,att_refill,0.29102272727272727,0.6504924242424243,0.053882465928978024,39
2025-10-24,rth,def_hidden,0.0,0.03772868217054264,0.013458943991423961,39
2025-10-24,rth,att_eff,-0.752597922431617,0.6467549536175579,0.266354588892959,39
2025-10-24,rth,def_eff,-0.7277600488666034,0.6823584887468184,0.2670315866012335,39
2025-10-24,rth,att_large,0.0,0.26512757517465446,0.06267308272183898,39
2025-10-24,rth,def_large,0.0,0.23940625,0.05738162819059188,39
2025-10-24,rth,balance,-0.1273654691624322,0.14959711946043375,0.022454804901859707,39
2025-10-24,rth,volume,0.25771464991204196,2.9959328052274876,0.46357476297134315,39
2025-10-28,rth,delta,-0.20787477638640428,0.21500268336314843,0.0772968482362107,37
2025-10-28,rth,def_cancel,0.39962905010915595,0.48389838724963075,0.015864467311370003,37
2025-10-28,rth,att_cancel,0.39815164851438745,0.48575936781701146,0.01612245601445698,37
2025-10-28,rth,def_refill,0.28956521739130436,0.6525000000000001,0.053582524131075344,37
2025-10-28,rth,att_refill,0.290530303030303,0.6440909090909092,0.05336565979242424,37
2025-10-28,rth,def_hidden,0.0,0.03796899224806202,0.0137430406321016,37
2025-10-28,rth,att_eff,-0.7503976820604705,0.6467549536175579,0.26183559908241366,37
2025-10-28,rth,def_eff,-0.7213211514345785,0.6716269930267771,0.26259275176439295,37
2025-10-28,rth,att_large,0.0,0.2606923555155989,0.06290616767570574,37
2025-10-28,rth,def_large,0.0,0.23891666666666664,0.0567280212345059,37
2025-10-28,rth,balance,-0.1273654691624322,0.1528942931345154,0.021659657844842303,37
2025-10-28,rth,volume,0.2899289811510472,2.9637184739884823,0.46813643285299966,37
2025-10-29,rth,delta,-0.2088208109719738,0.21594871794871784,0.07783230766806684,37
2025-10-29,rth,def_cancel,0.39911677450343874,0.48364224944677214,0.015986983931997822,37
2025-10-29,rth,att_cancel,0.39763325964277424,0.48575936781701146,0.01624503103234793,37
2025-10-29,rth,def_refill,0.28858695652173916,0.6539673913043479,0.053998666817685774,37
2025-10-29,rth,att_refill,0.2900378787878788,0.6440909090909092,0.05369107113196821,37
2025-10-29,rth,def_hidden,0.0,0.038449612403100776,0.013866156175248402,37
2025-10-29,rth,att_eff,-0.748197441689324,0.6467549536175579,0.2625375385610856,37
2025-10-29,rth,def_eff,-0.7191748522905703,0.6694806938827691,0.2632417560432259,37
2025-10-29,rth,att_large,0.0,0.2626635642529569,0.06338383993655727,37
2025-10-29,rth,def_large,0.0,0.24087499999999998,0.05726602837787486,37
2025-10-29,rth,balance,-0.1287785435941815,0.15477839237684787,0.021804357519763146,37
2025-10-29,rth,volume,0.2899289811510472,2.9959328052274876,0.47315030273708775,37
2025-10-30,rth,delta,-0.2088208109719738,0.21594871794871784,0.07834778860989206,38
2025-10-30,rth,def_cancel,0.39886063670058014,0.48364224944677214,0.016045142282411363,38
2025-10-30,rth,att_cancel,0.39737406520696766,0.4855001733812049,0.016376828365814434,38
2025-10-30,rth,def_refill,0.2841847826086957,0.6529891304347827,0.054117235731727734,38
2025-10-30,rth,att_refill,0.2851136363636364,0.6435984848484849,0.053687590478325616,38
2025-10-30,rth,def_hidden,0.0,0.038689922480620156,0.013967184417811883,38
2025-10-30,rth,att_eff,-0.748197441689324,0.6467549536175579,0.26443582333521337,38
2025-10-30,rth,def_eff,-0.7191748522905703,0.6651880955947522,0.2649448426200745,38
2025-10-30,rth,att_large,0.0,0.26364916862163595,0.06393537249978533,38
2025-10-30,rth,def_large,0.0,0.24087499999999998,0.05759953684334639,38
2025-10-30,rth,balance,-0.12830751878359842,0.15524941718743102,0.022226529448854008,38
2025-10-30,rth,volume,0.2899289811510472,3.028147136466493,0.471404289113728,38
2025-10-31,rth,delta,-0.20787477638640428,0.21500268336314843,0.07846358544121997,39
2025-10-31,rth,def_cancel,0.39911677450343874,0.48364224944677214,0.016018266870491907,39
2025-10-31,rth,att_cancel,0.39763325964277424,0.4855001733812049,0.016336876139411708,39
2025-10-31,rth,def_refill,0.28369565217391307,0.6525000000000001,0.054142779244417405,39
2025-10-31,rth,att_refill,0.2851136363636364,0.6431060606060607,0.053685113015005975,39
2025-10-31,rth,def_hidden,0.0,0.038449612403100776,0.013905733852147073,39
2025-10-31,rth,att_eff,-0.7415967205758847,0.6467549536175579,0.2656255751233948,39
2025-10-31,rth,def_eff,-0.7170285531465621,0.6630417964507442,0.2660434126155985,39
2025-10-31,rth,att_large,0.0,0.26315636643729645,0.06395316485612708,39
2025-10-31,rth,def_large,0.0,0.2398958333333333,0.05757001651933203,39
2025-10-31,rth,balance,-0.12783649397301527,0.15477839237684787,0.022227840730947006,39
2025-10-31,rth,volume,0.2899289811510472,3.060361467705498,0.46960179947795494,39
2025-11-03,rth,delta,-0.20787477638640428,0.21216457960643997,0.07949357428584286,37
2025-11-03,rth,def_cancel,0.39809222329200444,0.48338611164391354,0.016188152530031967,37
2025-11-03,rth,att_cancel,0.39737406520696766,0.4855001733812049,0.01660555568642994,37
2025-11-03,rth,def_refill,0.28125,0.6534782608695653,0.05472777131765267,37
2025-11-03,rth,att_refill,0.2831439393939394,0.6391666666666667,0.054189244298226726,37
2025-11-03,rth,def_hidden,0.0,0.03508527131782946,0.01429453176582548,37
2025-11-03,rth,att_eff,-0.7415967205758847,0.6291530306483857,0.2669456926033368,37
2025-11-03,rth,def_eff,-0.708443356570529,0.6630417964507442,0.26718209091973927,37
2025-11-03,rth,att_large,0.0,0.2680843882806915,0.06543124635502133,37
2025-11-03,rth,def_large,0.0,0.24332291666666664,0.058436878464584334,37
2025-11-03,rth,balance,-0.12595239473068287,0.15430736756626473,0.022576710961585703,37
2025-11-03,rth,volume,0.32214331239005245,3.124790130183509,0.48352755895293276,37
2025-11-04,rth,delta,-0.20598270721526535,0.21216457960643997,0.07913237697726519,37
2025-11-04,rth,def_cancel,0.398348361094863,0.48338611164391354,0.016106593433485077,37
2025-11-04,rth,att_cancel,0.39737406520696766,0.4855001733812049,0.016518728570615298,37
2025-11-04,rth,def_refill,0.2817391304347826,0.6525000000000001,0.05456562990247173,37
2025-11-04,rth,att_refill,0.28363636363636363,0.6396590909090909,0.05402003746302147,37
2025-11-04,rth,def_hidden,0.0,0.03484496124031008,0.0141988352885991,37
2025-11-04,rth,att_eff,-0.7437969609470312,0.6379539921329718,0.26795058478094724,37
2025-11-04,rth,def_eff,-0.7127359548585457,0.6651880955947522,0.26783162996519233,37
2025-11-04,rth,att_large,0.0,0.26660598172767297,0.06524826065954202,37
2025-11-04,rth,def_large,0.0,0.24332291666666664,0.05798931106272902,37
2025-11-04,rth,balance,-0.12501034510951664,0.15336531794509856,0.02234109417192734,37
2025-11-04,rth,volume,0.32214331239005245,3.124790130183509,0.480685522457413,37
2025-11-05,rth,delta,-0.20787477638640428,0.21216457960643997,0.08008661552177071,37
2025-11-05,rth,def_cancel,0.39886063670058014,0.48312997384105505,0.016207880967910992,37
2025-11-05,rth,att_cancel,0.3971148707711611,0.4852409789453983,0.016643313709265174,37
2025-11-05,rth,def_refill,0.2797826086956522,0.6554347826086957,0.05522652275218401,37
2025-11-05,rth,att_refill,0.28117424242424244,0.641628787878788,0.05471043651278443,37
2025-11-05,rth,def_hidden,0.0,0.03604651162790698,0.014578584377593214,37
2025-11-05,rth,att_eff,-0.7547981628027636,0.6357537517618255,0.2709578551661099,37
2025-11-05,rth,def_eff,-0.7105896557145372,0.6630417964507442,0.2700683888541623,37
2025-11-05,rth,att_large,0.0,0.26611317954333347,0.06594704293306598,37
2025-11-05,rth,def_large,0.0,0.24479166666666666,0.059006687401108725,37
2025-11-05,rth,balance,-0.12406829548835047,0.15053916908159992,0.021702323639852264,37
2025-11-05,rth,volume,0.32214331239005245,3.157004461422514,0.49357234076058376,37
2025-11-06,rth,delta,-0.2088208109719738,0.21216457960643997,0.0799438285283062,38
2025-11-06,rth,def_cancel,0.39886063670058014,0.48312997384105505,0.016170318046061637,38
2025-11-06,rth,att_cancel,0.3971148707711611,0.4852409789453983,0.01660822402561103,38
2025-11-06,rth,def_refill,0.2802717391304348,0.6559239130434783,0.05517901703108561,38
2025-11-06,rth,att_refill,0.2806818181818182,0.6426136363636364,0.05465208534787081,38
2025-11-06,rth,def_hidden,0.0,0.0358062015503876,0.014538797779768735,38
2025-11-06,rth,att_eff,-0.7547981628027636,0.6357537517618255,0.2705348187063367,38
2025-11-06,rth,def_eff,-0.7105896557145372,0.6630417964507442,0.26958375377006816,38
2025-11-06,rth,att_large,0.0,0.26611317954333347,0.065851208564052,38
2025-11-06,rth,def_large,0.0,0.2443020833333333,0.05883008121480066,38
2025-11-06,rth,balance,-0.12406829548835047,0.15006814427101678,0.021661430858070194,38
2025-11-06,rth,volume,0.32214331239005245,3.157004461422514,0.4919760760246671,38
2025-11-07,rth,delta,-0.20787477638640428,0.21121854502087056,0.07953390268870186,39
2025-11-07,rth,def_cancel,0.39937291230629735,0.48312997384105505,0.016091067529463345,39
2025-11-07,rth,att_cancel,0.39763325964277424,0.4852409789453983,0.01648901810351828,39
2025-11-07,rth,def_refill,0.2802717391304348,0.6539673913043479,0.055003739394194624,39
2025-11-07,rth,att_refill,0.2821590909090909,0.641628787878788,0.05462390949960604,39
2025-11-07,rth,def_hidden,0.0,0.03604651162790698,0.014479510994288965,39
2025-11-07,rth,att_eff,-0.7547981628027636,0.6313532710195324,0.26952740491459554,39
2025-11-07,rth,def_eff,-0.7062970574265208,0.6587491981627278,0.26846043447641516,39
2025-11-07,rth,att_large,0.0,0.26414197080597546,0.06558078064306633,39
2025-11-07,rth,def_large,0.0,0.24185416666666665,0.05859895647519345,39
2025-11-07,rth,balance,-0.122184196246018,0.15242326832393238,0.021478508604500252,39
2025-11-07,rth,volume,0.3543576436290577,3.124790130183509,0.5019259301191709,39
2025-11-10,rth,delta,-0.20692874180083487,0.21027251043530115,0.07981272126610024,37
2025-11-10,rth,def_cancel,0.39988518791201455,0.48364224944677214,0.016119142652803977,37
2025-11-10,rth,att_cancel,0.398410842950194,0.48575936781701146,0.016638973720679344,37
2025-11-10,rth,def_refill,0.2778260869565218,0.6485869565217391,0.054796041019595974,37
2025-11-10,rth,att_refill,0.2792045454545455,0.635719696969697,0.054580942677709465,37
2025-11-10,rth,def_hidden,0.0,0.0370077519379845,0.014593296245858927,37
2025-11-10,rth,att_eff,-0.7415967205758847,0.6291530306483857,0.2702947254839863,37
2025-11-10,rth,def_eff,-0.6998581599944962,0.6544565998747109,0.2693724869823979,37
2025-11-10,rth,att_large,0.0,0.26364916862163595,0.06599328950018889,37
2025-11-10,rth,def_large,0.0,0.24479166666666666,0.059564776819031905,37
2025-11-10,rth,balance,-0.122184196246018,0.15195224351334924,0.021569845404356667,37
2025-11-10,rth,volume,0.3543576436290577,3.157004461422514,0.49899812103402513,37
2025-11-11,rth,delta,-0.20787477638640428,0.21121854502087056,0.08013208900763961,38
2025-11-11,rth,def_cancel,0.4001413257148731,0.48389838724963075,0.016202552486585527,38
2025-11-11,rth,att_cancel,0.3986700373860006,0.48601856225281803,0.016606869552629636,38
2025-11-11,rth,def_refill,0.2778260869565218,0.6476086956521739,0.0548846816552479,38
2025-11-11,rth,att_refill,0.27871212121212124,0.6352272727272728,0.0547322630904989,38
2025-11-11,rth,def_hidden,0.0,0.03748837209302326,0.01450467491690107,38
2025-11-11,rth,att_eff,-0.7415967205758847,0.6269527902772394,0.27003947588758276,38
2025-11-11,rth,def_eff,-0.6977118608504878,0.652310300730703,0.26926321048771773,38
2025-11-11,rth,att_large,0.0,0.26463477299031496,0.06611468216559933,38
2025-11-11,rth,def_large,0.0,0.24528124999999998,0.06010138856084856,38
2025-11-11,rth,balance,-0.12124214662485183,0.15101019389218306,0.021547889490769172,38
2025-11-11,rth,volume,0.3543576436290577,3.157004461422514,0.49491774436799935,38
2025-11-12,rth,delta,-0.20787477638640428,0.21027251043530115,0.07990443996900096,38
2025-11-12,rth,def_cancel,0.4003974635177317,0.48415452505248935,0.01614124383747296,38
2025-11-12,rth,att_cancel,0.3989292318218072,0.4862777566886246,0.016534268394152066,38
2025-11-12,rth,def_refill,0.2783152173913044,0.6471195652173913,0.054710803555794524,38
2025-11-12,rth,att_refill,0.27871212121212124,0.63375,0.05461689095109272,38
2025-11-12,rth,def_hidden,0.0,0.038209302325581396,0.014547325487413106,38
2025-11-12,rth,att_eff,-0.7415967205758847,0.6269527902772394,0.269661586895796,38
2025-11-12,rth,def_eff,-0.6955655617064795,0.652310300730703,0.26889526147959986,38
2025-11-12,rth,att_large,0.0,0.26414197080597546,0.06586976355942453,38
2025-11-12,rth,def_large,0.0,0.24528124999999998,0.059931283533911826,38
2025-11-12,rth,balance,-0.11888702257193628,0.15006814427101678,0.021459399353833793,38
2025-11-12,rth,volume,0.3543576436290577,3.124790130183509,0.4918174704888755,38
2025-11-13,rth,delta,-0.20787477638640428,0.21027251043530115,0.07968438163608409,39
2025-11-13,rth,def_cancel,0.40065360132059025,0.48441066285534795,0.01606840780322124,39
2025-11-13,rth,att_cancel,0.39918842625761375,0.4865369511244313,0.01644878609793358,39
2025-11-13,rth,def_refill,0.278804347826087,0.6466304347826087,0.054519584745639546,39
2025-11-13,rth,att_refill,0.2792045454545455,0.63375,0.05444230989502516,39
2025-11-13,rth,def_hidden,0.0,0.038689922480620156,0.014610737384627231,39
2025-11-13,rth,att_eff,-0.7415967205758847,0.6291530306483857,0.26972468425407187,39
2025-11-13,rth,def_eff,-0.6977118608504878,0.652310300730703,0.2687922919645415,39
2025-11-13,rth,att_large,0.0,0.26512757517465446,0.06570552680263068,39
2025-11-13,rth,def_large,0.0,0.24577083333333333,0.05974423803468739,39
2025-11-13,rth,balance,-0.1184159977613532,0.14959711946043375,0.0214749298776246,39
2025-11-13,rth,volume,0.3543576436290577,3.124790130183509,0.4876345502187296,39
2025-11-14,rth,delta,-0.20787477638640428,0.20932647584973174,0.07991053003621201,40
2025-11-14,rth,def_cancel,0.40090973912344885,0.48441066285534795,0.01601028333149487,40
2025-11-14,rth,att_cancel,0.3994476206934203,0.4865369511244313,0.016400382483930376,40
2025-11-14,rth,def_refill,0.2797826086956522,0.6451630434782609,0.0545295742214536,40
2025-11-14,rth,att_refill,0.2796969696969697,0.6322727272727273,0.054454997589372105,40
2025-11-14,rth,def_hidden,0.0,0.038449612403100776,0.014514931596894686,40
2025-11-14,rth,att_eff,-0.7415967205758847,0.6269527902772394,0.2702877114281212,40
2025-11-14,rth,def_eff,-0.6955655617064795,0.652310300730703,0.2694602615282501,40
2025-11-14,rth,att_large,0.0,0.26512757517465446,0.06595774409009426,40
2025-11-14,rth,def_large,0.0,0.24528124999999998,0.05973198396359693,40
2025-11-14,rth,balance,-0.11700292332960388,0.1491260946498506,0.02145264351833884,40
2025-11-14,rth,volume,0.3543576436290577,3.0925757989445035,0.48280472629754106,40
2025-11-17,rth,delta,-0.20692874180083487,0.2064883720930233,0.08070697410676503,38
2025-11-17,rth,def_cancel,0.40090973912344885,0.48441066285534795,0.016109140125666124,38
2025-11-17,rth,att_cancel,0.3994476206934203,0.48601856225281803,0.01663271882021227,38
2025-11-17,rth,def_refill,0.2778260869565218,0.6348913043478261,0.05485965969025624,38
2025-11-17,rth,att_refill,0.278219696969697,0.6234090909090909,0.05462157576869396,38
2025-11-17,rth,def_hidden,0.0,0.03917054263565892,0.015937253348542575,38
2025-11-17,rth,att_eff,-0.7239947976067125,0.611551107679214,0.2702507262961915,38
2025-11-17,rth,def_eff,-0.6891266642744549,0.6394325058666532,0.2693469195671333,38
2025-11-17,rth,att_large,0.0,0.26315636643729645,0.06688828940247711,38
2025-11-17,rth,def_large,0.0,0.2398958333333333,0.05988690597349116,38
2025-11-17,rth,balance,-0.11229267522377279,0.16043069010384514,0.02157980547269643,38
2025-11-17,rth,volume,0.38657197486806294,3.157004461422514,0.4880195137216116,38
2025-11-18,rth,delta,-0.20503667262969594,0.20554233750745388,0.08031537846125184,38
2025-11-18,rth,def_cancel,0.40167815253202466,0.48441066285534795,0.015993042805996057,38
2025-11-18,rth,att_cancel,0.4007435928724532,0.48601856225281803,0.01662423616092273,38
2025-11-18,rth,def_refill,0.2763586956521739,0.6329347826086957,0.05452647821193354,38
2025-11-18,rth,att_refill,0.27625,0.6209469696969697,0.05438427712559678,38
2025-11-18,rth,def_hidden,0.0,0.04037209302325582,0.01632199333430981,38
2025-11-18,rth,att_eff,-0.7195943168644197,0.6071506269369209,0.2686230493817906,38
2025-11-18,rth,def_eff,-0.6719562711223888,0.6372862067226452,0.26738544938236175,38
2025-11-18,rth,att_large,0.0,0.2616779598842779,0.06711365471469317,38
2025-11-18,rth,def_large,0.0,0.2398958333333333,0.06021953061391131,38
2025-11-18,rth,balance,-0.10852447673910798,0.16090171491442828,0.021591942245095305,38
2025-11-18,rth,volume,0.4187863061070682,3.124790130183509,0.4883702533821196,38
2025-11-19,rth,delta,-0.20219856887298748,0.20459630292188424,0.08018090779634461,38
2025-11-19,rth,def_cancel,0.40295884154631756,0.48466680065820655,0.015759623280912037,38
2025-11-19,rth,att_cancel,0.4020395650514861,0.48601856225281803,0.016359122148950092,38
2025-11-19,rth,def_refill,0.2758695652173913,0.6290217391304348,0.05386020089592671,38
2025-11-19,rth,att_refill,0.27575757575757576,0.6175,0.05394355162059578,38
2025-11-19,rth,def_hidden,0.0,0.04037209302325582,0.016515989892046123,38
2025-11-19,rth,att_eff,-0.7129935957509801,0.6027501461946279,0.26710350822363804,38
2025-11-19,rth,def_eff,-0.6633710745463557,0.628701010146612,0.2658370507043952,38
2025-11-19,rth,att_large,0.0,0.2552715314878643,0.06663221222505035,38
2025-11-19,rth,def_large,0.0,0.2379375,0.05990568460119487,38
2025-11-19,rth,balance,-0.11040857598144038,0.16419888858850995,0.022914762667415416,38
2025-11-19,rth,volume,0.4187863061070682,3.2214331239005247,0.4772570478294283,38
2025-11-20,rth,delta,-0.20219856887298748,0.20459630292188424,0.0806677040066862,39
2025-11-20,rth,def_cancel,0.40321497934917616,0.48517907626392365,0.015746732165414626,39
2025-11-20,rth,att_cancel,0.4025579539230993,0.4865369511244313,0.01630829880671946,39
2025-11-20,rth,def_refill,0.2753804347826087,0.6270652173913044,0.05394325869799346,39
2025-11-20,rth,att_refill,0.2747727272727273,0.6165151515151516,0.05407311631150165,39
2025-11-20,rth,def_hidden,0.0,0.03989147286821706,0.016360245751256716,39
2025-11-20,rth,att_eff,-0.7151938361221266,0.6071506269369209,0.2695824476735655,39
2025-11-20,rth,def_eff,-0.6633710745463557,0.6308473092906204,0.2683045455782793,39
2025-11-20,rth,att_large,0.0,0.2547787293035248,0.06674306781269213,39
2025-11-20,rth,def_large,0.0,0.23744791666666665,0.060702832065373656,39
2025-11-20,rth,balance,-0.11040857598144038,0.16325683896734378,0.023041754212343002,39
2025-11-20,rth,volume,0.4187863061070682,3.2214331239005247,0.4720730300899477,39
2025-11-21,rth,delta,-0.20125253428741807,0.20459630292188424,0.08119326607390841,40
2025-11-21,rth,def_cancel,0.4037272549548933,0.48569135186964085,0.015830411679931534,40
2025-11-21,rth,att_cancel,0.40307634279471244,0.48679614556023787,0.01636658351944438,40
2025-11-21,rth,def_refill,0.2724456521739131,0.625108695652174,0.05391024411357168,40
2025-11-21,rth,att_refill,0.2713257575757576,0.6140530303030304,0.05400908580943904,40
2025-11-21,rth,def_hidden,0.0,0.04037209302325582,0.016255783016650125,40
2025-11-21,rth,att_eff,-0.7107933553798336,0.6005499058234816,0.2685116767251961,40
2025-11-21,rth,def_eff,-0.6590784762583393,0.626554711002604,0.2674627448548571,40
2025-11-21,rth,att_large,0.0,0.2557643336722038,0.06740286976941297,40
2025-11-21,rth,def_large,0.0,0.23842708333333332,0.061411179550017424,40
2025-11-21,rth,balance,-0.10899550154969107,0.1660829878308424,0.023008570037806708,40
2025-11-21,rth,volume,0.45100063734607343,3.2536474551395296,0.4659449653206933,40
2025-11-24,rth,delta,-0.1974683959451402,0.201758199165176,0.08099169685522833,38
2025-11-24,rth,def_cancel,0.40423953056061046,0.48620362747535806,0.01598556465191584,38
2025-11-24,rth,att_cancel,0.40385392610213217,0.487314534431851,0.0164786012000334,38
2025-11-24,rth,def_refill,0.2690217391304348,0.6197282608695652,0.05370244402488847,38
2025-11-24,rth,att_refill,0.2678787878787879,0.6091287878787879,0.05385456675260514,38
2025-11-24,rth,def_hidden,0.0,0.04013178294573644,0.016215141057050162,38
2025-11-24,rth,att_eff,-0.699792153524101,0.5917489443388955,0.26761217424016226,38
2025-11-24,rth,def_eff,-0.6526395788263146,0.6158232152825627,0.2665753234348261,38
2025-11-24,rth,att_large,0.0,0.2523147183818273,0.06733083905152976,38
2025-11-24,rth,def_large,0.0,0.235,0.061518255545859955,38
2025-11-24,rth,balance,-0.10428525344386003,0.17173528555783968,0.023188382186992446,38
2025-11-24,rth,volume,0.45100063734607343,3.31807611761754,0.4870049479329554,38
2025-11-25,rth,delta,-0.19841443053070962,0.20081216457960638,0.08116850938891879,38
2025-11-25,rth,def_cancel,0.40398339275775186,0.48594748967249946,0.015947281446160724,38
2025-11-25,rth,att_cancel,0.40385392610213217,0.48705533999604445,0.01650073385714917,38
2025-11-25,rth,def_refill,0.267554347826087,0.6197282608695652,0.05356165190614649,38
2025-11-25,rth,att_refill,0.26590909090909093,0.6076515151515152,0.053552731754037526,38
2025-11-25,rth,def_hidden,0.0,0.0406124031007752,0.01629765202387748,38
2025-11-25,rth,att_eff,-0.7063928746375405,0.5983496654523348,0.2692706500746683,38
2025-11-25,rth,def_eff,-0.6526395788263146,0.6222621127145875,0.2678357572866078,38
2025-11-25,rth,att_large,0.0,0.2508363118288088,0.06730740353682373,38
2025-11-25,rth,def_large,0.0,0.235,0.061425217929958066,38
2025-11-25,rth,balance,-0.10381422863327694,0.17126426074725654,0.023508373548744715,38
2025-11-25,rth,volume,0.45100063734607343,3.3502904488565455,0.4982221322471205,38
2025-11-26,rth,delta,-0.19841443053070962,0.201758199165176,0.08195727901886468,38
2025-11-26,rth,def_cancel,0.4034711171520347,0.48569135186964085,0.01605710554821617,38
2025-11-26,rth,att_cancel,0.40307634279471244,0.4865369511244313,0.016682067159391935,38
2025-11-26,rth,def_refill,0.26608695652173914,0.622663043478261,0.054157342816162704,38
2025-11-26,rth,att_refill,0.26492424242424245,0.6091287878787879,0.05409957886296821,38
2025-11-26,rth,def_hidden,0.0,0.04133333333333334,0.016324726281466178,38
2025-11-26,rth,att_eff,-0.704192634266394,0.5983496654523348,0.2703010288999696,38
2025-11-26,rth,def_eff,-0.6526395788263146,0.6201158135705791,0.2686749857903249,38
2025-11-26,rth,att_large,0.0,0.2552715314878643,0.06861766431083711,38
2025-11-26,rth,def_large,0.0,0.2379375,0.06236895121619729,38
2025-11-26,rth,balance,-0.10664037749677557,0.173148359989589,0.023763126699614827,38
2025-11-26,rth,volume,0.45100063734607343,3.414719111334556,0.5079192804786083,38
2025-12-01,rth,delta,-0.19557632677400116,0.19892009540846756,0.08132246043609957,36
2025-12-01,rth,def_cancel,0.40500794396918627,0.48594748967249946,0.015786650146585347,36
2025-12-01,rth,att_cancel,0.4041131205379388,0.4865369511244313,0.016493636245372287,36
2025-12-01,rth,def_refill,0.2641304347826087,0.6128804347826088,0.05323993580743836,36
2025-12-01,rth,att_refill,0.2629545454545455,0.6007575757575758,0.05296277761025836,36
2025-12-01,rth,def_hidden,0.0,0.04157364341085272,0.016270985933194097,36
2025-12-01,rth,att_eff,-0.6953916727818081,0.5895487039677487,0.26827973029662805,36
2025-12-01,rth,def_eff,-0.6419080831062733,0.6093843178505378,0.2665223595562343,36
2025-12-01,rth,att_large,0.0,0.2557643336722038,0.06846017400058672,36
2025-12-01,rth,def_large,0.0,0.2354895833333333,0.06159560330303018,36
2025-12-01,rth,balance,-0.09674885647453035,0.17644553366367066,0.023970761697138174,36
2025-12-01,rth,volume,0.45100063734607343,3.382504780095551,0.3841032077988829,36
2025-12-02,rth,delta,-0.19368425760286223,0.20081216457960638,0.08170054507349667,36
2025-12-02,rth,def_cancel,0.40449566836346906,0.48569135186964085,0.015884412560092622,36
2025-12-02,rth,att_cancel,0.4041131205379388,0.4865369511244313,0.0165516713581495,36
2025-12-02,rth,def_refill,0.2641304347826087,0.6070108695652174,0.05350817663618509,36
2025-12-02,rth,att_refill,0.26344696969696973,0.5992803030303031,0.053124826545158946,36
2025-12-02,rth,def_hidden,0.0,0.041813953488372094,0.016214385372651848,36
2025-12-02,rth,att_eff,-0.6953916727818081,0.5873484635966024,0.2685195755619325,36
2025-12-02,rth,def_eff,-0.6419080831062733,0.6115306169945462,0.26675601347185973,36
2025-12-02,rth,att_large,0.0,0.2606923555155989,0.06898962119433816,36
2025-12-02,rth,def_large,0.0,0.2354895833333333,0.061734331856819445,36
2025-12-02,rth,balance,-0.08356016177820341,0.1877501291176652,0.024017145795807063,36
2025-12-02,rth,volume,0.45100063734607343,3.414719111334556,0.4249653804721713,36
2025-12-03,rth,delta,-0.19368425760286223,0.201758199165176,0.0819246716268893,36
2025-12-03,rth,def_cancel,0.40475180616632767,0.48594748967249946,0.015898240501092026,36
2025-12-03,rth,att_cancel,0.4043723149737454,0.48679614556023787,0.016568200785797144,36
2025-12-03,rth,def_refill,0.2641304347826087,0.5986956521739131,0.053550152728076804,36
2025-12-03,rth,att_refill,0.26344696969696973,0.5943560606060606,0.053181698365966035,36
2025-12-03,rth,def_hidden,0.0,0.042294573643410854,0.0162913249836024,36
2025-12-03,rth,att_eff,-0.6931914324106616,0.5829479828543094,0.2690659810220176,36
2025-12-03,rth,def_eff,-0.6397617839622649,0.6093843178505378,0.26740214621198743,36
2025-12-03,rth,att_large,0.0,0.2606923555155989,0.069126675888006,36
2025-12-03,rth,def_large,0.0,0.23451041666666664,0.061829324610954785,36
2025-12-03,rth,balance,-0.08497323620995273,0.18822115392824834,0.024080987002028605,36
2025-12-03,rth,volume,0.45100063734607343,3.414719111334556,0.42683844330717363,36
2025-12-04,rth,delta,-0.19463029218843175,0.201758199165176,0.0818050576618301,37
2025-12-04,rth,def_cancel,0.40475180616632767,0.48569135186964085,0.015871210508751267,37
2025-12-04,rth,att_cancel,0.4043723149737454,0.4865369511244313,0.016540364228478908,37
2025-12-04,rth,def_refill,0.2641304347826087,0.6001630434782609,0.05349115969337711,37
2025-12-04,rth,att_refill,0.26344696969696973,0.5953409090909091,0.05312290697400966,37
2025-12-04,rth,def_hidden,0.0,0.042534883720930235,0.016267063848920748,37
2025-12-04,rth,att_eff,-0.6975919131529547,0.5829479828543094,0.26902750687900817,37
2025-12-04,rth,def_eff,-0.6397617839622649,0.6136769161385542,0.26732106459839966,37
2025-12-04,rth,att_large,0.0,0.2606923555155989,0.06902199951797247,37
2025-12-04,rth,def_large,0.0,0.2354895833333333,0.0617287875549357,37
2025-12-04,rth,balance,-0.08732836026286822,0.1877501291176652,0.024043201528209785,37
2025-12-04,rth,volume,0.45100063734607343,3.414719111334556,0.425936909901507,37
2025-12-05,rth,delta,-0.19557632677400116,0.201758199165176,0.08176097930539511,38
2025-12-05,rth,def_cancel,0.40500794396918627,0.48594748967249946,0.015860393226240426,38
2025-12-05,rth,att_cancel,0.4043723149737454,0.48679614556023787,0.016533691878529336,38
2025-12-05,rth,def_refill,0.26461956521739133,0.6016304347826087,0.0535369553658043,38
2025-12-05,rth,att_refill,0.26344696969696973,0.5958333333333333,0.05312891346243546,38
2025-12-05,rth,def_hidden,0.0,0.042294573643410854,0.016199334253392126,38
2025-12-05,rth,att_eff,-0.6975919131529547,0.5829479828543094,0.26969297509895845,38
2025-12-05,rth,def_eff,-0.6419080831062733,0.6158232152825627,0.2679448198382787,38
2025-12-05,rth,att_large,0.0,0.2611851576999384,0.06886312552185359,38
2025-12-05,rth,def_large,0.0,0.23646874999999998,0.06167641220812437,38
2025-12-05,rth,balance,-0.08779938507345136,0.18727910430708217,0.023971334314832768,38
2025-12-05,rth,volume,0.45100063734607343,3.414719111334556,0.4241482326917609,38
2025-12-08,rth,delta,-0.19557632677400116,0.20270423375074542,0.08209749854391189,37
2025-12-08,rth,def_cancel,0.4052640817720448,0.48594748967249946,0.015908637061566533,37
2025-12-08,rth,att_cancel,0.4043723149737454,0.48679614556023787,0.01657557409138518,37
2025-12-08,rth,def_refill,0.2636413043478261,0.5977173913043479,0.05357992033929848,37
2025-12-08,rth,att_refill,0.2629545454545455,0.5914015151515152,0.05309854357710909,37
2025-12-08,rth,def_hidden,0.0,0.043015503875968995,0.016215821076387145,37
2025-12-08,rth,att_eff,-0.6931914324106616,0.5851482232254557,0.27026135924861777,37
2025-12-08,rth,def_eff,-0.6419080831062733,0.6115306169945462,0.26853887241794766,37
2025-12-08,rth,att_large,0.0,0.2626635642529569,0.06941645177998908,37
2025-12-08,rth,def_large,0.0,0.23842708333333332,0.06210617112893206,37
2025-12-08,rth,balance,-0.09062553393694994,0.18869217873883148,0.024207398138737873,37
2025-12-08,rth,volume,0.45100063734607343,3.414719111334556,0.4286749168189783,37
2025-12-09,rth,delta,-0.19652236135957069,0.20365026833631483,0.08290701251786384,37
2025-12-09,rth,def_cancel,0.40500794396918627,0.48620362747535806,0.016002809407611795,37
2025-12-09,rth,att_cancel,0.4043723149737454,0.48679614556023787,0.0167252451365344,37
2025-12-09,rth,def_refill,0.2626630434782609,0.5889130434782609,0.053738941171969055,37
2025-12-09,rth,att_refill,0.2614772727272727,0.5850000000000001,0.05315642307770358,37
2025-12-09,rth,def_hidden,0.0,0.043496124031007756,0.01631965606167739,37
2025-12-09,rth,att_eff,-0.6953916727818081,0.5851482232254557,0.27237275533266925,37
2025-12-09,rth,def_eff,-0.6419080831062733,0.6115306169945462,0.2708848866122526,37
2025-12-09,rth,att_large,0.0,0.267591586096352,0.07049734273177369,37
2025-12-09,rth,def_large,0.0,0.24332291666666664,0.06297706176774272,37
2025-12-09,rth,balance,-0.09533578204278104,0.18963422835999766,0.02438832222473805,37
2025-12-09,rth,volume,0.45100063734607343,3.4469334425735614,0.4345036829181071,37
2025-12-10,rth,delta,-0.19652236135957069,0.20270423375074542,0.08234759321679751,37
2025-12-10,rth,def_cancel,0.4065447707863378,0.48645976527821666,0.015840684825400308,37
2025-12-10,rth,att_cancel,0.406445870460198,0.487314534431851,0.016537002934465708,37
2025-12-10,rth,def_refill,0.2641304347826087,0.5903804347826087,0.05350883385506307,37
2025-12-10,rth,att_refill,0.2629545454545455,0.5879545454545455,0.053001183156458666,37
2025-12-10,rth,def_hidden,0.0,0.042534883720930235,0.015973625314845256,37
2025-12-10,rth,att_eff,-0.699792153524101,0.5895487039677487,0.27221452286874354,37
2025-12-10,rth,def_eff,-0.6462006813942898,0.6158232152825627,0.27056483659203107,37
2025-12-10,rth,att_large,0.0,0.26463477299031496,0.06982707011170558,37
2025-12-10,rth,def_large,0.0,0.24185416666666665,0.06258611603431566,37
2025-12-10,rth,balance,-0.0943937324216148,0.18916320354941452,0.024015253432332136,37
2025-12-10,rth,volume,0.45100063734607343,3.4469334425735614,0.43951274048093414,37
2025-12-11,rth,delta,-0.1974683959451402,0.20081216457960638,0.08217417174757306,38
2025-12-11,rth,def_cancel,0.4068009085891964,0.48671590308107526,0.016114418774307058,38
2025-12-11,rth,att_cancel,0.406445870460198,0.487314534431851,0.01654630462639521,38
2025-12-11,rth,def_refill,0.26217391304347826,0.5903804347826087,0.05335391350460213,38
2025-12-11,rth,att_refill,0.2609848484848485,0.586969696969697,0.052838612679208606,38
2025-12-11,rth,def_hidden,0.0,0.042534883720930235,0.015829948874840367,38
2025-12-11,rth,att_eff,-0.704192634266394,0.5917489443388955,0.27604709980413417,38
2025-12-11,rth,def_eff,-0.648346980538298,0.6158232152825627,0.2741776385471211,38
2025-12-11,rth,att_large,0.0,0.26463477299031496,0.06975289005588699,38
2025-12-11,rth,def_large,0.0,0.24332291666666664,0.06323149833063274,38
2025-12-11,rth,balance,-0.09674885647453035,0.1877501291176652,0.024038987234146797,38
2025-12-11,rth,volume,0.4187863061070682,3.4469334425735614,0.43366476856022135,38
2025-12-12,rth,delta,-0.1974683959451402,0.20081216457960638,0.08259900951581536,39
2025-12-12,rth,def_cancel,0.4073131841949135,0.48671590308107526,0.016219088312576162,39
2025-12-12,rth,att_cancel,0.406445870460198,0.4875737288676576,0.016561706712509047,39
2025-12-12,rth,def_refill,0.2631521739130435,0.5908695652173913,0.05349274389682251,39
2025-12-12,rth,att_refill,0.2614772727272727,0.586969696969697,0.05317614940903805,39
2025-12-12,rth,def_hidden,0.0,0.042775193798449615,0.015876214547257794,39
2025-12-12,rth,att_eff,-0.699792153524101,0.5895487039677487,0.27578703159693296,39
2025-12-12,rth,def_eff,-0.6462006813942898,0.6158232152825627,0.27396852685729484,39
2025-12-12,rth,att_large,0.0,0.26414197080597546,0.06988999111440906,39
2025-12-12,rth,def_large,0.0,0.2443020833333333,0.06401355749629259,39
2025-12-12,rth,balance,-0.09816193090627967,0.18586602987533285,0.02386873831850216,39
2025-12-12,rth,volume,0.45100063734607343,3.414719111334556,0.42973875051315047,39
2025-12-15,rth,delta,-0.19557632677400116,0.1970280262373285,0.08143063264691833,37
2025-12-15,rth,def_cancel,0.4091061488149236,0.48774045429250956,0.016139265664360275,37
2025-12-15,rth,att_cancel,0.40800103707503743,0.4886105066108839,0.01646904358536459,37
2025-12-15,rth,def_refill,0.26168478260869565,0.5820652173913043,0.05255871797941409,37
2025-12-15,rth,att_refill,0.26049242424242425,0.581060606060606,0.05229041064954222,37
2025-12-15,rth,def_hidden,0.0,0.03965116279069768,0.015301270448493505,37
2025-12-15,rth,att_eff,-0.699792153524101,0.5917489443388955,0.2764221697511842,37
2025-12-15,rth,def_eff,-0.648346980538298,0.6158232152825627,0.2743554125524878,37
2025-12-15,rth,att_large,0.0,0.2616779598842779,0.06937932720760567,37
2025-12-15,rth,def_large,0.0,0.23891666666666664,0.06377462447687911,37
2025-12-15,rth,balance,-0.1009880797697783,0.18916320354941452,0.023977282511242703,37
2025-12-15,rth,volume,0.45100063734607343,3.382504780095551,0.41745615544747267,37
2025-12-16,rth,delta,-0.1917921884317233,0.19135181872391183,0.07837904774490087,37
2025-12-16,rth,def_cancel,0.4137166292663782,0.4900456945182369,0.015311579432146855,37
2025-12-16,rth,att_cancel,0.411370564740523,0.4909432565331431,0.015410987037079616,37
2025-12-16,rth,def_refill,0.26559782608695653,0.5810869565217391,0.050697550500760497,37
2025-12-16,rth,att_refill,0.26344696969696973,0.5800757575757576,0.050490733657000846,37
2025-12-16,rth,def_hidden,0.0,0.03724806201550388,0.014104781140746054,37
2025-12-16,rth,att_eff,-0.7349959994624451,0.6291530306483857,0.27562891126779865,37
2025-12-16,rth,def_eff,-0.6805414676984218,0.6544565998747109,0.27405572690599694,37
2025-12-16,rth,att_large,0.0,0.2518219161974878,0.06589967623572733,37
2025-12-16,rth,def_large,0.0,0.23157291666666666,0.06081404932225399,37
2025-12-16,rth,balance,-0.09910398052744585,0.18680807949649902,0.023166861821314635,37
2025-12-16,rth,volume,0.3543576436290577,3.2536474551395296,0.3815136541055841,37
2025-12-17,rth,delta,-0.19273822301729282,0.19229785330948124,0.07801806170413825,37
2025-12-17,rth,def_cancel,0.41576573168924685,0.49081410792681257,0.015604969190791048,37
2025-12-17,rth,att_cancel,0.41344412022697563,0.49146164540475623,0.015318476584349965,37
2025-12-17,rth,def_refill,0.26657608695652174,0.5810869565217391,0.05110294740384344,37
2025-12-17,rth,att_refill,0.26492424242424245,0.5805681818181818,0.05085115214442853,37
2025-12-17,rth,def_hidden,0.0,0.03604651162790698,0.013941295523074585,37
2025-12-17,rth,att_eff,-0.7327957590912986,0.6313532710195324,0.2760570848771471,37
2025-12-17,rth,def_eff,-0.6848340659864383,0.652310300730703,0.2748267007027507,37
2025-12-17,rth,att_large,0.0,0.2508363118288088,0.06746890073785215,37
2025-12-17,rth,def_large,0.0,0.23353125,0.06187302022554388,37
2025-12-17,rth,balance,-0.09863295571686276,0.16561196302025927,0.02204132985334697,37
2025-12-17,rth,volume,0.38657197486806294,3.2536474551395296,0.38081482586529025,37
2025-12-18,rth,delta,-0.1917921884317233,0.19324388789505065,0.07749259033715584,38
2025-12-18,rth,def_cancel,0.4165341450978226,0.4913263835325298,0.015501036608219233,38
2025-12-18,rth,att_cancel,0.4137033146627822,0.4919800342763694,0.015298556324048165,38
2025-12-18,rth,def_refill,0.2680434782608696,0.5791304347826087,0.050862406557438254,38
2025-12-18,rth,att_refill,0.26738636363636364,0.5785984848484849,0.050575081424352596,38
2025-12-18,rth,def_hidden,0.0,0.03628682170542636,0.013799270512530316,38
2025-12-18,rth,att_eff,-0.730595518720152,0.6313532710195324,0.2748639838890261,38
2025-12-18,rth,def_eff,-0.6891266642744549,0.652310300730703,0.27353596251833406,38
2025-12-18,rth,att_large,0.0,0.2513291140131483,0.06719165325483416,38
2025-12-18,rth,def_large,0.0,0.23157291666666666,0.061621350102731176,38
2025-12-18,rth,balance,-0.09863295571686276,0.16043069010384514,0.02179041879738825,38
2025-12-18,rth,volume,0.38657197486806294,3.2536474551395296,0.4013000425205219,38
2025-12-22,rth,delta,-0.1917921884317233,0.19324388789505065,0.07722115566999217,37
2025-12-22,rth,def_cancel,0.4180709719149741,0.4915825213353884,0.015297044999305842,37
2025-12-22,rth,att_cancel,0.41525848127762166,0.49249842314798253,0.01526247029984983,37
2025-12-22,rth,def_refill,0.27195652173913043,0.5796195652173913,0.05093729586875167,37
2025-12-22,rth,att_refill,0.27083333333333337,0.5790909090909091,0.05056744302379588,37
2025-12-22,rth,def_hidden,0.0,0.03628682170542636,0.013695759993242906,37
2025-12-22,rth,att_eff,-0.7327957590912986,0.6313532710195324,0.2736166721744307,37
2025-12-22,rth,def_eff,-0.6912729634184631,0.6566028990187194,0.27341312861762157,37
2025-12-22,rth,att_large,0.0,0.24837230090711124,0.06682685379914861,37
2025-12-22,rth,def_large,0.0,0.2310833333333333,0.06150673678832473,37
2025-12-22,rth,balance,-0.1009880797697783,0.15948864048267897,0.021530788644494443,37
2025-12-22,rth,volume,0.38657197486806294,3.2536474551395296,0.39986008044059046,37
2025-12-23,rth,delta,-0.1917921884317233,0.19324388789505065,0.07709101519927312,38
2025-12-23,rth,def_cancel,0.4173025585063984,0.4915825213353884,0.015283303462572475,38
2025-12-23,rth,att_cancel,0.4147400924060085,0.49249842314798253,0.015251060831072376,38
2025-12-23,rth,def_refill,0.27195652173913043,0.5815760869565217,0.050932402627584035,38
2025-12-23,rth,att_refill,0.2713257575757576,0.5805681818181818,0.05051063830561919,38
2025-12-23,rth,def_hidden,0.0,0.03628682170542636,0.01365800903612453,38
2025-12-23,rth,att_eff,-0.7371962398335916,0.6313532710195324,0.2732998622286078,38
2025-12-23,rth,def_eff,-0.6912729634184631,0.6587491981627278,0.27319029369431913,38
2025-12-23,rth,att_large,0.0,0.24935790527579024,0.06676156346596263,38
2025-12-23,rth,def_large,0.0,0.23255208333333333,0.06145623634070878,38
2025-12-23,rth,balance,-0.10145910458036139,0.15901761567209582,0.021495181832625568,38
2025-12-23,rth,volume,0.38657197486806294,3.2536474551395296,0.39867881082867396,38
2025-12-26,rth,delta,-0.19273822301729282,0.19324388789505065,0.07767989718993862,38
2025-12-26,rth,def_cancel,0.4167902829006812,0.4915825213353884,0.015415616313720152,38
2025-12-26,rth,att_cancel,0.4139625090985888,0.49249842314798253,0.015366450473267795,38
2025-12-26,rth,def_refill,0.27195652173913043,0.582554347826087,0.05150829008976738,38
2025-12-26,rth,att_refill,0.27083333333333337,0.581060606060606,0.05107392350005755,38
2025-12-26,rth,def_hidden,0.0,0.03628682170542636,0.013725327211088434,38
2025-12-26,rth,att_eff,-0.7371962398335916,0.6335535113906787,0.2742722563559884,38
2025-12-26,rth,def_eff,-0.6912729634184631,0.6566028990187194,0.2743217309241458,38
2025-12-26,rth,att_large,0.0,0.2528075205661668,0.06716460097280304,38
2025-12-26,rth,def_large,0.0,0.23646874999999998,0.06227907052804252,38
2025-12-26,rth,balance,-0.10287217901211071,0.15901761567209582,0.021610409620712145,38
2025-12-26,rth,volume,0.38657197486806294,3.2536474551395296,0.41776120618964024,38
2025-12-29,rth,delta,-0.19273822301729282,0.19229785330948124,0.07696099560508578,37
2025-12-29,rth,def_cancel,0.41755869630925696,0.4915825213353884,0.015305077773507049,37
2025-12-29,rth,att_cancel,0.4149992868418151,0.49249842314798253,0.015180310745573952,37
2025-12-29,rth,def_refill,0.2748913043478261,0.582554347826087,0.0511650144176775,37
2025-12-29,rth,att_refill,0.2737878787878788,0.5805681818181818,0.05091091564266997,37
2025-12-29,rth,def_hidden,0.0,0.0358062015503876,0.013584477388806488,37
2025-12-29,rth,att_eff,-0.7437969609470312,0.6335535113906787,0.27271181971631847,37
2025-12-29,rth,def_eff,-0.6912729634184631,0.6630417964507442,0.27299249929480446,37
2025-12-29,rth,att_large,0.0,0.2513291140131483,0.0665090269867794,37
2025-12-29,rth,def_large,0.0,0.23695833333333333,0.061824017577903755,37
2025-12-29,rth,balance,-0.10287217901211071,0.15807556605092965,0.021193877592562096,37
2025-12-29,rth,volume,0.38657197486806294,3.1892187926615194,0.4177757882062087,37
2025-12-30,rth,delta,-0.19368425760286223,0.19229785330948124,0.07670922358685564,37
2025-12-30,rth,def_cancel,0.4170464207035398,0.491838659138247,0.015285127131100352,37
2025-12-30,rth,att_cancel,0.41448089797020193,0.49249842314798253,0.015165719082530796,37
2025-12-30,rth,def_refill,0.2753804347826087,0.5854891304347827,0.05098026508402523,37
2025-12-30,rth,att_refill,0.27428030303030304,0.5850000000000001,0.050883585739991764,37
2025-12-30,rth,def_hidden,0.0,0.0358062015503876,0.01356878318652054,37
2025-12-30,rth,att_eff,-0.7503976820604705,0.6401542325041185,0.2717080620295887,37
2025-12-30,rth,def_eff,-0.6955655617064795,0.6716269930267771,0.27216473063453506,37
2025-12-30,rth,att_large,0.0,0.2533003227505063,0.06634044817582292,37
2025-12-30,rth,def_large,0.0,0.23891666666666664,0.06187594595688794,37
2025-12-30,rth,balance,-0.10287217901211071,0.15807556605092965,0.021094892094057648,37
2025-12-30,rth,volume,0.38657197486806294,3.157004461422514,0.41696895956253976,37
2025-12-31,rth,delta,-0.19463029218843175,0.19135181872391183,0.07671159787153062,37
2025-12-31,rth,def_cancel,0.4173025585063984,0.491838659138247,0.015307803628301293,37
2025-12-31,rth,att_cancel,0.41448089797020193,0.4927576175837891,0.015175938191634162,37
2025-12-31,rth,def_refill,0.2748913043478261,0.5859782608695653,0.0509648175428967,37
2025-12-31,rth,att_refill,0.2737878787878788,0.5859848484848486,0.050867030457855136,37
2025-12-31,rth,def_hidden,0.0,0.0358062015503876,0.01358311268877245,37
2025-12-31,rth,att_eff,-0.752597922431617,0.6401542325041185,0.27192111442516104,37
2025-12-31,rth,def_eff,-0.6977118608504878,0.6737732921707855,0.2723310522481536,37
2025-12-31,rth,att_large,0.0,0.2537931249348458,0.06632053571956067,37
2025-12-31,rth,def_large,0.0,0.24038541666666666,0.062018028970173604,37
2025-12-31,rth,balance,-0.10381422863327694,0.15572044199801405,0.021129890553652636,37
2025-12-31,rth,volume,0.3543576436290577,3.157004461422514,0.41835363155772903,37
