session,type,low,high,peak,kind_w,asymmetry_w,overshoot_w,kind_u,asymmetry_u,overshoot_u
2024-01-02,hvn,4768.25,4771.5,4769.5,lower,-0.9956,0.0088,lower,-0.9993,0.003
2024-01-02,hvn,4778.25,4782.25,4781.0,neutral,-0.6483,0.2762,lower,-0.9603,0.1044
2024-01-02,hvn,4786.5,4788.75,4787.25,neutral,0.25,1.146,neutral,-0.7951,0.7807
2024-01-02,hvn,4818.75,4822.5,4821.0,upper,0.9975,0.0106,upper,0.9783,0.0455
2024-01-02,lvn,4795.5,4817.25,,,,,,,
2024-01-03,hvn,4745.5,4747.75,4747.0,lower,-0.9921,0.0176,lower,-0.9996,0.0021
2024-01-03,hvn,4754.75,4757.5,4755.75,neutral,-0.4279,0.5546,lower,-0.9209,0.224
2024-01-03,hvn,4761.0,4764.5,4762.5,neutral,0.5085,0.4143,neutral,-0.7021,0.5176
2024-01-03,hvn,4784.0,4786.5,4785.25,upper,0.9992,0.0037,upper,0.9764,0.0517
2024-01-03,lvn,4772.5,4783.25,,,,,,,
2024-01-04,hvn,4728.25,4731.0,4729.75,lower,-0.9999,0.0004,lower,-1.0,0.0001
2024-01-04,hvn,4744.5,4746.5,4745.75,neutral,-0.1775,1.1482,neutral,-0.6358,0.4018
2024-01-04,hvn,4753.5,4755.25,4754.0,neutral,0.8358,0.3415,upper,0.8937,0.1249
2024-01-04,hvn,4764.0,4765.75,4764.5,upper,1.0,0.0001,upper,1.0,0.0
2024-01-04,lvn,4731.75,4738.25,,,,,,,
2024-01-05,hvn,4722.75,4725.75,4724.75,neutral,-0.8017,0.3708,neutral,-0.7057,0.351
2024-01-05,hvn,4734.25,4736.75,4735.5,neutral,0.0492,1.5759,neutral,0.5962,0.5286
2024-01-05,hvn,4754.5,4758.5,4755.5,upper,0.9997,0.0008,upper,0.9999,0.0003
2024-01-05,lvn,4741.5,4751.75,,,,,,,
2024-01-08,hvn,4730.25,4734.25,4732.25,lower,-0.9874,0.0506,lower,-0.9182,0.1381
2024-01-08,hvn,4743.5,4747.25,4745.5,neutral,-0.8651,0.4161,neutral,-0.0998,1.7706
2024-01-08,hvn,4750.0,4753.5,4751.5,neutral,-0.7104,0.8359,neutral,0.2604,1.8077
2024-01-08,hvn,4756.75,4762.0,4758.75,neutral,-0.4337,0.9577,neutral,0.563,0.8308
2024-01-08,hvn,4768.75,4771.0,4769.75,neutral,0.0907,3.6301,neutral,0.7984,1.152
2024-01-08,hvn,4779.0,4781.5,4780.25,neutral,0.5432,1.8325,neutral,0.9143,0.5624
2024-01-08,hvn,4792.0,4794.75,4793.25,neutral,0.9273,0.3224,upper,0.9884,0.0897
2024-01-08,hvn,4799.0,4801.75,4800.25,upper,1.0,0.0002,upper,1.0,0.0
2024-01-08,lvn,4776.0,4778.75,,,,,,,
2024-01-08,lvn,4781.75,4785.0,,,,,,,
2024-01-09,hvn,4772.25,4775.5,4774.0,lower,-0.9882,0.0198,lower,-0.9983,0.0037
2024-01-09,hvn,4781.0,4782.75,4781.25,neutral,-0.5815,0.8272,neutral,-0.8778,0.2773
2024-01-09,hvn,4791.75,4793.5,4792.5,neutral,0.7881,0.3667,neutral,0.4257,0.7122
2024-01-09,hvn,4796.25,4798.0,4796.75,upper,0.9831,0.0408,upper,0.99,0.015
2024-01-09,lvn,4783.0,4786.0,,,,,,,
2024-01-10,hvn,4802.75,4805.5,4803.75,neutral,-0.4657,0.645,neutral,0.572,0.654
2024-01-10,hvn,4818.5,4820.5,4819.5,upper,0.9479,0.135,upper,0.989,0.0505
2024-01-10,lvn,4806.5,4817.25,,,,,,,
2024-01-11,hvn,4780.5,4782.75,4781.25,lower,-0.9816,0.0829,lower,-0.996,0.0284
2024-01-11,hvn,4788.25,4791.25,4790.0,neutral,-0.8432,0.4001,lower,-0.9658,0.1491
2024-01-11,hvn,4797.5,4801.0,4799.25,neutral,-0.398,1.007,neutral,-0.8663,0.3675
2024-01-11,hvn,4811.5,4815.0,4813.0,neutral,0.6365,0.6033,neutral,-0.3698,1.001
2024-01-11,hvn,4826.25,4828.75,4827.5,upper,0.99,0.0398,upper,0.888,0.1965
2024-01-11,lvn,4783.75,4787.75,,,,,,,
2024-01-11,lvn,4792.25,4797.25,,,,,,,
2024-01-11,lvn,4801.25,4806.75,,,,,,,
2024-01-11,lvn,4818.25,4825.25,,,,,,,
2024-01-12,hvn,4813.5,4817.25,4816.0,neutral,-0.0113,0.5411,neutral,0.748,0.1294
2024-01-12,hvn,4828.75,4830.75,4830.0,upper,0.9728,0.0848,upper,0.9959,0.0161
2024-01-12,hvn,4833.25,4835.5,4834.5,upper,1.0,0.0,upper,1.0,0.0
2024-01-12,lvn,4822.5,4828.25,,,,,,,
2024-01-15,hvn,4810.75,4813.0,4811.75,neutral,-0.6621,0.1089,neutral,-0.7534,0.0917
2024-01-15,hvn,4816.75,4817.75,4817.25,upper,0.8916,0.1831,upper,0.8789,0.1846
2024-01-15,lvn,4813.75,4816.25,,,,,,,
2024-01-16,hvn,4790.0,4792.0,4791.0,lower,-0.8773,0.1953,lower,-0.9117,0.1288
2024-01-16,hvn,4797.5,4800.25,4798.5,neutral,0.1477,0.7213,neutral,0.2577,0.4915
2024-01-16,hvn,4808.5,4810.25,4809.5,upper,0.9707,0.0804,upper,0.9832,0.0462
2024-01-17,hvn,4764.5,4767.25,4765.75,neutral,-0.2229,0.6412,neutral,-0.8563,0.291
2024-01-18,hvn,4771.5,4775.0,4773.5,lower,-0.9893,0.0214,neutral,-0.7837,0.2536
2024-01-18,hvn,4783.75,4785.75,4784.75,neutral,-0.5389,0.8896,neutral,0.376,1.5033
2024-01-18,hvn,4790.75,4793.25,4791.75,neutral,0.2084,1.2815,neutral,0.7614,0.6116
2024-01-18,hvn,4803.0,4804.75,4803.75,neutral,0.8877,0.4282,upper,0.9628,0.2196
2024-01-18,hvn,4809.75,4811.75,4810.5,upper,0.9945,0.0247,upper,0.9988,0.0077
2024-01-18,lvn,4775.25,4778.25,,,,,,,
2024-01-18,lvn,4796.25,4799.75,,,,,,,
2024-01-19,hvn,4821.75,4823.25,4822.25,neutral,-0.933,0.3967,neutral,-0.548,1.7422
2024-01-19,hvn,4829.25,4831.25,4830.5,neutral,-0.687,1.1961,neutral,0.0049,2.9975
2024-01-19,hvn,4833.75,4835.75,4834.5,neutral,-0.4586,1.9828,neutral,0.2816,2.4148
2024-01-19,hvn,4842.75,4845.25,4844.0,neutral,0.0819,2.8391,neutral,0.6509,1.2848
2024-01-19,hvn,4866.75,4870.5,4868.25,upper,0.9932,0.0211,upper,0.9957,0.0201
2024-01-19,lvn,4847.25,4858.0,,,,,,,
2024-01-22,hvn,4879.75,4882.25,4881.75,lower,-0.9201,0.0554,neutral,-0.6626,0.1205
2024-01-22,hvn,4893.0,4895.0,4894.0,upper,0.9835,0.0288,upper,0.9974,0.0058
2024-01-22,lvn,4888.0,4892.5,,,,,,,
2024-01-23,hvn,4883.0,4885.75,4883.75,neutral,-0.2731,0.4664,neutral,0.132,0.3233
2024-01-23,hvn,4889.5,4890.75,4890.0,neutral,0.6854,0.6786,neutral,0.8805,0.28
2024-01-23,hvn,4894.0,4896.25,4895.0,upper,0.9621,0.0696,upper,0.9779,0.0482
2024-01-23,hvn,4900.75,4902.0,4901.25,upper,1.0,0.0,upper,1.0,0.0
2024-01-23,lvn,4897.25,4900.25,,,,,,,
2024-01-24,hvn,4898.5,4900.5,4899.5,lower,-0.9725,0.0923,lower,-0.9759,0.0633
2024-01-24,hvn,4908.75,4910.5,4909.5,neutral,-0.5483,1.031,neutral,-0.3701,0.9944
2024-01-24,hvn,4915.5,4917.75,4917.0,neutral,0.2215,1.1233,neutral,0.5961,0.5438
2024-01-24,hvn,4921.5,4923.25,4922.25,neutral,0.7945,0.4457,upper,0.9216,0.2035
2024-01-25,hvn,4898.25,4902.5,4901.0,lower,-0.994,0.0067,lower,-0.8702,0.0628
2024-01-25,hvn,4909.0,4910.25,4909.75,neutral,-0.3939,1.2364,neutral,0.5788,1.1443
2024-01-25,hvn,4915.0,4917.5,4916.0,neutral,0.6508,0.3465,upper,0.9329,0.1402
2024-01-26,hvn,4914.75,4917.25,4916.0,neutral,-0.5603,0.3418,neutral,0.363,0.5493
2024-01-26,hvn,4929.5,4930.75,4930.0,upper,0.9956,0.0157,upper,0.999,0.0053
2024-01-26,lvn,4922.5,4928.5,,,,,,,
2024-01-29,hvn,4903.75,4906.0,4905.0,lower,-1.0,0.0,lower,-1.0,0.0
2024-01-29,hvn,4919.75,4922.5,4921.0,neutral,-0.8179,0.3532,neutral,0.211,0.9255
2024-01-29,hvn,4928.5,4931.5,4929.75,neutral,-0.1164,1.6047,neutral,0.7539,0.4943
2024-01-29,hvn,4941.75,4943.25,4942.25,neutral,0.6953,1.3934,neutral,0.9495,0.3479
2024-01-29,hvn,4951.5,4955.0,4952.75,upper,1.0,0.0,upper,1.0,0.0
2024-01-29,lvn,4906.5,4909.75,,,,,,,
2024-01-29,lvn,4932.25,4938.25,,,,,,,
2024-01-30,hvn,4949.25,4950.75,4949.75,neutral,0.4405,0.3551,neutral,-0.0527,0.6815
2024-01-31,hvn,4868.75,4871.0,4870.25,lower,-0.9979,0.0135,lower,-0.9999,0.0009
2024-01-31,hvn,4884.75,4887.25,4886.25,neutral,-0.7621,0.9183,neutral,-0.9555,0.2854
2024-01-31,hvn,4904.25,4906.75,4905.75,neutral,0.1926,2.1293,neutral,-0.7441,0.896
2024-01-31,hvn,4909.5,4913.75,4911.0,neutral,0.5856,0.6468,neutral,-0.5546,0.7114
2024-01-31,hvn,4923.75,4926.5,4925.25,upper,0.9703,0.108,neutral,0.4774,0.84
2024-01-31,lvn,4879.75,4883.75,,,,,,,
2024-01-31,lvn,4890.75,4898.0,,,,,,,
2024-01-31,lvn,4917.5,4923.25,,,,,,,
2024-02-01,hvn,4887.5,4891.5,4889.5,neutral,-0.8345,0.2894,neutral,-0.3025,0.7873
2024-02-01,hvn,4901.25,4903.75,4902.75,neutral,-0.0258,2.566,neutral,0.5882,1.2691
2024-02-01,hvn,4909.75,4912.5,4910.0,neutral,0.4666,1.4791,neutral,0.8108,0.7122
2024-02-01,hvn,4923.5,4925.75,4924.25,neutral,0.8619,0.6736,neutral,0.9428,0.386
2024-02-01,hvn,4944.75,4948.5,4946.75,upper,0.9883,0.0622,upper,0.9951,0.0323
2024-02-01,hvn,4958.25,4960.5,4959.25,upper,1.0,0.0005,upper,1.0,0.0004
2024-02-01,lvn,4897.25,4901.0,,,,,,,
2024-02-01,lvn,4913.25,4919.75,,,,,,,
2024-02-01,lvn,4932.0,4937.75,,,,,,,
2024-02-01,lvn,4949.0,4957.25,,,,,,,
2024-02-02,hvn,4941.75,4945.75,4943.5,neutral,-0.8892,0.274,lower,-0.9429,0.1047
2024-02-02,hvn,4957.5,4959.5,4958.25,neutral,-0.2944,2.5826,neutral,-0.2578,1.3396
2024-02-02,hvn,4972.5,4975.75,4974.25,neutral,0.6264,0.8668,neutral,0.8197,0.4024
2024-02-02,hvn,4978.75,4981.0,4979.75,neutral,0.8276,0.6527,neutral,0.9237,0.3079
2024-02-02,hvn,4985.0,4989.5,4988.5,upper,0.9751,0.0591,upper,0.9881,0.0316
2024-02-02,lvn,4946.0,4953.25,,,,,,,
2024-02-02,lvn,4960.75,4971.5,,,,,,,
2024-02-02,lvn,4982.0,4984.75,,,,,,,
2024-02-05,hvn,4948.0,4950.25,4949.25,lower,-0.9341,0.169,lower,-0.9881,0.041
2024-02-05,hvn,4965.0,4969.0,4967.5,neutral,0.7648,0.1626,neutral,0.0986,0.3209
2024-02-05,lvn,4950.75,4957.5,,,,,,,
2024-02-06,hvn,4960.0,4963.75,4961.75,lower,-0.816,0.0691,neutral,-0.7843,0.0568
2024-02-06,hvn,4966.25,4967.25,4966.75,neutral,0.3744,1.0252,neutral,0.674,0.4218
2024-02-07,hvn,4971.75,4975.5,4973.75,lower,-0.9999,0.0005,lower,-0.9989,0.0018
2024-02-07,hvn,4994.0,4996.25,4995.0,neutral,-0.6899,0.7684,neutral,0.431,1.8587
2024-02-07,hvn,5005.5,5008.25,5007.5,neutral,0.351,0.8481,neutral,0.8814,0.4152
2024-02-07,hvn,5012.75,5016.25,5014.5,upper,0.9851,0.0181,upper,0.9973,0.0092
2024-02-07,lvn,4976.0,4988.0,,,,,,,
2024-02-07,lvn,4997.75,5003.25,,,,,,,
2024-02-08,hvn,5010.75,5013.25,5012.25,neutral,-0.0388,0.2053,neutral,0.1653,0.1395
2024-02-09,hvn,5022.25,5023.5,5022.75,lower,-0.931,0.2345,neutral,-0.1801,1.9999
2024-02-09,hvn,5025.25,5027.75,5026.75,neutral,-0.7722,0.3078,neutral,0.2591,1.008
2024-02-09,hvn,5041.5,5043.75,5042.5,upper,0.9793,0.0375,upper,0.9957,0.015
2024-02-09,lvn,5032.75,5039.25,,,,,,,
2024-02-12,hvn,5040.25,5042.25,5041.5,lower,-0.8942,0.1643,lower,-0.8254,0.1324
2024-02-12,hvn,5049.0,5052.5,5051.5,neutral,0.3115,0.6155,neutral,0.7074,0.2514
2024-02-12,hvn,5063.25,5065.5,5064.0,upper,0.9999,0.0002,upper,1.0,0.0001
2024-02-12,lvn,5046.25,5048.75,,,,,,,
2024-02-12,lvn,5052.75,5059.25,,,,,,,
2024-02-13,hvn,4940.25,4943.5,4941.75,lower,-0.9976,0.0104,lower,-0.9996,0.0038
2024-02-13,hvn,4949.5,4952.0,4951.0,neutral,-0.9364,0.2635,lower,-0.9903,0.1
2024-02-13,hvn,4955.25,4959.5,4956.75,neutral,-0.8243,0.341,lower,-0.9771,0.1272
2024-02-13,hvn,4969.5,4972.75,4971.25,neutral,-0.1516,1.4587,neutral,-0.9079,0.5174
2024-02-13,hvn,4979.0,4981.75,4980.0,neutral,0.4511,1.3136,neutral,-0.78,1.2723
2024-02-13,hvn,5019.25,5025.5,5023.5,upper,0.9892,0.0391,neutral,0.6604,0.5783
2024-02-13,hvn,5032.0,5034.5,5033.5,upper,0.999,0.0109,upper,0.9752,0.114
2024-02-13,lvn,4944.0,4948.25,,,,,,,
2024-02-13,lvn,4959.75,4963.0,,,,,,,
2024-02-13,lvn,4989.75,5019.0,,,,,,,
2024-02-13,lvn,5027.5,5031.5,,,,,,,
2024-02-14,hvn,4969.5,4973.0,4971.5,lower,-1.0,0.0,lower,-0.9999,0.0001
2024-02-14,hvn,4982.75,4986.25,4985.25,lower,-0.88,0.1706,neutral,-0.1216,1.0818
2024-02-14,hvn,4990.5,4992.25,4991.5,neutral,-0.4224,1.2125,neutral,0.4962,1.3454
2024-02-14,hvn,4995.0,5000.0,4996.25,neutral,0.2292,0.5229,upper,0.8014,0.2337
2024-02-14,hvn,5003.75,5007.5,5005.25,neutral,0.8039,0.2826,upper,0.9382,0.1495
2024-02-14,hvn,5017.25,5020.0,5018.25,upper,0.9995,0.0018,upper,0.9991,0.0048
2024-02-15,hvn,5021.5,5025.5,5024.25,lower,-0.9103,0.0823,neutral,-0.3174,0.4049
2024-02-15,hvn,5041.75,5043.75,5042.5,upper,0.9129,0.2213,upper,0.9673,0.1249
2024-02-15,hvn,5045.75,5047.25,5046.25,upper,0.9843,0.0645,upper,0.9898,0.0603
2024-02-15,lvn,5031.0,5037.25,,,,,,,
2024-02-16,hvn,5018.75,5021.0,5020.0,lower,-0.9842,0.047,lower,-0.9866,0.0623
2024-02-16,hvn,5029.25,5030.75,5029.75,neutral,-0.5658,1.1636,neutral,-0.8831,0.5005
2024-02-16,hvn,5035.75,5037.5,5036.25,neutral,0.1181,1.8155,neutral,-0.6568,0.8677
2024-02-16,hvn,5042.75,5047.25,5044.75,upper,0.8675,0.1308,neutral,0.2375,0.4105
2024-02-16,hvn,5051.75,5053.75,5052.75,upper,0.9922,0.0282,upper,0.9215,0.1543
2024-02-16,lvn,5049.5,5051.5,,,,,,,
2024-02-19,hvn,5023.75,5024.5,5024.0,neutral,-0.0287,0.5492,neutral,0.0813,0.3977
2024-02-20,hvn,4976.5,4978.25,4977.5,lower,-0.9733,0.0768,lower,-0.9945,0.0298
2024-02-20,hvn,4990.0,4993.25,4991.0,neutral,0.2722,0.6599,neutral,-0.6837,0.4859
2024-02-20,hvn,5000.75,5007.5,5003.0,upper,0.9741,0.0228,neutral,0.6308,0.1634
2024-02-20,lvn,4994.75,5000.5,,,,,,,
2024-02-21,hvn,4974.75,4978.5,4977.0,neutral,-0.529,0.3138,lower,-0.8383,0.1067
2024-02-21,hvn,4995.0,4997.25,4996.0,upper,0.9344,0.2114,upper,0.9384,0.1645
2024-02-21,hvn,5014.0,5016.5,5015.25,upper,0.9993,0.0042,upper,0.9997,0.002
2024-02-21,lvn,4986.5,4994.0,,,,,,,
2024-02-21,lvn,4999.0,5013.25,,,,,,,
2024-02-22,hvn,5031.75,5034.75,5033.0,lower,-0.9917,0.0539,lower,-0.933,0.2474
2024-02-22,hvn,5052.25,5056.25,5054.75,neutral,-0.8928,0.2934,neutral,-0.1181,1.9154
2024-02-22,hvn,5068.75,5072.5,5071.0,neutral,-0.3766,1.1329,neutral,0.5908,1.1526
2024-02-22,hvn,5096.5,5099.75,5098.25,upper,0.9741,0.0772,upper,0.9951,0.028
2024-02-22,lvn,5035.0,5048.75,,,,,,,
2024-02-22,lvn,5078.0,5094.25,,,,,,,
2024-02-23,hvn,5102.0,5103.75,5103.0,neutral,-0.6327,0.5058,neutral,0.1951,0.7087
2024-02-23,hvn,5117.5,5119.5,5118.5,upper,0.987,0.0321,upper,0.9982,0.0064
2024-02-23,lvn,5111.0,5116.75,,,,,,,
2024-02-26,hvn,5079.0,5080.5,5080.0,lower,-0.9987,0.0047,lower,-0.9966,0.013
2024-02-26,hvn,5084.25,5088.25,5087.5,lower,-0.8574,0.1109,lower,-0.9193,0.0598
2024-02-26,hvn,5090.5,5091.75,5091.25,neutral,-0.3232,1.3233,neutral,-0.5855,0.5608
2024-02-26,hvn,5095.0,5096.5,5095.25,neutral,0.4104,0.9752,neutral,0.4297,0.6269
2024-02-26,hvn,5101.0,5103.0,5101.5,upper,0.9468,0.1004,upper,0.9792,0.0338
2024-02-26,lvn,5081.0,5084.0,,,,,,,
2024-02-27,hvn,5077.0,5079.0,5078.25,neutral,-0.628,0.3066,neutral,-0.6922,0.2127
2024-02-27,hvn,5081.0,5082.0,5081.5,neutral,0.1826,1.2728,neutral,0.2605,1.0934
2024-02-27,hvn,5084.25,5085.5,5084.75,neutral,0.775,0.368,neutral,0.8274,0.282
2024-02-27,hvn,5088.5,5089.75,5089.0,upper,0.9887,0.0297,upper,0.9801,0.0546
2024-02-28,hvn,5074.5,5076.0,5075.25,neutral,-0.6363,0.3926,neutral,-0.7352,0.5128
2024-02-28,hvn,5084.5,5086.25,5085.25,upper,0.9827,0.0289,neutral,0.7689,0.3416
2024-02-29,hvn,5066.25,5068.75,5067.5,lower,-0.9974,0.0112,lower,-0.9926,0.0179
2024-02-29,hvn,5094.25,5096.25,5095.25,neutral,0.4082,0.8788,upper,0.9191,0.2474
2024-02-29,hvn,5098.75,5104.0,5100.25,upper,0.9195,0.0565,upper,0.9962,0.0058
2024-02-29,lvn,5069.25,5075.5,,,,,,,
2024-03-01,hvn,5103.0,5106.0,5105.0,lower,-0.9621,0.121,neutral,-0.8316,0.2978
2024-03-01,hvn,5108.75,5110.75,5109.75,neutral,-0.8632,0.5397,neutral,-0.4663,1.2234
2024-03-01,hvn,5114.25,5116.5,5115.25,neutral,-0.6504,1.0624,neutral,0.0113,2.2103
2024-03-01,hvn,5124.0,5126.5,5125.5,neutral,-0.027,2.3105,neutral,0.627,1.0591
2024-03-01,hvn,5135.25,5137.0,5136.0,neutral,0.6964,1.1064,neutral,0.9213,0.4421
2024-03-01,hvn,5143.5,5146.75,5145.0,upper,0.9984,0.004,upper,0.9996,0.0017
2024-03-01,lvn,5129.0,5132.5,,,,,,,
2024-03-04,hvn,5139.75,5140.75,5140.0,neutral,-0.5468,0.6163,neutral,-0.3914,0.4791
2024-03-04,hvn,5153.0,5155.75,5154.75,upper,0.9995,0.001,upper,0.9999,0.0003
2024-03-04,lvn,5146.5,5152.75,,,,,,,
2024-03-05,hvn,5070.5,5072.75,5071.5,lower,-0.9784,0.0985,lower,-0.9965,0.0289
2024-03-05,hvn,5084.25,5086.75,5085.5,neutral,-0.6495,0.8657,neutral,-0.9474,0.2804
2024-03-05,hvn,5092.25,5096.0,5093.5,neutral,-0.0876,1.3183,neutral,-0.846,0.4366
2024-03-05,hvn,5109.0,5113.0,5111.0,neutral,0.8363,0.3441,neutral,-0.168,1.4972
2024-03-05,hvn,5115.25,5117.5,5116.25,neutral,0.9307,0.3062,neutral,0.1668,2.3738
2024-03-05,lvn,5098.5,5108.5,,,,,,,
2024-03-06,hvn,5089.0,5091.25,5089.75,lower,-0.9972,0.0124,lower,-0.9516,0.1217
2024-03-06,hvn,5111.5,5113.5,5112.25,neutral,-0.1339,1.2317,neutral,0.7224,0.793
2024-03-06,hvn,5123.25,5126.25,5125.25,upper,0.9244,0.1298,upper,0.9786,0.0698
2024-03-06,hvn,5131.25,5132.75,5131.75,upper,0.9997,0.0014,upper,0.9999,0.0008
2024-03-06,lvn,5091.75,5097.75,,,,,,,
2024-03-07,hvn,5101.5,5104.0,5102.5,lower,-0.9888,0.0915,neutral,-0.9001,0.4165
2024-03-07,hvn,5121.5,5124.25,5123.0,neutral,-0.8693,0.6087,neutral,-0.0586,3.2781
2024-03-07,hvn,5141.5,5146.25,5144.0,neutral,-0.2629,0.9289,neutral,0.7329,0.6933
2024-03-07,hvn,5157.5,5160.0,5158.0,neutral,0.8512,0.313,upper,0.9778,0.1394
2024-03-07,lvn,5104.75,5120.5,,,,,,,
2024-03-07,lvn,5125.0,5130.75,,,,,,,
2024-03-08,hvn,5132.5,5136.75,5135.25,lower,-0.9613,0.0946,lower,-0.9865,0.0347
2024-03-08,hvn,5152.25,5155.75,5154.0,neutral,-0.2168,1.4937,neutral,-0.4334,0.7381
2024-03-08,hvn,5166.5,5169.75,5168.0,neutral,0.624,0.8684,neutral,0.766,0.3332
2024-03-08,hvn,5175.25,5177.5,5176.25,neutral,0.8698,0.5452,upper,0.9396,0.2063
2024-03-08,hvn,5182.0,5184.5,5183.5,upper,0.9722,0.1292,upper,0.9873,0.0531
2024-03-08,hvn,5186.75,5190.5,5187.75,upper,0.9995,0.0017,upper,0.9998,0.0007
2024-03-08,lvn,5139.0,5149.0,,,,,,,
2024-03-08,lvn,5160.0,5165.25,,,,,,,
2024-03-08,lvn,5178.0,5181.5,,,,,,,
2024-03-11,hvn,5169.25,5171.0,5170.0,neutral,-0.7905,0.4319,lower,-0.9637,0.112
2024-03-11,hvn,5177.25,5179.75,5178.5,neutral,0.2536,0.6873,neutral,-0.617,0.4034
2024-03-12,hvn,5180.25,5182.75,5181.75,lower,-1.0,0.0,lower,-1.0,0.0
2024-03-12,hvn,5187.75,5191.5,5189.75,lower,-0.9902,0.0344,lower,-0.9974,0.0059
2024-03-12,hvn,5196.25,5198.75,5198.0,neutral,-0.9288,0.2883,lower,-0.968,0.0665
2024-03-12,hvn,5205.0,5207.75,5206.75,neutral,-0.7271,0.7571,neutral,-0.3255,1.2083
2024-03-12,hvn,5225.75,5229.25,5228.0,neutral,0.5827,0.756,neutral,0.8459,0.4116
2024-03-12,hvn,5232.75,5236.75,5233.75,upper,0.8955,0.1975,upper,0.961,0.1132
2024-03-12,hvn,5240.0,5243.5,5241.25,upper,0.9969,0.0087,upper,0.9996,0.0018
2024-03-12,lvn,5191.75,5194.75,,,,,,,
2024-03-12,lvn,5212.0,5224.0,,,,,,,
2024-03-13,hvn,5232.75,5234.25,5233.75,neutral,-0.6873,0.3204,lower,-0.9764,0.0386
2024-03-13,hvn,5236.0,5238.0,5236.75,neutral,0.174,0.5075,neutral,-0.7895,0.1313
2024-03-13,hvn,5240.75,5242.75,5241.5,upper,0.951,0.0523,neutral,0.7027,0.1404
2024-03-14,hvn,5195.25,5197.75,5196.75,lower,-0.9936,0.0238,lower,-0.9987,0.0085
2024-03-14,hvn,5203.0,5206.25,5204.75,lower,-0.9032,0.1849,lower,-0.9842,0.0605
2024-03-14,hvn,5211.0,5213.75,5213.0,neutral,-0.5493,0.6923,lower,-0.9287,0.2435
2024-03-14,hvn,5216.75,5220.75,5218.0,neutral,0.0299,0.9562,neutral,-0.8087,0.3538
2024-03-14,hvn,5236.25,5240.5,5239.25,upper,0.9524,0.1041,neutral,0.6006,0.4066
2024-03-14,hvn,5248.0,5250.25,5249.0,upper,0.9998,0.0015,upper,0.998,0.0063
2024-03-14,lvn,5223.5,5236.0,,,,,,,
2024-03-14,lvn,5243.0,5247.5,,,,,,,
2024-03-15,hvn,5168.25,5170.5,5169.25,lower,-1.0,0.0,lower,-1.0,0.0
2024-03-15,hvn,5180.25,5184.25,5182.75,neutral,-0.7681,0.1934,lower,-0.9703,0.0809
2024-03-15,hvn,5215.75,5218.75,5217.0,upper,0.9801,0.0857,neutral,0.8257,0.3319
2024-03-15,lvn,5170.75,5172.75,,,,,,,
2024-03-15,lvn,5200.75,5211.75,,,,,,,
2024-03-18,hvn,5195.25,5198.0,5196.75,lower,-0.9846,0.0638,neutral,-0.7317,0.5754
2024-03-18,hvn,5214.0,5215.75,5214.75,neutral,-0.6954,0.766,neutral,0.5424,1.7293
2024-03-18,hvn,5224.5,5227.25,5225.5,neutral,0.499,0.5197,upper,0.9506,0.1593
2024-03-18,hvn,5230.25,5232.25,5231.0,upper,0.9088,0.1789,upper,0.9894,0.0568
2024-03-18,lvn,5202.75,5209.5,,,,,,,
2024-03-18,lvn,5216.0,5219.0,,,,,,,
2024-03-19,hvn,5200.5,5202.75,5201.0,neutral,-0.9264,0.2616,neutral,-0.868,0.2891
2024-03-19,hvn,5205.75,5210.0,5207.5,neutral,-0.721,0.4438,neutral,-0.5407,0.3558
2024-03-19,hvn,5214.0,5216.25,5215.0,neutral,-0.2532,2.1265,neutral,0.2474,1.4768
2024-03-19,hvn,5233.0,5235.5,5233.75,neutral,0.8816,0.3599,upper,0.9707,0.1158
2024-03-19,hvn,5239.5,5244.0,5241.0,upper,0.9999,0.0003,upper,1.0,0.0
2024-03-19,lvn,5210.75,5213.5,,,,,,,
2024-03-19,lvn,5216.75,5227.25,,,,,,,
2024-03-19,lvn,5236.5,5239.25,,,,,,,
2024-03-20,hvn,5236.0,5241.75,5239.5,lower,-0.9977,0.0035,lower,-0.9589,0.0175
2024-03-20,hvn,5254.25,5256.0,5255.25,neutral,-0.253,3.0569,neutral,0.6368,1.5134
2024-03-20,hvn,5274.0,5276.25,5275.5,neutral,0.7514,1.0203,neutral,0.9365,0.412
2024-03-20,hvn,5280.75,5282.5,5282.0,neutral,0.9164,0.4972,neutral,0.9704,0.2822
2024-03-20,hvn,5293.75,5296.0,5295.0,upper,0.9999,0.0008,upper,0.9999,0.0005
2024-03-20,lvn,5260.25,5272.75,,,,,,,
2024-03-20,lvn,5290.5,5293.5,,,,,,,
2024-03-21,hvn,5304.75,5306.75,5305.75,lower,-0.9045,0.1202,neutral,-0.5219,0.4222
2024-03-21,hvn,5311.0,5312.25,5311.5,neutral,0.0188,1.3788,neutral,0.628,0.6141
2024-03-21,hvn,5314.5,5316.0,5315.25,neutral,0.7214,0.3746,upper,0.918,0.165
2024-03-21,hvn,5318.25,5320.25,5319.0,upper,0.9951,0.0075,upper,0.9984,0.0036
2024-03-22,hvn,5294.5,5296.0,5295.25,neutral,-0.6798,0.3199,lower,-0.9178,0.1696
2024-03-22,hvn,5299.25,5300.5,5300.0,neutral,0.4932,0.5899,neutral,-0.4856,0.8251
2024-03-25,hvn,5277.0,5278.25,5277.75,lower,-0.9645,0.0535,lower,-0.9745,0.0626
2024-03-25,hvn,5282.75,5285.75,5283.75,neutral,0.5542,0.1535,neutral,-0.2678,0.3311
2024-03-26,hvn,5264.0,5266.75,5265.0,lower,-0.9993,0.0018,lower,-1.0,0.0001
2024-03-26,hvn,5268.75,5270.25,5269.75,lower,-0.9511,0.1924,lower,-0.9985,0.0072
2024-03-26,hvn,5275.25,5277.25,5276.25,neutral,-0.6621,0.7351,lower,-0.9606,0.0948
2024-03-26,hvn,5285.75,5288.25,5287.75,neutral,0.6373,0.3902,neutral,-0.2016,0.482
2024-03-26,hvn,5296.5,5299.5,5297.75,upper,0.9998,0.0003,upper,0.9992,0.0011
2024-03-26,lvn,5267.0,5268.5,,,,,,,
2024-03-26,lvn,5273.25,5275.0,,,,,,,
2024-03-26,lvn,5277.75,5283.0,,,,,,,
2024-03-27,hvn,5274.0,5275.75,5275.25,lower,-0.988,0.0363,lower,-0.9743,0.0399
2024-03-27,hvn,5289.75,5292.5,5291.0,neutral,0.2858,1.2462,neutral,0.8097,0.322
2024-03-27,hvn,5298.5,5300.0,5299.5,neutral,0.7599,1.011,neutral,0.9406,0.3038
2024-03-27,hvn,5308.5,5310.0,5309.25,upper,0.9922,0.0472,upper,0.9954,0.0358
2024-03-27,lvn,5286.25,5289.5,,,,,,,
2024-03-27,lvn,5293.75,5297.5,,,,,,,
2024-03-28,hvn,5305.75,5307.25,5306.5,lower,-0.8881,0.1051,neutral,-0.3585,0.3218
2024-03-28,hvn,5308.75,5310.0,5309.5,neutral,-0.1466,0.7742,neutral,0.6487,0.3471
2024-04-01,hvn,5292.5,5295.0,5293.75,neutral,-0.7999,0.3072,lower,-0.9649,0.1411
2024-04-01,hvn,5302.5,5304.5,5303.5,neutral,0.2363,1.7025,neutral,-0.6699,1.3057
2024-04-01,hvn,5313.0,5316.25,5314.0,neutral,0.8648,0.2813,neutral,-0.0597,1.7306
2024-04-01,hvn,5326.5,5329.5,5328.0,upper,0.9987,0.005,upper,0.9894,0.0187
2024-04-01,lvn,5304.75,5307.5,,,,,,,
2024-04-01,lvn,5317.25,5325.5,,,,,,,
2024-04-02,hvn,5240.75,5244.75,5243.75,lower,-0.973,0.0314,lower,-0.9983,0.0061
2024-04-02,hvn,5258.5,5261.75,5260.0,neutral,0.4829,0.8232,neutral,-0.6769,0.9111
2024-04-02,hvn,5287.75,5291.75,5289.25,upper,0.999,0.0039,upper,0.9935,0.0111
2024-04-02,lvn,5252.5,5258.25,,,,,,,
2024-04-02,lvn,5263.5,5286.75,,,,,,,
2024-04-03,hvn,5252.75,5255.75,5254.5,lower,-0.9449,0.0959,neutral,-0.7935,0.1976
2024-04-03,hvn,5264.75,5267.25,5266.25,neutral,0.0207,1.2423,neutral,0.6176,0.6831
2024-04-03,hvn,5269.5,5271.25,5270.5,neutral,0.575,0.7757,neutral,0.854,0.4496
2024-04-03,hvn,5274.0,5276.5,5275.25,upper,0.9553,0.0714,upper,0.9837,0.0448
2024-04-03,lvn,5257.25,5264.0,,,,,,,
2024-04-04,hvn,5196.0,5199.0,5198.0,lower,-0.9994,0.005,lower,-0.9996,0.0051
2024-04-04,hvn,5223.0,5225.5,5223.75,neutral,-0.7548,1.7856,neutral,-0.9382,0.6033
2024-04-04,hvn,5236.25,5240.0,5238.0,neutral,-0.4682,2.3405,neutral,-0.8634,0.7135
2024-04-04,hvn,5258.5,5261.5,5261.25,neutral,0.1454,4.4888,neutral,-0.5812,1.6113
2024-04-04,hvn,5280.75,5285.5,5282.75,neutral,0.7509,0.9084,neutral,0.4915,0.6642
2024-04-04,hvn,5296.0,5299.25,5298.0,upper,0.9724,0.1687,upper,0.9595,0.1245
2024-04-04,lvn,5209.0,5214.75,,,,,,,
2024-04-04,lvn,5226.5,5233.5,,,,,,,
2024-04-04,lvn,5247.5,5257.75,,,,,,,
2024-04-04,lvn,5265.0,5270.75,,,,,,,
2024-04-04,lvn,5286.0,5292.25,,,,,,,
2024-04-05,hvn,5209.0,5211.5,5210.75,lower,-0.9674,0.1587,neutral,-0.663,0.8996
2024-04-05,hvn,5225.5,5227.25,5226.25,neutral,-0.5575,2.0964,neutral,0.295,3.5179
2024-04-05,hvn,5249.75,5255.0,5251.75,upper,0.839,0.2438,upper,0.9592,0.1175
2024-04-05,hvn,5262.75,5266.75,5263.75,upper,0.9974,0.0079,upper,0.9996,0.0022
2024-04-05,lvn,5230.25,5238.5,,,,,,,
2024-04-08,hvn,5253.5,5254.75,5254.25,neutral,-0.4705,0.6138,neutral,0.0514,1.1692
2024-04-08,hvn,5263.5,5265.5,5264.5,upper,0.9919,0.0138,upper,0.9972,0.0059
2024-04-09,hvn,5210.0,5212.5,5211.75,lower,-1.0,0.0,lower,-1.0,0.0
2024-04-09,hvn,5223.75,5226.25,5225.25,neutral,-0.9008,0.3403,lower,-0.988,0.0556
2024-04-09,hvn,5232.25,5235.25,5234.0,neutral,-0.6145,0.8315,lower,-0.9341,0.1774
2024-04-09,hvn,5244.5,5247.0,5245.5,neutral,0.1943,1.9844,neutral,-0.4883,0.931
2024-04-09,hvn,5254.5,5257.5,5256.0,neutral,0.7738,0.5547,neutral,0.6517,0.3454
2024-04-09,hvn,5266.25,5268.0,5267.0,upper,0.9873,0.0752,upper,0.9937,0.0234
2024-04-09,lvn,5258.5,5264.25,,,,,,,
2024-04-10,hvn,5195.75,5200.0,5198.25,neutral,-0.7414,0.2465,lower,-0.9807,0.09
2024-04-10,hvn,5262.0,5267.25,5265.0,upper,0.9991,0.0049,upper,0.9951,0.0102
2024-04-10,lvn,5220.5,5261.5,,,,,,,
2024-04-11,hvn,5196.75,5199.5,5198.0,neutral,-0.8867,0.3917,neutral,-0.8196,0.376
2024-04-11,hvn,5204.5,5207.25,5206.0,neutral,-0.6288,1.092,neutral,-0.3035,1.2943
2024-04-11,hvn,5211.5,5216.25,5213.0,neutral,-0.2321,1.2415,neutral,0.2521,1.0178
2024-04-11,hvn,5230.25,5232.25,5231.0,neutral,0.6044,1.9643,neutral,0.8203,1.0444
2024-04-11,hvn,5242.0,5244.25,5243.0,neutral,0.9152,0.4636,upper,0.9642,0.2462
2024-04-11,hvn,5249.5,5252.75,5251.25,upper,0.9951,0.0226,upper,0.9979,0.0121
2024-04-11,lvn,5220.75,5227.0,,,,,,,
2024-04-11,lvn,5244.5,5248.5,,,,,,,
2024-04-12,hvn,5156.5,5158.75,5157.75,lower,-0.9894,0.0587,lower,-0.9979,0.0252
2024-04-12,hvn,5164.0,5170.0,5167.75,lower,-0.8848,0.1871,lower,-0.9806,0.0784
2024-04-12,hvn,5184.25,5190.25,5187.75,neutral,0.0489,1.386,neutral,-0.7898,0.6367
2024-04-12,hvn,5198.5,5200.75,5199.75,neutral,0.5698,1.9601,neutral,-0.5568,2.9844
2024-04-12,hvn,5208.5,5212.0,5210.0,neutral,0.8215,0.6623,neutral,-0.2751,2.8283
2024-04-12,hvn,5243.75,5247.0,5245.25,upper,0.9999,0.0004,upper,0.9993,0.0024
2024-04-12,lvn,5172.0,5183.5,,,,,,,
2024-04-12,lvn,5214.5,5243.0,,,,,,,
2024-04-15,hvn,5102.5,5105.0,5104.0,lower,-0.9932,0.0614,lower,-0.9947,0.0659
2024-04-15,hvn,5116.5,5119.75,5118.25,neutral,-0.8581,0.8338,neutral,-0.9479,0.4243
2024-04-15,hvn,5137.25,5140.0,5138.75,neutral,-0.4109,3.6184,neutral,-0.7865,1.5289
2024-04-15,hvn,5154.75,5158.5,5157.0,neutral,0.0831,3.8722,neutral,-0.5124,1.8455
2024-04-15,hvn,5178.25,5180.75,5180.0,neutral,0.7122,1.8454,neutral,0.3537,2.1321
2024-04-15,hvn,5190.75,5196.25,5192.0,neutral,0.9267,0.2584,upper,0.9183,0.1405
2024-04-15,hvn,5206.25,5210.75,5208.25,upper,0.9998,0.0013,upper,0.9997,0.001
2024-04-15,lvn,5127.25,5137.0,,,,,,,
2024-04-15,lvn,5141.0,5153.0,,,,,,,
2024-04-15,lvn,5161.0,5168.5,,,,,,,
2024-04-15,lvn,5196.5,5203.5,,,,,,,
2024-04-16,hvn,5099.25,5100.75,5099.75,neutral,0.1021,1.482,neutral,0.0547,1.313
2024-04-16,hvn,5109.25,5111.0,5110.0,upper,0.9355,0.1731,upper,0.9472,0.1344
2024-04-17,hvn,5059.25,5061.75,5060.75,lower,-0.9735,0.099,lower,-0.9955,0.0263
2024-04-17,hvn,5066.25,5068.5,5067.5,neutral,-0.8184,0.6038,lower,-0.9556,0.235
2024-04-17,hvn,5071.0,5075.5,5071.75,neutral,-0.5672,0.6439,neutral,-0.8852,0.2573
2024-04-17,hvn,5097.5,5100.0,5098.0,neutral,0.7937,0.7817,neutral,0.4551,1.1375
2024-04-17,hvn,5112.5,5116.75,5114.25,upper,0.9987,0.0046,upper,0.9984,0.0034
2024-04-18,hvn,5047.0,5050.25,5048.75,lower,-0.9724,0.0582,lower,-0.9909,0.0253
2024-04-18,hvn,5063.5,5065.75,5064.25,neutral,0.0324,2.197,neutral,-0.4615,0.9821
2024-04-18,hvn,5069.5,5074.0,5071.75,neutral,0.593,0.4954,neutral,0.3767,0.4094
2024-04-19,hvn,4978.0,4982.75,4980.75,lower,-0.995,0.0186,lower,-0.9949,0.0198
2024-04-19,hvn,5001.25,5005.25,5003.5,neutral,-0.8302,0.3713,neutral,-0.8276,0.4058
2024-04-19,hvn,5023.25,5026.0,5024.5,neutral,0.3058,1.7797,neutral,0.2402,1.8341
2024-04-19,hvn,5029.25,5032.75,5030.75,neutral,0.6429,0.785,neutral,0.5972,0.8276
2024-04-19,hvn,5043.75,5046.25,5044.5,upper,0.9727,0.1232,upper,0.9719,0.1205
2024-04-19,lvn,5009.5,5019.75,,,,,,,
2024-04-22,hvn,5011.75,5013.5,5012.75,lower,-0.9932,0.0402,lower,-0.9961,0.0145
2024-04-22,hvn,5016.25,5019.25,5018.0,lower,-0.9563,0.1269,lower,-0.9468,0.0834
2024-04-22,hvn,5029.75,5033.75,5030.75,neutral,-0.3969,0.9271,neutral,0.2515,0.8691
2024-04-22,hvn,5046.5,5049.0,5047.5,neutral,0.6077,1.2031,neutral,0.8707,0.4963
2024-04-22,hvn,5052.5,5054.75,5053.75,neutral,0.7996,0.8005,neutral,0.9349,0.3385
2024-04-22,hvn,5061.5,5063.5,5062.75,neutral,0.9541,0.2645,upper,0.9839,0.1205
2024-04-22,hvn,5069.0,5071.0,5069.75,upper,0.9946,0.0386,upper,0.9973,0.024
2024-04-22,hvn,5073.75,5076.25,5074.75,upper,1.0,0.0,upper,1.0,0.0
2024-04-22,lvn,5034.5,5042.0,,,,,,,
2024-04-22,lvn,5056.25,5060.75,,,,,,,
2024-04-23,hvn,5051.0,5054.0,5052.5,lower,-0.9876,0.0714,neutral,-0.8029,0.5634
2024-04-23,hvn,5067.75,5070.25,5068.75,neutral,-0.8458,0.6952,neutral,0.0438,3.7621
2024-04-23,hvn,5080.75,5083.5,5082.25,neutral,-0.4658,1.5381,neutral,0.5299,2.0655
2024-04-23,hvn,5104.75,5108.0,5106.25,upper,0.972,0.0597,upper,0.9868,0.0715
2024-04-23,lvn,5054.5,5063.5,,,,,,,
2024-04-23,lvn,5070.75,5079.5,,,,,,,
2024-04-23,lvn,5087.75,5093.75,,,,,,,
2024-04-24,hvn,5087.75,5090.0,5089.0,lower,-0.9605,0.1229,lower,-0.974,0.1198
2024-04-24,hvn,5093.75,5096.75,5095.5,neutral,-0.7885,0.358,lower,-0.9095,0.2436
2024-04-24,hvn,5102.0,5103.5,5102.75,neutral,-0.2092,2.0226,neutral,-0.7022,1.1051
2024-04-24,hvn,5111.5,5115.25,5112.5,upper,0.8336,0.1898,neutral,0.1884,0.6997
2024-04-24,hvn,5118.25,5121.25,5119.5,upper,0.9883,0.0248,upper,0.8368,0.1991
2024-04-25,hvn,5035.25,5039.75,5038.0,lower,-0.9464,0.1265,lower,-0.9913,0.0293
2024-04-25,hvn,5048.5,5053.5,5050.5,neutral,-0.4837,0.8963,neutral,-0.8671,0.2693
2024-04-25,hvn,5057.75,5061.25,5059.75,neutral,-0.036,2.3849,neutral,-0.6484,0.764
2024-04-25,hvn,5065.25,5070.0,5067.25,neutral,0.3699,1.1896,neutral,-0.2137,0.8557
2024-04-25,hvn,5080.0,5083.5,5081.5,neutral,0.8042,0.6613,neutral,0.7046,0.5006
2024-04-25,hvn,5123.5,5128.0,5126.0,upper,0.9996,0.0029,upper,0.9988,0.0065
2024-04-25,lvn,5053.75,5057.25,,,,,,,
2024-04-25,lvn,5091.0,5123.0,,,,,,,
2024-04-26,hvn,5119.75,5121.25,5120.25,neutral,-0.8459,0.4751,neutral,-0.8307,0.2906
2024-04-26,hvn,5133.25,5135.0,5134.0,neutral,0.567,0.7117,neutral,0.8264,0.4008
2024-04-29,hvn,5143.75,5146.0,5145.0,neutral,0.5688,0.3483,neutral,0.7047,0.132
2024-04-30,hvn,5065.0,5068.0,5066.75,lower,-0.9867,0.078,lower,-0.991,0.085
2024-04-30,hvn,5094.0,5096.25,5095.0,neutral,-0.453,2.3566,neutral,-0.9043,0.6864
2024-04-30,hvn,5110.5,5115.25,5111.5,neutral,0.359,1.2607,neutral,-0.622,0.874
2024-04-30,hvn,5127.0,5129.5,5128.75,neutral,0.8672,0.6214,neutral,0.0152,3.0051
2024-04-30,hvn,5135.5,5139.25,5137.25,upper,0.989,0.0424,neutral,0.7137,0.4663
2024-04-30,lvn,5071.75,5088.75,,,,,,,
2024-04-30,lvn,5115.5,5124.5,,,,,,,
2024-05-01,hvn,5048.25,5054.0,5051.25,lower,-0.9686,0.0467,lower,-0.8066,0.0926
2024-05-01,hvn,5069.75,5075.25,5072.5,neutral,0.0878,1.5256,neutral,0.8168,0.2519
2024-05-01,hvn,5112.5,5118.25,5114.75,upper,0.9975,0.0089,upper,0.9997,0.0014
2024-05-01,lvn,5064.75,5069.5,,,,,,,
2024-05-01,lvn,5075.75,5099.25,,,,,,,
2024-05-02,hvn,5048.5,5051.5,5050.0,lower,-0.9859,0.0479,lower,-0.9985,0.0052
2024-05-02,hvn,5058.5,5065.0,5061.0,lower,-0.8179,0.16,lower,-0.9633,0.0271
2024-05-02,hvn,5076.25,5080.75,5080.0,neutral,0.4365,0.6601,neutral,0.5067,0.3589
2024-05-02,hvn,5083.25,5086.5,5084.25,neutral,0.7794,0.439,neutral,0.8407,0.2598
2024-05-02,hvn,5090.5,5093.0,5092.0,upper,0.9481,0.1749,upper,0.9547,0.1434
2024-05-02,lvn,5071.75,5076.0,,,,,,,
2024-05-03,hvn,5104.25,5106.25,5106.0,lower,-0.9989,0.0092,lower,-0.9841,0.0613
2024-05-03,hvn,5133.25,5136.25,5135.25,neutral,-0.6861,0.5966,neutral,0.51,1.6547
2024-05-03,hvn,5147.25,5149.75,5148.25,neutral,0.4823,0.7812,neutral,0.8955,0.5241
2024-05-03,hvn,5153.75,5156.25,5154.75,upper,0.9399,0.1147,upper,0.9785,0.1237
2024-05-03,lvn,5112.0,5128.0,,,,,,,
2024-05-06,hvn,5157.75,5160.75,5159.75,lower,-0.9997,0.0011,lower,-0.9972,0.0052
2024-05-06,hvn,5175.25,5177.25,5176.25,neutral,-0.8166,0.4939,neutral,0.3059,1.8384
2024-05-06,hvn,5182.25,5185.75,5183.75,neutral,-0.3538,0.6322,neutral,0.7564,0.4623
2024-05-06,hvn,5194.5,5197.75,5195.25,neutral,0.7711,0.347,upper,0.9703,0.0977
2024-05-06,hvn,5206.0,5207.75,5206.25,upper,1.0,0.0,upper,1.0,0.0
2024-05-06,lvn,5163.5,5171.75,,,,,,,
2024-05-06,lvn,5177.5,5179.75,,,,,,,
2024-05-06,lvn,5198.0,5203.0,,,,,,,
2024-05-07,hvn,5214.0,5215.25,5214.25,neutral,-0.1328,0.963,neutral,0.6844,0.5821
2024-05-07,hvn,5221.25,5223.0,5222.0,upper,0.9861,0.0219,upper,0.996,0.0109
2024-05-08,hvn,5192.25,5194.75,5194.25,lower,-0.9982,0.0041,lower,-0.9993,0.0019
2024-05-08,hvn,5202.5,5204.25,5203.5,neutral,-0.673,0.4505,neutral,-0.8465,0.2724
2024-05-08,hvn,5207.75,5209.5,5208.75,neutral,0.272,0.6745,neutral,-0.2969,0.627
2024-05-08,hvn,5212.25,5214.0,5212.75,upper,0.9451,0.0696,upper,0.8949,0.0751
2024-05-08,lvn,5198.5,5200.75,,,,,,,
2024-05-09,hvn,5209.75,5212.25,5211.75,lower,-0.9188,0.2019,neutral,-0.4296,0.831
2024-05-09,hvn,5226.5,5232.0,5229.5,neutral,0.626,0.2169,upper,0.9094,0.1147
2024-05-09,hvn,5234.5,5236.75,5235.75,upper,0.9451,0.1195,upper,0.977,0.0957
2024-05-09,lvn,5216.25,5222.5,,,,,,,
2024-05-10,hvn,5237.75,5241.75,5241.0,lower,-0.9812,0.0127,lower,-0.9944,0.0034
2024-05-10,hvn,5243.75,5245.75,5244.75,neutral,-0.4502,0.5604,neutral,-0.5449,0.3816
2024-05-10,hvn,5260.5,5262.0,5261.0,upper,0.9995,0.002,upper,0.9999,0.0005
2024-05-13,hvn,5242.75,5246.0,5244.5,lower,-0.8453,0.0719,lower,-0.9446,0.0282
2024-05-13,hvn,5248.5,5250.0,5249.25,neutral,0.3037,0.7114,neutral,0.1888,0.804
2024-05-14,hvn,5234.5,5237.0,5235.5,lower,-0.9904,0.029,lower,-0.999,0.002
2024-05-14,hvn,5245.75,5248.75,5247.0,neutral,-0.7699,0.2604,neutral,-0.3977,0.3349
2024-05-14,hvn,5257.25,5259.25,5258.0,neutral,0.4635,1.1005,neutral,0.8246,0.4376
2024-05-14,hvn,5267.75,5270.25,5269.0,upper,0.9831,0.0454,upper,0.9972,0.01
2024-05-14,lvn,5237.25,5239.5,,,,,,,
2024-05-14,lvn,5259.5,5266.0,,,,,,,
2024-05-15,hvn,5270.0,5273.0,5271.5,lower,-0.9993,0.0041,lower,-0.9947,0.0129
2024-05-15,hvn,5297.75,5300.75,5298.75,neutral,-0.6541,0.8174,neutral,0.4798,1.7451
2024-05-15,hvn,5305.0,5307.75,5306.5,neutral,-0.2378,1.7565,neutral,0.701,1.2479
2024-05-15,hvn,5312.5,5316.25,5314.75,neutral,0.3378,1.0705,neutral,0.8812,0.4239
2024-05-15,hvn,5326.25,5329.5,5327.0,upper,0.959,0.1028,upper,0.9988,0.0066
2024-05-15,hvn,5332.25,5334.0,5332.75,upper,0.9965,0.0199,upper,0.9999,0.0016
2024-05-15,lvn,5273.5,5288.0,,,,,,,
2024-05-15,lvn,5302.25,5304.75,,,,,,,
2024-05-15,lvn,5308.0,5311.25,,,,,,,
2024-05-15,lvn,5316.75,5321.0,,,,,,,
2024-05-16,hvn,5319.5,5321.0,5319.75,lower,-0.9916,0.0317,lower,-0.9885,0.0508
2024-05-16,hvn,5332.5,5335.5,5334.25,neutral,0.0026,0.6321,neutral,-0.4264,0.2879
2024-05-16,hvn,5339.25,5341.0,5340.0,upper,0.8682,0.2049,upper,0.9043,0.0864
2024-05-16,lvn,5321.25,5323.25,,,,,,,
2024-05-17,hvn,5311.25,5313.0,5312.25,lower,-0.9833,0.0302,lower,-0.998,0.0035
2024-05-17,hvn,5319.25,5321.25,5320.0,neutral,0.0687,0.4415,neutral,-0.0554,0.2541
2024-05-17,hvn,5323.5,5325.0,5324.0,upper,0.9342,0.0704,upper,0.9498,0.0487
2024-05-20,hvn,5332.75,5336.0,5333.75,neutral,-0.6807,0.1631,neutral,-0.5671,0.0924
2024-05-20,hvn,5342.5,5345.0,5343.75,upper,0.9706,0.0316,upper,0.9914,0.0119
2024-05-20,lvn,5336.25,5341.0,,,,,,,
2024-05-21,hvn,5326.25,5328.0,5327.25,lower,-0.9716,0.0496,lower,-0.9913,0.0113
2024-05-21,hvn,5332.75,5333.75,5333.5,neutral,-0.3148,1.1777,neutral,-0.0704,0.7249
2024-05-21,hvn,5344.25,5346.5,5345.25,upper,0.9998,0.0004,upper,1.0,0.0
2024-05-21,lvn,5338.5,5343.75,,,,,,,
2024-05-22,hvn,5308.75,5311.25,5310.5,lower,-1.0,0.0001,lower,-1.0,0.0
2024-05-22,hvn,5313.75,5319.0,5316.25,lower,-0.961,0.0435,lower,-0.9949,0.0097
2024-05-22,hvn,5328.0,5330.0,5328.75,neutral,-0.1043,1.6961,neutral,-0.844,0.3994
2024-05-22,hvn,5340.0,5342.75,5341.25,upper,0.9808,0.0337,neutral,0.4229,0.4075
2024-05-22,lvn,5319.25,5323.0,,,,,,,
2024-05-22,lvn,5331.25,5335.75,,,,,,,
2024-05-23,hvn,5281.5,5287.25,5284.75,lower,-0.9805,0.0509,lower,-0.9957,0.0187
2024-05-23,hvn,5302.25,5304.5,5303.25,neutral,-0.5184,2.4598,neutral,-0.8777,0.9713
2024-05-23,hvn,5330.5,5332.5,5331.5,neutral,0.6289,1.8632,neutral,-0.334,3.1214
2024-05-23,hvn,5345.5,5348.0,5346.25,neutral,0.9289,0.4002,neutral,0.4447,1.7136
2024-05-23,hvn,5354.25,5357.5,5356.25,upper,0.986,0.0757,neutral,0.8997,0.2564
2024-05-23,lvn,5294.75,5301.75,,,,,,,
2024-05-23,lvn,5305.0,5316.25,,,,,,,
2024-05-23,lvn,5348.5,5353.75,,,,,,,
2024-05-24,hvn,5303.75,5306.0,5305.0,neutral,-0.7362,0.5464,neutral,0.2424,1.626
2024-05-24,hvn,5320.5,5322.25,5321.25,upper,0.9035,0.2088,upper,0.9821,0.0858
2024-05-24,lvn,5306.75,5315.25,,,,,,,
2024-05-27,hvn,5315.75,5317.0,5316.5,lower,-0.9885,0.0203,lower,-0.9936,0.0077
2024-05-27,hvn,5319.5,5321.0,5320.25,neutral,-0.6384,0.2962,neutral,-0.2257,0.4377
2024-05-27,hvn,5326.75,5328.0,5327.5,neutral,0.8392,0.2967,upper,0.9266,0.1632
2024-05-27,lvn,5325.25,5326.5,,,,,,,
2024-05-28,hvn,5300.5,5302.75,5301.5,lower,-0.9966,0.0118,lower,-0.9995,0.0023
2024-05-28,hvn,5308.0,5310.0,5309.25,lower,-0.9128,0.2206,lower,-0.9857,0.0522
2024-05-28,hvn,5312.25,5314.5,5313.5,neutral,-0.74,0.433,lower,-0.9568,0.1067
2024-05-28,hvn,5324.25,5326.0,5325.0,neutral,0.7623,0.3526,neutral,-0.2032,0.7525
2024-05-28,hvn,5335.75,5338.25,5337.0,upper,1.0,0.0001,upper,0.9999,0.0002
2024-05-28,lvn,5332.25,5335.5,,,,,,,
2024-05-29,hvn,5281.0,5283.25,5282.5,lower,-0.9577,0.061,lower,-0.9748,0.083
2024-05-29,hvn,5286.5,5289.25,5288.25,neutral,-0.4684,0.3342,lower,-0.8967,0.1991
2024-05-29,hvn,5293.5,5296.0,5294.0,neutral,0.7265,0.2626,neutral,-0.5057,0.7928
2024-05-30,hvn,5243.75,5245.25,5244.5,lower,-0.9962,0.0182,lower,-0.9996,0.0019
2024-05-30,hvn,5249.75,5251.75,5251.0,lower,-0.9393,0.1473,lower,-0.975,0.058
2024-05-30,hvn,5257.75,5259.75,5259.0,neutral,-0.4216,0.8133,neutral,-0.5508,0.4924
2024-05-30,hvn,5262.75,5266.0,5265.0,neutral,0.49,0.3527,neutral,0.5559,0.235
2024-05-30,hvn,5267.75,5269.25,5268.0,upper,0.8895,0.2184,upper,0.9137,0.1601
2024-05-31,hvn,5214.25,5216.5,5215.5,lower,-0.9912,0.0607,lower,-0.9952,0.0264
2024-05-31,hvn,5229.0,5231.25,5229.75,neutral,-0.8257,0.8414,neutral,-0.8574,0.4247
2024-05-31,hvn,5241.25,5244.75,5243.0,neutral,-0.3592,1.793,neutral,-0.0955,0.9709
2024-05-31,hvn,5257.0,5262.0,5259.75,neutral,0.3491,1.4324,neutral,0.7719,0.3843
2024-05-31,hvn,5266.5,5269.75,5268.0,neutral,0.608,1.5389,neutral,0.8925,0.3931
2024-05-31,hvn,5287.0,5290.25,5288.75,neutral,0.9396,0.3387,upper,0.9824,0.1107
2024-05-31,hvn,5294.0,5298.5,5296.5,upper,0.9954,0.0215,upper,0.9979,0.0112
2024-05-31,lvn,5271.75,5281.25,,,,,,,
2024-06-03,hvn,5259.0,5262.0,5260.25,lower,-0.9802,0.0775,lower,-0.9963,0.0207
2024-06-03,hvn,5278.75,5286.25,5281.75,neutral,-0.3271,0.4901,lower,-0.8296,0.1723
2024-06-03,hvn,5297.75,5300.25,5299.5,neutral,0.7925,0.5614,neutral,0.166,1.382
2024-06-03,hvn,5307.75,5310.0,5308.75,upper,0.9974,0.0108,upper,0.9955,0.0091
2024-06-03,lvn,5262.5,5271.0,,,,,,,
2024-06-03,lvn,5286.5,5296.0,,,,,,,
2024-06-04,hvn,5283.25,5288.25,5284.75,neutral,-0.3638,0.3836,neutral,-0.3875,0.4938
2024-06-04,hvn,5303.25,5305.5,5304.25,upper,0.9797,0.0627,upper,0.9888,0.031
2024-06-04,lvn,5294.75,5302.5,,,,,,,
2024-06-05,hvn,5311.75,5314.5,5313.5,lower,-0.9899,0.0392,lower,-0.8748,0.2405
2024-06-05,hvn,5319.75,5322.5,5321.25,neutral,-0.8667,0.4018,neutral,-0.2221,1.6569
2024-06-05,hvn,5326.0,5329.75,5327.5,neutral,-0.5959,0.7824,neutral,0.235,1.4275
2024-06-05,hvn,5338.25,5341.25,5340.0,neutral,0.1433,1.9761,neutral,0.7284,0.8831
2024-06-05,hvn,5345.25,5349.25,5348.0,neutral,0.5684,0.813,neutral,0.8861,0.338
2024-06-05,hvn,5357.5,5360.25,5359.0,upper,0.9419,0.2106,upper,0.9853,0.085
2024-06-05,hvn,5363.5,5366.75,5365.0,upper,0.9999,0.0002,upper,0.9999,0.0008
2024-06-05,lvn,5330.0,5337.5,,,,,,,
2024-06-05,lvn,5350.0,5356.0,,,,,,,
2024-06-06,hvn,5353.25,5355.0,5354.25,lower,-0.9655,0.0679,lower,-0.9943,0.015
2024-06-06,hvn,5362.75,5364.75,5363.5,neutral,0.3527,0.4635,neutral,-0.4076,0.363
2024-06-06,hvn,5366.75,5368.0,5367.25,upper,0.9158,0.1339,neutral,0.6485,0.3141
2024-06-07,hvn,5344.0,5347.25,5345.5,lower,-0.9544,0.0963,lower,-0.9875,0.0311
2024-06-07,hvn,5357.25,5360.0,5359.0,neutral,-0.2933,0.8618,neutral,-0.7229,0.308
2024-06-07,hvn,5377.5,5380.0,5378.0,upper,0.9951,0.0147,upper,0.9984,0.0037
2024-06-10,hvn,5342.75,5344.75,5344.0,lower,-0.9975,0.0079,lower,-0.9961,0.0089
2024-06-10,hvn,5346.75,5348.0,5347.25,lower,-0.9456,0.2113,lower,-0.9207,0.2064
2024-06-10,hvn,5349.75,5351.0,5350.5,neutral,-0.8215,0.5893,neutral,-0.7229,0.5558
2024-06-10,hvn,5365.5,5367.25,5366.25,neutral,0.8568,0.2943,upper,0.9786,0.0574
2024-06-10,lvn,5354.5,5358.5,,,,,,,
2024-06-11,hvn,5335.0,5337.25,5336.5,lower,-1.0,0.0,lower,-1.0,0.0
2024-06-11,hvn,5351.5,5356.0,5355.25,neutral,-0.6423,0.3345,lower,-0.9399,0.0559
2024-06-11,hvn,5364.75,5367.0,5366.0,neutral,0.4657,1.1782,neutral,0.321,0.7374
2024-06-11,hvn,5373.5,5376.5,5375.0,upper,0.9191,0.186,upper,0.9309,0.1111
2024-06-11,hvn,5381.5,5385.0,5383.5,upper,0.9999,0.0003,upper,0.9999,0.0002
2024-06-12,hvn,5389.25,5391.75,5390.25,lower,-0.996,0.0308,neutral,-0.8393,0.5446
2024-06-12,hvn,5429.75,5431.75,5430.5,neutral,-0.2695,1.4687,neutral,0.8196,1.1886
2024-06-12,hvn,5439.5,5443.25,5441.0,upper,0.8302,0.1802,upper,0.9834,0.0716
2024-06-12,lvn,5392.25,5418.75,,,,,,,
2024-06-13,hvn,5417.25,5421.25,5419.75,lower,-0.9637,0.0437,lower,-0.9921,0.0126
2024-06-13,hvn,5425.75,5427.75,5426.75,neutral,-0.4838,0.8537,neutral,-0.8515,0.273
2024-06-13,hvn,5436.0,5438.0,5437.25,neutral,0.7835,0.3622,neutral,0.62,0.299
2024-06-14,hvn,5413.5,5415.0,5414.5,neutral,-0.8791,0.3412,lower,-0.9466,0.2335
2024-06-14,hvn,5422.75,5425.5,5424.0,neutral,0.0969,0.883,neutral,-0.5182,0.7196
2024-06-14,hvn,5429.25,5430.75,5430.25,neutral,0.769,0.522,neutral,0.0933,2.0447
2024-06-14,hvn,5436.5,5438.0,5437.0,upper,0.9928,0.0268,neutral,0.8822,0.2873
2024-06-17,hvn,5494.5,5497.0,5496.25,lower,-0.9947,0.0286,lower,-0.9967,0.0081
2024-06-17,hvn,5499.25,5502.0,5500.25,lower,-0.9505,0.2191,lower,-0.9095,0.1569
2024-06-17,hvn,5511.5,5513.75,5512.5,neutral,-0.6054,1.7928,neutral,0.1042,2.657
2024-06-17,hvn,5527.25,5529.0,5528.5,neutral,0.0723,4.9501,neutral,0.7051,1.7889
2024-06-17,hvn,5545.25,5548.0,5546.75,neutral,0.8513,0.5681,upper,0.9662,0.2045
2024-06-17,hvn,5555.0,5557.25,5556.25,upper,0.9942,0.0332,upper,0.9987,0.0114
2024-06-17,lvn,5503.5,5510.25,,,,,,,
2024-06-17,lvn,5515.0,5526.5,,,,,,,
2024-06-17,lvn,5533.75,5538.5,,,,,,,
2024-06-18,hvn,5553.75,5555.0,5554.25,neutral,0.4542,0.6081,neutral,0.8412,0.2764
2024-06-19,hvn,5563.75,5565.0,5564.0,upper,0.8434,0.0384,upper,0.9011,0.0327
2024-06-20,hvn,5537.25,5540.25,5539.25,lower,-0.949,0.1169,lower,-0.9923,0.031
2024-06-20,hvn,5542.75,5546.25,5544.5,neutral,-0.7622,0.3683,lower,-0.964,0.1008
2024-06-20,hvn,5562.25,5566.5,5564.75,neutral,0.7494,0.3491,neutral,-0.1334,0.86
2024-06-20,hvn,5574.5,5576.25,5575.25,upper,0.976,0.1261,neutral,0.7908,0.5841
2024-06-20,hvn,5579.75,5583.25,5581.5,upper,0.9996,0.0012,upper,0.9989,0.0019
2024-06-20,lvn,5551.5,5559.5,,,,,,,
2024-06-21,hvn,5531.5,5534.5,5533.5,neutral,-0.3776,0.2447,lower,-0.9265,0.0685
2024-06-24,hvn,5513.75,5517.25,5515.75,lower,-0.9996,0.0009,lower,-0.9993,0.0016
2024-06-24,hvn,5529.5,5533.0,5530.75,neutral,-0.4511,0.614,neutral,-0.5144,0.3674
2024-06-24,hvn,5537.25,5539.25,5538.25,neutral,0.2884,1.4516,neutral,0.5102,0.6541
2024-06-24,hvn,5547.75,5551.5,5549.25,upper,0.9833,0.027,upper,0.9969,0.005
2024-06-24,lvn,5517.75,5523.25,,,,,,,
2024-06-25,hvn,5525.5,5527.5,5526.5,neutral,0.0015,0.7925,neutral,0.6224,0.3355
2024-06-26,hvn,5521.5,5523.0,5522.5,lower,-0.9815,0.0508,lower,-0.9969,0.0122
2024-06-26,hvn,5529.75,5532.0,5531.25,neutral,-0.3006,0.641,lower,-0.824,0.2197
2024-06-26,hvn,5545.5,5547.75,5546.75,upper,0.9959,0.0108,upper,0.979,0.0375
2024-06-27,hvn,5534.0,5536.5,5535.0,lower,-0.8549,0.1618,neutral,0.1439,0.8419
2024-06-27,hvn,5539.5,5543.25,5541.5,neutral,0.0234,0.4359,upper,0.8204,0.1637
2024-06-27,hvn,5547.0,5549.0,5548.0,upper,0.9297,0.1002,upper,0.9891,0.0315
2024-06-28,hvn,5520.0,5522.5,5521.5,lower,-0.9956,0.0212,lower,-0.9996,0.0024
2024-06-28,hvn,5528.75,5530.75,5530.25,neutral,-0.914,0.3836,lower,-0.9947,0.0291
2024-06-28,hvn,5540.0,5542.5,5541.5,neutral,-0.4666,1.4967,neutral,-0.8709,0.3596
2024-06-28,hvn,5547.75,5550.25,5548.75,neutral,0.0168,2.5971,neutral,-0.5667,0.8053
2024-06-28,hvn,5557.25,5561.5,5559.5,neutral,0.6488,0.5905,neutral,0.5744,0.2941
2024-06-28,hvn,5578.75,5582.25,5580.0,upper,0.9987,0.0052,upper,0.9996,0.0014
2024-06-28,lvn,5535.5,5539.75,,,,,,,
2024-06-28,lvn,5567.75,5575.25,,,,,,,
2024-07-01,hvn,5512.5,5514.75,5513.75,lower,-0.9638,0.0889,lower,-0.9956,0.0149
2024-07-01,hvn,5520.25,5522.5,5521.5,neutral,-0.6085,0.5771,lower,-0.9383,0.1199
2024-07-01,hvn,5529.25,5531.75,5531.0,neutral,0.6831,0.3207,neutral,-0.1755,0.5059
2024-07-02,hvn,5510.75,5516.5,5512.5,lower,-0.9929,0.0135,lower,-0.9771,0.025
2024-07-02,hvn,5533.0,5535.0,5534.0,neutral,-0.3838,1.7259,neutral,0.4019,1.7412
2024-07-02,hvn,5545.5,5547.5,5546.5,neutral,0.4837,1.6793,neutral,0.8479,0.697
2024-07-02,hvn,5555.0,5557.25,5556.5,neutral,0.8711,0.4867,upper,0.9747,0.1394
2024-07-02,hvn,5568.0,5569.75,5569.0,upper,1.0,0.0,upper,1.0,0.0
2024-07-02,lvn,5516.75,5522.25,,,,,,,
2024-07-02,lvn,5548.0,5553.75,,,,,,,
2024-07-03,hvn,5563.75,5565.25,5564.25,lower,-0.9785,0.0714,lower,-0.8099,0.2126
2024-07-03,hvn,5569.25,5571.0,5570.25,neutral,-0.768,0.4492,neutral,0.3624,0.7994
2024-07-03,hvn,5573.25,5574.5,5574.0,neutral,-0.3795,1.4269,neutral,0.7243,0.7014
2024-07-03,hvn,5587.25,5588.25,5587.75,neutral,0.9213,0.3684,upper,0.9934,0.0512
2024-07-03,hvn,5590.25,5592.0,5591.0,upper,0.9918,0.0283,upper,0.9994,0.0031
2024-07-03,lvn,5565.5,5567.75,,,,,,,
2024-07-04,hvn,5585.75,5587.5,5587.0,lower,-0.9994,0.0005,lower,-0.9999,0.0001
2024-07-04,hvn,5588.75,5589.5,5589.25,neutral,-0.657,0.3808,lower,-0.8132,0.1811
2024-07-04,hvn,5594.5,5595.5,5594.75,upper,0.9883,0.0176,upper,0.9893,0.0153
2024-07-05,hvn,5590.75,5592.5,5592.0,lower,-0.9854,0.0491,lower,-0.926,0.1236
2024-07-05,hvn,5609.25,5611.25,5610.25,neutral,0.4346,1.2633,neutral,0.8348,0.4974
2024-07-05,hvn,5618.0,5619.75,5619.0,upper,0.943,0.1904,upper,0.9947,0.0264
2024-07-05,lvn,5600.75,5608.5,,,,,,,
2024-07-05,lvn,5611.5,5615.0,,,,,,,
2024-07-08,hvn,5612.25,5614.5,5613.5,lower,-0.9992,0.0017,lower,-0.9918,0.0087
2024-07-08,hvn,5623.75,5625.0,5624.75,neutral,-0.2178,0.9229,neutral,0.7683,0.4528
2024-07-08,hvn,5631.75,5633.75,5632.75,upper,0.9802,0.0294,upper,0.9977,0.0063
2024-07-08,lvn,5614.75,5617.0,,,,,,,
2024-07-08,lvn,5630.0,5631.5,,,,,,,
2024-07-09,hvn,5631.0,5632.25,5632.0,lower,-0.9647,0.0412,lower,-0.9616,0.0509
2024-07-09,hvn,5637.5,5638.75,5638.0,neutral,0.78,0.2066,upper,0.8654,0.0884
2024-07-10,hvn,5633.25,5635.75,5634.5,lower,-0.9994,0.0028,lower,-0.9883,0.0217
2024-07-10,hvn,5642.75,5646.0,5644.5,lower,-0.9452,0.1358,neutral,-0.1493,1.2197
2024-07-10,hvn,5649.0,5652.0,5649.75,neutral,-0.7256,0.6392,neutral,0.3332,1.329
2024-07-10,hvn,5668.25,5670.5,5669.25,neutral,0.4849,1.5429,neutral,0.9273,0.3631
2024-07-10,hvn,5683.75,5686.75,5685.75,upper,0.9954,0.0159,upper,0.9998,0.001
2024-07-10,lvn,5636.0,5639.0,,,,,,,
2024-07-10,lvn,5652.5,5661.5,,,,,,,
2024-07-10,lvn,5675.5,5683.0,,,,,,,
2024-07-11,hvn,5641.5,5644.75,5642.75,neutral,-0.8171,0.4209,lower,-0.9599,0.1671
2024-07-11,hvn,5655.25,5659.0,5656.75,neutral,0.0101,2.1246,neutral,-0.6527,0.9364
2024-07-11,hvn,5663.75,5666.75,5665.75,neutral,0.4184,1.7477,neutral,-0.3428,1.8271
2024-07-11,hvn,5682.75,5691.0,5686.25,upper,0.9686,0.0518,upper,0.9754,0.0171
2024-07-11,lvn,5648.75,5654.75,,,,,,,
2024-07-11,lvn,5659.25,5662.75,,,,,,,
2024-07-11,lvn,5671.25,5680.5,,,,,,,
2024-07-12,hvn,5643.5,5646.0,5644.25,lower,-0.9784,0.112,neutral,-0.7522,0.606
2024-07-12,hvn,5665.5,5668.5,5667.0,neutral,-0.4004,1.4106,neutral,0.5422,1.5258
2024-07-12,hvn,5677.0,5680.25,5678.5,neutral,0.325,1.3826,neutral,0.8267,0.69
2024-07-12,hvn,5685.75,5687.75,5686.5,neutral,0.7176,1.0947,neutral,0.9252,0.5643
2024-07-12,hvn,5697.75,5700.25,5699.75,upper,0.9754,0.1112,upper,0.993,0.0554
2024-07-12,lvn,5647.75,5660.5,,,,,,,
2024-07-12,lvn,5689.25,5697.5,,,,,,,
2024-07-15,hvn,5678.0,5681.5,5680.25,lower,-0.9348,0.098,neutral,-0.568,0.4009
2024-07-15,hvn,5688.0,5690.75,5689.75,neutral,-0.3112,0.7812,neutral,0.5918,0.5246
2024-07-15,hvn,5704.25,5707.75,5706.25,upper,0.9519,0.0865,upper,0.9875,0.0341
2024-07-15,hvn,5710.0,5711.75,5710.5,upper,0.9896,0.0481,upper,0.9966,0.0223
2024-07-16,hvn,5697.5,5700.0,5699.25,neutral,-0.5548,0.4726,neutral,0.4575,0.6718
2024-07-16,hvn,5711.0,5713.25,5712.5,upper,0.9086,0.1806,upper,0.9815,0.0608
2024-07-16,lvn,5705.5,5710.5,,,,,,,
2024-07-17,hvn,5638.5,5642.5,5640.75,lower,-0.9601,0.0495,lower,-0.9976,0.0101
2024-07-17,hvn,5647.75,5651.0,5649.25,neutral,-0.327,0.7936,neutral,-0.9203,0.3429
2024-07-17,hvn,5685.5,5688.0,5687.0,upper,0.9746,0.1586,neutral,0.3389,3.0028
2024-07-17,lvn,5678.75,5685.0,,,,,,,
2024-07-18,hvn,5592.5,5597.25,5594.75,neutral,-0.8664,0.2859,lower,-0.9786,0.0872
2024-07-18,hvn,5602.75,5605.75,5604.0,neutral,-0.5143,1.4868,neutral,-0.9062,0.5018
2024-07-18,hvn,5608.5,5610.75,5609.5,neutral,-0.25,3.0571,neutral,-0.8275,1.1028
2024-07-18,hvn,5624.0,5627.0,5626.0,neutral,0.4435,2.0149,neutral,-0.4446,2.0145
2024-07-18,hvn,5633.5,5637.0,5635.25,neutral,0.7392,0.9329,neutral,-0.0355,2.4057
2024-07-18,hvn,5646.25,5649.75,5648.5,upper,0.9574,0.1909,neutral,0.8058,0.3644
2024-07-18,lvn,5615.5,5623.5,,,,,,,
2024-07-19,hvn,5548.0,5550.5,5549.5,lower,-0.9891,0.0384,lower,-0.9979,0.0141
2024-07-19,hvn,5563.25,5565.25,5564.0,neutral,-0.3707,1.952,neutral,-0.8405,0.907
2024-07-19,hvn,5573.0,5577.0,5575.0,neutral,0.3625,1.0356,neutral,-0.5522,0.9924
2024-07-19,hvn,5586.0,5591.25,5588.5,upper,0.9122,0.1524,neutral,0.1936,1.0011
2024-07-19,lvn,5565.75,5571.5,,,,,,,
2024-07-22,hvn,5577.75,5580.25,5579.5,neutral,-0.8905,0.3186,neutral,-0.1136,2.077
2024-07-22,hvn,5588.5,5590.5,5589.0,neutral,-0.3951,1.5346,neutral,0.5335,1.6794
2024-07-22,hvn,5598.25,5600.5,5599.75,neutral,0.4503,1.2172,neutral,0.8534,0.6296
2024-07-22,hvn,5609.25,5612.25,5610.5,upper,0.99,0.0237,upper,0.9965,0.0159
2024-07-22,lvn,5592.5,5597.75,,,,,,,
2024-07-23,hvn,5610.75,5612.5,5611.25,neutral,-0.0579,1.4206,neutral,0.6235,0.6115
2024-07-23,hvn,5622.25,5624.0,5623.5,upper,0.9599,0.1091,upper,0.9902,0.0374
2024-07-24,hvn,5469.0,5474.5,5472.5,lower,-0.9946,0.0157,lower,-0.9998,0.0011
2024-07-24,hvn,5478.25,5484.75,5480.25,lower,-0.9224,0.1519,lower,-0.997,0.0136
2024-07-24,hvn,5505.0,5508.75,5506.25,neutral,-0.049,2.4492,neutral,-0.8604,0.7596
2024-07-24,hvn,5513.25,5516.5,5515.25,neutral,0.2947,2.2676,neutral,-0.7469,1.4415
2024-07-24,hvn,5522.75,5525.25,5523.75,neutral,0.5819,2.0364,neutral,-0.5733,2.8272
2024-07-24,hvn,5537.75,5541.75,5540.0,neutral,0.8665,0.5552,neutral,-0.1652,2.9177
2024-07-24,hvn,5545.5,5550.5,5547.5,upper,0.938,0.2409,neutral,0.1258,2.202
2024-07-24,hvn,5558.5,5564.5,5560.5,upper,0.9872,0.0528,neutral,0.6572,0.6573
2024-07-24,hvn,5575.5,5582.75,5578.75,upper,1.0,0.0,upper,1.0,0.0
2024-07-24,lvn,5485.0,5496.25,,,,,,,
2024-07-24,lvn,5509.5,5513.0,,,,,,,
2024-07-24,lvn,5526.0,5537.25,,,,,,,
2024-07-24,lvn,5551.25,5557.75,,,,,,,
2024-07-24,lvn,5568.0,5575.25,,,,,,,
2024-07-25,hvn,5440.75,5445.0,5442.75,lower,-0.9891,0.038,lower,-0.996,0.0145
2024-07-25,hvn,5463.0,5469.0,5467.5,neutral,-0.5373,0.6159,neutral,-0.7316,0.2866
2024-07-25,hvn,5482.5,5484.75,5483.5,neutral,0.384,2.368,neutral,0.4865,1.2478
2024-07-25,hvn,5489.0,5492.25,5490.5,neutral,0.6484,1.0754,neutral,0.7637,0.5253
2024-07-25,hvn,5517.5,5520.25,5518.75,upper,0.9923,0.0539,upper,0.996,0.0271
2024-07-25,lvn,5507.25,5514.25,,,,,,,
2024-07-26,hvn,5476.75,5480.75,5479.75,lower,-0.8901,0.1814,neutral,0.0703,1.4858
2024-07-26,hvn,5483.25,5486.0,5484.25,neutral,-0.6652,0.6338,neutral,0.4136,1.4738
2024-07-26,hvn,5489.75,5494.0,5492.25,neutral,-0.0919,0.9172,neutral,0.7206,0.5503
2024-07-26,hvn,5498.25,5501.0,5499.5,neutral,0.5647,0.8051,neutral,0.8918,0.419
2024-07-26,hvn,5519.5,5523.75,5521.75,upper,0.998,0.0059,upper,0.9993,0.0032
2024-07-26,lvn,5514.5,5519.25,,,,,,,
2024-07-29,hvn,5488.5,5491.0,5490.0,lower,-0.9936,0.0204,lower,-0.9988,0.0054
2024-07-29,hvn,5507.75,5510.0,5508.75,neutral,0.0484,1.1742,neutral,-0.7237,0.4431
2024-07-29,lvn,5495.75,5498.25,,,,,,,
2024-07-30,hvn,5449.25,5451.25,5450.0,neutral,-0.9588,0.2524,lower,-0.9926,0.0673
2024-07-30,hvn,5471.5,5475.5,5472.0,neutral,-0.2596,1.4327,neutral,-0.7717,0.5975
2024-07-30,hvn,5496.75,5499.5,5498.0,neutral,0.7757,0.9538,neutral,0.4112,1.4813
2024-07-30,hvn,5512.0,5516.0,5514.0,upper,0.9863,0.0569,upper,0.9936,0.0154
2024-07-30,lvn,5488.5,5494.5,,,,,,,
2024-07-31,hvn,5523.5,5527.5,5525.25,neutral,-0.8688,0.4483,neutral,0.0885,2.7397
2024-07-31,hvn,5535.25,5538.75,5537.25,neutral,-0.6905,0.8497,neutral,0.4728,1.9976
2024-07-31,hvn,5556.25,5566.0,5559.75,neutral,0.6933,0.1632,upper,0.9641,0.0647
2024-07-31,lvn,5527.75,5531.75,,,,,,,
2024-08-01,hvn,5447.75,5451.25,5450.75,lower,-0.9998,0.0019,lower,-0.9999,0.0007
2024-08-01,hvn,5465.25,5468.5,5467.0,neutral,-0.9319,0.4602,lower,-0.9815,0.2325
2024-08-01,hvn,5478.0,5481.75,5479.25,neutral,-0.7563,1.2695,neutral,-0.9354,0.6321
2024-08-01,hvn,5487.5,5491.0,5489.0,neutral,-0.5602,2.3488,neutral,-0.8858,1.0995
2024-08-01,hvn,5496.25,5500.0,5498.25,neutral,-0.3506,3.1792,neutral,-0.8271,1.4398
2024-08-01,hvn,5513.5,5517.0,5515.25,neutral,0.0725,5.0285,neutral,-0.667,2.5431
2024-08-01,hvn,5529.5,5535.5,5531.75,neutral,0.4401,1.9866,neutral,-0.4285,2.1818
2024-08-01,hvn,5543.25,5547.5,5544.25,neutral,0.6477,1.9635,neutral,-0.1879,3.8577
2024-08-01,hvn,5559.25,5562.5,5561.0,neutral,0.8308,1.3985,neutral,0.1968,4.1928
2024-08-01,hvn,5582.75,5587.5,5585.0,upper,0.9894,0.0765,upper,0.9525,0.1486
2024-08-01,lvn,5522.25,5528.5,,,,,,,
2024-08-02,hvn,5342.75,5347.25,5345.25,lower,-0.972,0.0785,lower,-0.9962,0.0256
2024-08-02,hvn,5356.75,5364.25,5359.0,neutral,-0.6493,0.4001,lower,-0.9527,0.1517
2024-08-02,hvn,5370.5,5377.25,5372.5,neutral,0.0108,1.3423,neutral,-0.8189,0.5544
2024-08-02,hvn,5387.0,5391.75,5390.0,neutral,0.5865,1.0919,neutral,-0.5356,1.7511
2024-08-02,hvn,5396.0,5399.25,5397.5,neutral,0.7526,1.1231,neutral,-0.3454,3.3283
2024-08-02,hvn,5408.5,5411.5,5410.5,neutral,0.8942,0.6583,neutral,-0.0013,4.9209
2024-08-02,hvn,5452.25,5456.5,5455.0,upper,0.9985,0.013,upper,0.9782,0.1047
2024-08-02,lvn,5378.75,5386.5,,,,,,,
2024-08-02,lvn,5443.0,5451.25,,,,,,,
2024-08-05,hvn,5138.5,5146.0,5141.25,lower,-0.9978,0.011,lower,-0.9992,0.0055
2024-08-05,hvn,5200.0,5207.75,5205.5,neutral,-0.6233,0.6662,neutral,-0.889,0.3431
2024-08-05,hvn,5239.5,5245.75,5242.5,neutral,0.5981,0.9089,neutral,-0.2437,1.9762
2024-08-05,hvn,5296.25,5300.5,5298.5,upper,0.9817,0.1508,neutral,0.8721,0.7522
2024-08-05,lvn,5278.25,5293.5,,,,,,,
2024-08-06,hvn,5237.25,5241.75,5239.25,lower,-0.9869,0.0575,lower,-0.9936,0.0247
2024-08-06,hvn,5267.0,5270.75,5268.25,neutral,-0.5722,1.2424,neutral,-0.463,1.282
2024-08-06,hvn,5277.75,5280.75,5280.5,neutral,-0.1576,2.799,neutral,0.0613,2.7319
2024-08-06,hvn,5303.5,5306.5,5304.25,neutral,0.7851,0.8993,neutral,0.8747,0.568
2024-08-06,hvn,5317.75,5324.5,5320.5,upper,0.9762,0.0618,upper,0.9853,0.0426
2024-08-06,hvn,5329.25,5332.0,5330.5,upper,0.9941,0.0456,upper,0.9961,0.0333
2024-08-06,hvn,5335.75,5340.25,5338.0,upper,1.0,0.0,upper,1.0,0.0
2024-08-06,lvn,5242.25,5256.5,,,,,,,
2024-08-06,lvn,5286.0,5297.0,,,,,,,
2024-08-07,hvn,5200.25,5203.5,5201.75,lower,-1.0,0.0,lower,-1.0,0.0
2024-08-07,hvn,5213.75,5218.5,5216.75,lower,-0.9963,0.0274,lower,-0.9978,0.0162
2024-08-07,hvn,5223.25,5230.25,5227.25,lower,-0.9887,0.0489,lower,-0.9908,0.041
2024-08-07,hvn,5238.0,5241.25,5240.25,neutral,-0.9394,0.4722,neutral,-0.9663,0.2626
2024-08-07,hvn,5250.0,5253.75,5251.75,neutral,-0.8336,0.9798,neutral,-0.9082,0.5134
2024-08-07,hvn,5287.0,5290.75,5288.75,neutral,-0.0812,4.2896,neutral,-0.1552,3.022
2024-08-07,hvn,5305.75,5310.0,5308.5,neutral,0.4194,2.3959,neutral,0.5158,1.4365
2024-08-07,hvn,5317.0,5321.0,5319.5,neutral,0.677,1.4819,neutral,0.8128,0.6572
2024-08-07,hvn,5333.25,5336.75,5335.5,neutral,0.923,0.4658,upper,0.9717,0.1539
2024-08-07,lvn,5204.0,5213.0,,,,,,,
2024-08-07,lvn,5263.25,5274.25,,,,,,,
2024-08-08,hvn,5205.25,5212.0,5209.75,lower,-0.9962,0.0248,lower,-0.9863,0.0462
2024-08-08,hvn,5228.5,5234.0,5231.0,neutral,-0.9549,0.2882,neutral,-0.6934,1.0303
2024-08-08,hvn,5273.25,5282.0,5278.75,neutral,-0.5822,0.9446,neutral,0.3701,1.7202
2024-08-08,hvn,5318.5,5322.5,5320.25,neutral,0.5281,1.7537,neutral,0.8869,0.9219
2024-08-08,hvn,5342.0,5346.75,5344.5,upper,0.9682,0.1285,upper,0.99,0.0851
2024-08-08,lvn,5234.75,5261.0,,,,,,,
2024-08-08,lvn,5283.75,5300.0,,,,,,,
2024-08-08,lvn,5324.0,5340.25,,,,,,,
2024-08-09,hvn,5340.75,5343.75,5342.75,neutral,-0.8087,0.3776,lower,-0.8641,0.2222
2024-08-09,hvn,5346.25,5350.0,5347.5,neutral,-0.4777,0.6697,neutral,-0.5238,0.4318
2024-08-09,hvn,5358.25,5361.0,5359.5,neutral,0.5366,0.8282,neutral,0.6933,0.463
2024-08-09,hvn,5367.25,5370.0,5368.5,upper,0.9454,0.1355,upper,0.9794,0.0519
2024-08-09,hvn,5379.0,5382.75,5381.25,upper,0.9994,0.002,upper,0.9999,0.0003
2024-08-09,lvn,5376.0,5378.75,,,,,,,
2024-08-12,hvn,5366.25,5369.75,5367.25,neutral,-0.5264,0.4236,neutral,-0.751,0.1735
2024-08-12,hvn,5379.25,5382.5,5380.75,upper,0.8278,0.2374,upper,0.8975,0.116
2024-08-13,hvn,5369.75,5373.5,5372.0,lower,-1.0,0.0003,lower,-0.9995,0.0015
2024-08-13,hvn,5409.25,5413.25,5411.25,neutral,-0.6919,0.7985,neutral,0.3946,1.9218
2024-08-13,hvn,5418.0,5421.5,5419.75,neutral,-0.3718,1.649,neutral,0.619,1.5706
2024-08-13,hvn,5424.5,5427.25,5425.5,neutral,-0.0768,2.97,neutral,0.7393,1.4889
2024-08-13,hvn,5449.75,5452.0,5450.5,neutral,0.94,0.2901,upper,0.9922,0.0788
2024-08-13,hvn,5457.0,5459.75,5457.75,upper,1.0,0.0,upper,1.0,0.0
2024-08-13,lvn,5381.25,5386.75,,,,,,,
2024-08-13,lvn,5428.25,5443.5,,,,,,,
2024-08-14,hvn,5456.25,5461.25,5459.5,neutral,-0.7353,0.1889,lower,-0.8405,0.0554
2024-08-14,hvn,5466.75,5469.5,5468.0,neutral,0.3442,0.7925,neutral,0.6589,0.4208
2024-08-14,hvn,5475.0,5476.5,5475.5,neutral,0.8814,0.3775,upper,0.9371,0.2432
2024-08-15,hvn,5488.5,5491.5,5489.5,lower,-0.9858,0.1183,neutral,-0.8078,0.7492
2024-08-15,hvn,5528.0,5531.25,5530.0,neutral,-0.598,1.3369,neutral,0.5223,2.4355
2024-08-15,hvn,5534.0,5538.75,5535.25,neutral,-0.3786,1.1971,neutral,0.6672,1.2472
2024-08-15,hvn,5545.0,5547.5,5546.0,neutral,0.1033,2.9019,neutral,0.8231,1.3768
2024-08-15,hvn,5554.25,5558.0,5556.25,neutral,0.6719,0.6886,neutral,0.9455,0.3214
2024-08-15,hvn,5564.75,5569.5,5566.5,upper,0.999,0.0021,upper,0.9998,0.0011
2024-08-15,lvn,5492.0,5524.25,,,,,,,
2024-08-16,hvn,5557.5,5561.0,5559.75,neutral,-0.7193,0.3799,lower,-0.8829,0.1885
2024-08-16,hvn,5576.75,5579.0,5577.75,upper,0.9405,0.1228,upper,0.8948,0.1367
2024-08-16,lvn,5565.5,5572.75,,,,,,,
2024-08-19,hvn,5574.5,5577.75,5576.25,lower,-0.9955,0.0157,lower,-0.9728,0.0495
2024-08-19,hvn,5586.75,5590.5,5587.25,neutral,-0.8186,0.3424,neutral,-0.1851,0.9523
2024-08-19,hvn,5599.5,5602.75,5601.25,neutral,-0.0502,1.7318,neutral,0.6848,0.6872
2024-08-19,hvn,5607.0,5609.5,5608.5,neutral,0.4325,1.462,neutral,0.8761,0.4522
2024-08-19,hvn,5615.25,5618.5,5616.75,neutral,0.8246,0.4306,upper,0.9715,0.1074
2024-08-19,hvn,5624.5,5627.25,5626.0,upper,0.9857,0.0554,upper,0.9998,0.001
2024-08-19,lvn,5590.75,5598.75,,,,,,,
2024-08-19,lvn,5619.0,5624.25,,,,,,,
2024-08-20,hvn,5618.75,5621.25,5620.25,neutral,-0.7588,0.2138,lower,-0.9493,0.0787
2024-08-21,hvn,5633.0,5636.0,5634.75,neutral,0.0927,0.6538,neutral,0.7943,0.203
2024-08-21,hvn,5640.0,5643.0,5641.0,upper,0.8706,0.1455,upper,0.9839,0.0293
2024-08-22,hvn,5594.25,5596.5,5595.5,neutral,-0.9315,0.321,lower,-0.9892,0.0825
2024-08-22,hvn,5598.75,5601.0,5599.5,neutral,-0.8239,0.7524,lower,-0.9731,0.184
2024-08-22,hvn,5606.25,5609.5,5608.0,neutral,-0.5158,1.3225,neutral,-0.895,0.4207
2024-08-22,hvn,5615.75,5619.25,5617.25,neutral,-0.031,2.4686,neutral,-0.7091,0.8492
2024-08-22,hvn,5623.0,5625.75,5624.25,neutral,0.2993,2.3966,neutral,-0.4879,1.5612
2024-08-22,hvn,5629.25,5632.25,5630.75,neutral,0.5552,1.5165,neutral,-0.1727,1.8749
2024-08-22,hvn,5640.75,5644.0,5642.25,neutral,0.8668,0.5146,neutral,0.7012,0.4947
2024-08-22,hvn,5653.5,5656.75,5655.25,upper,0.988,0.0621,upper,0.9936,0.018
2024-08-22,hvn,5659.75,5662.75,5661.0,upper,1.0,0.0,upper,1.0,0.0
2024-08-22,lvn,5645.75,5651.75,,,,,,,
2024-08-23,hvn,5622.5,5627.0,5624.25,neutral,-0.8049,0.2644,neutral,0.2501,0.8666
2024-08-23,hvn,5634.25,5637.75,5636.25,neutral,-0.0094,1.3523,neutral,0.8,0.4555
2024-08-23,hvn,5648.75,5653.25,5650.0,upper,0.9636,0.0523,upper,0.9964,0.0105
2024-08-23,lvn,5627.5,5633.75,,,,,,,
2024-08-26,hvn,5622.25,5624.75,5623.75,lower,-0.9993,0.0022,lower,-0.9998,0.0007
2024-08-26,hvn,5635.75,5638.0,5636.75,neutral,-0.6052,0.6474,neutral,-0.8786,0.3108
2024-08-26,hvn,5647.75,5649.25,5649.0,neutral,0.5451,1.4516,neutral,-0.0343,2.242
2024-08-26,hvn,5659.0,5662.75,5661.0,upper,0.986,0.0307,upper,0.9932,0.0091
2024-08-26,lvn,5652.75,5657.25,,,,,,,
2024-08-27,hvn,5619.25,5621.0,5620.25,lower,-0.9759,0.0932,lower,-0.9939,0.0227
2024-08-27,hvn,5628.25,5630.25,5629.75,neutral,-0.695,0.6072,lower,-0.8447,0.2389
2024-08-27,hvn,5641.5,5645.25,5644.0,upper,0.9356,0.0547,upper,0.9674,0.026
2024-08-28,hvn,5583.25,5587.5,5585.5,lower,-0.9945,0.0163,lower,-0.9994,0.0031
2024-08-28,hvn,5605.0,5607.25,5607.0,neutral,-0.5368,1.2579,neutral,-0.9115,0.4788
2024-08-28,hvn,5635.25,5640.0,5638.5,upper,0.9757,0.055,neutral,0.6079,0.4081
2024-08-28,lvn,5588.0,5598.25,,,,,,,
2024-08-28,lvn,5615.0,5635.0,,,,,,,
2024-08-29,hvn,5577.5,5583.75,5580.5,lower,-0.9965,0.0124,lower,-0.971,0.0655
2024-08-29,hvn,5608.75,5611.25,5609.75,neutral,-0.8702,0.5193,neutral,-0.0767,3.4086
2024-08-29,hvn,5623.75,5627.25,5625.75,neutral,-0.2701,1.5147,neutral,0.5825,1.2472
2024-08-29,hvn,5647.75,5651.5,5649.5,upper,0.9293,0.1754,upper,0.9782,0.1017
2024-08-29,lvn,5584.0,5596.75,,,,,,,
2024-08-29,lvn,5614.5,5623.25,,,,,,,
2024-08-29,lvn,5631.75,5644.25,,,,,,,
2024-08-30,hvn,5614.75,5617.0,5615.25,neutral,-0.8708,0.4435,lower,-0.9047,0.1863
2024-08-30,hvn,5624.25,5626.5,5625.5,neutral,-0.4264,1.5686,neutral,-0.0418,1.5055
2024-08-30,hvn,5629.25,5632.0,5631.0,neutral,-0.064,1.9942,neutral,0.5259,0.6898
2024-08-30,hvn,5634.5,5641.75,5639.0,neutral,0.4564,0.4313,upper,0.8543,0.1094
2024-08-30,hvn,5657.25,5659.75,5658.75,upper,0.9974,0.0122,upper,0.9998,0.0012
2024-08-30,lvn,5642.75,5656.0,,,,,,,
2024-09-02,hvn,5639.75,5642.25,5640.5,lower,-0.9994,0.0015,lower,-0.9998,0.0006
2024-09-02,hvn,5645.0,5646.5,5645.75,lower,-0.9389,0.1635,lower,-0.9723,0.0678
2024-09-02,hvn,5652.75,5654.25,5653.5,neutral,-0.3398,0.8531,neutral,-0.4217,0.4743
2024-09-02,hvn,5656.5,5657.75,5657.0,neutral,0.361,1.0005,neutral,0.5178,0.5848
2024-09-02,hvn,5663.5,5666.25,5664.5,upper,0.9996,0.0005,upper,0.9998,0.0003
2024-09-02,lvn,5642.5,5644.75,,,,,,,
2024-09-02,lvn,5660.25,5662.75,,,,,,,
2024-09-03,hvn,5529.75,5534.5,5533.0,lower,-0.9936,0.0283,lower,-0.9996,0.0037
2024-09-03,hvn,5537.25,5539.5,5538.25,neutral,-0.9617,0.3091,lower,-0.9963,0.0624
2024-09-03,hvn,5542.25,5544.75,5543.75,neutral,-0.919,0.5403,lower,-0.9902,0.1402
2024-09-03,hvn,5547.5,5549.75,5548.5,neutral,-0.8512,1.0089,neutral,-0.9814,0.2762
2024-09-03,hvn,5574.75,5578.25,5577.0,neutral,-0.0597,3.1714,neutral,-0.846,1.0928
2024-09-03,hvn,5582.0,5587.5,5583.5,neutral,0.2326,1.6862,neutral,-0.7652,0.9757
2024-09-03,hvn,5603.75,5608.75,5606.25,neutral,0.7503,0.8442,neutral,-0.394,2.257
2024-09-03,hvn,5615.25,5619.25,5617.25,neutral,0.8792,0.6095,neutral,-0.1312,3.6226
2024-09-03,hvn,5631.0,5635.5,5632.0,upper,0.9677,0.1862,neutral,0.3566,2.0542
2024-09-03,hvn,5651.0,5655.0,5653.25,upper,0.9969,0.0268,neutral,0.9277,0.2716
2024-09-03,lvn,5558.25,5568.5,,,,,,,
2024-09-03,lvn,5598.25,5603.5,,,,,,,
2024-09-03,lvn,5609.0,5614.5,,,,,,,
2024-09-03,lvn,5637.25,5649.75,,,,,,,
2024-09-04,hvn,5525.25,5528.5,5527.0,neutral,-0.7084,0.3692,neutral,0.034,0.986
2024-09-04,hvn,5532.25,5535.5,5534.25,neutral,-0.0033,1.0809,neutral,0.7005,0.4135
2024-09-04,hvn,5548.25,5552.5,5549.75,upper,0.962,0.0644,upper,0.9908,0.0226
2024-09-05,hvn,5497.75,5501.0,5500.25,lower,-0.9903,0.027,lower,-0.9971,0.0099
2024-09-05,hvn,5503.75,5505.75,5504.75,neutral,-0.9115,0.3182,lower,-0.9736,0.1158
2024-09-05,hvn,5522.75,5525.5,5523.75,neutral,0.3112,1.3357,neutral,-0.0687,1.1231
2024-09-05,hvn,5531.5,5533.5,5532.5,neutral,0.7594,0.8225,neutral,0.8059,0.3759
2024-09-05,hvn,5547.5,5550.5,5549.0,upper,0.9941,0.0251,upper,0.998,0.0069
2024-09-05,lvn,5540.5,5546.75,,,,,,,
2024-09-06,hvn,5413.75,5422.5,5419.5,lower,-0.9879,0.0219,lower,-0.9863,0.0412
2024-09-06,hvn,5462.5,5466.5,5464.0,neutral,0.3261,2.5356,neutral,-0.3026,2.6464
2024-09-06,hvn,5507.5,5510.0,5508.25,neutral,0.9739,0.2643,upper,0.983,0.1021
2024-09-06,hvn,5514.25,5518.75,5516.25,upper,0.9948,0.0334,upper,0.9984,0.0067
2024-09-06,lvn,5446.0,5453.25,,,,,,,
2024-09-06,lvn,5467.25,5473.0,,,,,,,
2024-09-09,hvn,5429.5,5432.25,5430.75,lower,-0.9804,0.1128,neutral,-0.8557,0.5344
2024-09-09,hvn,5455.0,5457.75,5456.5,neutral,-0.6635,0.7531,neutral,0.328,1.7842
2024-09-09,hvn,5463.25,5469.25,5466.5,neutral,0.0397,0.6579,neutral,0.7482,0.3694
2024-09-09,hvn,5478.0,5481.0,5479.25,upper,0.8899,0.2349,upper,0.9551,0.1982
2024-09-09,hvn,5488.75,5492.0,5490.25,upper,0.9998,0.0006,upper,0.9999,0.0004
2024-09-09,lvn,5433.0,5438.75,,,,,,,
2024-09-10,hvn,5453.5,5457.75,5455.0,lower,-0.9973,0.0079,lower,-0.9993,0.0018
2024-09-10,hvn,5464.25,5466.5,5465.5,neutral,-0.9155,0.3236,lower,-0.9679,0.0987
2024-09-10,hvn,5478.25,5480.5,5479.5,neutral,-0.3719,1.3781,neutral,-0.2771,0.9893
2024-09-10,hvn,5489.75,5491.5,5491.0,neutral,0.587,1.153,neutral,0.8071,0.5178
2024-09-10,hvn,5495.5,5497.5,5496.75,upper,0.9158,0.2463,upper,0.9788,0.0685
2024-09-11,hvn,5418.5,5421.0,5419.5,lower,-0.9968,0.0375,lower,-0.999,0.013
2024-09-11,hvn,5428.5,5433.75,5431.25,lower,-0.9723,0.1369,lower,-0.991,0.0467
2024-09-11,hvn,5458.25,5461.5,5460.0,neutral,-0.6686,1.8074,neutral,-0.882,0.5569
2024-09-11,hvn,5481.0,5483.75,5482.0,neutral,-0.116,4.8008,neutral,-0.4313,1.6454
2024-09-11,hvn,5499.0,5505.0,5500.5,neutral,0.4294,1.5712,neutral,0.4963,0.7747
2024-09-11,hvn,5511.25,5515.25,5514.0,neutral,0.6556,1.6148,neutral,0.7568,0.8027
2024-09-11,hvn,5532.75,5536.0,5534.0,neutral,0.9089,0.6734,neutral,0.9437,0.3621
2024-09-11,hvn,5542.75,5547.5,5545.0,upper,0.9703,0.1743,upper,0.981,0.1015
2024-09-11,hvn,5555.5,5559.25,5557.5,upper,0.9987,0.0115,upper,0.9997,0.0022
2024-09-11,hvn,5565.25,5567.5,5567.5,upper,1.0,0.0,upper,1.0,0.0
2024-09-11,lvn,5438.75,5451.5,,,,,,,
2024-09-11,lvn,5548.0,5554.25,,,,,,,
2024-09-12,hvn,5548.25,5551.25,5549.75,lower,-0.9929,0.028,lower,-0.9988,0.0038
2024-09-12,hvn,5566.25,5572.0,5567.75,neutral,-0.5796,0.4374,neutral,-0.3439,0.382
2024-09-12,hvn,5583.25,5587.75,5584.75,neutral,0.5174,0.8066,neutral,0.7784,0.381
2024-09-12,hvn,5597.0,5601.0,5599.75,upper,0.9763,0.0603,upper,0.9915,0.0263
2024-09-12,lvn,5551.75,5555.5,,,,,,,
2024-09-12,lvn,5576.25,5583.0,,,,,,,
2024-09-12,lvn,5588.0,5591.75,,,,,,,
2024-09-13,hvn,5612.0,5615.5,5613.5,lower,-0.9202,0.1225,neutral,-0.16,0.8632
2024-09-13,hvn,5628.0,5630.5,5629.25,neutral,0.5693,0.4426,upper,0.9236,0.2063
2024-09-13,lvn,5615.75,5618.5,,,,,,,
2024-09-16,hvn,5679.75,5683.25,5681.25,lower,-0.8937,0.0996,lower,-0.9763,0.0241
2024-09-16,hvn,5685.5,5686.75,5686.0,neutral,-0.3892,1.3217,neutral,-0.7724,0.3879
2024-09-16,hvn,5695.0,5698.25,5696.5,upper,0.9374,0.0653,upper,0.9922,0.0052
2024-09-17,hvn,5688.75,5691.25,5690.25,lower,-0.9679,0.1042,lower,-0.9922,0.0201
2024-09-17,hvn,5695.75,5697.75,5697.25,neutral,-0.7783,0.6996,neutral,-0.8212,0.392
2024-09-17,hvn,5719.0,5721.0,5720.5,neutral,0.7829,0.6997,neutral,0.9222,0.2628
2024-09-17,hvn,5729.0,5731.25,5730.0,upper,0.9931,0.0288,upper,0.998,0.0094
2024-09-17,lvn,5702.75,5717.25,,,,,,,
2024-09-18,hvn,5685.0,5687.5,5686.5,lower,-0.97,0.0974,lower,-0.9959,0.0119
2024-09-18,hvn,5698.0,5700.75,5699.5,neutral,-0.4753,0.9199,neutral,-0.6384,0.3138
2024-09-18,hvn,5722.0,5724.0,5722.5,neutral,0.8958,0.4539,upper,0.9871,0.053
2024-09-19,hvn,5774.25,5778.75,5776.5,neutral,0.5591,0.4145,upper,0.9099,0.2445
2024-09-19,hvn,5783.25,5786.25,5784.5,upper,0.9398,0.1231,upper,0.9856,0.0715
2024-09-20,hvn,5746.75,5748.25,5747.5,neutral,-0.9111,0.2699,lower,-0.9848,0.0711
2024-09-20,hvn,5752.5,5755.25,5754.0,neutral,-0.5291,0.5024,lower,-0.9084,0.1569
2024-09-20,hvn,5760.75,5763.0,5762.0,neutral,0.6232,0.4553,neutral,-0.3554,0.7044
2024-09-23,hvn,5770.25,5772.75,5771.75,neutral,-0.2025,0.446,neutral,-0.0058,0.7052
2024-09-23,hvn,5775.25,5776.75,5775.75,neutral,0.7946,0.2342,neutral,0.7647,0.3461
2024-09-24,hvn,5763.5,5766.25,5765.0,lower,-0.9515,0.1105,lower,-0.9912,0.019
2024-09-24,hvn,5773.25,5775.0,5774.5,neutral,-0.4954,1.1169,neutral,-0.6354,0.6578
2024-09-24,hvn,5777.25,5780.25,5778.75,neutral,0.0156,1.0253,neutral,-0.0305,0.8512
2024-09-24,hvn,5784.0,5787.75,5785.75,upper,0.8634,0.1208,upper,0.8838,0.0971
2024-09-24,lvn,5767.0,5772.75,,,,,,,
2024-09-25,hvn,5775.75,5777.5,5777.0,lower,-0.9514,0.0925,lower,-0.9823,0.0324
2024-09-25,hvn,5779.25,5780.5,5779.75,neutral,-0.726,0.5581,neutral,-0.8315,0.2905
2024-09-25,hvn,5782.25,5783.75,5782.75,neutral,-0.2801,1.1018,neutral,-0.4124,0.6146
2024-09-25,hvn,5789.5,5791.25,5790.5,neutral,0.8102,0.3137,upper,0.9137,0.1207
2024-09-25,hvn,5795.5,5797.0,5796.0,upper,0.9996,0.0012,upper,1.0,0.0001
2024-09-26,hvn,5789.5,5793.0,5792.5,lower,-0.965,0.0562,lower,-0.9328,0.1351
2024-09-26,hvn,5799.25,5804.0,5802.5,neutral,-0.3447,0.4624,neutral,-0.4714,0.5218
2024-09-26,hvn,5809.5,5811.0,5810.25,neutral,0.5513,1.3001,neutral,0.2806,2.462
2024-09-26,hvn,5813.75,5816.0,5814.75,neutral,0.8188,0.4351,neutral,0.6063,1.0129
2024-09-26,hvn,5823.75,5827.0,5825.5,upper,0.9984,0.0044,upper,0.997,0.0073
2024-09-26,lvn,5817.0,5823.5,,,,,,,
2024-09-27,hvn,5790.25,5791.75,5791.25,lower,-0.9704,0.0925,lower,-0.98,0.0588
2024-09-27,hvn,5796.25,5798.0,5797.5,neutral,-0.6736,0.5807,neutral,-0.7824,0.287
2024-09-27,hvn,5810.5,5812.5,5811.0,upper,0.9141,0.1777,upper,0.9658,0.0683
2024-09-27,lvn,5801.75,5807.0,,,,,,,
2024-09-30,hvn,5759.5,5762.25,5761.0,lower,-0.9998,0.0011,lower,-1.0,0.0002
2024-09-30,hvn,5765.25,5767.75,5766.5,lower,-0.9895,0.0453,lower,-0.9982,0.0071
2024-09-30,hvn,5784.5,5786.75,5786.25,neutral,-0.5542,0.8568,neutral,-0.6368,0.4166
2024-09-30,hvn,5808.5,5812.5,5811.5,upper,0.9587,0.0893,upper,0.9982,0.004
2024-09-30,lvn,5768.5,5773.25,,,,,,,
2024-09-30,lvn,5796.75,5808.0,,,,,,,
2024-10-01,hvn,5759.0,5761.75,5760.25,neutral,-0.3046,1.3831,neutral,-0.9266,0.44
2024-10-01,hvn,5776.0,5779.5,5776.75,neutral,0.6866,0.7546,neutral,-0.6114,1.3745
2024-10-01,hvn,5807.0,5811.75,5808.75,upper,0.9959,0.0175,upper,0.8872,0.1826
2024-10-01,lvn,5782.75,5806.0,,,,,,,
2024-10-02,hvn,5725.75,5727.5,5727.0,lower,-0.9999,0.0008,lower,-1.0,0.0001
2024-10-02,hvn,5750.5,5753.0,5752.25,neutral,-0.413,0.7862,neutral,-0.4032,0.5744
2024-10-02,hvn,5759.5,5764.75,5761.25,upper,0.8597,0.0839,upper,0.9053,0.0593
2024-10-03,hvn,5743.75,5745.25,5744.25,neutral,-0.2403,1.3591,neutral,-0.5904,0.9013
2024-10-03,hvn,5748.5,5750.75,5750.0,neutral,0.4844,0.6741,neutral,0.0428,1.2427
2024-10-04,hvn,5755.75,5758.25,5756.5,lower,-0.9701,0.1005,neutral,-0.6019,0.8092
2024-10-04,hvn,5770.0,5772.25,5771.5,neutral,-0.3966,1.3951,neutral,0.4645,1.5601
2024-10-04,hvn,5782.75,5785.0,5783.5,neutral,0.5777,1.0868,neutral,0.8806,0.5201
2024-10-04,hvn,5788.25,5791.5,5790.25,neutral,0.8581,0.3058,upper,0.9585,0.1529
2024-10-04,hvn,5794.0,5795.75,5795.25,upper,0.9591,0.1938,upper,0.9893,0.0817
2024-10-04,hvn,5798.75,5800.75,5799.5,upper,0.9985,0.0074,upper,0.9998,0.0012
2024-10-04,lvn,5785.25,5788.0,,,,,,,
2024-10-07,hvn,5739.5,5743.75,5742.5,lower,-0.9959,0.0114,lower,-0.9995,0.0021
2024-10-07,hvn,5746.5,5749.75,5747.75,lower,-0.932,0.2036,lower,-0.9887,0.0525
2024-10-07,hvn,5777.0,5780.75,5779.75,neutral,0.7486,0.4056,neutral,-0.2254,1.1263
2024-10-07,hvn,5795.75,5798.25,5797.0,upper,0.99,0.0494,neutral,0.9095,0.2595
2024-10-07,lvn,5752.0,5770.0,,,,,,,
2024-10-07,lvn,5788.25,5795.5,,,,,,,
2024-10-08,hvn,5742.5,5745.5,5744.5,lower,-0.9937,0.0341,lower,-0.9867,0.0387
2024-10-08,hvn,5764.75,5770.0,5766.75,neutral,-0.7042,0.4354,neutral,0.2002,1.1056
2024-10-08,hvn,5779.25,5782.25,5780.5,neutral,0.0461,1.8273,neutral,0.7653,0.7692
2024-10-08,hvn,5786.5,5789.75,5788.25,neutral,0.587,0.7403,neutral,0.925,0.2699
2024-10-08,hvn,5797.0,5800.0,5798.5,upper,0.9666,0.0905,upper,0.9958,0.0217
2024-10-08,hvn,5802.5,5804.75,5803.25,upper,0.9997,0.0014,upper,1.0,0.0003
2024-10-08,lvn,5750.0,5763.25,,,,,,,
2024-10-08,lvn,5770.5,5775.25,,,,,,,
2024-10-09,hvn,5795.25,5798.25,5796.75,lower,-0.969,0.1178,neutral,-0.6219,0.6775
2024-10-09,hvn,5802.5,5805.25,5804.25,neutral,-0.8687,0.435,neutral,-0.0474,2.1724
2024-10-09,hvn,5810.0,5812.0,5810.75,neutral,-0.6326,1.3695,neutral,0.3847,2.3263
2024-10-09,hvn,5830.75,5833.25,5832.25,neutral,0.7488,0.5849,upper,0.978,0.1108
2024-10-09,hvn,5842.25,5845.0,5843.0,upper,1.0,0.0,upper,1.0,0.0
2024-10-09,lvn,5813.5,5820.75,,,,,,,
2024-10-10,hvn,5819.75,5823.0,5821.75,lower,-0.9213,0.0587,lower,-0.9872,0.0186
2024-10-10,hvn,5828.25,5832.25,5829.25,neutral,0.591,0.1769,neutral,-0.4391,0.2789
2024-10-10,hvn,5836.75,5838.5,5837.5,upper,0.9796,0.0497,upper,0.8275,0.23
2024-10-11,hvn,5823.5,5827.0,5825.75,lower,-0.9927,0.0234,lower,-0.9243,0.1193
2024-10-11,hvn,5830.25,5834.0,5832.75,lower,-0.9344,0.1525,neutral,-0.5247,0.5598
2024-10-11,hvn,5859.0,5860.75,5859.75,neutral,0.8827,0.2836,upper,0.9818,0.1012
2024-10-11,lvn,5838.75,5848.25,,,,,,,
2024-10-14,hvn,5853.5,5859.25,5855.75,lower,-0.9998,0.0007,lower,-0.9973,0.0038
2024-10-14,hvn,5873.75,5877.5,5875.75,neutral,-0.8896,0.2996,neutral,0.0312,2.0593
2024-10-14,hvn,5882.0,5884.25,5883.25,neutral,-0.7222,0.9605,neutral,0.4042,2.4232
2024-10-14,hvn,5891.75,5896.0,5895.25,neutral,-0.1545,0.9753,neutral,0.7914,0.542
2024-10-14,hvn,5901.75,5904.25,5902.75,neutral,0.6334,0.67,upper,0.9579,0.2209
2024-10-14,hvn,5907.5,5911.0,5909.0,upper,0.9753,0.0395,upper,0.9975,0.0112
2024-10-14,lvn,5859.5,5867.0,,,,,,,
2024-10-14,lvn,5877.75,5881.5,,,,,,,
2024-10-14,lvn,5885.5,5889.75,,,,,,,
2024-10-15,hvn,5858.25,5864.75,5860.0,lower,-0.9822,0.0261,lower,-0.9972,0.0075
2024-10-15,hvn,5868.25,5870.5,5869.25,neutral,-0.7557,0.8573,neutral,-0.9512,0.3035
2024-10-15,hvn,5883.25,5886.75,5884.75,neutral,0.1247,1.5494,neutral,-0.7096,0.759
2024-10-15,hvn,5903.25,5905.5,5904.75,neutral,0.9258,0.3282,neutral,0.4215,1.331
2024-10-15,hvn,5908.25,5913.0,5910.25,upper,0.9996,0.0009,upper,0.9873,0.0128
2024-10-15,lvn,5892.5,5903.0,,,,,,,
2024-10-16,hvn,5854.25,5857.25,5855.75,lower,-0.9998,0.0005,lower,-0.9999,0.0001
2024-10-16,hvn,5865.0,5867.5,5866.25,neutral,-0.6671,0.5277,neutral,-0.5473,0.3443
2024-10-16,hvn,5871.75,5874.0,5872.75,neutral,0.0279,1.6735,neutral,0.5077,0.7181
2024-10-16,hvn,5876.25,5880.0,5877.5,neutral,0.5521,0.5108,upper,0.83,0.2127
2024-10-16,hvn,5885.5,5889.25,5886.75,upper,0.9947,0.0089,upper,0.9987,0.0027
2024-10-16,lvn,5880.25,5883.75,,,,,,,
2024-10-17,hvn,5885.5,5889.75,5888.25,lower,-0.9558,0.0512,neutral,-0.5053,0.6048
2024-10-17,hvn,5893.25,5896.75,5895.0,neutral,-0.5473,0.4247,neutral,0.1073,1.2925
2024-10-17,hvn,5904.25,5910.0,5905.75,upper,0.8031,0.127,upper,0.9104,0.0982
2024-10-18,hvn,5897.75,5899.0,5899.0,neutral,-0.4492,1.0156,neutral,0.393,1.3437
2024-10-18,hvn,5904.5,5908.0,5906.75,upper,0.8591,0.0956,upper,0.9597,0.0523
2024-10-21,hvn,5867.0,5869.0,5868.25,lower,-0.9995,0.0022,lower,-0.9999,0.0006
2024-10-21,hvn,5884.25,5886.25,5885.5,neutral,-0.4805,0.9585,neutral,-0.917,0.2604
2024-10-21,hvn,5889.25,5892.25,5890.0,neutral,0.141,0.9355,neutral,-0.7295,0.4322
2024-10-21,hvn,5895.5,5897.25,5896.5,neutral,0.7182,0.6266,neutral,-0.2645,1.6669
2024-10-21,hvn,5899.25,5901.0,5900.0,upper,0.9081,0.2487,neutral,0.1381,1.8181
2024-10-21,hvn,5911.5,5914.0,5912.75,upper,1.0,0.0002,upper,0.9989,0.0025
2024-10-21,lvn,5873.25,5878.25,,,,,,,
2024-10-21,lvn,5908.75,5911.25,,,,,,,
2024-10-22,hvn,5869.25,5871.5,5870.0,lower,-0.9425,0.1335,lower,-0.9574,0.106
2024-10-22,hvn,5877.25,5880.25,5878.5,neutral,-0.3985,0.7325,neutral,-0.5024,0.5732
2024-10-22,hvn,5883.75,5885.25,5884.5,neutral,0.2547,1.8785,neutral,0.1942,1.5863
2024-10-22,hvn,5895.5,5897.5,5896.0,upper,0.9788,0.0651,upper,0.9877,0.0344
2024-10-23,hvn,5808.0,5812.75,5810.0,lower,-0.9951,0.0159,lower,-0.9993,0.004
2024-10-23,hvn,5825.25,5829.25,5827.0,neutral,-0.835,0.3897,lower,-0.976,0.1202
2024-10-23,hvn,5836.0,5838.5,5837.25,neutral,-0.459,1.6433,neutral,-0.913,0.5589
2024-10-23,hvn,5844.75,5846.75,5846.0,neutral,0.0264,3.5961,neutral,-0.8085,1.2678
2024-10-23,hvn,5859.75,5865.75,5863.5,neutral,0.8074,0.3068,neutral,-0.3316,1.0196
2024-10-23,hvn,5869.0,5873.0,5870.5,upper,0.9403,0.1811,neutral,0.0738,1.8117
2024-10-23,hvn,5877.25,5880.0,5878.75,upper,0.9816,0.1003,neutral,0.5504,1.139
2024-10-23,hvn,5883.75,5889.75,5886.0,upper,0.9998,0.0007,upper,0.9971,0.0034
2024-10-23,lvn,5854.75,5859.5,,,,,,,
2024-10-24,hvn,5828.5,5830.25,5829.25,lower,-0.9894,0.0456,lower,-0.9975,0.0134
2024-10-24,hvn,5848.0,5852.75,5849.25,neutral,0.5291,0.2046,neutral,-0.284,0.3347
2024-10-24,hvn,5864.25,5866.25,5864.75,upper,0.999,0.0036,upper,0.9964,0.0102
2024-10-24,lvn,5856.0,5861.25,,,,,,,
2024-10-25,hvn,5844.75,5846.5,5845.75,lower,-0.9687,0.1588,lower,-0.9715,0.0891
2024-10-25,hvn,5876.75,5880.25,5877.75,neutral,0.6853,0.7215,upper,0.9139,0.2314
2024-10-25,hvn,5885.0,5886.75,5886.0,neutral,0.8844,0.6309,upper,0.9711,0.1968
2024-10-25,hvn,5890.5,5893.0,5892.0,upper,0.9758,0.1114,upper,0.9942,0.0338
2024-10-25,lvn,5857.25,5872.25,,,,,,,
2024-10-25,lvn,5882.25,5884.75,,,,,,,
2024-10-28,hvn,5869.0,5870.5,5869.75,neutral,-0.0837,0.899,neutral,-0.7074,0.3518
2024-10-28,hvn,5875.75,5878.75,5876.75,upper,0.974,0.0245,upper,0.8804,0.0673
2024-10-29,hvn,5850.25,5853.25,5851.5,lower,-0.9115,0.1872,lower,-0.978,0.0346
2024-10-29,hvn,5857.0,5860.0,5859.0,neutral,-0.6383,0.5366,neutral,-0.7205,0.2328
2024-10-29,hvn,5866.25,5868.25,5867.5,neutral,0.226,1.3526,neutral,0.5209,0.724
2024-10-29,hvn,5870.75,5872.25,5871.5,neutral,0.6571,0.8621,neutral,0.8168,0.4983
2024-10-29,hvn,5877.75,5880.0,5879.0,upper,0.9901,0.025,upper,0.9966,0.01
2024-10-29,lvn,5853.5,5856.0,,,,,,,
2024-10-29,lvn,5873.75,5877.25,,,,,,,
2024-10-30,hvn,5849.0,5853.25,5851.0,lower,-0.9765,0.039,lower,-0.9926,0.0197
2024-10-30,hvn,5856.75,5859.75,5858.75,neutral,-0.7818,0.3636,lower,-0.9511,0.1362
2024-10-30,hvn,5864.75,5866.25,5865.25,neutral,-0.2097,2.0957,neutral,-0.8137,0.7031
2024-10-30,hvn,5878.0,5881.5,5879.0,upper,0.9494,0.078,neutral,0.492,0.4032
2024-10-31,hvn,5735.25,5738.0,5737.0,lower,-1.0,0.0,lower,-1.0,0.0
2024-10-31,hvn,5740.75,5744.0,5742.0,lower,-0.9706,0.1153,lower,-0.9977,0.0186
2024-10-31,hvn,5749.5,5752.5,5751.5,neutral,-0.869,0.4279,lower,-0.9863,0.1047
2024-10-31,hvn,5755.25,5757.5,5756.5,neutral,-0.7166,1.0798,neutral,-0.9668,0.3032
2024-10-31,hvn,5760.5,5765.5,5762.0,neutral,-0.4472,0.8822,neutral,-0.9249,0.2857
2024-10-31,hvn,5781.5,5786.0,5784.0,neutral,0.527,1.1522,neutral,-0.5451,1.4755
2024-10-31,hvn,5801.75,5807.25,5804.0,neutral,0.916,0.255,neutral,0.1626,1.6683
2024-10-31,hvn,5832.5,5837.25,5834.25,upper,0.9998,0.0012,upper,0.9995,0.0017
2024-10-31,lvn,5770.75,5781.0,,,,,,,
2024-10-31,lvn,5787.0,5800.75,,,,,,,
2024-10-31,lvn,5819.25,5831.0,,,,,,,
2024-11-01,hvn,5741.25,5745.25,5743.75,lower,-0.9985,0.0048,lower,-0.9861,0.023
2024-11-01,hvn,5759.5,5762.25,5761.0,neutral,-0.8297,0.3892,neutral,0.1619,1.5448
2024-11-01,hvn,5766.0,5769.25,5767.0,neutral,-0.469,0.84,neutral,0.5787,0.8293
2024-11-01,hvn,5777.5,5779.75,5778.25,neutral,0.4309,1.3709,neutral,0.8889,0.4759
2024-11-01,hvn,5783.5,5786.25,5784.75,neutral,0.7777,0.5258,upper,0.9602,0.1724
2024-11-01,hvn,5794.0,5796.5,5794.75,upper,0.988,0.0465,upper,0.9982,0.0116
2024-11-01,lvn,5770.25,5774.0,,,,,,,
2024-11-04,hvn,5733.25,5735.75,5734.5,lower,-0.9788,0.0633,lower,-0.9971,0.0128
2024-11-04,hvn,5738.75,5740.75,5740.25,neutral,-0.9027,0.269,lower,-0.9844,0.0674
2024-11-04,hvn,5743.25,5745.0,5744.0,neutral,-0.7299,0.6633,lower,-0.9586,0.1613
2024-11-04,hvn,5750.5,5755.5,5753.25,neutral,0.1606,0.5146,neutral,-0.7126,0.2226
2024-11-04,hvn,5762.5,5764.25,5763.25,upper,0.9272,0.2142,neutral,0.4368,1.0775
2024-11-05,hvn,5749.5,5753.75,5752.25,lower,-0.989,0.0458,neutral,-0.815,0.3467
2024-11-05,hvn,5763.5,5769.0,5767.5,neutral,-0.865,0.3028,neutral,-0.0136,1.7199
2024-11-05,hvn,5785.5,5789.25,5787.25,neutral,-0.1621,1.5471,neutral,0.7254,0.9952
2024-11-05,hvn,5799.5,5803.0,5801.25,neutral,0.7437,0.4662,upper,0.9484,0.2499
2024-11-05,hvn,5812.0,5814.25,5812.75,upper,0.985,0.0654,upper,0.9915,0.0799
2024-11-05,lvn,5757.25,5763.25,,,,,,,
2024-11-05,lvn,5770.25,5781.75,,,,,,,
2024-11-06,hvn,5841.5,5844.75,5843.25,lower,-0.9935,0.0766,neutral,-0.9607,0.3973
2024-11-06,hvn,5877.0,5884.0,5881.25,neutral,-0.9184,0.2643,neutral,-0.7013,0.8807
2024-11-06,hvn,5916.5,5921.75,5919.0,neutral,-0.2988,1.351,neutral,0.234,2.1212
2024-11-06,hvn,5931.75,5936.25,5933.75,neutral,0.3846,1.2063,neutral,0.7056,0.9331
2024-11-06,hvn,5949.5,5952.5,5951.25,neutral,0.9176,0.3241,upper,0.968,0.1899
2024-11-06,hvn,5956.5,5960.75,5958.5,upper,0.9958,0.0141,upper,0.9978,0.0107
2024-11-06,lvn,5848.75,5870.75,,,,,,,
2024-11-06,lvn,5887.25,5902.75,,,,,,,
2024-11-07,hvn,5967.75,5970.75,5969.5,lower,-0.9657,0.1112,neutral,-0.5855,0.7025
2024-11-07,hvn,5978.0,5980.25,5979.0,neutral,-0.7723,0.6504,neutral,0.2142,2.1355
2024-11-07,hvn,5993.75,5995.75,5994.75,neutral,0.414,1.1656,neutral,0.8924,0.4901
2024-11-07,hvn,6001.75,6003.25,6002.25,neutral,0.9134,0.2984,upper,0.9784,0.1637
2024-11-07,lvn,5980.75,5985.0,,,,,,,
2024-11-08,hvn,6007.5,6011.5,6009.0,lower,-0.824,0.2158,neutral,-0.216,0.638
2024-11-08,hvn,6022.0,6026.5,6024.75,neutral,0.6467,0.2492,upper,0.9167,0.1182
2024-11-08,hvn,6029.75,6031.75,6030.75,upper,0.9388,0.1537,upper,0.9826,0.0764
2024-11-08,lvn,6011.75,6017.25,,,,,,,
2024-11-11,hvn,6018.0,6021.75,6020.25,lower,-0.9926,0.0105,lower,-0.999,0.0019
2024-11-11,hvn,6024.75,6027.5,6026.75,lower,-0.8577,0.1637,lower,-0.9692,0.0468
2024-11-11,hvn,6031.0,6033.0,6032.25,neutral,-0.1732,0.9251,neutral,-0.6898,0.3616
2024-11-11,hvn,6035.0,6037.75,6035.75,neutral,0.5631,0.3719,neutral,0.0376,0.5688
2024-11-11,hvn,6041.25,6043.75,6042.5,upper,0.9644,0.0564,upper,0.8938,0.1138
2024-11-12,hvn,5992.5,5994.25,5993.0,lower,-0.9927,0.0405,lower,-0.9989,0.0078
2024-11-12,hvn,6014.75,6016.5,6015.5,neutral,-0.0791,1.6888,neutral,-0.7347,0.5164
2024-11-12,hvn,6023.0,6025.75,6024.25,upper,0.8415,0.2285,neutral,0.6284,0.2271
2024-11-13,hvn,6002.5,6005.0,6004.25,lower,-0.9538,0.1027,neutral,-0.7726,0.2826
2024-11-13,hvn,6014.25,6017.25,6015.75,neutral,-0.1023,0.8283,neutral,0.6019,0.5589
2024-11-13,hvn,6022.25,6024.25,6023.0,neutral,0.7474,0.4651,neutral,0.9153,0.2655
2024-11-13,hvn,6029.0,6032.25,6030.0,upper,0.9948,0.0094,upper,0.9978,0.006
2024-11-14,hvn,5973.5,5978.0,5976.5,lower,-0.9884,0.0222,lower,-0.9943,0.0182
2024-11-14,hvn,5983.75,5985.75,5984.75,neutral,-0.7418,0.7966,neutral,-0.9353,0.3406
2024-11-14,hvn,5989.5,5993.25,5991.0,neutral,-0.3512,0.8665,neutral,-0.8509,0.3289
2024-11-14,hvn,5995.75,5998.25,5996.5,neutral,0.1254,1.7166,neutral,-0.6886,0.8253
2024-11-14,hvn,6001.5,6006.0,6004.25,neutral,0.6644,0.3921,neutral,-0.2957,0.742
2024-11-14,hvn,6013.5,6015.75,6014.75,upper,0.9677,0.1206,neutral,0.7083,0.5325
2024-11-14,lvn,5998.5,6001.0,,,,,,,
2024-11-15,hvn,5889.75,5894.25,5892.5,lower,-0.9318,0.1273,lower,-0.9834,0.0718
2024-11-15,hvn,5919.25,5922.0,5920.5,neutral,0.4952,1.7132,neutral,-0.4821,2.339
2024-11-15,hvn,5935.5,5940.75,5937.25,upper,0.9292,0.1824,neutral,0.2373,1.3467
2024-11-15,hvn,5959.25,5962.0,5960.0,upper,0.9985,0.0126,upper,0.9746,0.1095
2024-11-15,lvn,5922.75,5929.0,,,,,,,
2024-11-15,lvn,5951.75,5955.25,,,,,,,
2024-11-18,hvn,5892.5,5894.5,5893.75,lower,-0.9975,0.0101,lower,-0.9969,0.0102
2024-11-18,hvn,5899.25,5901.25,5900.0,lower,-0.9106,0.2497,lower,-0.9217,0.1593
2024-11-18,hvn,5919.25,5921.25,5920.0,upper,0.8768,0.2261,upper,0.962,0.0872
2024-11-19,hvn,5861.5,5863.75,5863.0,lower,-0.9993,0.0072,lower,-0.9998,0.0019
2024-11-19,hvn,5883.75,5890.25,5888.25,lower,-0.9168,0.1584,lower,-0.9762,0.0495
2024-11-19,hvn,5912.5,5917.25,5914.5,neutral,0.1267,1.5408,neutral,-0.1366,1.0571
2024-11-19,hvn,5923.5,5928.25,5927.25,neutral,0.6914,0.5604,neutral,0.7032,0.3406
2024-11-19,hvn,5937.75,5940.0,5939.0,upper,0.9789,0.1081,upper,0.9854,0.0606
2024-11-19,lvn,5867.25,5872.75,,,,,,,
2024-11-19,lvn,5894.5,5910.0,,,,,,,
2024-11-20,hvn,5890.0,5894.0,5892.25,lower,-0.9876,0.0329,lower,-0.999,0.0051
2024-11-20,hvn,5897.75,5901.0,5899.5,neutral,-0.8992,0.2509,lower,-0.9901,0.0508
2024-11-20,hvn,5905.0,5909.75,5908.25,neutral,-0.605,0.5317,lower,-0.9468,0.1526
2024-11-20,hvn,5933.75,5937.0,5935.75,neutral,0.8678,0.3986,neutral,-0.0127,2.1013
2024-11-20,lvn,5919.75,5932.5,,,,,,,
2024-11-21,hvn,5922.25,5925.25,5923.75,lower,-0.942,0.2365,neutral,-0.8719,0.3575
2024-11-21,hvn,5938.0,5940.5,5938.5,neutral,-0.5176,1.7226,neutral,-0.0662,3.0482
2024-11-21,hvn,5947.5,5951.5,5950.0,neutral,-0.0097,1.982,neutral,0.4383,1.3032
2024-11-21,hvn,5965.5,5967.5,5966.75,neutral,0.7839,0.9989,neutral,0.9004,0.6298
2024-11-21,hvn,5969.75,5971.75,5971.0,neutral,0.9009,0.4984,neutral,0.9517,0.3351
2024-11-21,hvn,5976.25,5978.75,5976.75,upper,0.9897,0.0502,upper,0.9941,0.0389
2024-11-21,lvn,5941.0,5946.0,,,,,,,
2024-11-21,lvn,5954.25,5964.5,,,,,,,
2024-11-22,hvn,5974.75,5976.75,5975.75,neutral,-0.3927,0.9637,neutral,0.4908,1.0081
2024-11-22,hvn,5986.0,5987.5,5986.5,upper,0.926,0.1647,upper,0.9802,0.0872
2024-11-25,hvn,6001.75,6007.5,6004.5,neutral,-0.7182,0.1749,lower,-0.8732,0.0654
2024-11-25,hvn,6011.5,6014.25,6013.0,neutral,0.1896,1.0693,neutral,0.2432,0.4437
2024-11-25,hvn,6031.5,6033.0,6032.25,upper,0.9861,0.0823,upper,0.9972,0.0157
2024-11-25,lvn,6007.75,6010.75,,,,,,,
2024-11-26,hvn,6005.0,6008.0,6006.0,neutral,-0.8852,0.3079,neutral,-0.6249,0.6186
2024-11-26,hvn,6018.25,6021.0,6020.0,neutral,-0.3376,0.9755,neutral,0.4978,0.9303
2024-11-26,hvn,6029.75,6031.75,6030.5,neutral,0.7038,0.6593,neutral,0.9294,0.2732
2024-11-26,hvn,6040.5,6042.75,6041.25,upper,1.0,0.0001,upper,0.9999,0.0005
2024-11-26,lvn,6008.25,6011.75,,,,,,,
2024-11-26,lvn,6032.75,6037.5,,,,,,,
2024-11-27,hvn,6014.25,6017.75,6015.25,neutral,-0.6505,0.2775,lower,-0.9386,0.1077
2024-11-27,hvn,6021.5,6023.0,6022.25,neutral,0.2379,1.6753,neutral,-0.6278,1.1656
2024-11-27,hvn,6029.75,6031.5,6030.75,neutral,0.8808,0.3334,neutral,0.148,1.7212
2024-11-28,hvn,6021.75,6023.0,6022.5,lower,-0.8828,0.1025,neutral,-0.7979,0.1086
2024-11-28,hvn,6030.0,6030.75,6030.25,upper,0.9831,0.0422,upper,0.9902,0.0299
2024-11-28,lvn,6025.5,6027.5,,,,,,,
2024-11-29,hvn,6026.75,6028.5,6027.5,lower,-0.9454,0.2057,lower,-0.8611,0.2025
2024-11-29,hvn,6030.75,6034.0,6032.25,neutral,-0.815,0.3037,neutral,-0.2818,0.4103
2024-11-29,hvn,6040.5,6042.5,6041.5,neutral,-0.1011,1.8095,neutral,0.7555,0.5362
2024-11-29,hvn,6051.0,6052.75,6052.0,neutral,0.8667,0.3395,upper,0.978,0.1
2024-11-29,hvn,6057.5,6059.0,6058.0,upper,0.9999,0.0004,upper,1.0,0.0002
2024-11-29,lvn,6034.5,6039.5,,,,,,,
2024-11-29,lvn,6043.0,6048.5,,,,,,,
2024-12-02,hvn,6039.0,6042.0,6040.75,lower,-0.9986,0.0032,lower,-0.9796,0.0237
2024-12-02,hvn,6060.75,6063.5,6062.25,upper,0.9184,0.0597,upper,0.9828,0.0358
2024-12-02,lvn,6042.25,6049.5,,,,,,,
2024-12-03,hvn,6058.0,6059.5,6058.75,neutral,0.017,0.9926,neutral,-0.6779,0.3561
2024-12-03,hvn,6062.25,6063.25,6063.25,neutral,0.8317,0.3036,neutral,0.3564,0.6129
2024-12-04,hvn,6079.0,6081.0,6080.25,neutral,-0.8151,0.2853,neutral,0.2486,1.1229
2024-12-04,hvn,6086.0,6087.75,6086.5,neutral,0.0654,1.3431,neutral,0.8172,0.4514
2024-12-04,hvn,6090.75,6092.75,6091.75,neutral,0.6769,0.5261,upper,0.9483,0.1543
2024-12-04,hvn,6097.5,6100.0,6098.5,upper,0.999,0.0021,upper,0.9999,0.0004
2024-12-05,hvn,6089.0,6089.75,6089.25,lower,-0.9345,0.1994,lower,-0.9411,0.1686
2024-12-05,hvn,6095.75,6097.75,6096.0,neutral,0.3676,0.3954,neutral,0.5268,0.1749
2024-12-05,hvn,6102.0,6103.0,6102.5,upper,0.9719,0.0758,upper,0.9854,0.0399
2024-12-06,hvn,6083.25,6085.75,6084.25,lower,-0.9949,0.0116,lower,-0.9167,0.0744
2024-12-06,hvn,6097.5,6098.75,6098.0,neutral,-0.0182,1.3246,neutral,0.8684,0.4175
2024-12-06,hvn,6106.0,6109.0,6107.0,upper,0.9971,0.0035,upper,0.9997,0.0007
2024-12-06,lvn,6086.25,6090.25,,,,,,,
2024-12-06,lvn,6102.5,6105.5,,,,,,,
2024-12-09,hvn,6063.5,6065.5,6064.5,lower,-0.9795,0.0543,lower,-0.9948,0.0279
2024-12-09,hvn,6072.0,6075.0,6074.0,neutral,-0.4294,0.6765,neutral,-0.8971,0.2613
2024-12-09,hvn,6081.25,6083.0,6082.0,neutral,0.466,1.3414,neutral,-0.5463,1.4186
2024-12-09,hvn,6092.0,6094.25,6093.25,upper,0.959,0.1302,neutral,0.5252,0.7391
2024-12-09,lvn,6066.5,6071.75,,,,,,,
2024-12-09,lvn,6084.0,6090.25,,,,,,,
2024-12-10,hvn,6042.25,6045.25,6044.5,lower,-0.9974,0.0057,lower,-0.9998,0.0005
2024-12-10,hvn,6047.25,6048.75,6047.75,lower,-0.9382,0.2092,lower,-0.9889,0.0426
2024-12-10,hvn,6051.25,6052.75,6052.0,neutral,-0.7587,0.6597,lower,-0.9555,0.1248
2024-12-10,hvn,6060.5,6063.75,6062.5,neutral,0.4203,0.4684,neutral,-0.0339,0.3452
2024-12-10,hvn,6069.0,6072.0,6070.0,upper,0.9929,0.0105,upper,0.9964,0.0039
2024-12-11,hvn,6049.75,6052.5,6051.25,lower,-0.9992,0.0047,lower,-0.9864,0.0316
2024-12-11,hvn,6075.75,6078.25,6076.75,neutral,-0.6437,0.8426,neutral,0.5477,1.6859
2024-12-11,hvn,6081.5,6085.5,6084.75,neutral,-0.2112,0.8127,neutral,0.7814,0.5713
2024-12-11,hvn,6095.25,6098.5,6096.5,upper,0.9802,0.0277,upper,0.9965,0.0152
2024-12-11,lvn,6053.25,6073.5,,,,,,,
2024-12-11,lvn,6078.5,6080.5,,,,,,,
2024-12-11,lvn,6088.25,6091.5,,,,,,,
2024-12-12,hvn,6059.75,6061.75,6060.75,lower,-0.9897,0.0299,lower,-0.9972,0.0115
2024-12-12,hvn,6065.0,6068.25,6066.75,lower,-0.8401,0.1875,lower,-0.964,0.0653
2024-12-12,hvn,6075.25,6078.0,6076.5,neutral,0.3864,0.5396,neutral,-0.5044,0.4559
2024-12-12,hvn,6082.25,6084.5,6083.0,upper,0.9814,0.0299,upper,0.863,0.0911
2024-12-12,lvn,6062.0,6064.5,,,,,,,
2024-12-12,lvn,6069.25,6073.5,,,,,,,
2024-12-13,hvn,6050.25,6052.25,6051.5,neutral,-0.8483,0.3034,lower,-0.9566,0.1411
2024-12-13,hvn,6054.75,6057.25,6055.75,neutral,-0.4463,0.7775,neutral,-0.8266,0.3551
2024-12-13,hvn,6062.75,6066.0,6064.75,neutral,0.4448,0.763,neutral,-0.1867,0.8548
2024-12-13,hvn,6074.0,6076.25,6075.25,upper,0.9346,0.2081,neutral,0.8121,0.3889
2024-12-13,hvn,6081.0,6084.25,6082.0,upper,1.0,0.0,upper,1.0,0.0
2024-12-13,lvn,6059.75,6062.5,,,,,,,
2024-12-13,lvn,6066.25,6073.5,,,,,,,
2024-12-16,hvn,6128.25,6130.75,6129.5,lower,-0.999,0.0037,lower,-0.9823,0.0316
2024-12-16,hvn,6152.75,6155.0,6153.75,neutral,0.4894,0.4783,neutral,0.9018,0.2854
2024-12-16,hvn,6159.0,6162.75,6161.0,upper,0.9989,0.0011,upper,0.9997,0.0007
2024-12-16,lvn,6131.75,6136.75,,,,,,,
2024-12-16,lvn,6155.75,6158.75,,,,,,,
2024-12-17,hvn,6118.0,6120.25,6119.25,lower,-0.9823,0.0272,lower,-0.9969,0.0106
2024-12-17,hvn,6122.75,6124.25,6123.75,neutral,-0.7122,0.4343,lower,-0.9582,0.1605
2024-12-17,hvn,6126.5,6128.0,6127.5,neutral,-0.0839,1.1247,neutral,-0.8673,0.405
2024-12-17,hvn,6130.75,6132.5,6131.5,neutral,0.68,0.4086,neutral,-0.6138,0.7982
2024-12-18,hvn,5906.5,5916.0,5912.0,lower,-1.0,0.0,lower,-1.0,0.0
2024-12-18,hvn,5935.25,5942.5,5938.75,lower,-0.9849,0.1141,lower,-0.9977,0.0268
2024-12-18,hvn,5957.25,5961.75,5959.5,neutral,-0.9236,0.8044,lower,-0.986,0.2342
2024-12-18,hvn,5972.5,5982.25,5976.25,neutral,-0.8388,0.7076,lower,-0.973,0.1894
2024-12-18,hvn,6025.75,6036.0,6030.5,neutral,-0.3142,2.2028,neutral,-0.8881,0.499
2024-12-18,hvn,6058.25,6066.0,6060.75,neutral,0.1388,3.4731,neutral,-0.7687,0.9988
2024-12-18,hvn,6088.25,6093.5,6090.25,neutral,0.5526,2.7236,neutral,-0.5367,2.0013
2024-12-18,hvn,6119.5,6125.0,6122.75,neutral,0.9027,0.6364,neutral,0.2353,1.6065
2024-12-18,hvn,6134.0,6139.0,6136.75,upper,0.9894,0.0834,upper,0.8918,0.2006
2024-12-18,lvn,5916.25,5927.0,,,,,,,
2024-12-18,lvn,5943.25,5956.0,,,,,,,
2024-12-18,lvn,5965.0,5972.25,,,,,,,
2024-12-18,lvn,5982.5,6023.0,,,,,,,
2024-12-18,lvn,6047.25,6055.5,,,,,,,
2024-12-18,lvn,6066.25,6072.25,,,,,,,
2024-12-18,lvn,6095.0,6117.75,,,,,,,
2024-12-19,hvn,5933.0,5935.5,5934.5,lower,-1.0,0.0001,lower,-1.0,0.0001
2024-12-19,hvn,5952.25,5955.75,5954.75,neutral,-0.6887,0.5976,neutral,-0.4868,0.7003
2024-12-19,hvn,5958.75,5961.0,5960.25,neutral,-0.3593,1.6569,neutral,0.0505,2.0427
2024-12-19,hvn,5978.5,5982.0,5980.0,neutral,0.8461,0.3482,upper,0.9483,0.1426
2024-12-20,hvn,5880.75,5889.75,5885.0,lower,-0.9974,0.012,lower,-0.9907,0.0246
2024-12-20,hvn,5901.5,5907.25,5905.5,lower,-0.9643,0.2077,neutral,-0.8232,0.57
2024-12-20,hvn,5932.5,5936.25,5934.25,neutral,-0.6989,2.0984,neutral,-0.0996,4.5329
2024-12-20,hvn,5968.75,5975.75,5972.0,neutral,-0.0237,2.9557,neutral,0.6019,1.5004
2024-12-20,hvn,5998.75,6002.75,5999.75,neutral,0.6158,1.9457,neutral,0.8779,1.0109
2024-12-20,hvn,6015.25,6019.75,6016.75,neutral,0.8834,0.5872,neutral,0.9648,0.2992
2024-12-20,hvn,6038.25,6043.25,6039.5,upper,0.9987,0.008,upper,0.9997,0.003
2024-12-20,lvn,5890.0,5897.0,,,,,,,
2024-12-20,lvn,5937.25,5966.5,,,,,,,
2024-12-20,lvn,5977.5,5990.0,,,,,,,
2024-12-23,hvn,5977.5,5981.25,5979.75,lower,-0.9879,0.043,lower,-0.9985,0.0065
2024-12-23,hvn,5987.25,5990.0,5988.75,neutral,-0.8828,0.4367,lower,-0.9771,0.1016
2024-12-23,hvn,5992.75,5996.5,5994.0,neutral,-0.7271,0.6464,lower,-0.9347,0.1727
2024-12-23,hvn,6005.25,6007.5,6006.5,neutral,-0.1627,2.7162,neutral,-0.6333,1.0307
2024-12-23,hvn,6022.0,6024.0,6022.75,neutral,0.7358,1.0626,neutral,0.6624,0.7587
2024-12-23,hvn,6034.5,6037.0,6036.0,upper,0.9878,0.0571,upper,0.9973,0.009
2024-12-23,lvn,6029.5,6034.25,,,,,,,
2024-12-24,hvn,6033.0,6036.0,6034.75,lower,-0.9998,0.0013,lower,-0.9965,0.0055
2024-12-24,hvn,6041.25,6044.25,6043.5,lower,-0.9779,0.0961,neutral,-0.3748,0.9094
2024-12-24,hvn,6054.75,6057.25,6056.0,neutral,-0.7521,0.904,neutral,0.5411,1.4328
2024-12-24,hvn,6068.0,6070.25,6068.75,neutral,-0.154,2.595,neutral,0.8601,0.7294
2024-12-24,hvn,6078.0,6080.25,6079.25,neutral,0.5019,1.4273,upper,0.9671,0.22
2024-12-24,hvn,6083.5,6085.5,6084.25,neutral,0.7605,0.8555,upper,0.9876,0.1052
2024-12-24,hvn,6095.75,6099.5,6097.5,upper,1.0,0.0,upper,1.0,0.0
2024-12-24,lvn,6048.75,6054.0,,,,,,,
2024-12-24,lvn,6057.75,6064.5,,,,,,,
2024-12-24,lvn,6070.5,6074.0,,,,,,,
2024-12-24,lvn,6087.5,6095.0,,,,,,,
2024-12-26,hvn,6081.75,6084.0,6082.75,neutral,-0.7558,0.4169,neutral,-0.767,0.5193
2024-12-26,hvn,6090.25,6093.75,6093.25,neutral,0.3522,0.5043,neutral,0.0559,0.9049
2024-12-26,hvn,6097.75,6101.25,6099.5,upper,0.9775,0.0254,upper,0.9238,0.0745
2024-12-26,lvn,6084.75,6090.0,,,,,,,
2024-12-27,hvn,5993.0,5995.75,5994.0,lower,-0.9771,0.1004,lower,-0.9962,0.04
2024-12-27,hvn,6003.5,6006.75,6005.75,neutral,-0.8195,0.4806,lower,-0.9746,0.1931
2024-12-27,hvn,6012.75,6016.0,6014.5,neutral,-0.4323,1.2515,neutral,-0.925,0.4973
2024-12-27,hvn,6027.25,6030.75,6028.5,neutral,0.3872,1.4389,neutral,-0.7527,1.253
2024-12-27,hvn,6043.25,6046.5,6045.5,neutral,0.8236,0.6853,neutral,-0.4067,2.6946
2024-12-27,hvn,6050.25,6053.25,6051.5,neutral,0.9026,0.4839,neutral,-0.209,3.5772
2024-12-27,hvn,6071.5,6075.0,6073.25,upper,0.992,0.0543,neutral,0.6547,1.0472
2024-12-27,hvn,6083.5,6087.0,6085.25,upper,0.9994,0.0054,upper,0.9751,0.0872
2024-12-27,lvn,6033.0,6042.75,,,,,,,
2024-12-27,lvn,6054.75,6070.25,,,,,,,
2024-12-27,lvn,6079.5,6083.25,,,,,,,
2024-12-30,hvn,5932.25,5935.0,5933.25,lower,-0.9526,0.221,lower,-0.9946,0.0541
2024-12-30,hvn,5957.0,5960.0,5958.0,neutral,-0.1532,2.4028,neutral,-0.9015,0.5993
2024-12-30,hvn,5978.5,5981.75,5980.25,neutral,0.7786,0.7255,neutral,-0.5249,1.8639
2024-12-30,hvn,6011.5,6014.75,6013.25,upper,0.9928,0.0517,neutral,0.8197,0.5546
2024-12-30,lvn,5960.25,5969.25,,,,,,,
2024-12-30,lvn,5991.5,6010.5,,,,,,,
2024-12-31,hvn,5925.25,5927.75,5926.5,lower,-0.9823,0.0601,lower,-0.9953,0.0237
2024-12-31,hvn,5934.5,5937.0,5935.75,neutral,-0.7193,0.6869,neutral,-0.9287,0.2601
2024-12-31,hvn,5963.75,5966.0,5964.25,neutral,0.8751,0.5215,neutral,0.646,0.9733
2024-12-31,hvn,5971.25,5976.0,5973.5,upper,0.9934,0.017,upper,0.9702,0.051
2024-12-31,lvn,5951.0,5959.5,,,,,,,
2025-01-02,hvn,5892.25,5895.0,5893.25,lower,-0.9622,0.2402,lower,-0.9892,0.0978
2025-01-02,hvn,5916.0,5918.75,5917.25,neutral,-0.5099,2.1841,neutral,-0.8518,0.8802
2025-01-02,hvn,5944.0,5953.25,5949.0,neutral,0.6644,0.4176,neutral,0.0601,0.8413
2025-01-02,hvn,5973.25,5975.5,5974.0,upper,0.9804,0.1679,neutral,0.9273,0.3866
2025-01-02,lvn,5898.75,5910.75,,,,,,,
2025-01-02,lvn,5921.25,5937.25,,,,,,,
2025-01-03,hvn,5926.0,5930.0,5928.75,lower,-0.9951,0.0207,lower,-0.932,0.1333
2025-01-03,hvn,5948.75,5954.25,5952.25,neutral,-0.7249,0.4179,neutral,0.2805,1.2645
2025-01-03,hvn,5959.5,5964.0,5961.25,neutral,-0.2322,1.2205,neutral,0.6301,0.9824
2025-01-03,hvn,5976.25,5979.0,5977.25,neutral,0.688,0.8867,neutral,0.9232,0.4431
2025-01-03,hvn,5985.75,5989.0,5987.5,upper,0.9825,0.0525,upper,0.9941,0.0347
2025-01-03,lvn,5964.5,5972.25,,,,,,,
2025-01-03,lvn,5979.25,5983.5,,,,,,,
2025-01-06,hvn,5983.75,5987.0,5985.25,lower,-0.9999,0.0008,lower,-0.9982,0.007
2025-01-06,hvn,6020.0,6023.25,6022.0,neutral,-0.7605,0.555,neutral,0.316,2.0313
2025-01-06,hvn,6037.25,6040.75,6039.25,neutral,0.2759,1.3744,neutral,0.8282,0.6391
2025-01-06,hvn,6047.25,6050.5,6049.5,neutral,0.7706,0.5666,neutral,0.9398,0.3008
2025-01-06,hvn,6053.5,6058.0,6055.5,upper,0.9502,0.1069,upper,0.9841,0.0665
2025-01-06,lvn,5987.75,6006.5,,,,,,,
2025-01-07,hvn,5935.0,5938.25,5936.0,lower,-1.0,0.0,lower,-1.0,0.0
2025-01-07,hvn,5953.25,5956.5,5954.75,lower,-0.9554,0.2051,lower,-0.9933,0.0497
2025-01-07,hvn,5975.0,5980.5,5977.0,neutral,-0.442,0.9323,neutral,-0.8747,0.3558
2025-01-07,hvn,5989.5,5996.0,5992.5,neutral,0.2723,1.0161,neutral,-0.5812,0.7382
2025-01-07,hvn,6035.0,6039.5,6037.0,upper,0.9977,0.0118,upper,0.9991,0.0025
2025-01-07,lvn,5957.25,5971.25,,,,,,,
2025-01-07,lvn,6011.75,6032.5,,,,,,,
2025-01-08,hvn,5949.0,5952.0,5950.25,neutral,0.3094,0.7776,neutral,-0.6191,0.5935
2025-01-08,hvn,5957.5,5961.0,5958.75,upper,0.9237,0.1094,neutral,0.2404,0.754
2025-01-09,hvn,5947.75,5951.0,5949.0,neutral,0.759,0.1085,neutral,0.5495,0.1349
2025-01-10,hvn,5861.5,5866.75,5864.5,lower,-0.9114,0.1521,lower,-0.9863,0.0648
2025-01-10,hvn,5879.25,5885.0,5882.0,neutral,-0.0666,1.2369,neutral,-0.8418,0.5309
2025-01-10,hvn,5898.5,5901.0,5899.5,neutral,0.6777,1.4019,neutral,-0.509,3.0402
2025-01-10,hvn,5940.0,5944.25,5942.25,upper,0.9961,0.0246,upper,0.9379,0.1742
2025-01-10,lvn,5919.25,5938.25,,,,,,,
2025-01-13,hvn,5829.25,5832.25,5831.0,neutral,-0.7512,0.5824,neutral,-0.6676,0.7526
2025-01-13,hvn,5838.0,5840.75,5839.5,neutral,-0.2521,1.6981,neutral,-0.1392,1.7883
2025-01-13,hvn,5860.0,5863.75,5862.0,neutral,0.887,0.283,upper,0.9155,0.221
2025-01-13,hvn,5874.0,5876.75,5875.25,upper,0.9972,0.0147,upper,0.9919,0.0448
2025-01-13,lvn,5844.5,5854.25,,,,,,,
2025-01-13,lvn,5866.75,5873.5,,,,,,,
2025-01-14,hvn,5853.25,5856.0,5855.0,lower,-0.9832,0.0675,lower,-0.9959,0.0227
2025-01-14,hvn,5866.0,5871.25,5867.25,neutral,-0.6638,0.4603,lower,-0.9121,0.162
2025-01-14,hvn,5881.5,5883.75,5882.75,neutral,0.2172,2.1888,neutral,-0.4877,1.2144
2025-01-14,hvn,5889.25,5892.25,5891.25,neutral,0.7191,0.6403,neutral,0.2195,0.9278
2025-01-14,hvn,5902.75,5905.75,5904.0,upper,0.9865,0.0488,upper,0.9815,0.0398
2025-01-15,hvn,5883.0,5887.5,5885.5,lower,-0.9999,0.0009,lower,-0.9983,0.0063
2025-01-15,hvn,5900.25,5904.75,5902.5,lower,-0.9823,0.1282,neutral,-0.56,1.66
2025-01-15,hvn,5962.75,5965.25,5964.0,neutral,-0.4028,1.9536,neutral,0.7819,2.1003
2025-01-15,hvn,5977.5,5980.5,5978.5,neutral,0.4989,1.0479,neutral,0.943,0.5205
2025-01-15,hvn,5986.5,5990.0,5988.0,upper,0.9159,0.1846,upper,0.9884,0.1014
2025-01-15,hvn,5993.5,5999.0,5995.0,upper,0.9994,0.0011,upper,0.9999,0.0006
2025-01-15,lvn,5889.25,5899.75,,,,,,,
2025-01-15,lvn,5905.25,5954.75,,,,,,,
2025-01-16,hvn,5974.5,5976.5,5975.75,lower,-0.9671,0.0865,lower,-0.9681,0.1234
2025-01-16,hvn,5985.0,5986.75,5986.0,neutral,-0.3018,1.0706,neutral,-0.7482,0.5737
2025-01-16,hvn,5988.75,5991.5,5989.75,neutral,0.3238,0.6582,neutral,-0.4185,0.6235
2025-01-17,hvn,5984.0,5987.25,5985.25,lower,-0.9933,0.0414,neutral,-0.8661,0.4094
2025-01-17,hvn,5993.5,5997.0,5995.5,lower,-0.9707,0.1331,neutral,-0.4772,1.3876
2025-01-17,hvn,6023.25,6025.75,6024.75,neutral,-0.4215,1.2075,neutral,0.6993,1.5068
2025-01-17,hvn,6032.0,6034.25,6033.0,neutral,0.3168,1.3333,neutral,0.8802,0.7545
2025-01-17,hvn,6038.75,6043.75,6041.75,upper,0.9282,0.0731,upper,0.9859,0.0473
2025-01-17,lvn,5987.5,5992.5,,,,,,,
2025-01-17,lvn,5998.5,6012.25,,,,,,,
2025-01-20,hvn,6023.75,6029.75,6027.5,lower,-0.9979,0.0033,lower,-0.9916,0.006
2025-01-20,hvn,6035.5,6040.75,6037.25,neutral,-0.7327,0.3026,neutral,-0.0612,0.6247
2025-01-20,hvn,6045.0,6048.75,6047.75,neutral,-0.1183,1.1735,neutral,0.6591,0.5206
2025-01-20,hvn,6054.5,6057.0,6056.25,neutral,0.6016,0.8371,upper,0.9315,0.2281
2025-01-20,hvn,6063.75,6068.0,6064.75,upper,0.953,0.086,upper,0.9943,0.0165
2025-01-20,hvn,6071.5,6074.25,6073.0,upper,0.9972,0.0108,upper,0.9998,0.0011
2025-01-20,lvn,6030.25,6035.0,,,,,,,
2025-01-20,lvn,6068.5,6071.25,,,,,,,
2025-01-21,hvn,6044.75,6047.75,6046.25,neutral,-0.9012,0.3089,neutral,-0.7839,0.4637
2025-01-21,hvn,6054.25,6057.5,6056.75,neutral,-0.6823,0.596,neutral,-0.1627,1.3504
2025-01-21,hvn,6081.0,6085.25,6082.75,upper,0.9722,0.05,upper,0.984,0.0422
2025-01-21,lvn,6066.5,6078.25,,,,,,,
2025-01-22,hvn,6099.25,6102.75,6101.25,lower,-0.9906,0.0249,lower,-0.937,0.0884
2025-01-22,hvn,6112.25,6116.75,6114.0,lower,-0.8122,0.1557,neutral,0.2433,0.6653
2025-01-22,hvn,6125.5,6127.25,6126.0,neutral,0.6276,0.537,neutral,0.9212,0.2959
2025-01-22,hvn,6129.75,6133.0,6131.0,upper,0.9912,0.0096,upper,0.9977,0.006
2025-01-22,lvn,6103.25,6108.25,,,,,,,
2025-01-23,hvn,6115.0,6118.25,6115.75,lower,-0.9175,0.1468,neutral,-0.4336,0.5038
2025-01-23,hvn,6129.25,6131.0,6129.75,neutral,0.1135,2.1255,neutral,0.8016,0.6573
2025-01-23,hvn,6133.5,6135.25,6134.5,neutral,0.4873,1.338,neutral,0.9129,0.3517
2025-01-23,hvn,6148.75,6151.75,6150.5,upper,0.9933,0.0207,upper,0.9999,0.0004
2025-01-23,lvn,6118.5,6125.75,,,,,,,
2025-01-23,lvn,6138.5,6148.0,,,,,,,
2025-01-24,hvn,6127.5,6129.75,6128.5,lower,-0.9696,0.0767,lower,-0.9908,0.0272
2025-01-24,hvn,6139.5,6141.0,6140.25,neutral,-0.1544,2.0761,neutral,-0.5437,0.8576
2025-01-24,hvn,6147.5,6149.75,6148.5,neutral,0.7711,0.3862,neutral,0.7866,0.1889
2025-01-27,hvn,5984.75,5988.25,5986.75,lower,-0.9851,0.0783,lower,-0.9919,0.0555
2025-01-27,hvn,6021.25,6033.5,6026.75,neutral,-0.0016,0.3901,neutral,-0.4837,0.4837
2025-01-27,hvn,6099.5,6104.25,6102.0,upper,1.0,0.0,upper,1.0,0.0001
2025-01-27,lvn,6054.5,6073.75,,,,,,,
2025-01-28,hvn,6025.25,6029.25,6027.75,lower,-0.9998,0.0009,lower,-1.0,0.0001
2025-01-28,hvn,6041.0,6043.5,6042.25,lower,-0.9626,0.2134,lower,-0.9832,0.0581
2025-01-28,hvn,6053.75,6056.0,6054.5,neutral,-0.7846,0.9877,neutral,-0.4916,1.4944
2025-01-28,hvn,6064.0,6066.5,6065.25,neutral,-0.4267,1.9204,neutral,0.1751,2.3866
2025-01-28,hvn,6069.5,6071.5,6070.5,neutral,-0.1635,3.2383,neutral,0.4425,2.2214
2025-01-28,hvn,6074.25,6078.75,6076.5,neutral,0.1872,1.3473,neutral,0.6736,0.6724
2025-01-28,hvn,6085.5,6092.25,6089.5,upper,0.8315,0.2034,upper,0.952,0.088
2025-01-28,hvn,6098.5,6103.0,6100.25,upper,0.9992,0.0022,upper,0.9997,0.0013
2025-01-28,lvn,6079.0,6084.75,,,,,,,
2025-01-29,hvn,6078.25,6083.0,6080.75,neutral,0.685,0.2916,neutral,-0.6219,0.4302
2025-01-29,hvn,6102.25,6106.5,6104.25,upper,0.9996,0.0014,upper,0.9956,0.0066
2025-01-29,lvn,6092.0,6101.25,,,,,,,
2025-01-30,hvn,6064.5,6067.0,6066.0,lower,-0.9915,0.0336,lower,-0.997,0.0116
2025-01-30,hvn,6086.0,6088.0,6087.0,neutral,-0.1753,1.6506,neutral,-0.1498,1.1797
2025-01-30,hvn,6097.75,6100.25,6099.0,neutral,0.8348,0.3434,upper,0.9238,0.1445
2025-01-31,hvn,6064.0,6068.75,6067.0,lower,-0.9951,0.0185,lower,-0.9977,0.0106
2025-01-31,hvn,6084.25,6089.25,6086.5,neutral,-0.647,0.9212,neutral,-0.8859,0.3242
2025-01-31,hvn,6104.0,6107.5,6105.75,neutral,0.0221,3.1515,neutral,-0.5029,1.0857
2025-01-31,hvn,6123.25,6127.0,6125.0,neutral,0.7492,0.8027,neutral,0.7135,0.4578
2025-01-31,hvn,6133.0,6137.5,6136.5,upper,0.9586,0.1295,upper,0.961,0.0779
2025-01-31,hvn,6140.0,6143.25,6141.0,upper,0.9969,0.0157,upper,0.9974,0.0094
2025-01-31,lvn,6072.5,6083.75,,,,,,,
2025-01-31,lvn,6127.75,6132.75,,,,,,,
2025-02-03,hvn,5970.0,5973.5,5971.0,neutral,-0.8451,0.6606,neutral,-0.4458,1.742
2025-02-03,hvn,6021.5,6025.75,6023.75,neutral,0.8356,0.5041,neutral,0.9067,0.4581
2025-02-03,hvn,6039.5,6042.25,6041.25,upper,0.9849,0.1021,upper,0.9891,0.1055
2025-02-03,lvn,5983.0,6009.0,,,,,,,
2025-02-04,hvn,6010.5,6013.0,6011.0,lower,-0.976,0.147,lower,-0.95,0.2091
2025-02-04,hvn,6024.75,6027.25,6025.75,neutral,-0.8381,0.667,neutral,-0.4832,1.5928
2025-02-04,hvn,6058.25,6060.25,6059.25,neutral,0.9175,0.2569,upper,0.9791,0.113
2025-02-04,hvn,6062.25,6065.0,6063.0,upper,0.9962,0.0104,upper,0.9988,0.0056
2025-02-04,lvn,6029.25,6042.25,,,,,,,
2025-02-05,hvn,6038.75,6040.5,6039.25,neutral,-0.9297,0.3686,neutral,-0.6258,1.1932
2025-02-05,hvn,6047.25,6054.0,6050.0,neutral,-0.6269,0.3573,neutral,0.1223,0.773
2025-02-05,hvn,6069.25,6072.75,6071.5,neutral,0.6962,0.6255,neutral,0.9011,0.3243
2025-02-05,hvn,6075.25,6079.5,6076.0,upper,0.9142,0.1692,upper,0.9697,0.0967
2025-02-05,hvn,6085.0,6087.75,6086.0,upper,0.9984,0.0068,upper,0.998,0.0124
2025-02-05,lvn,6054.25,6068.75,,,,,,,
2025-02-06,hvn,6098.75,6100.75,6099.5,upper,0.8124,0.2313,upper,0.8923,0.0971
2025-02-07,hvn,6048.25,6051.0,6049.75,lower,-0.9899,0.037,lower,-0.9971,0.0191
2025-02-07,hvn,6060.25,6067.0,6062.25,neutral,-0.6084,0.3997,lower,-0.8976,0.2026
2025-02-07,hvn,6073.25,6076.5,6074.75,neutral,0.1089,2.1811,neutral,-0.6425,1.1822
2025-02-07,hvn,6088.0,6090.25,6089.25,neutral,0.6998,1.3691,neutral,-0.0567,3.2088
2025-02-07,hvn,6118.25,6121.75,6119.75,upper,0.9999,0.0004,upper,1.0,0.0002
2025-02-07,lvn,6077.25,6083.25,,,,,,,
2025-02-10,hvn,6073.25,6076.5,6074.75,neutral,-0.6679,0.4282,neutral,0.1143,1.0202
2025-02-10,hvn,6087.25,6090.25,6088.5,upper,0.9247,0.0757,upper,0.9833,0.036
2025-02-11,hvn,6071.75,6073.75,6072.75,neutral,-0.8767,0.2586,neutral,-0.6789,0.3719
2025-02-11,hvn,6076.0,6077.5,6076.75,neutral,-0.5901,0.9273,neutral,-0.0084,1.5307
2025-02-11,hvn,6086.25,6088.75,6087.75,neutral,0.7436,0.3372,upper,0.934,0.1278
2025-02-11,hvn,6091.25,6092.75,6091.75,upper,0.9651,0.1002,upper,0.9914,0.0364
2025-02-12,hvn,6030.75,6033.25,6032.0,lower,-0.9831,0.0845,lower,-0.9958,0.035
2025-02-12,hvn,6037.0,6040.75,6039.0,lower,-0.9211,0.214,lower,-0.9833,0.0815
2025-02-12,hvn,6046.75,6049.0,6047.75,neutral,-0.6697,1.1614,neutral,-0.9422,0.3698
2025-02-12,hvn,6051.75,6054.5,6053.0,neutral,-0.4289,1.4743,neutral,-0.9015,0.4507
2025-02-12,hvn,6058.75,6061.0,6060.0,neutral,-0.0116,2.8541,neutral,-0.8117,0.8471
2025-02-12,hvn,6071.0,6074.5,6073.0,neutral,0.8027,0.3903,neutral,-0.3983,1.0573
2025-02-12,hvn,6091.25,6094.5,6092.75,upper,0.9998,0.0007,upper,0.9973,0.0048
2025-02-13,hvn,6081.5,6084.25,6083.0,neutral,-0.9023,0.3692,neutral,-0.4986,1.0584
2025-02-13,hvn,6098.0,6101.5,6100.5,neutral,-0.2931,1.3698,neutral,0.5353,1.0826
2025-02-13,hvn,6108.5,6112.25,6109.75,neutral,0.3448,1.2695,neutral,0.8163,0.5471
2025-02-13,hvn,6119.75,6122.0,6120.75,neutral,0.7691,0.9544,neutral,0.9384,0.399
2025-02-13,hvn,6130.25,6133.25,6132.25,upper,0.9892,0.0441,upper,0.9986,0.0088
2025-02-13,lvn,6087.0,6096.25,,,,,,,
2025-02-13,lvn,6113.75,6118.0,,,,,,,
2025-02-14,hvn,6134.25,6137.0,6135.25,neutral,0.066,0.3304,neutral,-0.1475,0.4695
2025-02-17,hvn,6140.75,6141.5,6141.0,neutral,0.0225,1.2747,neutral,-0.2175,0.9288
2025-02-17,hvn,6144.5,6146.25,6145.0,upper,0.9958,0.0037,upper,0.9967,0.0024
2025-02-18,hvn,6121.5,6123.25,6122.5,lower,-0.9989,0.004,lower,-0.9998,0.001
2025-02-18,hvn,6131.25,6134.25,6133.0,neutral,-0.7493,0.2048,lower,-0.9652,0.0553
2025-02-18,hvn,6138.5,6140.25,6139.25,neutral,0.2945,0.9767,neutral,-0.6227,0.6312
2025-02-18,hvn,6147.0,6148.75,6147.75,upper,0.9373,0.1616,neutral,0.575,0.6479
2025-02-19,hvn,6132.75,6135.25,6134.0,lower,-0.9894,0.0259,lower,-0.9969,0.0079
2025-02-19,hvn,6137.5,6139.0,6138.25,neutral,-0.8555,0.4633,lower,-0.9407,0.1859
2025-02-19,hvn,6144.0,6146.0,6145.0,neutral,-0.3556,1.2265,neutral,-0.5646,0.6355
2025-02-19,hvn,6148.75,6152.75,6151.5,neutral,0.3042,0.5999,neutral,0.427,0.265
2025-02-19,hvn,6160.75,6163.75,6162.25,upper,0.9956,0.0087,upper,0.9984,0.0028
2025-02-19,lvn,6146.25,6148.5,,,,,,,
2025-02-19,lvn,6153.25,6158.25,,,,,,,
2025-02-20,hvn,6110.5,6112.5,6111.25,lower,-0.9659,0.1006,lower,-0.9954,0.0283
2025-02-20,hvn,6119.5,6121.5,6120.25,neutral,-0.456,1.183,neutral,-0.9177,0.3726
2025-02-20,hvn,6129.75,6132.25,6131.25,neutral,0.5034,0.9779,neutral,-0.5986,1.0064
2025-02-20,hvn,6135.25,6137.75,6136.5,neutral,0.7992,0.4845,neutral,-0.2599,1.5277
2025-02-20,hvn,6144.25,6146.25,6145.5,upper,0.9745,0.1118,neutral,0.5939,0.8017
2025-02-20,lvn,6139.0,6143.75,,,,,,,
2025-02-21,hvn,6027.75,6035.25,6030.75,lower,-0.9994,0.0015,lower,-0.9999,0.0005
2025-02-21,hvn,6046.75,6051.25,6049.25,neutral,-0.7227,0.9597,neutral,-0.9484,0.3585
2025-02-21,hvn,6061.25,6063.75,6062.25,neutral,-0.3424,3.7843,neutral,-0.8657,1.4069
2025-02-21,hvn,6076.25,6079.0,6077.5,neutral,0.1296,4.5956,neutral,-0.7278,2.1637
2025-02-21,hvn,6093.5,6099.75,6096.75,neutral,0.6704,0.8375,neutral,-0.4308,1.5191
2025-02-21,hvn,6113.75,6116.5,6114.75,neutral,0.9118,0.6556,neutral,0.0855,4.315
2025-02-21,hvn,6121.0,6123.75,6122.5,neutral,0.9582,0.3475,neutral,0.3769,2.6559
2025-02-21,hvn,6133.75,6136.5,6135.75,upper,0.9968,0.032,upper,0.9581,0.1566
2025-02-21,lvn,6037.75,6044.25,,,,,,,
2025-02-21,lvn,6068.5,6074.5,,,,,,,
2025-02-21,lvn,6117.5,6120.5,,,,,,,
2025-02-24,hvn,6000.75,6003.0,6002.0,lower,-0.9949,0.0255,lower,-0.9995,0.0042
2025-02-24,hvn,6007.75,6009.75,6009.0,neutral,-0.9186,0.3585,lower,-0.9883,0.0969
2025-02-24,hvn,6017.5,6020.25,6018.75,neutral,-0.5528,1.1245,neutral,-0.9264,0.3528
2025-02-24,hvn,6023.75,6026.0,6025.0,neutral,-0.1851,2.3142,neutral,-0.8535,0.7183
2025-02-24,hvn,6032.5,6035.25,6034.0,neutral,0.4139,1.399,neutral,-0.6513,1.0649
2025-02-24,hvn,6042.0,6045.0,6043.25,neutral,0.8229,0.4931,neutral,-0.1902,1.6757
2025-02-24,hvn,6058.75,6061.75,6059.75,upper,0.998,0.0098,upper,0.9812,0.0368
2025-02-25,hvn,5945.5,5948.0,5946.5,neutral,-0.9293,0.3133,lower,-0.9901,0.0794
2025-02-25,hvn,5969.5,5975.25,5971.25,neutral,0.1362,0.9953,neutral,-0.7924,0.3748
2025-02-25,hvn,5981.75,5985.75,5982.75,neutral,0.6979,0.6307,neutral,-0.4326,1.0821
2025-02-25,hvn,5998.25,6001.5,6000.25,upper,0.9737,0.1085,neutral,0.5726,0.8664
2025-02-26,hvn,5959.25,5961.5,5960.75,lower,-0.9636,0.2023,lower,-0.9896,0.0612
2025-02-26,hvn,5964.25,5966.5,5965.5,neutral,-0.905,0.4608,lower,-0.9696,0.1512
2025-02-26,hvn,5971.5,5973.0,5972.25,neutral,-0.7383,1.5682,neutral,-0.8997,0.5621
2025-02-26,hvn,5978.75,5982.0,5980.25,neutral,-0.4204,1.4583,neutral,-0.7092,0.5303
2025-02-26,hvn,5989.75,5992.0,5991.0,neutral,0.1525,2.9827,neutral,0.0426,1.7338
2025-02-26,hvn,5997.75,6002.0,6000.5,neutral,0.609,0.7939,neutral,0.7333,0.3204
2025-02-26,hvn,6010.25,6017.0,6014.5,upper,0.9819,0.0305,upper,0.9904,0.0138
2025-02-27,hvn,5875.5,5879.0,5877.25,lower,-1.0,0.0,lower,-1.0,0.0
2025-02-27,hvn,5896.75,5898.75,5897.75,neutral,-0.9288,0.8561,neutral,-0.9795,0.3519
2025-02-27,hvn,5917.0,5923.5,5920.75,neutral,-0.6846,0.9181,neutral,-0.9123,0.3656
2025-02-27,hvn,5949.0,5953.0,5951.25,neutral,0.0922,3.1465,neutral,-0.6458,1.4031
2025-02-27,hvn,5968.25,5971.25,5969.25,neutral,0.6858,1.4493,neutral,-0.17,2.8693
2025-02-27,hvn,5994.0,5999.0,5997.0,upper,0.9871,0.0565,neutral,0.8723,0.2934
2025-02-27,lvn,5880.5,5888.25,,,,,,,
2025-02-27,lvn,5904.75,5916.0,,,,,,,
2025-02-27,lvn,5924.25,5940.25,,,,,,,
2025-02-28,hvn,5849.5,5853.5,5852.0,lower,-1.0,0.0003,lower,-1.0,0.0001
2025-02-28,hvn,5876.0,5881.5,5879.5,neutral,-0.8117,0.3718,neutral,-0.7826,0.2247
2025-02-28,hvn,5888.0,5891.5,5889.75,neutral,-0.4172,1.605,neutral,-0.0068,1.4824
2025-02-28,hvn,5934.25,5937.25,5935.75,neutral,0.8467,1.0057,neutral,0.9563,0.315
2025-02-28,hvn,5958.0,5964.0,5961.75,upper,0.9991,0.0042,upper,0.9999,0.0004
2025-02-28,lvn,5925.25,5933.75,,,,,,,
2025-02-28,lvn,5937.75,5954.0,,,,,,,
2025-03-03,hvn,5840.75,5846.5,5843.25,lower,-0.9886,0.0734,lower,-0.998,0.0184
2025-03-03,hvn,5853.25,5858.0,5856.0,neutral,-0.9515,0.3309,lower,-0.9919,0.0801
2025-03-03,hvn,5861.75,5864.5,5863.5,neutral,-0.9089,0.9726,lower,-0.9852,0.2287
2025-03-03,hvn,5885.75,5891.25,5889.25,neutral,-0.6546,1.488,neutral,-0.9354,0.3915
2025-03-03,hvn,5918.0,5922.25,5919.75,neutral,-0.0468,4.1613,neutral,-0.7535,1.2499
2025-03-03,hvn,5937.5,5942.0,5940.75,neutral,0.4597,2.1625,neutral,-0.4557,1.8615
2025-03-03,hvn,5953.75,5957.0,5955.75,neutral,0.791,1.2257,neutral,0.0064,3.3924
2025-03-03,lvn,5847.0,5852.75,,,,,,,
2025-03-03,lvn,5875.5,5885.5,,,,,,,
2025-03-03,lvn,5924.25,5936.75,,,,,,,
2025-03-04,hvn,5757.0,5760.5,5759.25,lower,-0.9886,0.067,lower,-0.9982,0.0197
2025-03-04,hvn,5770.0,5774.75,5772.25,neutral,-0.8945,0.3549,lower,-0.9838,0.1133
2025-03-04,hvn,5788.5,5792.25,5790.5,neutral,-0.4873,1.7217,neutral,-0.9241,0.5274
2025-03-04,hvn,5808.5,5811.75,5810.25,neutral,0.2191,2.9991,neutral,-0.7598,1.4491
2025-03-04,hvn,5815.0,5819.0,5817.0,neutral,0.4397,1.8585,neutral,-0.6648,1.4887
2025-03-04,hvn,5834.5,5840.25,5836.5,neutral,0.8419,0.4933,neutral,-0.178,1.961
2025-03-04,hvn,5867.5,5872.0,5869.75,upper,0.9971,0.0195,upper,0.944,0.1594
2025-03-05,hvn,5762.5,5766.5,5764.25,lower,-0.9932,0.0365,lower,-0.9972,0.0178
2025-03-05,hvn,5790.5,5796.0,5792.0,neutral,-0.7144,0.6016,lower,-0.9024,0.235
2025-03-05,hvn,5807.0,5810.5,5808.75,neutral,-0.1338,2.5706,neutral,-0.575,1.0488
2025-03-05,hvn,5821.75,5829.25,5825.5,neutral,0.5178,0.7431,neutral,0.3889,0.4646
2025-03-05,hvn,5849.0,5852.25,5851.0,upper,0.9692,0.1715,upper,0.9772,0.0958
2025-03-05,lvn,5767.5,5776.0,,,,,,,
2025-03-05,lvn,5830.0,5846.5,,,,,,,
2025-03-06,hvn,5744.25,5748.0,5746.5,neutral,-0.8625,0.4353,lower,-0.973,0.1922
2025-03-06,hvn,5765.5,5769.0,5767.0,neutral,-0.0851,2.7711,neutral,-0.8111,1.0844
2025-03-06,hvn,5784.75,5788.5,5786.75,neutral,0.6089,1.3562,neutral,-0.4678,2.2807
2025-03-06,hvn,5792.25,5797.5,5794.75,neutral,0.7941,0.5762,neutral,-0.2521,2.1864
2025-03-06,hvn,5847.5,5850.5,5848.25,upper,1.0,0.0002,upper,0.9996,0.0025
2025-03-06,lvn,5822.5,5839.75,,,,,,,
2025-03-07,hvn,5684.75,5688.5,5686.0,lower,-0.9936,0.0438,lower,-0.9978,0.0184
2025-03-07,hvn,5692.25,5696.25,5694.0,lower,-0.9705,0.1688,lower,-0.9908,0.0653
2025-03-07,hvn,5718.5,5721.25,5720.0,neutral,-0.7026,1.5767,neutral,-0.9103,0.571
2025-03-07,hvn,5732.25,5736.25,5734.5,neutral,-0.3236,1.9893,neutral,-0.7689,0.7082
2025-03-07,hvn,5741.5,5745.5,5743.75,neutral,0.034,2.5881,neutral,-0.5654,0.9872
2025-03-07,hvn,5749.25,5753.0,5751.0,neutral,0.3588,1.7961,neutral,-0.2505,1.3667
2025-03-07,hvn,5760.25,5764.5,5763.0,neutral,0.7761,0.5964,neutral,0.6333,0.4219
2025-03-07,hvn,5767.75,5770.25,5769.25,neutral,0.9083,0.4625,upper,0.915,0.2059
2025-03-07,lvn,5696.5,5707.25,,,,,,,
2025-03-10,hvn,5589.0,5593.25,5591.0,lower,-0.9928,0.0506,lower,-0.9987,0.0159
2025-03-10,hvn,5621.25,5629.25,5623.5,neutral,-0.831,0.3615,lower,-0.9735,0.1231
2025-03-10,hvn,5660.75,5667.75,5664.5,neutral,0.2385,1.6173,neutral,-0.709,1.0504
2025-03-10,hvn,5673.75,5681.75,5676.5,neutral,0.5746,0.8861,neutral,-0.5178,1.3381
2025-03-10,hvn,5693.25,5697.25,5695.25,neutral,0.8318,0.8961,neutral,-0.1756,3.9849
2025-03-10,hvn,5728.25,5737.25,5731.5,upper,0.992,0.0317,neutral,0.7998,0.387
2025-03-10,hvn,5747.0,5753.0,5748.5,upper,0.9999,0.0005,upper,0.9983,0.0061
2025-03-10,lvn,5630.25,5655.25,,,,,,,
2025-03-10,lvn,5682.0,5690.25,,,,,,,
2025-03-10,lvn,5718.0,5728.0,,,,,,,
2025-03-11,hvn,5536.5,5542.0,5539.75,lower,-1.0,0.0,lower,-1.0,0.0
2025-03-11,hvn,5574.0,5579.25,5576.25,neutral,-0.747,0.5397,neutral,-0.9135,0.2764
2025-03-11,hvn,5588.0,5591.0,5589.25,neutral,-0.2796,2.2759,neutral,-0.72,1.2193
2025-03-11,hvn,5597.25,5600.5,5598.75,neutral,0.1614,2.4116,neutral,-0.4667,1.8278
2025-03-11,hvn,5610.25,5614.0,5612.0,neutral,0.6828,0.9207,neutral,0.082,2.353
2025-03-11,hvn,5626.5,5631.0,5629.25,upper,0.9587,0.1426,neutral,0.8091,0.4296
2025-03-11,hvn,5638.5,5641.5,5639.5,upper,0.9969,0.0208,upper,0.9851,0.0653
2025-03-12,hvn,5562.0,5564.5,5563.0,lower,-0.9971,0.0235,lower,-0.9989,0.0073
2025-03-12,hvn,5601.75,5609.25,5605.75,neutral,-0.1991,0.6,neutral,0.2852,0.4746
2025-03-12,hvn,5640.0,5644.5,5641.25,upper,0.9888,0.0379,upper,0.9988,0.0048
2025-03-13,hvn,5526.0,5528.75,5527.0,neutral,-0.9467,0.263,lower,-0.9867,0.1127
2025-03-13,hvn,5538.0,5542.25,5540.0,neutral,-0.6969,0.7538,neutral,-0.9389,0.269
2025-03-13,hvn,5561.25,5564.75,5562.75,neutral,0.2751,2.178,neutral,-0.5597,1.5758
2025-03-13,hvn,5575.75,5579.75,5578.0,neutral,0.7587,0.7619,neutral,-0.0394,2.3816
2025-03-13,hvn,5591.75,5596.75,5592.5,upper,0.9759,0.0837,neutral,0.6675,0.6883
2025-03-13,lvn,5529.0,5536.0,,,,,,,
2025-03-14,hvn,5562.75,5565.75,5564.5,lower,-0.985,0.0975,neutral,-0.8552,0.4637
2025-03-14,hvn,5577.25,5579.5,5578.25,neutral,-0.8868,0.7202,neutral,-0.2197,3.3406
2025-03-14,hvn,5601.75,5604.5,5602.75,neutral,-0.1768,3.0613,neutral,0.6335,1.8998
2025-03-14,hvn,5630.5,5633.75,5631.25,upper,0.9575,0.1499,upper,0.9965,0.0238
2025-03-14,hvn,5644.0,5646.75,5645.25,upper,1.0,0.0003,upper,1.0,0.0001
2025-03-14,lvn,5605.0,5612.0,,,,,,,
2025-03-17,hvn,5659.75,5668.25,5663.0,lower,-0.9982,0.0049,lower,-0.9706,0.0342
2025-03-17,hvn,5707.0,5712.5,5710.5,neutral,-0.3397,1.0022,neutral,0.7124,0.7998
2025-03-17,hvn,5719.25,5723.0,5720.5,neutral,0.2476,1.6985,neutral,0.8623,0.6857
2025-03-17,hvn,5728.75,5734.0,5732.25,neutral,0.6947,0.5585,upper,0.9443,0.2351
2025-03-17,hvn,5747.75,5752.75,5750.0,upper,0.9943,0.0175,upper,0.9985,0.0091
2025-03-17,lvn,5668.5,5685.5,,,,,,,
2025-03-17,lvn,5723.25,5728.25,,,,,,,
2025-03-17,lvn,5735.25,5746.75,,,,,,,
2025-03-18,hvn,5669.0,5672.0,5670.5,neutral,-0.653,0.5976,lower,-0.9538,0.2428
2025-03-18,hvn,5690.25,5694.0,5692.0,neutral,0.6271,0.9576,neutral,-0.4503,1.7155
2025-03-18,hvn,5702.75,5706.75,5705.75,neutral,0.879,0.4083,neutral,0.0677,2.235
2025-03-18,lvn,5682.5,5689.5,,,,,,,
2025-03-18,lvn,5694.5,5702.0,,,,,,,
2025-03-19,hvn,5678.75,5688.0,5683.0,lower,-0.9716,0.0416,neutral,-0.6047,0.2277
2025-03-19,hvn,5709.0,5713.0,5710.5,neutral,-0.1767,1.7495,neutral,0.7908,0.6207
2025-03-19,hvn,5728.25,5731.25,5730.0,neutral,0.6598,1.1894,upper,0.9637,0.2245
2025-03-19,hvn,5741.25,5749.25,5744.25,upper,0.9486,0.0921,upper,0.9957,0.0134
2025-03-19,hvn,5753.75,5757.5,5755.75,upper,0.9904,0.0483,upper,0.9991,0.0069
2025-03-19,lvn,5714.25,5727.75,,,,,,,
2025-03-20,hvn,5713.25,5717.0,5714.75,neutral,-0.6144,0.7045,neutral,-0.8165,0.5329
2025-03-20,hvn,5737.75,5741.0,5740.5,neutral,0.7244,0.7664,neutral,0.2741,1.7191
2025-03-20,hvn,5747.75,5751.5,5750.75,upper,0.9537,0.1438,neutral,0.8577,0.2922
2025-03-20,lvn,5726.0,5736.75,,,,,,,
2025-03-21,hvn,5671.0,5674.0,5671.75,neutral,-0.7983,0.5718,lower,-0.96,0.1742
2025-03-21,hvn,5696.0,5700.5,5697.25,neutral,0.6233,0.6203,neutral,-0.1844,0.9914
2025-03-21,hvn,5717.25,5721.0,5718.0,upper,0.9998,0.0007,upper,0.9965,0.0073
2025-03-21,lvn,5674.75,5690.5,,,,,,,
2025-03-21,lvn,5705.75,5714.0,,,,,,,
2025-03-24,hvn,5752.25,5756.75,5754.25,lower,-0.9937,0.0294,lower,-0.9525,0.1162
2025-03-24,hvn,5783.0,5787.25,5785.0,neutral,-0.7352,0.5625,neutral,0.3242,1.5246
2025-03-24,hvn,5802.25,5805.25,5804.25,neutral,0.3149,1.1192,neutral,0.8898,0.4747
2025-03-24,hvn,5813.25,5816.0,5814.5,upper,0.9529,0.1068,upper,0.9955,0.0267
2025-03-24,lvn,5757.0,5772.0,,,,,,,
2025-03-24,lvn,5787.5,5794.25,,,,,,,
2025-03-25,hvn,5814.0,5817.0,5816.5,lower,-0.8296,0.1529,neutral,-0.0728,0.8035
2025-03-25,hvn,5825.75,5827.5,5826.75,neutral,0.7755,0.3518,upper,0.9134,0.2452
2025-03-26,hvn,5744.75,5747.5,5746.5,lower,-0.9999,0.0009,lower,-1.0,0.0005
2025-03-26,hvn,5758.25,5764.5,5760.0,lower,-0.9043,0.1816,lower,-0.9735,0.0958
2025-03-26,hvn,5775.0,5779.5,5777.5,neutral,-0.3502,1.4977,neutral,-0.8249,0.6892
2025-03-26,hvn,5804.75,5810.75,5808.0,neutral,0.8069,0.4078,neutral,-0.0205,1.5998
2025-03-26,hvn,5824.25,5827.0,5825.75,upper,0.9904,0.0634,neutral,0.8864,0.3345
2025-03-26,lvn,5766.0,5774.75,,,,,,,
2025-03-26,lvn,5781.25,5803.25,,,,,,,
2025-03-26,lvn,5812.0,5820.75,,,,,,,
2025-03-27,hvn,5741.75,5744.25,5742.75,neutral,-0.8039,0.3996,lower,-0.9383,0.142
2025-03-27,hvn,5753.5,5755.5,5754.5,neutral,0.1833,1.5614,neutral,-0.1715,1.3736
2025-03-27,hvn,5774.0,5778.0,5775.25,upper,0.9997,0.0007,upper,0.9999,0.0003
2025-03-27,lvn,5769.0,5773.25,,,,,,,
2025-03-28,hvn,5621.0,5625.5,5624.0,lower,-0.9838,0.0598,lower,-0.9886,0.0966
2025-03-28,hvn,5636.25,5640.25,5637.75,neutral,-0.7001,1.0552,neutral,-0.9293,0.5817
2025-03-28,hvn,5653.5,5657.75,5655.5,neutral,-0.1455,2.7726,neutral,-0.7974,1.3486
2025-03-28,hvn,5672.5,5677.0,5675.5,neutral,0.3972,2.2701,neutral,-0.5611,2.3687
2025-03-28,hvn,5687.75,5691.25,5689.5,neutral,0.6699,1.908,neutral,-0.3121,4.1899
2025-03-28,hvn,5717.0,5721.5,5719.75,upper,0.9654,0.2192,neutral,0.4542,1.9464
2025-03-28,lvn,5640.75,5647.0,,,,,,,
2025-03-28,lvn,5667.5,5672.25,,,,,,,
2025-03-28,lvn,5683.5,5687.5,,,,,,,
2025-03-28,lvn,5691.5,5702.5,,,,,,,
2025-03-31,hvn,5539.0,5542.25,5540.75,lower,-0.9996,0.0036,lower,-0.9999,0.0007
2025-03-31,hvn,5561.75,5568.25,5566.75,lower,-0.9472,0.1522,lower,-0.9736,0.0432
2025-03-31,hvn,5572.25,5575.5,5574.0,neutral,-0.8446,0.7751,neutral,-0.8376,0.4022
2025-03-31,hvn,5578.5,5581.5,5580.0,neutral,-0.7336,1.3222,neutral,-0.6016,0.9122
2025-03-31,hvn,5585.0,5590.5,5586.25,neutral,-0.554,1.1212,neutral,-0.17,0.9941
2025-03-31,hvn,5595.75,5600.75,5598.75,neutral,-0.2155,2.114,neutral,0.3912,1.0891
2025-03-31,hvn,5628.25,5632.0,5630.25,neutral,0.6882,1.4243,neutral,0.928,0.3805
2025-03-31,hvn,5648.75,5651.5,5650.5,neutral,0.9577,0.3299,upper,0.996,0.0401
2025-03-31,hvn,5654.5,5657.75,5655.75,upper,0.9903,0.0707,upper,0.9989,0.0107
2025-03-31,lvn,5611.5,5627.5,,,,,,,
2025-04-01,hvn,5618.75,5621.25,5619.75,lower,-0.9739,0.1483,lower,-0.99,0.0412
2025-04-01,hvn,5629.75,5635.5,5633.75,lower,-0.8569,0.241,lower,-0.8726,0.1182
2025-04-01,hvn,5638.5,5641.25,5640.0,neutral,-0.6135,1.1886,neutral,-0.3713,1.1414
2025-04-01,hvn,5660.75,5663.5,5662.25,neutral,0.5614,1.32,neutral,0.8466,0.5236
2025-04-01,hvn,5671.75,5676.25,5674.0,upper,0.9407,0.138,upper,0.9812,0.0568
2025-04-01,hvn,5685.5,5688.25,5686.75,upper,0.9976,0.0136,upper,0.9993,0.0051
2025-04-01,lvn,5648.25,5659.25,,,,,,,
2025-04-02,hvn,5585.5,5590.0,5587.5,lower,-0.9987,0.0129,lower,-0.9991,0.0077
2025-04-02,hvn,5620.5,5625.0,5622.5,neutral,-0.9581,0.262,lower,-0.9713,0.1379
2025-04-02,hvn,5651.75,5657.5,5654.5,neutral,-0.7043,0.8869,neutral,-0.6143,0.6723
2025-04-02,hvn,5664.25,5669.25,5667.0,neutral,-0.4533,1.5949,neutral,-0.1402,1.3645
2025-04-02,hvn,5688.75,5692.0,5690.0,neutral,0.3165,2.6548,neutral,0.7649,0.8781
2025-04-02,hvn,5696.5,5701.25,5699.0,neutral,0.5882,1.1551,neutral,0.8857,0.3583
2025-04-02,hvn,5715.5,5720.5,5717.75,neutral,0.9067,0.338,upper,0.9799,0.0904
2025-04-02,lvn,5592.75,5610.5,,,,,,,
2025-04-02,lvn,5626.25,5642.5,,,,,,,
2025-04-03,hvn,5418.5,5422.0,5419.75,lower,-0.9998,0.0014,lower,-0.9998,0.0028
2025-04-03,hvn,5429.5,5437.75,5435.5,lower,-0.995,0.0153,lower,-0.9935,0.03
2025-04-03,hvn,5462.75,5466.75,5465.0,neutral,-0.7374,0.9983,neutral,-0.9192,0.5113
2025-04-03,hvn,5477.75,5484.25,5481.0,neutral,-0.3267,1.2175,neutral,-0.81,0.5683
2025-04-03,hvn,5490.5,5496.0,5493.25,neutral,0.1363,1.7993,neutral,-0.6311,1.0774
2025-04-03,hvn,5515.25,5518.5,5516.5,neutral,0.7981,0.9448,neutral,0.0439,3.5743
2025-04-03,lvn,5422.5,5427.0,,,,,,,
2025-04-03,lvn,5444.5,5462.0,,,,,,,
2025-04-04,hvn,5107.25,5112.75,5110.0,lower,-0.9936,0.063,lower,-0.9954,0.0814
2025-04-04,hvn,5139.25,5143.25,5141.25,neutral,-0.9061,0.9974,neutral,-0.9735,0.5569
2025-04-04,hvn,5148.75,5157.75,5153.5,neutral,-0.852,0.6434,neutral,-0.9615,0.3454
2025-04-04,hvn,5166.75,5176.0,5174.25,neutral,-0.7187,1.0514,neutral,-0.9323,0.5425
2025-04-04,hvn,5207.75,5213.25,5210.75,neutral,-0.2161,4.3462,neutral,-0.8054,2.1987
2025-04-04,hvn,5267.0,5276.25,5271.25,neutral,0.6059,1.5378,neutral,-0.4276,3.0752
2025-04-04,hvn,5385.75,5397.25,5391.5,upper,0.9898,0.0712,neutral,0.8344,0.6278
2025-04-04,hvn,5405.5,5410.75,5408.25,upper,0.997,0.0503,neutral,0.9417,0.5083
2025-04-04,lvn,5189.75,5205.75,,,,,,,
2025-04-04,lvn,5241.0,5259.25,,,,,,,
2025-04-04,lvn,5318.25,5382.75,,,,,,,
2025-04-07,hvn,4857.0,4863.0,4860.5,lower,-0.9993,0.0091,lower,-0.9993,0.0062
2025-04-07,hvn,4924.0,4932.5,4928.25,neutral,-0.9133,0.5175,neutral,-0.7799,0.8314
2025-04-07,hvn,4971.25,4977.5,4974.25,neutral,-0.6264,2.3346,neutral,-0.1231,4.1224
2025-04-07,hvn,5015.5,5025.5,5019.0,neutral,-0.0866,3.0315,neutral,0.5066,1.74
2025-04-07,hvn,5048.5,5055.5,5051.25,neutral,0.3462,3.2327,neutral,0.7589,1.4973
2025-04-07,hvn,5075.5,5082.5,5079.25,neutral,0.6509,1.8883,neutral,0.8911,0.8005
2025-04-07,hvn,5092.5,5101.25,5096.25,neutral,0.7921,0.99,neutral,0.9446,0.3645
2025-04-07,hvn,5118.0,5123.0,5120.75,neutral,0.8962,1.0146,upper,0.9836,0.2169
2025-04-07,hvn,5188.0,5194.0,5191.75,upper,0.9841,0.2091,upper,0.9984,0.0272
2025-04-07,hvn,5274.5,5282.0,5278.0,upper,0.9999,0.0017,upper,1.0,0.0002
2025-04-07,lvn,5163.75,5186.75,,,,,,,
2025-04-07,lvn,5226.25,5271.75,,,,,,,
2025-04-08,hvn,5006.25,5011.5,5009.75,neutral,-0.9717,0.3683,lower,-0.9916,0.114
2025-04-08,hvn,5016.75,5025.25,5019.0,neutral,-0.9525,0.3595,lower,-0.9832,0.1321
2025-04-08,hvn,5080.5,5084.75,5083.0,neutral,-0.6749,3.5486,neutral,-0.8545,1.4325
2025-04-08,hvn,5096.5,5105.0,5100.5,neutral,-0.54,2.3181,neutral,-0.7712,0.9526
2025-04-08,hvn,5128.75,5137.25,5134.75,neutral,-0.204,3.6158,neutral,-0.4777,1.5279
2025-04-08,hvn,5145.75,5152.25,5149.75,neutral,-0.0093,5.7403,neutral,-0.2208,2.5241
2025-04-08,hvn,5170.75,5176.25,5174.0,neutral,0.2964,4.7974,neutral,0.3163,2.4095
2025-04-08,hvn,5208.75,5221.25,5217.0,neutral,0.739,0.8677,neutral,0.8497,0.3513
2025-04-08,hvn,5239.75,5245.25,5241.25,neutral,0.8953,0.9235,neutral,0.9515,0.3546
2025-04-08,hvn,5269.25,5274.0,5270.5,neutral,0.9791,0.2557,upper,0.9911,0.0975
2025-04-08,hvn,5280.75,5294.75,5289.25,upper,0.999,0.0045,upper,0.9997,0.0013
2025-04-08,lvn,5029.25,5068.75,,,,,,,
2025-04-08,lvn,5186.25,5206.5,,,,,,,
2025-04-09,hvn,4927.25,4939.75,4933.0,lower,-0.9957,0.0453,lower,-0.9636,0.1651
2025-04-09,hvn,5030.25,5037.25,5034.0,neutral,-0.8275,2.432,neutral,-0.1459,6.6751
2025-04-09,hvn,5095.25,5104.75,5099.5,neutral,-0.5299,4.7308,neutral,0.3137,5.3918
2025-04-09,hvn,5286.25,5292.75,5288.75,neutral,0.4206,8.6884,neutral,0.8405,3.3537
2025-04-09,hvn,5320.25,5330.75,5326.5,neutral,0.5892,3.9137,neutral,0.8904,1.5642
2025-04-09,hvn,5347.5,5358.5,5353.75,neutral,0.705,2.7475,neutral,0.9217,1.1335
2025-04-09,hvn,5395.75,5403.75,5399.25,neutral,0.8575,1.9538,neutral,0.9612,0.8515
2025-04-09,hvn,5415.25,5421.75,5418.5,neutral,0.8999,1.7526,neutral,0.972,0.7825
2025-04-09,hvn,5496.75,5506.25,5498.75,upper,0.9995,0.0068,upper,0.9996,0.0088
2025-04-09,lvn,4943.75,4982.25,,,,,,,
2025-04-09,lvn,5106.0,5262.5,,,,,,,
2025-04-09,lvn,5430.75,5470.25,,,,,,,
2025-04-10,hvn,5248.25,5252.75,5250.25,neutral,-0.8484,1.2766,neutral,-0.9722,0.4299
2025-04-10,hvn,5274.5,5283.25,5279.0,neutral,-0.6178,1.341,neutral,-0.9302,0.4715
2025-04-10,hvn,5297.5,5304.25,5301.0,neutral,-0.3232,2.7537,neutral,-0.8686,0.9963
2025-04-10,hvn,5330.5,5340.0,5336.0,neutral,0.2502,2.1976,neutral,-0.6784,1.4076
2025-04-10,hvn,5368.0,5376.5,5373.75,neutral,0.6944,1.2596,neutral,-0.3071,2.8087
2025-04-10,hvn,5399.0,5404.75,5401.5,neutral,0.862,1.0646,neutral,0.0953,5.0605
2025-04-10,hvn,5463.0,5474.0,5469.5,upper,0.9871,0.0836,neutral,0.8818,0.4171
2025-04-10,hvn,5511.25,5519.0,5514.5,upper,0.9999,0.0008,upper,0.9998,0.0016
2025-04-10,lvn,5420.25,5448.75,,,,,,,
2025-04-10,lvn,5478.75,5509.5,,,,,,,
2025-04-11,hvn,5292.0,5296.0,5293.75,neutral,-0.8251,1.013,neutral,-0.6357,1.6408
2025-04-11,hvn,5310.5,5317.5,5313.25,neutral,-0.5171,1.3463,neutral,-0.1586,1.8596
2025-04-11,hvn,5368.5,5371.25,5370.0,neutral,0.7114,2.2775,neutral,0.8806,1.1232
2025-04-11,hvn,5389.5,5394.5,5392.5,upper,0.9729,0.1448,upper,0.9893,0.073
2025-04-14,hvn,5425.0,5430.25,5427.0,neutral,-0.8408,0.3393,lower,-0.9154,0.1572
2025-04-14,hvn,5437.5,5440.75,5439.75,neutral,-0.4683,1.482,neutral,-0.5349,1.0733
2025-04-14,hvn,5464.0,5466.75,5465.25,neutral,0.7753,0.7681,neutral,0.8415,0.5144
2025-04-15,hvn,5427.25,5431.0,5429.75,lower,-0.9669,0.0699,lower,-0.8772,0.1697
2025-04-15,hvn,5449.0,5451.75,5450.75,neutral,0.2653,1.5316,neutral,0.7284,0.5982
2025-04-15,hvn,5458.0,5461.0,5459.25,neutral,0.7839,0.5026,upper,0.9471,0.1567
2025-04-16,hvn,5265.5,5270.0,5268.0,lower,-0.9925,0.0548,lower,-0.9982,0.0181
2025-04-16,hvn,5303.5,5308.75,5306.0,neutral,-0.7575,0.9265,neutral,-0.9416,0.3142
2025-04-16,hvn,5334.0,5338.5,5336.75,neutral,-0.0684,3.5217,neutral,-0.6966,1.2004
2025-04-16,hvn,5364.0,5367.0,5365.5,neutral,0.7191,1.5619,neutral,0.0811,3.1369
2025-04-16,hvn,5385.0,5389.5,5387.25,upper,0.9755,0.1225,upper,0.9535,0.1113
2025-04-16,lvn,5277.75,5287.5,,,,,,,
2025-04-16,lvn,5317.75,5333.5,,,,,,,
2025-04-17,hvn,5298.0,5301.5,5300.0,lower,-0.9915,0.0295,lower,-0.9977,0.0097
2025-04-17,hvn,5324.0,5328.5,5325.75,neutral,-0.0913,0.9579,neutral,-0.4729,0.6759
2025-04-21,hvn,5141.0,5146.5,5143.5,lower,-0.9726,0.1011,lower,-0.9936,0.0507
2025-04-21,hvn,5164.75,5168.25,5165.5,neutral,-0.6145,1.6776,neutral,-0.9226,0.7734
2025-04-21,hvn,5181.0,5188.75,5183.75,neutral,-0.0922,1.6844,neutral,-0.8083,0.74
2025-04-21,hvn,5197.5,5202.5,5200.0,neutral,0.3358,2.2504,neutral,-0.6379,1.9297
2025-04-21,hvn,5209.5,5214.0,5211.75,neutral,0.5686,1.8792,neutral,-0.4712,2.8521
2025-04-21,hvn,5239.5,5245.25,5242.5,neutral,0.9012,0.4875,neutral,0.1686,2.6934
2025-04-21,hvn,5255.5,5259.75,5256.25,neutral,0.9622,0.2999,neutral,0.5745,1.7098
2025-04-21,hvn,5283.75,5288.25,5286.0,upper,0.9978,0.0226,upper,0.9801,0.101
2025-04-21,lvn,5192.75,5197.25,,,,,,,
2025-04-21,lvn,5203.5,5209.0,,,,,,,
2025-04-21,lvn,5214.75,5237.0,,,,,,,
2025-04-22,hvn,5202.5,5206.25,5204.75,lower,-0.995,0.0493,neutral,-0.9167,0.4175
2025-04-22,hvn,5237.5,5241.0,5239.25,neutral,-0.9187,0.5295,neutral,-0.1175,3.8643
2025-04-22,hvn,5253.0,5258.25,5255.75,neutral,-0.7657,0.783,neutral,0.3197,2.3309
2025-04-22,hvn,5270.5,5275.75,5272.5,neutral,-0.4161,1.4418,neutral,0.6558,1.3991
2025-04-22,hvn,5282.25,5286.0,5284.5,neutral,-0.0426,2.9494,neutral,0.7966,1.2932
2025-04-22,hvn,5290.5,5294.5,5292.75,neutral,0.2893,1.9958,neutral,0.8769,0.8035
2025-04-22,hvn,5313.25,5317.0,5315.5,neutral,0.9106,0.349,upper,0.9865,0.1217
2025-04-22,lvn,5246.25,5252.75,,,,,,,
2025-04-22,lvn,5301.5,5312.5,,,,,,,
2025-04-23,hvn,5396.75,5399.5,5399.0,lower,-0.973,0.1644,neutral,-0.8801,0.428
2025-04-23,hvn,5408.5,5411.5,5410.25,neutral,-0.8226,0.799,neutral,-0.4185,1.6333
2025-04-23,hvn,5428.25,5431.75,5429.5,neutral,-0.1942,2.7102,neutral,0.5197,1.4046
2025-04-23,hvn,5447.75,5451.25,5449.5,neutral,0.4799,2.0313,neutral,0.8832,0.5345
2025-04-23,hvn,5455.25,5458.0,5457.0,neutral,0.6578,1.84,neutral,0.9284,0.4836
2025-04-23,hvn,5473.0,5478.25,5475.75,upper,0.9533,0.1733,upper,0.9901,0.0504
2025-04-24,hvn,5402.5,5410.75,5405.5,neutral,-0.9265,0.2626,neutral,-0.5274,0.918
2025-04-24,hvn,5427.25,5432.5,5429.75,neutral,-0.7089,1.2857,neutral,0.126,3.3075
2025-04-24,hvn,5440.0,5445.5,5442.75,neutral,-0.516,1.7715,neutral,0.387,2.48
2025-04-24,hvn,5470.5,5476.0,5473.25,neutral,0.2418,2.1054,neutral,0.8049,1.0154
2025-04-24,hvn,5492.75,5500.0,5497.5,neutral,0.8542,0.3327,upper,0.9632,0.1786
2025-04-24,hvn,5508.75,5515.25,5511.5,upper,0.988,0.0391,upper,0.9946,0.0343
2025-04-24,lvn,5432.75,5436.75,,,,,,,
2025-04-24,lvn,5446.5,5457.75,,,,,,,
2025-04-24,lvn,5476.5,5491.75,,,,,,,
2025-04-25,hvn,5506.0,5509.25,5508.0,neutral,-0.8165,0.5026,neutral,-0.8979,0.3001
2025-04-25,hvn,5532.5,5535.25,5534.0,neutral,0.5833,1.111,neutral,0.5644,0.8026
2025-04-25,hvn,5540.5,5542.75,5541.75,neutral,0.8723,0.4913,neutral,0.8902,0.3328
2025-04-25,hvn,5548.0,5552.0,5549.5,upper,0.9972,0.0078,upper,0.9964,0.0088
2025-04-25,lvn,5520.5,5527.5,,,,,,,
2025-04-28,hvn,5503.75,5506.5,5505.75,lower,-0.986,0.0723,lower,-0.9927,0.0316
2025-04-28,hvn,5518.0,5521.5,5519.75,neutral,-0.7835,0.6036,neutral,-0.8518,0.2661
2025-04-28,hvn,5548.75,5553.75,5551.0,neutral,0.7825,0.3468,upper,0.9504,0.0828
2025-04-28,hvn,5573.25,5577.0,5574.5,upper,0.9999,0.0004,upper,1.0,0.0001
2025-04-28,lvn,5522.0,5540.0,,,,,,,
2025-04-29,hvn,5556.75,5558.5,5558.0,neutral,-0.5575,1.7368,neutral,-0.3812,1.5275
2025-04-29,hvn,5568.0,5570.75,5569.0,neutral,0.1717,1.966,neutral,0.5822,0.8277
2025-04-29,hvn,5587.0,5593.25,5589.0,upper,0.9977,0.0037,upper,0.9992,0.0015
2025-04-29,lvn,5572.25,5582.75,,,,,,,
2025-04-30,hvn,5468.25,5475.75,5472.5,lower,-0.997,0.0124,lower,-0.9994,0.0033
2025-04-30,hvn,5505.0,5512.0,5506.5,neutral,-0.7845,0.5371,lower,-0.9564,0.1391
2025-04-30,hvn,5533.0,5537.25,5534.75,neutral,-0.1222,2.7685,neutral,-0.7019,0.9102
2025-04-30,hvn,5581.5,5585.5,5583.75,neutral,0.922,0.4316,neutral,0.9071,0.3107
2025-04-30,hvn,5592.5,5597.0,5594.5,upper,0.9739,0.1523,upper,0.9593,0.1644
2025-04-30,hvn,5603.0,5608.75,5605.0,upper,0.9939,0.0329,upper,0.9863,0.0548
2025-04-30,hvn,5617.25,5624.5,5621.75,upper,1.0,0.0,upper,1.0,0.0
2025-04-30,lvn,5476.0,5496.5,,,,,,,
2025-04-30,lvn,5560.0,5581.0,,,,,,,
2025-04-30,lvn,5611.0,5617.0,,,,,,,
2025-05-01,hvn,5608.75,5611.75,5610.25,lower,-0.998,0.0111,lower,-0.9989,0.0057
2025-05-01,hvn,5623.5,5626.25,5624.75,lower,-0.948,0.2036,lower,-0.9568,0.1464
2025-05-01,hvn,5643.5,5647.75,5645.75,neutral,-0.2359,0.8704,neutral,-0.0236,0.7574
2025-05-01,hvn,5654.25,5660.0,5658.0,neutral,0.6703,0.3078,upper,0.8787,0.1085
2025-05-01,hvn,5667.0,5669.0,5668.0,upper,0.9467,0.2344,upper,0.9842,0.0758
2025-05-01,lvn,5626.5,5632.75,,,,,,,
2025-05-02,hvn,5646.5,5650.0,5648.0,lower,-0.9743,0.1583,neutral,-0.7049,1.0821
2025-05-02,hvn,5685.25,5694.25,5691.75,neutral,-0.2346,0.5988,neutral,0.6943,0.4607
2025-05-02,hvn,5705.5,5710.5,5709.0,neutral,0.8217,0.253,upper,0.9626,0.1396
2025-05-02,lvn,5699.25,5704.25,,,,,,,
2025-05-05,hvn,5670.0,5672.25,5671.25,neutral,-0.8016,0.4469,neutral,-0.5127,0.8384
2025-05-05,hvn,5684.0,5687.25,5686.75,neutral,0.4796,0.6995,neutral,0.7471,0.4444
2025-05-05,hvn,5692.75,5695.25,5693.75,upper,0.9263,0.1786,upper,0.9654,0.1134
2025-05-06,hvn,5624.25,5626.75,5625.5,neutral,-0.8443,0.3454,lower,-0.9454,0.1955
2025-05-06,hvn,5640.5,5644.75,5643.0,neutral,0.5887,0.4169,neutral,-0.194,1.047
2025-05-06,lvn,5627.5,5640.25,,,,,,,
2025-05-07,hvn,5614.25,5618.5,5616.5,lower,-0.9648,0.089,lower,-0.9943,0.0219
2025-05-07,hvn,5624.75,5629.5,5628.5,neutral,-0.802,0.2845,lower,-0.9679,0.0774
2025-05-07,hvn,5635.0,5637.75,5636.5,neutral,-0.3114,1.3047,neutral,-0.8668,0.3902
2025-05-07,hvn,5648.5,5654.25,5650.25,neutral,0.7708,0.2357,neutral,-0.0676,0.6517
2025-05-08,hvn,5659.25,5665.5,5663.5,lower,-0.9902,0.0275,lower,-0.8951,0.2492
2025-05-08,hvn,5683.25,5687.25,5685.5,neutral,-0.7428,0.6196,neutral,-0.3469,1.407
2025-05-08,hvn,5691.0,5694.0,5692.25,neutral,-0.4635,1.5396,neutral,0.0137,2.6014
2025-05-08,hvn,5713.25,5717.0,5715.75,neutral,0.6666,0.8225,neutral,0.8777,0.3732
2025-05-08,hvn,5725.0,5730.75,5726.75,upper,0.9805,0.0402,upper,0.9932,0.0188
2025-05-08,lvn,5706.0,5713.0,,,,,,,
2025-05-09,hvn,5676.5,5679.0,5678.0,neutral,-0.7843,0.29,lower,-0.9073,0.1528
2025-05-09,hvn,5704.0,5706.25,5705.0,upper,0.9962,0.0153,upper,0.9964,0.0122
2025-05-09,lvn,5692.25,5699.0,,,,,,,
2025-05-12,hvn,5751.5,5756.0,5753.75,lower,-0.9974,0.0218,lower,-0.98,0.1141
2025-05-12,hvn,5825.0,5829.0,5827.25,neutral,-0.4925,1.0694,neutral,0.5066,2.117
2025-05-12,hvn,5849.5,5856.25,5853.25,upper,0.8645,0.163,upper,0.9724,0.0852
2025-05-12,hvn,5864.0,5866.75,5865.25,upper,0.9898,0.0468,upper,0.9986,0.0133
2025-05-12,lvn,5764.5,5808.0,,,,,,,
2025-05-12,lvn,5834.0,5846.75,,,,,,,
2025-05-13,hvn,5848.0,5850.75,5849.25,lower,-0.9915,0.0695,neutral,-0.8864,0.4287
2025-05-13,hvn,5867.5,5870.75,5869.0,neutral,-0.8777,0.5733,neutral,-0.0516,3.2607
2025-05-13,hvn,5874.25,5879.0,5877.25,neutral,-0.7734,0.6149,neutral,0.2278,1.9982
2025-05-13,hvn,5887.5,5892.5,5890.0,neutral,-0.3973,1.1389,neutral,0.6208,1.1134
2025-05-13,hvn,5905.25,5908.75,5907.25,neutral,0.5384,0.9032,neutral,0.9219,0.4076
2025-05-13,hvn,5914.25,5917.25,5915.5,upper,0.9248,0.197,upper,0.9878,0.0849
2025-05-13,lvn,5852.75,5863.5,,,,,,,
2025-05-13,lvn,5884.0,5887.25,,,,,,,
2025-05-14,hvn,5907.0,5910.5,5908.25,neutral,-0.0263,0.4036,neutral,0.2272,0.2955
2025-05-15,hvn,5891.5,5896.0,5893.25,lower,-0.9117,0.2086,neutral,-0.5445,0.6093
2025-05-15,hvn,5926.5,5929.5,5928.25,neutral,0.749,0.6241,neutral,0.9336,0.2813
2025-05-15,hvn,5932.25,5934.0,5933.25,neutral,0.9195,0.3734,upper,0.9798,0.1603
2025-05-15,lvn,5899.5,5922.0,,,,,,,
2025-05-16,hvn,5936.5,5940.25,5938.5,lower,-0.9449,0.0969,neutral,-0.5994,0.4595
2025-05-16,hvn,5943.5,5945.5,5944.5,neutral,-0.6597,0.9295,neutral,0.0342,2.1293
2025-05-16,hvn,5952.0,5955.25,5953.5,neutral,0.0477,1.543,neutral,0.6811,0.571
2025-05-16,hvn,5964.75,5966.25,5965.0,neutral,0.802,0.8629,neutral,0.9578,0.2606
2025-05-16,hvn,5970.5,5972.75,5972.5,upper,0.9796,0.0746,upper,0.9987,0.0071
2025-05-16,lvn,5955.5,5961.25,,,,,,,
2025-05-19,hvn,5908.25,5911.5,5910.0,lower,-0.9868,0.0837,neutral,-0.9257,0.2598
2025-05-19,hvn,5933.0,5935.75,5934.0,neutral,-0.7184,1.2964,neutral,0.0215,3.4828
2025-05-19,hvn,5940.5,5944.5,5942.5,neutral,-0.5033,1.3427,neutral,0.3512,1.7727
2025-05-19,hvn,5955.75,5959.0,5957.5,neutral,0.1443,2.2256,neutral,0.7738,0.9587
2025-05-19,hvn,5967.5,5971.0,5969.75,neutral,0.7461,0.6261,upper,0.9509,0.2369
2025-05-19,hvn,5974.75,5978.25,5976.5,upper,0.9498,0.1436,upper,0.9912,0.0489
2025-05-19,lvn,5919.0,5928.25,,,,,,,
2025-05-19,lvn,5936.0,5940.0,,,,,,,
2025-05-19,lvn,5944.75,5949.0,,,,,,,
2025-05-19,lvn,5960.0,5966.5,,,,,,,
2025-05-20,hvn,5938.25,5941.0,5940.0,lower,-0.9732,0.076,lower,-0.9966,0.014
2025-05-20,hvn,5959.0,5961.75,5960.25,neutral,0.4259,0.6224,neutral,-0.6235,0.4536
2025-05-21,hvn,5856.75,5861.25,5859.5,lower,-0.9939,0.0287,lower,-0.9985,0.0103
2025-05-21,hvn,5864.25,5866.5,5865.25,neutral,-0.9556,0.363,lower,-0.9852,0.1776
2025-05-21,hvn,5871.0,5875.0,5872.75,neutral,-0.881,0.495,lower,-0.9649,0.2183
2025-05-21,hvn,5887.0,5890.0,5888.25,neutral,-0.5551,2.0183,neutral,-0.8751,0.7914
2025-05-21,hvn,5910.5,5914.0,5912.25,neutral,0.2545,2.7017,neutral,-0.5007,1.6354
2025-05-21,hvn,5927.5,5931.5,5929.75,neutral,0.7879,0.7397,neutral,0.2342,1.529
2025-05-21,hvn,5945.25,5951.25,5947.75,upper,0.9976,0.0078,upper,0.9811,0.0316
2025-05-21,lvn,5875.25,5880.5,,,,,,,
2025-05-21,lvn,5935.75,5944.25,,,,,,,
2025-05-22,hvn,5854.75,5860.25,5858.0,neutral,-0.7974,0.1565,lower,-0.8184,0.1177
2025-05-22,hvn,5879.0,5881.0,5880.25,neutral,0.9004,0.3239,upper,0.9464,0.1684
2025-05-23,hvn,5771.0,5774.25,5771.75,lower,-0.9913,0.0466,lower,-0.997,0.0273
2025-05-23,hvn,5787.0,5791.25,5789.75,neutral,-0.8762,0.3272,lower,-0.9607,0.2149
2025-05-23,hvn,5804.0,5806.5,5805.75,neutral,-0.36,1.958,neutral,-0.8589,0.9563
2025-05-23,hvn,5814.25,5817.75,5815.75,neutral,0.2468,1.6453,neutral,-0.7016,1.2112
2025-05-23,hvn,5830.75,5835.75,5833.25,neutral,0.8612,0.3064,neutral,-0.1849,1.7689
2025-05-23,hvn,5856.5,5859.25,5858.0,upper,0.9938,0.0468,neutral,0.8913,0.3896
2025-05-23,lvn,5843.25,5851.0,,,,,,,
2025-05-26,hvn,5842.75,5844.75,5844.0,lower,-0.9727,0.1932,lower,-0.9923,0.0579
2025-05-26,hvn,5862.25,5867.0,5865.25,neutral,-0.6963,0.4177,lower,-0.9177,0.1059
2025-05-26,hvn,5874.5,5878.25,5876.0,neutral,0.1005,1.0417,neutral,-0.2305,0.6643
2025-05-26,hvn,5882.5,5887.75,5885.25,upper,0.8985,0.0855,upper,0.8947,0.0627
2025-05-26,lvn,5849.25,5855.25,,,,,,,
2025-05-27,hvn,5883.0,5887.75,5884.25,lower,-0.9484,0.1383,neutral,-0.6145,0.6909
2025-05-27,hvn,5892.5,5897.25,5894.25,neutral,-0.7977,0.4139,neutral,-0.1124,1.4778
2025-05-27,hvn,5904.0,5907.5,5906.0,neutral,-0.3941,1.3007,neutral,0.4429,1.3725
2025-05-27,hvn,5912.5,5915.0,5913.25,neutral,0.074,2.6092,neutral,0.7074,1.2102
2025-05-27,hvn,5918.5,5921.0,5919.75,neutral,0.4472,1.5755,neutral,0.8424,0.7494
2025-05-27,hvn,5925.25,5929.25,5928.25,neutral,0.8617,0.2636,upper,0.9568,0.1532
2025-05-27,lvn,5888.0,5891.75,,,,,,,
2025-05-27,lvn,5915.25,5918.25,,,,,,,
2025-05-27,lvn,5921.25,5923.75,,,,,,,
2025-05-28,hvn,5900.75,5903.25,5902.0,lower,-0.988,0.0438,lower,-0.9991,0.0044
2025-05-28,hvn,5919.75,5923.0,5921.75,neutral,-0.1736,0.8929,lower,-0.8451,0.1789
2025-05-28,hvn,5948.75,5951.25,5949.75,upper,1.0,0.0,upper,1.0,0.0
2025-05-28,lvn,5905.0,5912.25,,,,,,,
2025-05-29,hvn,5913.75,5917.75,5916.0,neutral,-0.845,0.3422,lower,-0.9833,0.0877
2025-05-29,hvn,5938.75,5943.75,5941.25,neutral,0.3302,1.4385,neutral,-0.5774,1.3464
2025-05-29,hvn,5988.75,5992.75,5990.75,upper,0.9884,0.0782,neutral,0.9061,0.3511
2025-05-29,lvn,5956.0,5986.25,,,,,,,
2025-05-30,hvn,5860.0,5862.75,5862.0,lower,-0.9989,0.007,lower,-0.9998,0.0014
2025-05-30,hvn,5902.25,5905.75,5904.5,neutral,0.1741,1.3333,neutral,-0.3604,0.6563
2025-05-30,hvn,5913.0,5917.25,5915.75,upper,0.8653,0.2057,upper,0.9014,0.0731
2025-06-02,hvn,5888.0,5891.25,5889.75,lower,-0.9416,0.2032,neutral,-0.866,0.2602
2025-06-02,hvn,5904.0,5906.5,5905.5,neutral,-0.4899,1.5457,neutral,0.1784,2.1421
2025-06-02,hvn,5912.75,5916.25,5913.75,neutral,0.0314,1.9585,neutral,0.6172,0.9354
2025-06-02,hvn,5919.0,5921.75,5919.75,neutral,0.3594,1.7923,neutral,0.7696,0.8587
2025-06-02,hvn,5939.25,5942.25,5940.75,upper,0.9557,0.1837,upper,0.9791,0.1219
2025-06-02,hvn,5946.0,5948.25,5947.25,upper,0.9937,0.0408,upper,0.9947,0.0463
2025-06-02,lvn,5922.75,5938.0,,,,,,,
2025-06-03,hvn,5923.5,5927.25,5925.0,lower,-0.9868,0.0634,lower,-0.928,0.1702
2025-06-03,hvn,5948.25,5951.0,5949.5,neutral,-0.7112,0.9882,neutral,0.2547,2.5315
2025-06-03,hvn,5980.0,5985.0,5981.5,upper,0.9783,0.0336,upper,0.9946,0.0187
2025-06-03,lvn,5927.5,5933.0,,,,,,,
2025-06-03,lvn,5955.5,5968.25,,,,,,,
2025-06-04,hvn,5980.75,5982.75,5982.0,lower,-0.883,0.1626,neutral,-0.6578,0.3753
2025-06-04,hvn,5988.25,5991.0,5990.0,neutral,0.4252,0.3504,neutral,0.7487,0.212
2025-06-05,hvn,5933.75,5936.75,5935.5,lower,-0.9997,0.0015,lower,-0.9999,0.0004
2025-06-05,hvn,5948.0,5950.25,5949.0,neutral,-0.9445,0.275,lower,-0.9841,0.0907
2025-06-05,hvn,5968.25,5971.0,5969.5,neutral,-0.2586,1.6844,neutral,-0.6837,0.5829
2025-06-05,hvn,5974.25,5977.75,5975.5,neutral,0.1836,1.4093,neutral,-0.2577,0.7034
2025-06-05,hvn,5981.5,5984.25,5983.0,neutral,0.5965,1.0025,neutral,0.4855,0.7114
2025-06-05,hvn,5992.75,5996.75,5994.25,upper,0.9438,0.1384,upper,0.96,0.0719
2025-06-05,hvn,6001.75,6006.75,6003.25,upper,0.9998,0.0006,upper,0.9998,0.0004
2025-06-05,lvn,5997.5,6001.5,,,,,,,
2025-06-06,hvn,5968.25,5973.5,5970.25,lower,-0.962,0.1082,neutral,-0.4372,0.8653
2025-06-06,hvn,5990.0,5993.75,5992.25,neutral,-0.6726,0.6142,neutral,0.578,1.1933
2025-06-06,hvn,6005.0,6007.5,6006.75,neutral,0.3261,1.1186,neutral,0.9292,0.3779
2025-06-06,hvn,6012.0,6015.25,6013.5,upper,0.9201,0.116,upper,0.995,0.0243
2025-06-06,lvn,5973.75,5985.75,,,,,,,
2025-06-09,hvn,6010.75,6012.0,6011.25,neutral,-0.4265,0.9881,neutral,0.4651,1.303
2025-06-09,hvn,6019.0,6020.25,6019.75,neutral,0.7928,0.4819,neutral,0.9365,0.2543
2025-06-09,hvn,6023.25,6026.0,6024.75,upper,0.9981,0.0031,upper,0.9993,0.0018
2025-06-10,hvn,6024.0,6027.0,6025.25,neutral,-0.3051,0.7805,neutral,0.29,0.9601
2025-06-10,hvn,6033.0,6034.25,6033.75,neutral,0.5966,1.225,neutral,0.8601,0.5738
2025-06-10,hvn,6039.75,6041.75,6040.5,upper,0.9589,0.1145,upper,0.9957,0.0165
2025-06-11,hvn,6020.25,6022.75,6021.75,lower,-0.9588,0.1354,lower,-0.9875,0.0319
2025-06-11,hvn,6027.25,6030.0,6028.25,neutral,-0.7665,0.5402,lower,-0.8633,0.1966
2025-06-11,hvn,6044.5,6046.75,6045.75,neutral,0.4567,1.3254,neutral,0.6988,0.7099
2025-06-11,hvn,6055.0,6057.5,6056.0,upper,0.9355,0.1945,upper,0.9709,0.1007
2025-06-11,lvn,6030.5,6042.5,,,,,,,
2025-06-12,hvn,6002.5,6004.5,6003.5,lower,-0.974,0.1653,neutral,-0.9015,0.3627
2025-06-12,hvn,6012.5,6014.25,6013.0,neutral,-0.8678,0.6957,neutral,-0.4336,1.8774
2025-06-12,hvn,6041.5,6048.5,6043.25,upper,0.9842,0.0118,upper,0.9994,0.001
2025-06-12,lvn,6023.25,6031.75,,,,,,,
2025-06-13,hvn,5952.0,5957.75,5954.25,lower,-0.9837,0.0445,lower,-0.9709,0.0691
2025-06-13,hvn,5971.0,5974.75,5973.5,neutral,-0.793,0.5091,neutral,-0.5513,1.1387
2025-06-13,hvn,5978.5,5982.25,5980.25,neutral,-0.5391,0.932,neutral,-0.2265,1.8199
2025-06-13,hvn,5994.75,5997.25,5995.25,neutral,0.3623,1.9123,neutral,0.4697,2.1953
2025-06-13,hvn,6005.0,6008.75,6007.0,neutral,0.8056,0.4859,neutral,0.7563,0.8452
2025-06-13,hvn,6021.75,6028.0,6023.0,upper,0.9956,0.011,upper,0.9638,0.1085
2025-06-16,hvn,6038.0,6042.0,6040.0,lower,-0.9887,0.0611,lower,-0.9312,0.1965
2025-06-16,hvn,6075.5,6079.0,6077.5,neutral,-0.6243,0.7134,neutral,0.5796,1.2169
2025-06-16,hvn,6090.0,6092.5,6091.25,neutral,0.4354,0.9109,neutral,0.9335,0.3426
2025-06-16,lvn,6042.75,6055.0,,,,,,,
2025-06-17,hvn,6037.5,6040.25,6039.0,lower,-0.9932,0.02,lower,-0.9965,0.0127
2025-06-17,hvn,6068.75,6071.25,6070.0,neutral,0.8917,0.2565,neutral,0.8128,0.3172
2025-06-17,lvn,6044.5,6062.25,,,,,,,
2025-06-18,hvn,6042.5,6046.25,6043.5,neutral,-0.6118,0.434,neutral,-0.3306,0.5557
2025-06-18,hvn,6055.75,6058.25,6057.0,neutral,0.6257,0.6662,neutral,0.8584,0.2755
2025-06-18,hvn,6068.5,6070.5,6069.25,upper,0.995,0.0203,upper,0.9983,0.0081
2025-06-19,hvn,5981.5,5984.25,5982.75,lower,-0.9055,0.2391,lower,-0.9882,0.0504
2025-06-19,hvn,5992.0,5994.75,5993.5,neutral,-0.2876,1.6129,neutral,-0.8194,0.5558
2025-06-19,hvn,6012.25,6014.25,6013.25,neutral,0.8304,0.6942,neutral,0.3197,1.7572
2025-06-19,hvn,6022.0,6025.75,6023.5,upper,0.9772,0.0727,upper,0.9149,0.1546
2025-06-20,hvn,6010.0,6013.25,6011.75,lower,-0.9911,0.0206,lower,-0.986,0.0225
2025-06-20,hvn,6016.0,6019.5,6018.25,lower,-0.8609,0.2254,neutral,-0.7963,0.1875
2025-06-20,hvn,6022.5,6027.5,6024.25,neutral,-0.4169,0.5426,neutral,-0.02,0.5467
2025-06-20,hvn,6054.0,6056.0,6055.0,neutral,0.9535,0.271,upper,0.991,0.0601
2025-06-23,hvn,6020.0,6022.75,6021.0,neutral,-0.764,0.9162,neutral,-0.105,2.8414
2025-06-23,hvn,6030.25,6036.25,6034.0,neutral,-0.3409,0.9405,neutral,0.43,0.9144
2025-06-23,hvn,6048.75,6052.0,6050.0,neutral,0.5096,1.3829,neutral,0.8432,0.6887
2025-06-23,hvn,6059.5,6062.75,6061.75,neutral,0.8554,0.4918,upper,0.9556,0.2425
2025-06-23,hvn,6075.0,6078.0,6076.5,upper,0.9986,0.0075,upper,0.9998,0.0015
2025-06-23,lvn,6052.75,6059.0,,,,,,,
2025-06-23,lvn,6068.5,6073.75,,,,,,,
2025-06-24,hvn,6109.25,6112.0,6110.25,lower,-0.9653,0.1261,neutral,-0.8883,0.2708
2025-06-24,hvn,6121.75,6124.75,6123.25,neutral,-0.7263,0.5219,neutral,-0.1004,1.4693
2025-06-24,hvn,6133.5,6137.75,6136.25,neutral,0.2491,0.8311,neutral,0.7406,0.3944
2025-06-24,hvn,6143.5,6148.75,6146.25,upper,0.9431,0.0635,upper,0.9855,0.0262
2025-06-24,lvn,6130.75,6133.25,,,,,,,
2025-06-24,lvn,6138.0,6141.0,,,,,,,
2025-06-25,hvn,6143.75,6148.0,6146.0,neutral,-0.4117,0.1883,neutral,-0.211,0.1485
2025-06-25,hvn,6153.0,6155.75,6154.25,upper,0.9525,0.0509,upper,0.9881,0.0141
2025-06-26,hvn,6162.5,6168.5,6166.75,lower,-0.9376,0.0729,neutral,-0.0724,0.7764
2025-06-26,hvn,6178.5,6181.75,6180.5,neutral,-0.1031,1.191,neutral,0.7784,0.5402
2025-06-26,hvn,6184.5,6186.5,6185.5,neutral,0.4185,1.23,neutral,0.9117,0.4052
2025-06-26,hvn,6189.75,6193.0,6191.75,upper,0.89,0.1617,upper,0.9909,0.0314
2025-06-26,lvn,6170.25,6177.75,,,,,,,
2025-06-27,hvn,6186.5,6189.25,6187.75,lower,-0.9988,0.0051,lower,-0.9996,0.0013
2025-06-27,hvn,6194.0,6199.5,6197.5,lower,-0.9565,0.0654,lower,-0.983,0.0162
2025-06-27,hvn,6209.5,6211.5,6211.0,neutral,-0.4171,1.4352,neutral,0.0465,1.6951
2025-06-27,hvn,6224.5,6229.0,6225.25,upper,0.8798,0.1422,upper,0.9457,0.0909
2025-06-27,hvn,6233.0,6235.5,6234.25,upper,0.9951,0.0158,upper,0.9976,0.01
2025-06-27,lvn,6189.5,6193.25,,,,,,,
2025-06-27,lvn,6229.75,6232.5,,,,,,,
2025-06-30,hvn,6237.25,6242.0,6238.5,neutral,-0.7269,0.1398,lower,-0.8089,0.0814
2025-06-30,hvn,6244.5,6247.25,6246.25,neutral,0.2732,0.7131,neutral,0.4347,0.3491
2025-06-30,hvn,6250.25,6253.0,6251.5,upper,0.8383,0.2162,upper,0.9757,0.0255
2025-07-01,hvn,6244.0,6245.75,6245.0,neutral,-0.1506,1.007,neutral,-0.2388,0.7937
2025-07-01,hvn,6247.75,6249.5,6248.5,neutral,0.5139,0.611,neutral,0.4835,0.6145
2025-07-01,hvn,6251.75,6253.25,6252.5,upper,0.8893,0.2209,upper,0.8859,0.2227
2025-07-02,hvn,6242.5,6245.75,6244.75,lower,-0.9874,0.0281,lower,-0.9903,0.0182
2025-07-02,hvn,6250.5,6252.25,6251.25,neutral,-0.7957,0.58,neutral,-0.8348,0.33
2025-07-02,hvn,6261.5,6263.0,6262.25,neutral,0.1711,1.8045,neutral,0.5008,0.9476
2025-07-02,hvn,6264.75,6267.5,6266.5,neutral,0.6311,0.4617,upper,0.861,0.1773
2025-07-02,hvn,6269.5,6270.75,6270.0,neutral,0.8809,0.3931,upper,0.9664,0.1254
2025-07-02,hvn,6274.0,6276.0,6274.75,upper,0.9982,0.0052,upper,0.9977,0.0078
2025-07-03,hvn,6279.0,6281.5,6280.0,lower,-0.9915,0.0489,neutral,-0.7761,0.3881
2025-07-03,hvn,6292.0,6294.75,6292.75,neutral,-0.843,0.574,neutral,0.3147,1.799
2025-07-03,hvn,6302.5,6304.5,6303.5,neutral,-0.5246,1.7697,neutral,0.684,1.5685
2025-07-03,hvn,6317.5,6319.75,6318.75,neutral,0.4908,1.2415,neutral,0.9418,0.3737
2025-07-03,hvn,6322.75,6325.0,6324.25,neutral,0.8647,0.3363,upper,0.9836,0.1178
2025-07-03,lvn,6295.0,6298.75,,,,,,,
2025-07-03,lvn,6305.5,6311.5,,,,,,,
2025-07-04,hvn,6283.25,6287.25,6286.25,lower,-0.9771,0.0219,lower,-0.9939,0.009
2025-07-04,hvn,6304.0,6306.75,6305.75,neutral,0.7865,0.4574,neutral,0.5625,0.7795
2025-07-04,hvn,6316.75,6319.75,6317.75,upper,0.9998,0.0008,upper,0.9994,0.0016
2025-07-04,lvn,6293.5,6303.75,,,,,,,
2025-07-07,hvn,6247.5,6250.0,6248.75,lower,-1.0,0.0001,lower,-1.0,0.0
2025-07-07,hvn,6268.25,6270.75,6269.25,neutral,-0.7731,0.5596,lower,-0.9496,0.2143
2025-07-07,hvn,6274.0,6277.0,6275.0,neutral,-0.4138,1.1014,neutral,-0.8424,0.4659
2025-07-07,hvn,6287.25,6290.25,6288.75,neutral,0.5454,0.9901,neutral,-0.2683,1.2998
2025-07-07,hvn,6299.5,6302.0,6300.5,upper,0.9549,0.1653,neutral,0.7935,0.359
2025-07-07,lvn,6278.0,6286.5,,,,,,,
2025-07-07,lvn,6290.5,6294.25,,,,,,,
2025-07-08,hvn,6270.25,6273.5,6272.25,neutral,-0.6846,0.1352,neutral,-0.6945,0.2073
2025-07-09,hvn,6264.25,6267.75,6265.75,lower,-0.9994,0.0023,lower,-0.9943,0.0099
2025-07-09,hvn,6288.75,6292.75,6289.25,neutral,-0.459,0.493,neutral,0.7079,0.4463
2025-07-09,hvn,6302.5,6304.25,6303.5,neutral,0.7925,0.5437,upper,0.9757,0.138
2025-07-09,hvn,6306.75,6308.75,6307.75,upper,0.9682,0.0899,upper,0.9968,0.0189
2025-07-09,lvn,6273.5,6276.25,,,,,,,
2025-07-10,hvn,6303.25,6305.25,6304.0,neutral,-0.853,0.416,neutral,-0.2039,1.6952
2025-07-10,hvn,6322.0,6324.75,6323.25,neutral,0.7561,0.3859,upper,0.9259,0.2172
2025-07-10,hvn,6329.25,6331.25,6330.25,upper,0.9855,0.0448,upper,0.9947,0.0275
2025-07-10,lvn,6306.5,6316.75,,,,,,,
2025-07-10,lvn,6325.75,6328.75,,,,,,,
2025-07-11,hvn,6288.25,6290.75,6289.75,lower,-0.9355,0.1162,lower,-0.9212,0.171
2025-07-11,hvn,6299.0,6301.25,6300.25,neutral,0.064,0.9455,neutral,-0.142,1.394
2025-07-11,hvn,6306.75,6309.5,6307.75,upper,0.9279,0.0936,neutral,0.6351,0.575
2025-07-14,hvn,6270.75,6273.25,6272.25,lower,-0.9885,0.0515,lower,-0.9183,0.1876
2025-07-14,hvn,6280.5,6284.25,6282.25,lower,-0.8899,0.2132,neutral,-0.2198,1.0509
2025-07-14,hvn,6287.75,6294.75,6291.75,neutral,-0.5628,0.2641,neutral,0.4491,0.4602
2025-07-14,hvn,6298.0,6299.75,6298.75,neutral,0.1304,2.0691,neutral,0.7749,1.0182
2025-07-14,hvn,6302.0,6304.0,6303.0,neutral,0.5332,1.0043,neutral,0.891,0.4893
2025-07-14,hvn,6308.25,6311.75,6310.5,upper,0.9844,0.0238,upper,0.9958,0.0136
2025-07-14,lvn,6275.25,6279.5,,,,,,,
2025-07-14,lvn,6304.25,6307.0,,,,,,,
2025-07-15,hvn,6282.25,6284.5,6283.25,lower,-0.9877,0.0639,lower,-0.9828,0.1099
2025-07-15,hvn,6287.25,6289.0,6288.0,neutral,-0.9466,0.2997,lower,-0.9645,0.2471
2025-07-15,hvn,6294.25,6298.25,6296.5,neutral,-0.8223,0.3208,lower,-0.9155,0.1932
2025-07-15,hvn,6303.75,6306.25,6305.25,neutral,-0.3998,1.3284,neutral,-0.7295,0.6946
2025-07-15,hvn,6322.5,6324.75,6323.5,neutral,0.7917,0.6731,neutral,0.5784,1.0978
2025-07-15,hvn,6329.25,6334.5,6331.75,upper,0.9739,0.0477,upper,0.9701,0.04
2025-07-15,lvn,6289.25,6291.5,,,,,,,
2025-07-15,lvn,6298.5,6301.75,,,,,,,
2025-07-16,hvn,6243.5,6245.75,6244.75,lower,-1.0,0.0,lower,-1.0,0.0
2025-07-16,hvn,6265.75,6268.25,6266.5,neutral,-0.8964,0.3356,lower,-0.9746,0.0576
2025-07-16,hvn,6282.25,6285.0,6283.75,neutral,-0.0244,1.628,neutral,0.3006,1.024
2025-07-16,hvn,6291.5,6295.5,6293.0,neutral,0.7756,0.2964,upper,0.9,0.1543
2025-07-16,hvn,6302.0,6304.25,6303.0,upper,0.9936,0.0232,upper,0.9976,0.0104
2025-07-16,lvn,6246.75,6254.75,,,,,,,
2025-07-17,hvn,6305.25,6308.5,6306.75,lower,-0.9473,0.1421,neutral,-0.2643,1.2741
2025-07-17,hvn,6314.75,6316.5,6315.75,neutral,-0.717,0.989,neutral,0.3454,2.5019
2025-07-17,hvn,6327.75,6331.75,6330.0,neutral,0.3522,0.7604,neutral,0.8825,0.2904
2025-07-17,hvn,6339.0,6343.0,6341.25,upper,0.9949,0.0081,upper,0.9989,0.0038
2025-07-17,lvn,6321.5,6327.25,,,,,,,
2025-07-17,lvn,6335.25,6338.0,,,,,,,
2025-07-18,hvn,6334.0,6335.5,6334.5,neutral,-0.3619,0.9355,neutral,-0.861,0.3746
2025-07-18,hvn,6347.75,6350.25,6348.25,upper,0.9848,0.0318,upper,0.8542,0.1559
2025-07-18,lvn,6338.25,6345.0,,,,,,,
2025-07-21,hvn,6344.0,6345.75,6345.0,lower,-0.968,0.103,neutral,-0.7119,0.5762
2025-07-21,hvn,6347.5,6349.0,6348.25,neutral,-0.8698,0.4048,neutral,-0.3313,1.4483
2025-07-21,hvn,6351.0,6355.0,6351.75,neutral,-0.5808,0.4037,neutral,0.167,0.7398
2025-07-21,hvn,6357.75,6360.0,6359.0,neutral,0.0876,1.5566,neutral,0.6508,0.7937
2025-07-21,hvn,6366.5,6370.25,6368.5,upper,0.9627,0.0448,upper,0.9871,0.0264
2025-07-21,lvn,6355.5,6357.5,,,,,,,
2025-07-22,hvn,6326.5,6328.75,6327.25,lower,-0.9525,0.1035,lower,-0.9961,0.011
2025-07-22,hvn,6335.25,6337.25,6336.0,neutral,-0.3765,0.891,lower,-0.883,0.1727
2025-07-22,hvn,6347.0,6348.75,6347.75,upper,0.9549,0.0976,upper,0.9276,0.0858
2025-07-22,lvn,6337.75,6341.25,,,,,,,
2025-07-23,hvn,6358.75,6361.25,6360.5,lower,-0.9721,0.0789,neutral,-0.7602,0.3949
2025-07-23,hvn,6375.25,6378.0,6376.5,neutral,0.0358,1.6329,neutral,0.6633,0.6879
2025-07-23,hvn,6388.25,6390.25,6389.5,neutral,0.8543,0.4733,upper,0.9548,0.2189
2025-07-23,lvn,6380.25,6387.5,,,,,,,
2025-07-24,hvn,6400.5,6402.0,6401.5,lower,-0.8791,0.1661,neutral,-0.6224,0.3326
2025-07-24,hvn,6404.25,6407.0,6405.75,neutral,-0.1267,0.4279,neutral,0.4794,0.2625
2025-07-24,hvn,6411.0,6412.25,6411.75,upper,0.924,0.1405,upper,0.9775,0.0581
2025-07-25,hvn,6405.25,6408.0,6406.75,lower,-0.9909,0.0151,lower,-0.9853,0.0159
2025-07-25,hvn,6412.0,6414.5,6413.25,neutral,-0.5712,0.5515,neutral,-0.1984,0.6904
2025-07-25,hvn,6417.25,6418.5,6417.75,neutral,0.0383,2.3394,neutral,0.5216,1.0622
2025-07-25,hvn,6422.25,6423.75,6423.25,neutral,0.705,0.6308,neutral,0.8829,0.3173
2025-07-25,hvn,6425.0,6426.0,6425.5,neutral,0.9006,0.3365,upper,0.9572,0.1964
2025-07-25,hvn,6427.75,6429.75,6428.0,upper,0.9997,0.0007,upper,0.9999,0.0004
2025-07-25,lvn,6409.25,6411.75,,,,,,,
2025-07-25,lvn,6418.75,6421.0,,,,,,,
2025-07-28,hvn,6411.5,6414.75,6413.5,lower,-0.9979,0.0035,lower,-0.9999,0.0005
2025-07-28,hvn,6422.0,6423.75,6423.25,neutral,-0.45,0.8939,neutral,-0.9055,0.3918
2025-07-28,hvn,6425.75,6429.5,6427.75,neutral,0.1908,0.5612,neutral,-0.7825,0.3479
2025-07-28,hvn,6444.5,6446.5,6445.75,upper,0.9746,0.107,neutral,0.6618,0.7629
2025-07-28,lvn,6437.5,6444.25,,,,,,,
2025-07-29,hvn,6403.0,6407.0,6406.25,lower,-0.9708,0.0352,lower,-0.9963,0.0085
2025-07-29,hvn,6430.0,6431.75,6431.0,neutral,0.9115,0.3375,neutral,0.5588,0.8644
2025-07-29,hvn,6436.5,6439.25,6437.75,upper,0.9987,0.0043,upper,0.9899,0.0177
2025-07-29,lvn,6419.5,6427.5,,,,,,,
2025-07-30,hvn,6370.25,6373.5,6372.5,lower,-0.9996,0.0016,lower,-0.9999,0.0004
2025-07-30,hvn,6397.0,6399.0,6397.75,neutral,-0.3321,2.1369,neutral,-0.8809,0.3734
2025-07-30,hvn,6405.25,6410.75,6409.75,neutral,0.458,0.5081,neutral,-0.386,0.2185
2025-07-30,hvn,6416.0,6419.0,6417.0,upper,0.9136,0.194,upper,0.8669,0.1127
2025-07-30,hvn,6424.75,6428.25,6426.25,upper,0.9944,0.0162,upper,0.9955,0.008
2025-07-30,lvn,6387.0,6393.75,,,,,,,
2025-07-30,lvn,6399.25,6404.0,,,,,,,
2025-07-31,hvn,6371.0,6375.75,6373.75,lower,-0.9789,0.0764,lower,-0.9959,0.0256
2025-07-31,hvn,6380.0,6383.5,6382.5,neutral,-0.8695,0.5545,lower,-0.9788,0.1586
2025-07-31,hvn,6395.5,6399.5,6397.5,neutral,-0.4818,1.5741,neutral,-0.9068,0.4723
2025-07-31,hvn,6404.25,6406.75,6405.5,neutral,-0.1898,3.7361,neutral,-0.8326,1.1593
2025-07-31,hvn,6422.0,6425.0,6423.5,neutral,0.4989,1.9776,neutral,-0.5248,1.9095
2025-07-31,hvn,6436.25,6438.75,6437.75,neutral,0.8609,0.7747,neutral,-0.0075,3.5025
2025-07-31,hvn,6445.0,6449.0,6446.25,upper,0.968,0.1357,neutral,0.5608,0.8349
2025-07-31,hvn,6453.25,6457.0,6454.5,upper,0.995,0.0271,upper,0.9309,0.1488
2025-07-31,lvn,6410.0,6418.0,,,,,,,
2025-08-01,hvn,6262.5,6266.0,6264.25,neutral,-0.8054,0.4365,lower,-0.9747,0.1813
2025-08-01,hvn,6289.25,6293.5,6291.0,neutral,0.5236,1.1834,neutral,-0.6495,1.5458
2025-08-01,hvn,6306.0,6311.75,6310.5,neutral,0.8565,0.394,neutral,-0.2538,2.0707
2025-08-01,hvn,6362.75,6365.5,6363.5,upper,0.9996,0.0052,upper,0.9901,0.0749
2025-08-01,lvn,6295.25,6303.75,,,,,,,
2025-08-01,lvn,6327.0,6353.5,,,,,,,
2025-08-04,hvn,6299.25,6303.25,6301.25,neutral,-0.9069,0.3679,neutral,-0.2899,1.8291
2025-08-04,hvn,6318.0,6320.75,6319.5,neutral,-0.5814,1.5762,neutral,0.4096,2.7336
2025-08-04,hvn,6336.0,6339.75,6338.0,neutral,0.3306,1.2112,neutral,0.8558,0.6208
2025-08-04,hvn,6344.25,6347.25,6346.0,neutral,0.7637,0.5675,neutral,0.9494,0.3053
2025-08-04,hvn,6354.75,6357.75,6356.0,upper,0.9837,0.055,upper,0.9863,0.1008
2025-08-04,lvn,6309.25,6317.75,,,,,,,
2025-08-04,lvn,6321.25,6327.0,,,,,,,
2025-08-04,lvn,6340.0,6344.0,,,,,,,
2025-08-05,hvn,6324.0,6326.5,6325.5,lower,-0.9389,0.154,lower,-0.9929,0.0392
2025-08-05,hvn,6334.0,6335.75,6334.5,neutral,-0.3614,1.8872,neutral,-0.8942,0.622
2025-08-05,hvn,6363.5,6367.75,6365.75,upper,0.9854,0.0409,upper,0.8484,0.1735
2025-08-05,lvn,6346.0,6360.25,,,,,,,
2025-08-06,hvn,6335.0,6340.25,6338.25,lower,-0.8997,0.1564,neutral,-0.6129,0.4185
2025-08-06,hvn,6370.0,6373.0,6371.25,upper,0.979,0.0525,upper,0.9928,0.027
2025-08-06,lvn,6342.75,6364.75,,,,,,,
2025-08-07,hvn,6345.75,6350.25,6348.0,lower,-0.9686,0.0782,lower,-0.9897,0.0374
2025-08-07,hvn,6365.25,6368.25,6367.25,neutral,-0.338,1.7073,neutral,-0.765,0.7839
2025-08-07,hvn,6377.25,6382.25,6380.0,neutral,0.3584,1.0807,neutral,-0.2468,1.0349
2025-08-07,hvn,6388.25,6391.5,6389.25,neutral,0.7163,0.9259,neutral,0.3339,1.3896
2025-08-07,hvn,6406.25,6409.0,6407.5,upper,0.9829,0.0979,upper,0.9451,0.2163
2025-08-07,lvn,6373.75,6377.0,,,,,,,
2025-08-07,lvn,6391.75,6398.5,,,,,,,
2025-08-08,hvn,6385.0,6387.25,6385.75,lower,-0.9513,0.1725,neutral,-0.4889,1.0111
2025-08-08,hvn,6404.5,6406.5,6405.75,neutral,0.2226,1.3404,neutral,0.8039,0.7685
2025-08-08,hvn,6408.5,6410.5,6409.5,neutral,0.6613,0.6059,neutral,0.9033,0.4293
2025-08-08,hvn,6413.0,6415.5,6414.0,upper,0.9465,0.097,upper,0.9706,0.1238
2025-08-08,lvn,6387.75,6392.5,,,,,,,
2025-08-11,hvn,6388.5,6390.5,6389.75,lower,-1.0,0.0,lower,-1.0,0.0
2025-08-11,hvn,6399.25,6401.0,6400.25,neutral,-0.9103,0.2526,lower,-0.9816,0.0777
2025-08-11,hvn,6407.75,6409.5,6408.5,neutral,-0.3141,1.1895,neutral,-0.8365,0.4029
2025-08-11,hvn,6412.0,6418.25,6414.25,neutral,0.6168,0.1488,neutral,-0.2906,0.2254
2025-08-11,hvn,6426.0,6428.25,6426.75,upper,0.9968,0.0096,upper,0.9979,0.0035
2025-08-11,lvn,6401.5,6405.0,,,,,,,
2025-08-12,hvn,6398.0,6400.5,6399.75,lower,-0.9979,0.0151,lower,-0.9801,0.0732
2025-08-12,hvn,6413.0,6417.5,6415.75,lower,-0.9227,0.2086,neutral,-0.2891,1.4173
2025-08-12,hvn,6421.75,6425.0,6423.75,neutral,-0.7893,0.6229,neutral,0.1254,2.735
2025-08-12,hvn,6431.25,6435.0,6433.25,neutral,-0.4291,1.1768,neutral,0.4877,1.6082
2025-08-12,hvn,6448.25,6451.25,6449.5,neutral,0.5162,1.2552,neutral,0.8641,0.6967
2025-08-12,hvn,6455.75,6458.75,6457.75,neutral,0.8285,0.5061,neutral,0.9561,0.255
2025-08-12,hvn,6461.5,6464.0,6463.0,upper,0.9599,0.1611,upper,0.991,0.0684
2025-08-12,hvn,6466.5,6469.0,6467.5,upper,1.0,0.0001,upper,1.0,0.0003
2025-08-12,lvn,6405.25,6412.0,,,,,,,
2025-08-12,lvn,6425.5,6430.75,,,,,,,
2025-08-12,lvn,6438.75,6446.75,,,,,,,
2025-08-12,lvn,6452.25,6455.5,,,,,,,
2025-08-13,hvn,6468.25,6470.25,6469.5,lower,-0.9869,0.0336,neutral,-0.7997,0.3094
2025-08-13,hvn,6479.25,6481.0,6480.0,neutral,-0.2479,1.1139,neutral,0.6619,0.5907
2025-08-13,hvn,6489.0,6491.0,6490.0,upper,0.8721,0.2496,upper,0.9826,0.0543
2025-08-13,lvn,6483.5,6487.25,,,,,,,
2025-08-14,hvn,6471.0,6473.25,6472.25,neutral,-0.8187,0.3291,lower,-0.9339,0.1413
2025-08-14,hvn,6479.25,6481.25,6480.5,neutral,0.0172,1.3411,neutral,-0.4885,0.5216
2025-08-14,hvn,6484.0,6486.5,6485.25,neutral,0.7237,0.3142,neutral,0.6395,0.1881
2025-08-14,lvn,6473.75,6478.5,,,,,,,
2025-08-15,hvn,6470.25,6472.5,6471.5,lower,-0.9258,0.1124,lower,-0.9787,0.081
2025-08-15,hvn,6475.0,6480.25,6476.25,neutral,-0.379,0.2745,lower,-0.8967,0.1236
2025-08-15,hvn,6488.75,6491.5,6490.25,neutral,0.836,0.3255,neutral,-0.0474,1.4711
2025-08-15,hvn,6497.0,6499.0,6497.75,upper,0.9786,0.0866,neutral,0.7182,0.587
2025-08-15,hvn,6504.5,6507.0,6505.75,upper,0.9999,0.0005,upper,0.9988,0.003
2025-08-15,lvn,6484.0,6488.25,,,,,,,
2025-08-15,lvn,6501.75,6504.0,,,,,,,
2025-08-18,hvn,6463.5,6465.5,6464.75,lower,-0.8075,0.1184,lower,-0.9058,0.1319
2025-08-18,hvn,6468.0,6470.0,6468.75,neutral,0.4934,0.2839,neutral,-0.3306,0.8304
2025-08-19,hvn,6424.25,6426.5,6425.5,lower,-0.9906,0.0365,lower,-0.997,0.0178
2025-08-19,hvn,6431.75,6434.0,6432.75,neutral,-0.8125,0.5656,neutral,-0.9462,0.2513
2025-08-19,hvn,6446.75,6449.25,6447.75,neutral,0.1646,2.0771,neutral,-0.5043,1.2848
2025-08-19,hvn,6455.5,6457.5,6456.75,neutral,0.668,1.1674,neutral,0.0995,2.1039
2025-08-19,hvn,6462.25,6466.5,6464.75,upper,0.9391,0.125,upper,0.8294,0.1751
2025-08-19,hvn,6472.5,6475.75,6473.75,upper,0.9997,0.0011,upper,0.9999,0.0002
2025-08-20,hvn,6372.0,6374.25,6373.0,lower,-0.979,0.1073,lower,-0.9961,0.0312
2025-08-20,hvn,6376.75,6380.75,6378.25,lower,-0.929,0.1706,lower,-0.9883,0.0468
2025-08-20,hvn,6383.75,6386.0,6385.0,neutral,-0.7847,0.7486,lower,-0.967,0.1938
2025-08-20,hvn,6390.5,6394.0,6393.0,neutral,-0.474,0.9408,lower,-0.9202,0.2377
2025-08-20,hvn,6399.25,6401.25,6399.75,neutral,0.0744,2.6774,neutral,-0.7875,0.8002
2025-08-20,hvn,6412.0,6414.75,6413.5,neutral,0.8326,0.4508,neutral,-0.0591,1.457
2025-08-20,hvn,6419.0,6421.5,6420.25,upper,0.9716,0.1061,neutral,0.6304,0.5991
2025-08-20,lvn,6405.0,6411.25,,,,,,,
2025-08-21,hvn,6387.0,6389.75,6388.5,neutral,-0.7198,0.2866,lower,-0.9565,0.1004
2025-08-21,hvn,6399.75,6403.0,6402.0,upper,0.8082,0.2385,neutral,-0.126,0.9938
2025-08-22,hvn,6399.75,6403.5,6402.0,lower,-0.9815,0.1493,neutral,-0.6866,1.1649
2025-08-22,hvn,6420.0,6426.5,6422.5,neutral,-0.8789,0.4208,neutral,0.004,2.6274
2025-08-22,hvn,6482.0,6485.25,6483.75,neutral,0.8825,0.3141,upper,0.9817,0.1619
2025-08-22,lvn,6409.75,6419.5,,,,,,,
2025-08-22,lvn,6426.75,6460.25,,,,,,,
2025-08-25,hvn,6453.5,6455.75,6454.75,lower,-1.0,0.0,lower,-1.0,0.0
2025-08-25,hvn,6458.25,6460.0,6459.0,lower,-0.9551,0.1192,lower,-0.9993,0.0024
2025-08-25,hvn,6468.5,6472.25,6471.25,neutral,0.1155,0.4218,neutral,-0.5872,0.2203
2025-08-25,hvn,6478.75,6480.25,6479.25,upper,0.9865,0.0342,upper,0.9035,0.1632
2025-08-25,lvn,6460.25,6463.0,,,,,,,
2025-08-26,hvn,6453.75,6456.75,6455.5,neutral,-0.745,0.3542,neutral,0.0521,0.9401
2025-08-26,hvn,6480.5,6484.0,6482.5,upper,0.9943,0.0137,upper,0.9945,0.0192
2025-08-26,lvn,6464.0,6480.25,,,,,,,
2025-08-27,hvn,6479.5,6482.0,6480.75,lower,-0.8626,0.2102,lower,-0.9556,0.0442
2025-08-27,hvn,6486.5,6488.0,6487.25,neutral,-0.2481,1.2608,neutral,-0.0152,0.8736
2025-08-27,hvn,6490.25,6492.5,6491.75,neutral,0.4484,0.5691,neutral,0.7456,0.2405
2025-08-27,hvn,6499.25,6501.5,6500.25,upper,0.9994,0.0012,upper,0.9998,0.0004
2025-08-28,hvn,6487.0,6489.0,6488.5,lower,-0.9589,0.133,neutral,-0.7006,0.6866
2025-08-28,hvn,6495.25,6499.0,6496.75,neutral,-0.5982,0.4339,neutral,0.1441,0.8387
2025-08-28,hvn,6504.75,6506.5,6505.25,neutral,0.279,1.6555,neutral,0.7577,0.7375
2025-08-28,hvn,6511.5,6513.0,6512.0,neutral,0.7861,0.6992,neutral,0.9407,0.2846
2025-08-28,hvn,6516.25,6518.25,6517.25,upper,0.9783,0.067,upper,0.997,0.0135
2025-08-29,hvn,6469.25,6473.5,6470.5,neutral,-0.5502,0.3494,lower,-0.9555,0.1143
2025-08-29,hvn,6485.25,6487.25,6486.0,neutral,0.7112,0.9375,neutral,-0.4496,2.2031
2025-08-29,hvn,6498.25,6501.25,6499.25,upper,0.9723,0.1016,neutral,0.3499,1.4042
2025-08-29,hvn,6509.75,6513.0,6511.75,upper,0.9991,0.0043,upper,0.9771,0.0527
2025-08-29,lvn,6487.5,6492.5,,,,,,,
2025-08-29,lvn,6504.0,6509.25,,,,,,,
2025-09-01,hvn,6470.5,6472.25,6471.75,neutral,-0.8385,0.2577,lower,-0.8634,0.2298
2025-09-01,hvn,6477.75,6480.25,6479.0,neutral,0.3707,0.4447,neutral,0.2528,0.5741
2025-09-01,hvn,6486.75,6488.25,6487.5,upper,0.9918,0.0221,upper,0.9916,0.0219
2025-09-01,lvn,6484.5,6486.5,,,,,,,
2025-09-02,hvn,6377.5,6381.25,6379.25,lower,-0.9915,0.0285,lower,-0.9984,0.011
2025-09-02,hvn,6391.5,6394.5,6393.25,neutral,-0.7834,0.5899,lower,-0.9648,0.2426
2025-09-02,hvn,6407.0,6412.5,6411.0,neutral,0.1283,1.024,neutral,-0.8086,0.5425
2025-09-02,hvn,6423.5,6427.25,6425.5,neutral,0.7864,0.557,neutral,-0.4213,2.0103
2025-09-02,hvn,6441.0,6444.0,6442.25,neutral,0.9532,0.2522,neutral,0.1859,3.2813
2025-09-02,hvn,6465.25,6471.0,6469.0,upper,0.9988,0.0055,upper,0.9683,0.0793
2025-09-02,lvn,6417.0,6423.0,,,,,,,
2025-09-02,lvn,6429.5,6437.5,,,,,,,
2025-09-02,lvn,6446.5,6465.0,,,,,,,
2025-09-03,hvn,6429.5,6433.0,6431.0,lower,-0.996,0.0073,lower,-0.9869,0.017
2025-09-03,hvn,6449.0,6450.75,6449.25,neutral,0.4464,0.9582,neutral,0.7323,0.6742
2025-09-03,hvn,6458.5,6462.75,6459.5,upper,0.9995,0.0006,upper,0.9998,0.0003
2025-09-03,lvn,6433.5,6440.5,,,,,,,
2025-09-04,hvn,6467.25,6471.75,6469.75,lower,-0.9035,0.1537,neutral,-0.4694,0.4525
2025-09-04,hvn,6476.5,6478.25,6477.25,neutral,-0.4942,1.7411,neutral,0.3374,2.0865
2025-09-04,hvn,6484.0,6486.0,6484.5,neutral,0.0352,2.8524,neutral,0.703,1.0933
2025-09-04,hvn,6493.5,6495.75,6494.75,neutral,0.6142,1.227,neutral,0.9066,0.433
2025-09-04,hvn,6501.75,6504.0,6502.5,neutral,0.8859,0.4567,upper,0.9701,0.1795
2025-09-04,hvn,6509.75,6512.25,6511.0,upper,0.9951,0.0227,upper,0.9964,0.0246
2025-09-04,lvn,6489.5,6493.25,,,,,,,
2025-09-04,lvn,6504.25,6508.0,,,,,,,
2025-09-05,hvn,6478.25,6481.25,6479.75,neutral,-0.7074,0.7805,lower,-0.9521,0.2233
2025-09-05,hvn,6523.0,6525.25,6523.75,neutral,0.9223,0.5201,neutral,0.911,0.267
2025-09-05,hvn,6535.0,6539.5,6537.25,upper,0.9995,0.0021,upper,0.9998,0.0005
2025-09-05,lvn,6492.5,6515.75,,,,,,,
2025-09-08,hvn,6501.75,6503.25,6502.5,neutral,-0.179,0.8285,neutral,0.2823,0.6475
2025-09-08,hvn,6510.25,6513.75,6511.5,upper,0.9883,0.0113,upper,0.9967,0.0038
2025-09-09,hvn,6506.25,6508.0,6507.0,neutral,-0.3873,0.9728,neutral,-0.8045,0.2603
2025-09-09,hvn,6512.75,6517.25,6515.0,neutral,0.7066,0.1849,neutral,0.5695,0.1308
2025-09-10,hvn,6538.5,6540.0,6539.5,neutral,-0.5939,0.845,neutral,-0.0338,1.3056
2025-09-10,hvn,6547.75,6550.25,6549.25,neutral,0.6582,0.436,upper,0.9033,0.1704
2025-09-11,hvn,6544.75,6548.25,6546.5,lower,-0.9949,0.0208,lower,-0.9168,0.1543
2025-09-11,hvn,6552.5,6554.75,6554.0,lower,-0.9566,0.2209,neutral,-0.4479,1.6094
2025-09-11,hvn,6571.0,6576.75,6575.0,neutral,-0.3183,0.7107,neutral,0.6323,0.6211
2025-09-11,hvn,6582.0,6584.75,6583.75,neutral,0.3979,1.1552,neutral,0.8811,0.5135
2025-09-11,hvn,6590.5,6592.75,6591.5,upper,0.9435,0.1437,upper,0.9944,0.0349
2025-09-11,hvn,6595.5,6597.75,6596.25,upper,0.9979,0.0069,upper,0.9999,0.0006
2025-09-11,lvn,6548.5,6551.5,,,,,,,
2025-09-11,lvn,6562.0,6570.75,,,,,,,
2025-09-11,lvn,6577.0,6581.0,,,,,,,
2025-09-12,hvn,6587.25,6589.0,6588.25,lower,-0.8972,0.0932,neutral,-0.5948,0.2935
2025-09-12,hvn,6591.75,6594.0,6592.5,neutral,0.2399,0.4046,neutral,0.6856,0.1824
2025-09-12,hvn,6601.25,6602.75,6601.75,upper,0.9985,0.0041,upper,0.9993,0.0021
2025-09-15,hvn,6669.25,6671.5,6670.5,neutral,-0.2964,0.5935,neutral,0.8592,0.3599
2025-09-15,hvn,6674.5,6676.0,6675.5,neutral,0.6904,0.367,upper,0.982,0.0825
2025-09-16,hvn,6667.5,6669.0,6668.5,lower,-0.9049,0.1275,lower,-0.985,0.0473
2025-09-16,hvn,6671.0,6672.75,6671.5,neutral,-0.331,0.6398,lower,-0.8909,0.2263
2025-09-16,hvn,6683.25,6686.75,6684.75,upper,0.9607,0.0571,neutral,0.6969,0.2621
2025-09-16,lvn,6678.25,6683.0,,,,,,,
2025-09-17,hvn,6629.75,6633.75,6632.25,lower,-0.9781,0.0676,lower,-0.9974,0.0096
2025-09-17,hvn,6660.0,6662.5,6661.25,neutral,0.2739,0.9319,neutral,-0.6134,0.3345
2025-09-18,hvn,6695.75,6698.25,6697.0,neutral,-0.0023,1.1295,neutral,0.1688,1.3439
2025-09-18,hvn,6706.5,6709.0,6707.25,upper,0.9281,0.1366,neutral,0.8829,0.2793
2025-09-19,hvn,6693.5,6696.0,6695.0,lower,-0.9648,0.0854,lower,-0.8244,0.2133
2025-09-19,hvn,6698.5,6700.0,6699.25,neutral,-0.8292,0.5274,neutral,-0.2849,1.261
2025-09-19,hvn,6703.75,6705.5,6704.5,neutral,-0.4495,1.194,neutral,0.4416,1.0138
2025-09-19,hvn,6708.5,6710.5,6709.5,neutral,0.0796,1.7139,neutral,0.7938,0.4506
2025-09-19,hvn,6720.25,6722.5,6721.75,upper,0.9378,0.1583,upper,0.9957,0.0167
2025-09-19,lvn,6713.0,6719.5,,,,,,,
2025-09-22,hvn,6699.5,6703.5,6702.25,lower,-0.9992,0.0028,lower,-0.9972,0.0057
2025-09-22,hvn,6709.25,6711.0,6710.0,neutral,-0.9538,0.2785,neutral,-0.7495,0.8104
2025-09-22,hvn,6716.75,6719.0,6717.75,neutral,-0.8087,0.7274,neutral,-0.2399,1.7571
2025-09-22,hvn,6729.5,6734.5,6732.75,neutral,-0.1164,1.0797,neutral,0.6341,0.571
2025-09-22,hvn,6753.5,6756.0,6754.0,upper,0.9998,0.0009,upper,0.9999,0.0003
2025-09-22,lvn,6720.75,6729.0,,,,,,,
2025-09-22,lvn,6735.0,6744.75,,,,,,,
2025-09-23,hvn,6714.5,6716.5,6715.25,neutral,-0.8105,0.6955,lower,-0.9604,0.2435
2025-09-23,hvn,6733.75,6735.25,6734.75,neutral,0.3311,3.0078,neutral,-0.5323,1.9877
2025-09-23,hvn,6750.0,6753.0,6751.25,upper,0.997,0.0096,upper,0.9965,0.0041
2025-09-23,lvn,6719.0,6730.5,,,,,,,
2025-09-24,hvn,6691.5,6693.5,6692.25,neutral,-0.7156,0.6728,lower,-0.9533,0.2186
2025-09-24,hvn,6709.5,6712.5,6711.75,neutral,0.7536,0.5056,neutral,-0.1605,1.3127
2025-09-24,hvn,6723.0,6727.25,6725.0,upper,0.9999,0.0004,upper,0.9987,0.0015
2025-09-24,lvn,6698.25,6708.25,,,,,,,
2025-09-25,hvn,6636.75,6639.0,6637.75,lower,-0.9677,0.1249,lower,-0.9973,0.023
2025-09-25,hvn,6647.5,6649.75,6648.5,neutral,-0.6861,0.7614,lower,-0.9761,0.1524
2025-09-25,hvn,6658.25,6661.5,6659.75,neutral,0.2462,0.93,neutral,-0.8807,0.3841
2025-09-25,hvn,6694.75,6697.5,6696.0,upper,0.9971,0.0181,neutral,0.8633,0.3904
2025-09-25,lvn,6675.5,6685.75,,,,,,,
2025-09-26,hvn,6669.5,6672.0,6670.5,neutral,-0.784,0.4993,neutral,-0.0583,1.7567
2025-09-26,hvn,6686.75,6688.5,6687.75,neutral,0.5536,1.2375,neutral,0.8548,0.6832
2025-09-26,hvn,6693.0,6698.0,6695.5,upper,0.9879,0.0146,upper,0.9906,0.0203
2025-09-26,lvn,6678.25,6685.0,,,,,,,
2025-09-29,hvn,6702.75,6705.25,6704.25,lower,-0.9771,0.0437,lower,-0.9887,0.0249
2025-09-29,hvn,6710.0,6713.0,6712.25,neutral,-0.5939,0.3611,neutral,-0.6989,0.331
2025-09-29,hvn,6721.5,6725.25,6724.0,upper,0.8763,0.1214,neutral,0.7168,0.2733
2025-09-29,lvn,6715.75,6721.0,,,,,,,
2025-09-30,hvn,6702.0,6704.0,6703.25,lower,-0.9041,0.2466,lower,-0.8783,0.1754
2025-09-30,hvn,6720.75,6722.5,6722.0,neutral,0.5305,1.5899,upper,0.9259,0.2312
2025-09-30,hvn,6730.5,6733.25,6731.25,upper,0.9212,0.2407,upper,0.9951,0.0173
2025-09-30,hvn,6739.5,6742.25,6740.0,upper,0.9995,0.002,upper,1.0,0.0002
2025-09-30,lvn,6717.0,6720.25,,,,,,,
2025-10-01,hvn,6684.0,6688.25,6686.0,lower,-0.9998,0.0011,lower,-0.9997,0.0012
2025-10-01,hvn,6709.25,6713.0,6710.5,neutral,-0.8928,0.3571,neutral,-0.5984,0.802
2025-10-01,hvn,6716.75,6721.25,6719.25,neutral,-0.7373,0.606,neutral,-0.15,1.4309
2025-10-01,hvn,6728.5,6730.75,6729.75,neutral,-0.327,2.6083,neutral,0.4068,2.3803
2025-10-01,hvn,6744.0,6746.5,6745.0,neutral,0.4585,1.8788,neutral,0.8394,0.8153
2025-10-01,hvn,6762.5,6767.25,6764.25,upper,0.9988,0.0032,upper,0.9995,0.0019
2025-10-01,lvn,6689.0,6699.5,,,,,,,
2025-10-01,lvn,6735.5,6741.0,,,,,,,
2025-10-01,lvn,6747.0,6753.25,,,,,,,
2025-10-02,hvn,6746.75,6748.5,6748.0,lower,-0.9918,0.0286,lower,-0.9992,0.0037
2025-10-02,hvn,6753.25,6755.75,6754.75,lower,-0.8394,0.249,lower,-0.967,0.066
2025-10-02,hvn,6764.75,6766.75,6766.5,neutral,0.5199,0.6394,neutral,-0.0741,0.9218
2025-10-02,hvn,6776.25,6778.25,6777.5,upper,0.9931,0.0213,upper,0.984,0.036
2025-10-03,hvn,6763.5,6765.25,6764.25,lower,-0.9616,0.1261,lower,-0.9816,0.0591
2025-10-03,hvn,6771.25,6773.0,6771.75,neutral,-0.5904,0.9335,neutral,-0.6816,0.6163
2025-10-03,hvn,6777.5,6779.25,6778.75,neutral,0.0639,1.9672,neutral,0.0823,1.4372
2025-10-03,hvn,6789.25,6791.25,6790.25,upper,0.913,0.2488,upper,0.9465,0.1441
2025-10-03,hvn,6794.0,6795.5,6794.5,upper,0.9871,0.0608,upper,0.9913,0.0405
2025-10-06,hvn,6776.75,6778.75,6777.5,lower,-0.8768,0.2092,lower,-0.9215,0.1044
2025-10-06,hvn,6782.25,6784.0,6783.5,neutral,-0.3241,0.9065,neutral,-0.2165,0.7297
2025-10-06,hvn,6788.0,6790.75,6789.5,neutral,0.78,0.1758,upper,0.8806,0.1002
2025-10-07,hvn,6759.25,6760.75,6759.5,neutral,-0.7524,0.8109,neutral,-0.9473,0.2701
2025-10-07,hvn,6779.75,6782.25,6781.0,neutral,0.7145,0.8335,neutral,0.4185,0.8178
2025-10-07,hvn,6790.25,6792.25,6791.5,upper,0.9511,0.2465,upper,0.9551,0.1331
2025-10-07,hvn,6796.5,6798.5,6797.5,upper,0.9962,0.0236,upper,0.9968,0.0135
2025-10-07,lvn,6769.0,6777.75,,,,,,,
2025-10-07,lvn,6786.5,6790.0,,,,,,,
2025-10-08,hvn,6770.25,6774.75,6771.5,lower,-0.9567,0.073,neutral,-0.6241,0.333
2025-10-08,hvn,6788.25,6790.5,6789.25,neutral,0.0322,1.8368,neutral,0.7248,0.8713
2025-10-08,hvn,6799.25,6802.25,6800.5,upper,0.9894,0.0171,upper,0.9915,0.0291
2025-10-08,lvn,6775.0,6785.5,,,,,,,
2025-10-09,hvn,6768.75,6770.5,6769.0,lower,-0.9333,0.1909,lower,-0.9874,0.0749
2025-10-09,hvn,6777.5,6781.25,6779.5,neutral,-0.218,0.7152,neutral,-0.855,0.2836
2025-10-09,hvn,6802.0,6805.5,6803.5,upper,0.9957,0.0122,upper,0.9445,0.069
2025-10-09,lvn,6790.5,6796.75,,,,,,,
2025-10-10,hvn,6548.75,6553.25,6551.75,lower,-1.0,0.0,lower,-1.0,0.0
2025-10-10,hvn,6593.0,6597.75,6595.5,lower,-0.9855,0.1333,lower,-0.9965,0.0543
2025-10-10,hvn,6611.0,6618.5,6615.75,neutral,-0.9375,0.3051,lower,-0.9878,0.1057
2025-10-10,hvn,6623.0,6629.75,6627.5,neutral,-0.8786,0.5912,lower,-0.9761,0.2125
2025-10-10,hvn,6657.75,6662.75,6658.75,neutral,-0.5207,2.4178,neutral,-0.9025,0.9163
2025-10-10,hvn,6674.75,6680.75,6677.25,neutral,-0.2139,3.1723,neutral,-0.8203,1.2522
2025-10-10,hvn,6728.75,6736.75,6732.75,neutral,0.6448,1.416,neutral,-0.2828,2.4989
2025-10-10,hvn,6790.25,6796.5,6792.5,upper,0.997,0.0238,upper,0.9972,0.0086
2025-10-10,lvn,6559.25,6588.75,,,,,,,
2025-10-10,lvn,6700.75,6719.5,,,,,,,
2025-10-10,lvn,6739.25,6780.0,,,,,,,
2025-10-13,hvn,6669.25,6672.0,6670.75,neutral,-0.8945,0.2585,neutral,-0.8138,0.3818
2025-10-13,hvn,6693.5,6696.0,6694.5,neutral,0.847,0.3079,upper,0.9171,0.2014
2025-10-14,hvn,6596.25,6599.5,6598.0,lower,-1.0,0.0,lower,-1.0,0.0
2025-10-14,hvn,6609.0,6613.0,6610.75,lower,-0.9941,0.04,lower,-0.9991,0.006
2025-10-14,hvn,6627.75,6631.75,6630.25,neutral,-0.9141,0.4285,lower,-0.971,0.1421
2025-10-14,hvn,6643.75,6648.5,6646.75,neutral,-0.6863,1.0412,neutral,-0.7961,0.637
2025-10-14,hvn,6659.25,6665.0,6662.75,neutral,-0.2633,1.6796,neutral,-0.3525,1.4272
2025-10-14,hvn,6684.0,6687.25,6685.75,neutral,0.5335,1.9007,neutral,0.4901,1.9913
2025-10-14,hvn,6709.25,6717.25,6714.25,upper,0.9986,0.0034,upper,0.9992,0.0018
2025-10-14,lvn,6599.75,6603.0,,,,,,,
2025-10-14,lvn,6666.0,6679.5,,,,,,,
2025-10-14,lvn,6690.0,6708.0,,,,,,,
2025-10-15,hvn,6668.5,6672.25,6670.75,lower,-0.9911,0.0512,lower,-0.9987,0.0068
2025-10-15,hvn,6713.75,6718.0,6715.5,neutral,-0.1136,1.603,neutral,0.1962,1.1459
2025-10-15,hvn,6731.25,6736.75,6734.25,neutral,0.7059,0.5344,upper,0.8889,0.2058
2025-10-15,hvn,6749.75,6754.75,6752.0,upper,0.9761,0.0754,upper,0.9923,0.0273
2025-10-15,hvn,6760.0,6763.5,6761.25,upper,0.9998,0.0013,upper,1.0,0.0002
2025-10-15,lvn,6674.0,6687.5,,,,,,,
2025-10-16,hvn,6647.25,6649.5,6648.5,lower,-0.9882,0.1057,lower,-0.9978,0.0275
2025-10-16,hvn,6661.5,6665.0,6663.75,neutral,-0.8719,0.5797,lower,-0.9678,0.2106
2025-10-16,hvn,6668.0,6670.75,6669.0,neutral,-0.7564,1.2846,neutral,-0.9315,0.5117
2025-10-16,hvn,6677.75,6681.25,6679.0,neutral,-0.4853,1.9807,neutral,-0.8442,0.7741
2025-10-16,hvn,6686.25,6690.0,6688.5,neutral,-0.2012,2.776,neutral,-0.7276,1.0681
2025-10-16,hvn,6694.25,6698.0,6695.75,neutral,0.0784,3.2073,neutral,-0.5662,1.4269
2025-10-16,hvn,6707.25,6710.25,6709.25,neutral,0.4898,2.3412,neutral,-0.1386,2.572
2025-10-16,hvn,6718.5,6721.5,6720.0,neutral,0.7728,1.1572,neutral,0.4243,1.5762
2025-10-16,hvn,6729.0,6732.5,6731.0,neutral,0.9484,0.26,neutral,0.8558,0.3961
2025-10-16,lvn,6698.25,6705.5,,,,,,,
2025-10-17,hvn,6591.5,6597.75,6595.75,lower,-0.9917,0.0444,lower,-0.9821,0.074
2025-10-17,hvn,6626.75,6630.75,6628.5,neutral,-0.8505,0.7503,neutral,-0.6263,1.4298
2025-10-17,hvn,6662.75,6665.5,6664.5,neutral,-0.1008,3.3817,neutral,0.4741,2.463
2025-10-17,hvn,6679.5,6682.5,6680.75,neutral,0.5744,1.5721,neutral,0.8102,1.0729
2025-10-17,hvn,6685.75,6691.75,6687.5,neutral,0.7906,0.4336,neutral,0.8998,0.3238
2025-10-17,hvn,6702.0,6708.25,6705.75,upper,0.9917,0.0231,upper,0.9935,0.0263
2025-10-17,lvn,6615.5,6625.5,,,,,,,
2025-10-17,lvn,6631.25,6637.5,,,,,,,
2025-10-17,lvn,6693.25,6700.75,,,,,,,
2025-10-20,hvn,6723.25,6725.75,6724.5,neutral,-0.9591,0.2674,neutral,-0.6584,1.1667
2025-10-20,hvn,6731.5,6737.0,6733.5,neutral,-0.8806,0.2808,neutral,-0.1958,1.3017
2025-10-20,hvn,6745.25,6749.75,6749.0,neutral,-0.5962,0.8041,neutral,0.4062,1.4766
2025-10-20,hvn,6767.75,6770.0,6769.0,neutral,0.6395,0.9802,neutral,0.9173,0.5612
2025-10-20,hvn,6772.75,6774.5,6773.75,neutral,0.8774,0.4573,neutral,0.9679,0.2981
2025-10-20,hvn,6776.75,6780.5,6778.0,upper,0.9964,0.0076,upper,0.999,0.0049
2025-10-20,lvn,6737.25,6743.25,,,,,,,
2025-10-20,lvn,6754.75,6762.0,,,,,,,
2025-10-21,hvn,6767.75,6769.0,6768.5,lower,-0.9126,0.2211,lower,-0.9289,0.1638
2025-10-21,hvn,6777.0,6780.75,6779.25,neutral,0.6444,0.1757,neutral,0.7812,0.1035
2025-10-21,hvn,6782.75,6784.25,6783.25,upper,0.9696,0.063,upper,0.9861,0.0301
2025-10-22,hvn,6707.25,6710.25,6709.0,lower,-0.9673,0.1576,lower,-0.9937,0.0513
2025-10-22,hvn,6713.5,6716.25,6715.0,neutral,-0.9086,0.4108,lower,-0.9837,0.1296
2025-10-22,hvn,6734.75,6738.5,6737.0,neutral,-0.209,1.6332,neutral,-0.848,0.5678
2025-10-22,hvn,6748.25,6750.75,6749.75,neutral,0.4674,1.8022,neutral,-0.5628,1.8486
2025-10-22,hvn,6769.5,6774.5,6771.5,upper,0.9832,0.0481,neutral,0.6669,0.4198
2025-10-22,lvn,6719.75,6725.0,,,,,,,
2025-10-22,lvn,6755.5,6768.25,,,,,,,
2025-10-23,hvn,6739.75,6742.0,6741.0,neutral,-0.931,0.2874,neutral,-0.6778,0.7645
2025-10-23,hvn,6754.25,6757.75,6755.75,neutral,-0.4078,0.9211,neutral,0.4161,1.0898
2025-10-23,hvn,6765.0,6767.5,6766.25,neutral,0.3983,1.3008,neutral,0.8052,0.7089
2025-10-23,hvn,6773.5,6776.0,6774.5,neutral,0.8689,0.3503,upper,0.9538,0.2151
2025-10-23,hvn,6779.5,6781.5,6780.75,upper,0.9842,0.0657,upper,0.9932,0.0463
2025-10-24,hvn,6793.75,6797.25,6795.0,lower,-0.9758,0.0973,neutral,-0.535,1.012
2025-10-24,hvn,6825.0,6828.25,6827.25,neutral,0.0807,0.9698,neutral,0.8572,0.5177
2025-10-24,hvn,6836.5,6839.25,6837.5,upper,0.9967,0.0055,upper,0.9995,0.0029
2025-10-24,lvn,6798.0,6812.75,,,,,,,
2025-10-27,hvn,6881.75,6884.5,6883.5,lower,-0.8725,0.1892,neutral,-0.2094,0.7899
2025-10-27,hvn,6894.5,6895.75,6895.25,neutral,0.3508,1.8868,neutral,0.8365,0.6612
2025-10-27,hvn,6902.25,6903.75,6903.0,neutral,0.8445,0.5615,neutral,0.9529,0.2518
2025-10-27,hvn,6907.5,6910.25,6908.75,upper,0.9891,0.0291,upper,0.9892,0.0418
2025-10-28,hvn,6912.25,6914.25,6913.5,neutral,-0.839,0.3212,neutral,-0.1036,1.2495
2025-10-28,hvn,6925.0,6926.75,6926.0,neutral,0.5354,0.9232,neutral,0.882,0.3882
2025-10-28,hvn,6936.0,6938.0,6936.5,upper,0.987,0.0431,upper,0.9976,0.0122
2025-10-28,lvn,6916.75,6924.0,,,,,,,
2025-10-29,hvn,6907.0,6910.25,6908.75,neutral,-0.8631,0.3794,lower,-0.9889,0.0396
2025-10-29,hvn,6918.25,6920.75,6919.25,neutral,-0.4583,1.4266,lower,-0.9295,0.198
2025-10-29,hvn,6936.75,6940.0,6938.5,upper,0.8733,0.2299,neutral,0.6139,0.2813
2025-10-29,hvn,6942.25,6944.75,6943.0,upper,0.9826,0.051,upper,0.9699,0.042
2025-10-29,lvn,6921.5,6930.5,,,,,,,
2025-10-30,hvn,6853.5,6857.0,6855.5,lower,-1.0,0.0,lower,-1.0,0.0
2025-10-30,hvn,6869.75,6874.25,6871.5,neutral,-0.8569,0.3062,lower,-0.9881,0.0478
2025-10-30,hvn,6893.0,6895.0,6894.5,neutral,0.2137,2.4645,neutral,-0.7777,1.0935
2025-10-30,hvn,6918.0,6925.0,6922.5,upper,0.967,0.0646,neutral,0.5899,0.4107
2025-10-31,hvn,6849.0,6851.5,6850.5,lower,-0.9967,0.017,lower,-0.9992,0.0061
2025-10-31,hvn,6862.75,6865.0,6863.75,neutral,-0.8704,0.449,lower,-0.9694,0.1701
2025-10-31,hvn,6874.0,6876.25,6874.75,neutral,-0.3799,1.4513,neutral,-0.8456,0.5836
2025-10-31,hvn,6879.5,6881.0,6880.5,neutral,0.0378,3.1724,neutral,-0.6964,1.3906
2025-10-31,hvn,6883.5,6886.0,6884.75,neutral,0.4031,1.2493,neutral,-0.4972,1.1852
2025-10-31,hvn,6894.25,6896.75,6895.25,neutral,0.9143,0.2514,neutral,0.4449,0.8542
2025-11-03,hvn,6853.25,6855.25,6854.25,lower,-0.9978,0.0127,lower,-0.9997,0.0022
2025-11-03,hvn,6882.25,6886.25,6884.0,neutral,0.4126,0.4376,neutral,-0.49,0.3209
2025-11-03,lvn,6856.25,6864.25,,,,,,,
2025-11-04,hvn,6798.5,6803.5,6802.0,lower,-0.9876,0.0175,lower,-0.9919,0.0192
2025-11-04,hvn,6826.0,6831.75,6830.0,neutral,0.6864,0.3692,neutral,0.0165,1.4983
2025-11-04,lvn,6821.25,6825.75,,,,,,,
2025-11-05,hvn,6754.0,6760.25,6758.25,lower,-0.9997,0.0013,lower,-0.9996,0.0014
2025-11-05,hvn,6796.5,6800.25,6797.75,neutral,-0.8147,0.6332,neutral,-0.3069,1.6406
2025-11-05,hvn,6823.5,6827.0,6824.75,neutral,0.1888,1.8761,neutral,0.7059,1.1402
2025-11-05,hvn,6842.75,6846.0,6844.25,neutral,0.9046,0.3253,upper,0.9594,0.2378
2025-11-05,hvn,6850.5,6853.5,6852.0,upper,0.9951,0.022,upper,0.9979,0.0149
2025-11-05,lvn,6763.0,6773.25,,,,,,,
2025-11-05,lvn,6801.0,6816.0,,,,,,,
2025-11-05,lvn,6829.5,6841.75,,,,,,,
2025-11-06,hvn,6748.75,6751.25,6749.75,neutral,-0.9389,0.2662,lower,-0.9894,0.1028
2025-11-06,hvn,6757.0,6761.75,6759.75,neutral,-0.7197,0.523,lower,-0.9605,0.1768
2025-11-06,hvn,6777.0,6782.0,6779.0,neutral,0.2551,1.43,neutral,-0.7129,0.9007
2025-11-06,hvn,6794.5,6798.5,6796.0,neutral,0.7557,0.8306,neutral,-0.2591,2.2988
2025-11-06,hvn,6812.0,6816.0,6814.5,upper,0.9584,0.1987,neutral,0.4905,1.2394
2025-11-06,lvn,6799.25,6806.5,,,,,,,
2025-11-07,hvn,6659.25,6662.75,6661.25,lower,-0.9995,0.0032,lower,-0.9999,0.0009
2025-11-07,hvn,6674.0,6676.25,6674.75,neutral,-0.9611,0.2668,lower,-0.9909,0.1099
2025-11-07,hvn,6679.25,6684.25,6681.0,neutral,-0.9004,0.2708,lower,-0.9779,0.1117
2025-11-07,hvn,6687.75,6690.25,6688.75,neutral,-0.7436,1.2183,neutral,-0.9441,0.4931
2025-11-07,hvn,6694.75,6699.0,6697.75,neutral,-0.5121,1.2291,neutral,-0.8943,0.4902
2025-11-07,hvn,6706.25,6710.0,6706.75,neutral,-0.0514,2.6437,neutral,-0.7665,1.0091
2025-11-07,hvn,6734.25,6739.75,6737.75,neutral,0.849,0.4085,neutral,0.085,1.6976
2025-11-07,hvn,6752.0,6754.75,6753.5,upper,0.9795,0.1502,neutral,0.7564,0.9203
2025-11-07,lvn,6710.75,6733.75,,,,,,,
2025-11-07,lvn,6743.5,6751.25,,,,,,,
2025-11-10,hvn,6797.75,6804.25,6800.75,lower,-0.9659,0.0651,neutral,-0.7892,0.2412
2025-11-10,hvn,6813.5,6817.0,6816.5,neutral,-0.6489,0.9005,neutral,0.0181,1.9925
2025-11-10,hvn,6828.75,6833.25,6830.75,neutral,0.1379,1.499,neutral,0.6783,0.7448
2025-11-10,hvn,6838.25,6841.5,6840.25,neutral,0.5596,1.219,neutral,0.8516,0.5981
2025-11-10,hvn,6844.75,6847.75,6846.0,neutral,0.773,0.7708,neutral,0.9257,0.3752
2025-11-10,hvn,6855.75,6861.75,6857.5,upper,0.9969,0.0069,upper,0.999,0.0032
2025-11-10,lvn,6835.0,6838.0,,,,,,,
2025-11-10,lvn,6848.0,6854.0,,,,,,,
2025-11-11,hvn,6839.0,6840.75,6840.0,neutral,-0.9269,0.2823,lower,-0.9771,0.0781
2025-11-11,hvn,6853.5,6855.75,6854.75,neutral,-0.022,2.5154,neutral,0.0554,1.7091
2025-11-11,hvn,6872.5,6874.5,6873.5,upper,0.9813,0.0761,upper,0.9854,0.061
2025-11-11,lvn,6856.5,6866.5,,,,,,,
2025-11-12,hvn,6871.25,6872.75,6872.25,neutral,-0.3628,1.2164,neutral,-0.8896,0.3602
2025-11-12,hvn,6876.5,6880.25,6878.25,neutral,0.5027,0.3777,neutral,-0.5369,0.4075
2025-11-13,hvn,6756.0,6762.0,6760.0,lower,-0.9899,0.0298,lower,-0.9986,0.0092
2025-11-13,hvn,6785.0,6789.5,6787.25,neutral,-0.3849,1.7539,neutral,-0.8957,0.6964
2025-11-13,hvn,6794.5,6800.25,6797.5,neutral,-0.038,2.1168,neutral,-0.8182,0.8624
2025-11-13,hvn,6828.75,6832.75,6830.5,neutral,0.7849,1.0161,neutral,-0.3273,3.3719
2025-11-13,hvn,6844.0,6848.0,6845.5,neutral,0.9173,0.4917,neutral,0.0318,4.2024
2025-11-13,hvn,6861.25,6866.25,6863.5,upper,0.9796,0.1261,neutral,0.5721,1.3054
2025-11-13,hvn,6881.0,6885.25,6883.25,upper,0.9993,0.0062,upper,0.9737,0.1088
2025-11-13,lvn,6772.0,6784.0,,,,,,,
2025-11-13,lvn,6806.25,6820.25,,,,,,,
2025-11-13,lvn,6850.5,6860.75,,,,,,,
2025-11-13,lvn,6871.0,6880.5,,,,,,,
2025-11-14,hvn,6671.75,6675.25,6673.5,lower,-1.0,0.0,lower,-1.0,0.0
2025-11-14,hvn,6691.5,6700.0,6694.5,lower,-0.981,0.0529,lower,-0.9913,0.0256
2025-11-14,hvn,6715.5,6723.25,6718.0,neutral,-0.779,0.4533,neutral,-0.8415,0.3362
2025-11-14,hvn,6734.25,6739.25,6736.5,neutral,-0.3497,1.6798,neutral,-0.5085,1.1437
2025-11-14,hvn,6754.25,6757.75,6756.75,neutral,0.3772,1.9934,neutral,0.2947,1.7766
2025-11-14,hvn,6762.75,6766.0,6764.25,neutral,0.6725,1.1725,neutral,0.6988,0.8281
2025-11-14,hvn,6783.25,6786.75,6784.25,upper,0.9923,0.0374,upper,0.9954,0.0202
2025-11-14,lvn,6675.5,6679.75,,,,,,,
2025-11-14,lvn,6700.25,6712.0,,,,,,,
2025-11-14,lvn,6727.0,6733.75,,,,,,,
2025-11-17,hvn,6668.25,6672.0,6671.0,lower,-0.9953,0.0318,lower,-0.9992,0.0091
2025-11-17,hvn,6686.75,6690.0,6689.0,neutral,-0.8884,0.6526,lower,-0.979,0.2083
2025-11-17,hvn,6693.25,6698.0,6695.25,neutral,-0.8009,0.7231,lower,-0.9637,0.2266
2025-11-17,hvn,6720.0,6724.5,6723.0,neutral,-0.11,2.6644,neutral,-0.793,0.9341
2025-11-17,hvn,6744.75,6747.5,6746.25,neutral,0.6597,1.7119,neutral,-0.377,3.0491
2025-11-17,hvn,6755.25,6759.5,6757.75,neutral,0.8848,0.438,neutral,0.0063,2.6795
2025-11-17,lvn,6678.5,6685.75,,,,,,,
2025-11-17,lvn,6699.5,6718.75,,,,,,,
2025-11-17,lvn,6729.75,6739.5,,,,,,,
2025-11-18,hvn,6598.25,6601.25,6599.75,lower,-0.9995,0.0036,lower,-0.9999,0.0006
2025-11-18,hvn,6613.0,6616.25,6615.0,lower,-0.9763,0.1126,lower,-0.9965,0.0245
2025-11-18,hvn,6632.75,6635.25,6633.75,neutral,-0.645,1.405,neutral,-0.936,0.378
2025-11-18,hvn,6653.5,6655.5,6654.25,neutral,0.3122,2.8542,neutral,-0.5439,1.9415
2025-11-18,hvn,6668.75,6671.25,6670.25,neutral,0.8783,0.5202,neutral,0.2644,2.1958
2025-11-18,hvn,6699.75,6704.75,6702.25,upper,0.9999,0.0005,upper,0.9988,0.0038
2025-11-18,lvn,6687.75,6692.5,,,,,,,
2025-11-19,hvn,6630.25,6633.75,6632.25,lower,-0.9934,0.0239,lower,-0.9663,0.0784
2025-11-19,hvn,6647.5,6649.75,6648.5,neutral,-0.7413,0.7978,neutral,-0.1371,2.0441
2025-11-19,hvn,6660.5,6663.25,6661.5,neutral,0.0691,2.1371,neutral,0.6814,0.8433
2025-11-19,hvn,6674.5,6676.75,6675.5,neutral,0.7026,1.2081,neutral,0.9101,0.4821
2025-11-19,hvn,6695.5,6698.5,6697.0,upper,0.9903,0.0528,upper,0.9977,0.0158
2025-11-19,lvn,6678.5,6690.0,,,,,,,
2025-11-20,hvn,6555.0,6560.0,6558.0,lower,-0.9999,0.0012,lower,-0.9998,0.0022
2025-11-20,hvn,6593.0,6598.0,6595.5,neutral,-0.8967,0.7392,neutral,-0.9604,0.4436
2025-11-20,hvn,6627.5,6632.25,6629.25,neutral,-0.5225,3.1286,neutral,-0.8345,1.5661
2025-11-20,hvn,6645.0,6652.5,6648.0,neutral,-0.2464,3.1307,neutral,-0.7221,1.4752
2025-11-20,hvn,6676.75,6681.75,6679.75,neutral,0.2094,5.2252,neutral,-0.446,3.5097
2025-11-20,hvn,6723.5,6731.25,6725.5,neutral,0.7598,1.2155,neutral,0.4599,1.3685
2025-11-20,hvn,6743.0,6749.5,6745.25,neutral,0.8906,0.7294,neutral,0.8709,0.3792
2025-11-20,hvn,6764.0,6772.0,6769.0,upper,0.9829,0.106,upper,0.9853,0.049
2025-11-20,lvn,6563.25,6586.25,,,,,,,
2025-11-20,lvn,6653.25,6675.75,,,,,,,
2025-11-20,lvn,6688.75,6711.0,,,,,,,
2025-11-21,hvn,6565.25,6570.5,6568.25,neutral,-0.8978,0.3437,neutral,-0.7827,0.4524
2025-11-21,hvn,6578.25,6583.75,6580.75,neutral,-0.6704,0.8977,neutral,-0.3327,1.1317
2025-11-21,hvn,6600.75,6604.75,6603.25,neutral,-0.0035,3.6129,neutral,0.4877,1.7731
2025-11-21,hvn,6615.5,6619.0,6617.75,neutral,0.433,2.4735,neutral,0.7622,1.2017
2025-11-21,hvn,6631.5,6640.75,6635.25,neutral,0.8409,0.3065,upper,0.9449,0.1385
2025-11-21,hvn,6647.25,6651.0,6649.0,neutral,0.9391,0.3642,upper,0.9789,0.1617
2025-11-21,hvn,6661.5,6665.25,6663.5,upper,0.9925,0.0559,upper,0.9969,0.029
2025-11-21,lvn,6595.0,6600.25,,,,,,,
2025-11-24,hvn,6663.5,6666.75,6664.75,neutral,-0.8752,0.6086,neutral,-0.275,2.3978
2025-11-24,hvn,6682.0,6688.0,6683.5,neutral,-0.4297,1.0786,neutral,0.4329,1.3314
2025-11-24,hvn,6711.0,6715.25,6713.5,neutral,0.7771,0.5323,neutral,0.9346,0.3176
2025-11-24,hvn,6719.25,6725.5,6721.75,upper,0.9921,0.0147,upper,0.9983,0.0064
2025-11-24,lvn,6668.25,6676.0,,,,,,,
2025-11-24,lvn,6688.25,6699.5,,,,,,,
2025-11-25,hvn,6694.5,6698.0,6696.25,lower,-0.9862,0.0795,lower,-0.998,0.0085
2025-11-25,hvn,6703.5,6708.5,6707.0,lower,-0.9498,0.1634,lower,-0.9901,0.0197
2025-11-25,hvn,6722.5,6727.25,6724.0,neutral,-0.6078,0.9754,neutral,-0.3639,0.9298
2025-11-25,hvn,6736.0,6739.25,6737.25,neutral,-0.1165,3.1515,neutral,0.3485,2.0072
2025-11-25,hvn,6747.75,6750.75,6749.25,neutral,0.3267,2.7196,neutral,0.6823,1.3721
2025-11-25,hvn,6764.25,6771.25,6767.75,upper,0.8791,0.2426,upper,0.9577,0.1095
2025-11-25,hvn,6780.0,6783.25,6781.75,upper,0.9913,0.05,upper,0.9985,0.0111
2025-11-25,lvn,6729.5,6734.0,,,,,,,
2025-11-25,lvn,6741.25,6747.25,,,,,,,
2025-11-25,lvn,6772.0,6779.75,,,,,,,
2025-11-26,hvn,6802.0,6806.5,6805.5,lower,-0.9436,0.1143,neutral,-0.4417,0.6764
2025-11-26,hvn,6831.75,6833.25,6832.5,neutral,0.6495,1.2652,neutral,0.913,0.6245
2025-11-26,hvn,6840.75,6843.75,6841.5,upper,0.9982,0.0046,upper,0.9996,0.0018
2025-11-26,lvn,6817.5,6826.0,,,,,,,
2025-11-27,hvn,6827.75,6828.5,6828.0,neutral,-0.2927,0.3811,neutral,-0.4135,0.321
2025-11-28,hvn,6837.75,6839.5,6838.75,lower,-0.9692,0.0894,neutral,-0.6368,0.4749
2025-11-28,hvn,6846.0,6848.0,6847.5,neutral,-0.506,0.6887,neutral,0.6325,0.5847
2025-11-28,hvn,6850.75,6852.75,6852.25,neutral,0.2094,0.9136,upper,0.9317,0.1468
2025-11-28,hvn,6858.0,6861.75,6860.0,upper,1.0,0.0,upper,1.0,0.0
2025-11-28,lvn,6840.5,6845.0,,,,,,,
2025-12-01,hvn,6826.5,6829.25,6828.0,neutral,-0.4646,0.6915,neutral,0.1401,1.444
2025-12-01,hvn,6840.25,6842.75,6841.75,neutral,0.8037,0.3932,neutral,0.8526,0.4582
2025-12-02,hvn,6831.5,6834.25,6832.75,neutral,-0.8266,0.2716,neutral,-0.1497,1.1317
2025-12-02,hvn,6838.75,6842.25,6841.0,neutral,-0.1372,0.7154,neutral,0.6603,0.3998
2025-12-02,hvn,6846.75,6850.5,6849.0,neutral,0.7889,0.2051,upper,0.9659,0.057
2025-12-03,hvn,6833.0,6836.0,6834.5,lower,-0.9178,0.208,lower,-0.979,0.0572
2025-12-03,hvn,6845.25,6848.5,6848.0,neutral,-0.3267,0.9889,neutral,-0.7348,0.2692
2025-12-03,hvn,6861.25,6863.5,6862.5,neutral,0.8902,0.2734,upper,0.9008,0.1816
2025-12-03,hvn,6866.5,6868.25,6867.0,upper,0.9878,0.0491,upper,0.99,0.0332
2025-12-04,hvn,6852.5,6855.0,6854.5,lower,-0.8164,0.2168,lower,-0.9733,0.0382
2025-12-04,hvn,6857.0,6859.5,6857.75,neutral,-0.3015,0.5924,lower,-0.8066,0.1499
2025-12-04,hvn,6861.5,6862.75,6862.25,neutral,0.3972,1.0507,neutral,-0.1307,0.8404
2025-12-04,hvn,6865.0,6868.5,6865.75,upper,0.9068,0.0769,upper,0.8911,0.0464
2025-12-04,hvn,6873.5,6876.5,6875.0,upper,0.9979,0.0044,upper,0.9979,0.0035
2025-12-05,hvn,6878.75,6881.25,6880.0,neutral,-0.3921,0.582,neutral,0.3173,0.4303
2025-12-05,hvn,6897.25,6899.25,6898.75,upper,0.9773,0.0777,upper,0.9938,0.0254
2025-12-05,lvn,6890.5,6896.75,,,,,,,
2025-12-08,hvn,6842.25,6847.75,6846.0,lower,-0.9811,0.0208,lower,-0.9973,0.0066
2025-12-08,hvn,6855.25,6857.5,6856.5,neutral,-0.2987,1.4206,neutral,-0.8636,0.5953
2025-12-08,hvn,6867.75,6870.5,6869.0,neutral,0.6424,0.8341,neutral,-0.4023,1.538
2025-12-08,hvn,6876.0,6878.5,6876.75,neutral,0.9019,0.3345,neutral,0.1405,1.9397
2025-12-08,lvn,6848.25,6854.0,,,,,,,
2025-12-09,hvn,6846.25,6849.0,6848.0,lower,-0.9982,0.0029,lower,-0.9975,0.0046
2025-12-09,hvn,6860.5,6862.25,6861.25,neutral,0.5311,0.5549,neutral,0.4215,0.442
2025-12-09,hvn,6869.75,6871.5,6870.25,upper,0.9997,0.0008,upper,0.9999,0.0003
2025-12-10,hvn,6846.5,6850.0,6848.25,neutral,-0.8739,0.2879,neutral,-0.7203,0.2505
2025-12-10,hvn,6866.25,6873.75,6871.0,neutral,0.2828,0.7728,neutral,0.7697,0.2639
2025-12-10,hvn,6890.25,6894.0,6892.25,upper,0.9373,0.2249,upper,0.9848,0.0715
2025-12-10,hvn,6899.5,6903.25,6901.25,upper,0.998,0.0091,upper,0.9994,0.0033
2025-12-10,lvn,6861.25,6866.0,,,,,,,
2025-12-10,lvn,6874.5,6888.75,,,,,,,
2025-12-11,hvn,6840.25,6845.25,6843.25,lower,-0.9772,0.0702,neutral,-0.8881,0.2629
2025-12-11,hvn,6848.75,6851.5,6850.5,neutral,-0.9157,0.3893,neutral,-0.6729,1.2283
2025-12-11,hvn,6865.0,6870.0,6868.5,neutral,-0.5003,0.7828,neutral,0.0846,1.5926
2025-12-11,hvn,6903.75,6909.0,6905.25,upper,0.9774,0.0578,upper,0.9774,0.08
2025-12-11,hvn,6919.5,6922.5,6921.25,upper,0.9992,0.0052,upper,0.9993,0.0055
2025-12-11,lvn,6880.0,6891.5,,,,,,,
2025-12-11,lvn,6911.75,6918.75,,,,,,,
2025-12-12,hvn,6829.25,6833.5,6831.25,neutral,-0.7838,0.4891,lower,-0.9766,0.1339
2025-12-12,hvn,6848.25,6851.5,6850.0,neutral,0.0665,2.9738,neutral,-0.7979,1.1835
2025-12-12,hvn,6891.5,6897.75,6895.75,upper,0.9763,0.0825,neutral,0.5759,0.6842
2025-12-12,lvn,6862.5,6890.5,,,,,,,
2025-12-15,hvn,6878.25,6881.0,6880.0,neutral,-0.8196,0.2945,lower,-0.9731,0.0964
2025-12-15,hvn,6905.75,6910.25,6907.5,neutral,0.873,0.2768,neutral,0.4738,0.6671
2025-12-15,hvn,6923.25,6927.5,6924.75,upper,0.9985,0.0057,upper,0.9974,0.0063
2025-12-15,lvn,6915.75,6922.25,,,,,,,
2025-12-16,hvn,6822.5,6825.25,6824.5,lower,-0.9993,0.0032,lower,-0.9998,0.0012
2025-12-16,hvn,6844.0,6847.25,6845.25,neutral,-0.5254,0.7304,neutral,-0.7497,0.3902
2025-12-16,hvn,6853.75,6856.25,6854.5,neutral,0.2702,1.408,neutral,0.0191,1.8303
2025-12-16,hvn,6864.75,6870.25,6867.25,upper,0.9289,0.0917,upper,0.863,0.1565
2025-12-16,lvn,6857.5,6864.25,,,,,,,
2025-12-17,hvn,6776.25,6779.5,6778.0,lower,-0.9999,0.0005,lower,-1.0,0.0001
2025-12-17,hvn,6785.75,6791.75,6789.5,lower,-0.9556,0.0991,lower,-0.9979,0.0086
2025-12-17,hvn,6801.5,6804.0,6802.75,neutral,-0.5948,1.7813,neutral,-0.9094,0.7171
2025-12-17,hvn,6807.25,6812.0,6809.0,neutral,-0.3478,1.4881,neutral,-0.836,0.6331
2025-12-17,hvn,6847.5,6852.5,6851.0,neutral,0.875,0.4254,neutral,0.3326,1.3586
2025-12-17,hvn,6878.5,6882.0,6880.0,upper,1.0,0.0,upper,1.0,0.0
2025-12-17,lvn,6814.25,6846.75,,,,,,,
2025-12-18,hvn,6784.25,6788.25,6786.5,lower,-0.9979,0.0119,lower,-0.968,0.0893
2025-12-18,hvn,6819.5,6822.5,6821.25,neutral,-0.782,0.6346,neutral,0.427,2.0658
2025-12-18,hvn,6826.75,6830.0,6829.0,neutral,-0.5528,0.9101,neutral,0.6557,1.2822
2025-12-18,hvn,6863.25,6866.5,6865.0,upper,0.9925,0.0286,upper,0.9983,0.0128
2025-12-18,lvn,6793.75,6804.75,,,,,,,
2025-12-18,lvn,6849.75,6863.0,,,,,,,
2025-12-19,hvn,6833.5,6836.0,6835.0,lower,-0.9865,0.0945,neutral,-0.8156,0.6716
2025-12-19,hvn,6859.75,6863.75,6861.0,neutral,-0.5914,0.8899,neutral,0.4086,1.6215
2025-12-19,hvn,6886.25,6890.25,6887.75,upper,0.9894,0.0165,upper,0.9947,0.0221
2025-12-19,lvn,6849.0,6857.25,,,,,,,
2025-12-19,lvn,6864.0,6869.0,,,,,,,
2025-12-22,hvn,6918.5,6920.75,6919.5,neutral,-0.5513,0.5893,neutral,0.4893,0.9339
2025-12-22,hvn,6929.0,6932.0,6930.25,upper,0.9804,0.0182,upper,0.9966,0.0076
2025-12-22,lvn,6922.0,6926.25,,,,,,,
2025-12-23,hvn,6915.25,6918.75,6916.5,lower,-0.9999,0.0002,lower,-0.9999,0.0002
2025-12-23,hvn,6924.75,6927.0,6926.25,lower,-0.9654,0.13,lower,-0.9388,0.1265
2025-12-23,hvn,6930.0,6933.0,6932.25,neutral,-0.8772,0.2713,neutral,-0.624,0.4459
2025-12-23,hvn,6945.5,6947.5,6946.5,neutral,0.1338,2.0798,neutral,0.6894,0.9519
2025-12-23,hvn,6950.25,6952.5,6951.0,neutral,0.5482,1.0001,neutral,0.8689,0.4287
2025-12-23,hvn,6959.5,6961.5,6960.25,upper,0.9984,0.0052,upper,0.9999,0.0006
2025-12-23,lvn,6919.5,6923.5,,,,,,,
2025-12-23,lvn,6936.75,6945.25,,,,,,,
2025-12-23,lvn,6952.75,6956.5,,,,,,,
2025-12-24,hvn,6960.75,6963.5,6961.75,lower,-0.9118,0.1734,neutral,0.1455,0.8617
2025-12-24,hvn,6965.5,6967.0,6966.25,neutral,-0.6995,0.8817,neutral,0.5741,1.1304
2025-12-24,hvn,6969.5,6972.25,6971.0,neutral,-0.3172,0.9196,neutral,0.8005,0.3935
2025-12-24,hvn,6982.0,6983.25,6983.25,upper,0.9321,0.2064,upper,0.9916,0.0611
2025-12-24,lvn,6967.25,6969.0,,,,,,,
2025-12-24,lvn,6972.75,6978.0,,,,,,,
2025-12-26,hvn,6977.75,6979.25,6978.5,neutral,-0.4194,0.444,neutral,-0.6331,0.2445
2025-12-29,hvn,6948.25,6950.25,6949.0,neutral,-0.6872,0.3949,lower,-0.9402,0.1939
2025-12-29,hvn,6952.75,6956.25,6954.75,neutral,0.1337,0.5192,neutral,-0.7723,0.3259
2025-12-30,hvn,6943.25,6945.5,6945.0,lower,-0.992,0.0075,lower,-0.998,0.0024
2025-12-30,hvn,6950.5,6951.75,6951.25,neutral,0.3611,0.572,neutral,-0.1673,0.5351
2025-12-31,hvn,6891.5,6894.75,6892.75,lower,-1.0,0.0,lower,-1.0,0.0
2025-12-31,hvn,6898.75,6902.0,6900.25,lower,-0.8984,0.2483,lower,-0.9852,0.0571
2025-12-31,hvn,6904.25,6907.0,6905.0,neutral,-0.7093,0.7217,lower,-0.9548,0.1702
2025-12-31,hvn,6920.0,6923.5,6923.0,neutral,0.4275,0.867,neutral,-0.5816,0.5248
2025-12-31,hvn,6931.5,6933.75,6932.25,neutral,0.9083,0.3028,neutral,0.5451,0.6523
2025-12-31,hvn,6944.25,6947.25,6945.5,upper,0.9982,0.0078,upper,0.9951,0.0121
2025-12-31,lvn,6907.75,6914.0,,,,,,,
2026-01-02,hvn,6877.0,6883.75,6880.75,lower,-0.9805,0.025,lower,-0.9956,0.0097
2026-01-02,hvn,6889.75,6892.75,6891.25,neutral,-0.6394,0.7732,neutral,-0.9129,0.3146
2026-01-02,hvn,6899.25,6905.5,6901.25,neutral,0.0909,0.835,neutral,-0.6663,0.3864
2026-01-02,hvn,6911.75,6914.25,6912.75,neutral,0.6558,1.1133,neutral,-0.0466,2.3996
2026-01-02,hvn,6926.75,6930.75,6929.75,upper,0.977,0.0732,upper,0.9198,0.1411
2026-01-02,lvn,6884.0,6888.5,,,,,,,
2026-01-02,lvn,6894.0,6899.0,,,,,,,
2026-01-05,hvn,6907.0,6910.5,6909.0,lower,-0.9982,0.0078,lower,-0.9872,0.0265
2026-01-05,hvn,6916.5,6918.75,6918.5,lower,-0.9615,0.1993,neutral,-0.5717,1.1586
2026-01-05,hvn,6942.75,6946.5,6945.0,neutral,0.203,0.7069,neutral,0.8695,0.3426
2026-01-05,hvn,6951.0,6955.75,6953.0,upper,0.9559,0.0384,upper,0.9938,0.0162
2026-01-05,lvn,6912.75,6916.25,,,,,,,
2026-01-05,lvn,6922.75,6933.25,,,,,,,
2026-01-06,hvn,6939.75,6943.25,6941.75,lower,-0.9951,0.0167,lower,-0.975,0.0457
2026-01-06,hvn,6956.0,6959.5,6957.75,neutral,-0.7241,0.5037,neutral,0.0781,1.4885
2026-01-06,hvn,6965.0,6967.25,6966.25,neutral,-0.1807,1.9912,neutral,0.5679,1.4359
2026-01-06,hvn,6973.5,6978.75,6974.5,neutral,0.5826,0.4438,upper,0.8778,0.2316
2026-01-06,hvn,6986.75,6989.5,6988.25,upper,0.9985,0.0047,upper,0.9998,0.0011
2026-01-06,lvn,6961.75,6964.75,,,,,,,
2026-01-06,lvn,6979.0,6985.0,,,,,,,
2026-01-07,hvn,6961.25,6964.25,6963.0,lower,-0.998,0.0063,lower,-0.9984,0.0049
2026-01-07,hvn,6985.25,6988.25,6986.75,neutral,0.2893,0.8476,neutral,0.4016,0.4014
2026-01-07,hvn,7001.25,7002.75,7002.25,upper,0.9917,0.04,upper,0.9955,0.0214
2026-01-07,lvn,6965.0,6980.0,,,,,,,
2026-01-08,hvn,6953.25,6956.0,6955.0,neutral,-0.6229,0.284,neutral,-0.2983,0.5916
2026-01-08,hvn,6961.0,6962.75,6962.0,neutral,0.7306,0.3148,neutral,0.7426,0.4465
2026-01-09,hvn,6961.5,6964.25,6962.75,lower,-0.9942,0.0272,lower,-0.9367,0.1491
2026-01-09,hvn,6977.75,6979.75,6979.0,neutral,-0.7643,0.8846,neutral,0.1031,3.2357
2026-01-09,hvn,6996.0,6997.75,6996.75,neutral,0.3488,2.1524,neutral,0.8097,1.1552
2026-01-09,hvn,7003.25,7005.5,7004.5,neutral,0.8146,0.5324,neutral,0.9458,0.3074
2026-01-09,lvn,6986.0,6992.5,,,,,,,
2026-01-12,hvn,6965.0,6969.5,6967.0,lower,-0.967,0.102,neutral,-0.8482,0.2719
2026-01-12,hvn,6978.5,6981.75,6980.0,neutral,-0.7572,0.7496,neutral,-0.1389,2.2397
2026-01-12,hvn,6996.0,6998.75,6997.5,neutral,0.0119,2.3878,neutral,0.6428,1.3456
2026-01-12,hvn,7006.75,7011.0,7008.75,neutral,0.7379,0.4275,upper,0.9243,0.2297
2026-01-12,hvn,7015.25,7018.25,7016.75,upper,0.975,0.0718,upper,0.9926,0.0381
2026-01-12,lvn,6982.25,6986.5,,,,,,,
2026-01-12,lvn,7001.75,7006.25,,,,,,,
2026-01-13,hvn,6988.75,6991.0,6990.25,lower,-0.9312,0.1555,lower,-0.9816,0.0535
2026-01-13,hvn,7000.0,7003.25,7001.75,neutral,0.02,1.0377,neutral,-0.4749,0.4279
2026-01-13,hvn,7007.0,7010.75,7009.25,neutral,0.6848,0.3775,neutral,0.6755,0.1768
2026-01-13,hvn,7020.25,7022.5,7021.0,upper,0.9731,0.1051,upper,0.9896,0.0316
2026-01-13,lvn,7015.25,7018.0,,,,,,,
2026-01-14,hvn,6925.0,6929.75,6928.5,lower,-0.9998,0.0004,lower,-1.0,0.0001
2026-01-14,hvn,6932.75,6935.5,6933.75,lower,-0.9293,0.2083,lower,-0.9868,0.0865
2026-01-14,hvn,6942.0,6945.25,6944.0,neutral,-0.5613,0.8232,neutral,-0.9208,0.3595
2026-01-14,hvn,6962.5,6965.0,6963.75,neutral,0.7322,0.7727,neutral,-0.4624,2.066
2026-01-14,hvn,6988.0,6990.75,6989.25,upper,0.9937,0.0387,neutral,0.8178,0.5513
2026-01-14,lvn,6936.0,6940.75,,,,,,,
2026-01-14,lvn,6979.75,6985.5,,,,,,,
2026-01-15,hvn,6956.75,6960.25,6958.75,lower,-0.9993,0.0034,lower,-0.9959,0.0123
2026-01-15,hvn,6978.0,6981.0,6979.5,neutral,-0.8984,0.2692,neutral,-0.1764,1.8942
2026-01-15,hvn,6988.5,6991.5,6990.25,neutral,-0.4908,0.8887,neutral,0.4795,1.2272
2026-01-15,hvn,7008.25,7012.5,7009.0,upper,0.9887,0.0159,upper,0.9965,0.0101
2026-01-15,lvn,6963.5,6973.5,,,,,,,
2026-01-15,lvn,6985.25,6988.25,,,,,,,
2026-01-16,hvn,6968.75,6970.25,6969.25,lower,-0.9766,0.1006,lower,-0.9975,0.016
2026-01-16,hvn,6985.75,6987.25,6986.25,neutral,0.2205,1.3941,neutral,-0.738,0.6164
2026-01-16,lvn,6970.75,6973.75,,,,,,,
2026-01-19,hvn,6899.5,6901.75,6900.5,neutral,-0.7947,0.4087,neutral,-0.8856,0.2534
2026-01-19,hvn,6904.25,6906.75,6905.0,neutral,-0.3907,0.9623,neutral,-0.5826,0.6743
2026-01-19,hvn,6919.5,6921.5,6920.0,neutral,0.8696,0.3591,upper,0.8983,0.2175
2026-01-20,hvn,6828.0,6834.5,6831.75,lower,-0.9965,0.0085,lower,-0.9993,0.0025
2026-01-20,hvn,6846.25,6848.25,6847.0,neutral,-0.7093,1.6691,neutral,-0.9083,0.7072
2026-01-20,hvn,6866.25,6868.75,6867.75,neutral,0.0847,3.2381,neutral,-0.5194,1.945
2026-01-20,hvn,6878.75,6881.75,6880.5,neutral,0.675,1.0171,neutral,0.0358,2.9314
2026-01-20,hvn,6892.5,6896.0,6894.25,upper,0.9652,0.1288,neutral,0.6443,1.039
2026-01-20,lvn,6850.0,6859.25,,,,,,,
2026-01-21,hvn,6821.0,6826.75,6823.0,lower,-0.9991,0.0042,lower,-0.9965,0.0093
2026-01-21,hvn,6848.25,6853.5,6852.0,neutral,-0.9025,0.2755,neutral,-0.4711,0.7301
2026-01-21,hvn,6878.5,6884.0,6881.0,neutral,0.0136,2.1614,neutral,0.6971,0.8044
2026-01-21,hvn,6908.5,6912.0,6910.0,neutral,0.8415,0.7168,upper,0.9687,0.2183
2026-01-21,hvn,6933.5,6939.0,6935.0,upper,0.9991,0.004,upper,0.9999,0.0009
2026-01-21,lvn,6827.5,6836.0,,,,,,,
2026-01-21,lvn,6885.0,6896.25,,,,,,,
2026-01-21,lvn,6922.75,6929.75,,,,,,,
2026-01-22,hvn,6934.25,6937.5,6935.25,lower,-0.8737,0.216,neutral,-0.4578,0.8564
2026-01-22,hvn,6943.75,6947.75,6945.25,neutral,-0.1903,0.6915,neutral,0.4253,0.685
2026-01-22,hvn,6953.5,6957.5,6955.25,neutral,0.7927,0.2184,upper,0.9159,0.139
2026-01-23,hvn,6944.25,6946.25,6945.25,neutral,0.0748,1.2238,neutral,-0.0948,1.5683
2026-01-23,hvn,6958.25,6960.0,6958.75,upper,0.9951,0.0166,upper,0.9917,0.0256
2026-01-26,hvn,6925.75,6930.25,6928.75,lower,-0.9696,0.1422,neutral,-0.8866,0.2713
2026-01-26,hvn,6979.5,6982.75,6981.5,neutral,0.658,0.59,neutral,0.9298,0.3312
2026-01-26,hvn,6988.25,6991.25,6989.5,upper,0.9917,0.0197,upper,0.9986,0.0081
2026-01-26,lvn,6947.5,6952.0,,,,,,,
2026-01-27,hvn,6993.0,6995.5,6994.75,lower,-0.9406,0.1251,neutral,-0.6333,0.5372
2026-01-27,hvn,7007.75,7009.75,7009.0,neutral,0.4585,0.6352,neutral,0.8435,0.3264
2026-01-27,hvn,7012.0,7015.5,7013.0,upper,0.9761,0.0204,upper,0.9944,0.009
2026-01-28,hvn,7001.5,7004.25,7003.25,lower,-0.8512,0.2374,lower,-0.9809,0.0554
2026-01-28,hvn,7025.5,7028.0,7026.0,upper,0.9455,0.1454,neutral,0.6535,0.5056
2026-01-28,lvn,7013.75,7017.25,,,,,,,
2026-01-29,hvn,6902.5,6906.75,6905.5,lower,-0.9996,0.0022,lower,-0.9999,0.0006
2026-01-29,hvn,6914.5,6917.25,6916.5,lower,-0.9792,0.1571,lower,-0.9973,0.0351
2026-01-29,hvn,6932.25,6935.5,6934.0,neutral,-0.8319,0.7694,lower,-0.9819,0.1599
2026-01-29,hvn,6953.25,6957.5,6955.5,neutral,-0.2489,1.981,neutral,-0.9029,0.4674
2026-01-29,hvn,6965.75,6969.5,6967.0,neutral,0.2272,2.4009,neutral,-0.779,0.9739
2026-01-29,hvn,6975.25,6978.75,6977.5,neutral,0.531,1.7447,neutral,-0.6003,1.6246
2026-01-29,hvn,6989.75,6995.25,6992.75,neutral,0.8486,0.4523,neutral,-0.1226,1.721
2026-01-29,hvn,7003.0,7006.75,7005.0,neutral,0.9491,0.2801,neutral,0.4181,1.5277
2026-01-29,hvn,7018.0,7021.0,7019.25,upper,0.9962,0.0336,upper,0.9469,0.1935
2026-01-29,lvn,6971.5,6975.0,,,,,,,
2026-01-30,hvn,6951.5,6954.0,6953.0,neutral,-0.5602,1.0013,neutral,-0.3989,1.3835
2026-01-30,hvn,6963.0,6965.75,6964.5,neutral,0.3854,1.0222,neutral,0.5054,0.9491
2026-01-30,hvn,6978.25,6985.0,6980.0,upper,0.9952,0.0063,upper,0.9859,0.0208
2026-02-02,hvn,6923.0,6926.75,6925.0,neutral,-0.8851,0.8061,neutral,-0.5212,2.2461
2026-02-02,hvn,6942.25,6945.5,6943.75,neutral,-0.7009,1.9008,neutral,-0.0355,5.1615
2026-02-02,hvn,6972.5,6975.75,6974.0,neutral,-0.0429,4.3366,neutral,0.6111,2.5993
2026-02-02,hvn,6981.0,6984.5,6982.5,neutral,0.2426,2.978,neutral,0.7431,1.7117
2026-02-02,hvn,7000.0,7004.75,7002.25,neutral,0.906,0.2647,upper,0.9657,0.1993
2026-02-02,hvn,7008.75,7012.75,7010.25,upper,0.9951,0.0192,upper,0.9977,0.0171
2026-02-02,lvn,6946.5,6965.25,,,,,,,
2026-02-02,lvn,6984.75,6988.5,,,,,,,
2026-02-03,hvn,6890.25,6894.75,6892.5,lower,-0.9994,0.0036,lower,-0.9999,0.0013
2026-02-03,hvn,6909.5,6912.5,6911.0,neutral,-0.953,0.2914,lower,-0.9913,0.1072
2026-02-03,hvn,6921.25,6926.75,6924.0,neutral,-0.7903,0.5825,lower,-0.9627,0.2214
2026-02-03,hvn,6940.25,6943.75,6941.5,neutral,-0.3005,2.6134,neutral,-0.8635,1.0288
2026-02-03,hvn,6954.0,6957.25,6955.75,neutral,0.1707,3.3914,neutral,-0.725,1.9171
2026-02-03,hvn,6965.5,6972.0,6969.25,neutral,0.5548,1.0035,neutral,-0.5327,1.4082
2026-02-03,hvn,7004.75,7009.0,7007.75,upper,0.9753,0.1534,neutral,0.5863,1.2324
2026-02-03,lvn,6944.75,6952.5,,,,,,,
2026-02-03,lvn,6979.5,7003.25,,,,,,,
2026-02-04,hvn,6870.25,6874.0,6872.25,lower,-0.9983,0.0093,lower,-0.9997,0.0024
2026-02-04,hvn,6879.25,6884.0,6882.0,lower,-0.9669,0.1129,lower,-0.9924,0.0399
2026-02-04,hvn,6887.75,6891.0,6889.5,neutral,-0.8868,0.4761,lower,-0.9742,0.1696
2026-02-04,hvn,6904.25,6907.25,6906.25,neutral,-0.4733,1.7474,neutral,-0.8754,0.6292
2026-02-04,hvn,6922.0,6925.25,6923.5,neutral,0.3602,1.738,neutral,-0.5422,1.3405
2026-02-04,hvn,6935.0,6940.25,6937.75,neutral,0.8688,0.2701,neutral,0.2109,0.9305
2026-02-04,hvn,6944.0,6946.5,6945.75,upper,0.9624,0.1964,neutral,0.6953,0.7404
2026-02-04,lvn,6894.25,6903.25,,,,,,,
2026-02-05,hvn,6787.5,6791.5,6789.5,lower,-0.9999,0.0005,lower,-0.9999,0.0009
2026-02-05,hvn,6820.25,6824.25,6821.0,neutral,-0.8242,0.5022,neutral,-0.9562,0.3094
2026-02-05,hvn,6832.25,6836.25,6834.75,neutral,-0.4106,1.4549,neutral,-0.8897,0.6659
2026-02-05,hvn,6850.25,6855.5,6851.0,neutral,0.3795,1.2846,neutral,-0.6711,1.2147
2026-02-05,hvn,6864.0,6869.5,6866.0,neutral,0.7224,0.7251,neutral,-0.3865,1.9004
2026-02-05,hvn,6912.25,6917.25,6914.5,upper,0.9961,0.0258,upper,0.9318,0.2225
2026-02-05,lvn,6793.0,6800.0,,,,,,,
2026-02-05,lvn,6877.5,6899.25,,,,,,,
2026-02-06,hvn,6773.25,6778.0,6775.75,lower,-0.9983,0.0204,lower,-0.994,0.0439
2026-02-06,hvn,6784.75,6789.75,6787.25,lower,-0.9929,0.0729,lower,-0.9686,0.191
2026-02-06,hvn,6804.5,6809.75,6807.0,lower,-0.9701,0.2443,neutral,-0.8287,0.8087
2026-02-06,hvn,6854.25,6860.0,6857.0,neutral,-0.7335,1.133,neutral,0.1135,3.5446
2026-02-06,hvn,6878.75,6883.25,6882.0,neutral,-0.3768,2.4998,neutral,0.5154,2.8722
2026-02-06,hvn,6887.5,6891.25,6890.0,neutral,-0.1859,3.5882,neutral,0.6259,2.7987
2026-02-06,hvn,6911.5,6915.75,6914.25,neutral,0.4875,1.9519,neutral,0.8696,1.0222
2026-02-06,hvn,6919.0,6922.75,6920.25,neutral,0.6553,1.5618,neutral,0.9184,0.7624
2026-02-06,hvn,6931.25,6937.5,6934.75,neutral,0.893,0.3332,upper,0.9846,0.0973
2026-02-06,hvn,6945.75,6950.5,6948.25,upper,0.9816,0.0927,upper,0.9986,0.0133
2026-02-06,hvn,6956.0,6959.75,6957.75,upper,0.998,0.0152,upper,0.9998,0.0023
2026-02-06,lvn,6813.25,6844.0,,,,,,,
2026-02-06,lvn,6862.25,6877.25,,,,,,,
2026-02-06,lvn,6923.5,6929.25,,,,,,,
2026-02-09,hvn,6934.5,6936.75,6935.75,lower,-0.9881,0.0833,lower,-0.9883,0.066
2026-02-09,hvn,6958.25,6960.75,6959.25,neutral,-0.5778,1.5036,neutral,-0.3407,1.6857
2026-02-09,hvn,6984.0,6986.5,6985.25,neutral,0.8009,0.6113,neutral,0.9027,0.3898
2026-02-09,hvn,6995.0,6998.0,6996.25,upper,0.9993,0.0026,upper,0.9996,0.0016
2026-02-09,lvn,6962.0,6975.25,,,,,,,
2026-02-10,hvn,6960.75,6964.0,6962.5,lower,-0.9976,0.0065,lower,-0.9997,0.0009
2026-02-10,hvn,6977.25,6979.25,6978.0,neutral,-0.4644,1.1318,neutral,-0.673,0.4351
2026-02-10,hvn,6988.25,6990.25,6989.5,neutral,0.6211,0.8071,neutral,0.7853,0.3589
2026-02-10,lvn,6964.75,6970.0,,,,,,,
2026-02-11,hvn,6962.25,6968.5,6964.5,neutral,-0.292,0.5036,lower,-0.8058,0.1081
2026-02-11,hvn,6972.5,6977.0,6974.25,neutral,0.4405,0.7244,neutral,0.2339,0.4686
2026-02-11,hvn,6991.25,6998.0,6995.75,upper,0.9661,0.0592,upper,0.984,0.0213
2026-02-11,lvn,6981.25,6991.0,,,,,,,
2026-02-12,hvn,6848.75,6852.5,6850.75,lower,-0.9982,0.0116,lower,-0.9999,0.0017
2026-02-12,hvn,6880.25,6891.25,6884.5,neutral,-0.6647,0.4276,lower,-0.9436,0.16
2026-02-12,hvn,6909.75,6913.25,6911.25,neutral,0.1444,4.3155,neutral,-0.6897,2.2277
2026-02-12,hvn,6918.75,6925.5,6923.0,neutral,0.3827,1.7724,neutral,-0.5469,1.5233
2026-02-12,hvn,6940.75,6946.75,6944.75,neutral,0.7364,1.056,neutral,-0.1173,2.6303
2026-02-12,hvn,6967.0,6973.0,6970.5,upper,0.9669,0.1715,neutral,0.7392,0.5864
2026-02-12,hvn,6980.0,6988.25,6982.0,upper,0.9999,0.0007,upper,0.9996,0.0007
2026-02-12,lvn,6853.75,6866.0,,,,,,,
2026-02-12,lvn,6913.5,6918.5,,,,,,,
2026-02-12,lvn,6926.0,6940.5,,,,,,,
2026-02-12,lvn,6948.0,6959.75,,,,,,,
2026-02-13,hvn,6845.75,6848.25,6847.5,neutral,-0.661,0.9072,neutral,-0.5296,1.0053
2026-02-13,hvn,6887.0,6889.75,6888.0,upper,0.9893,0.0539,upper,0.9925,0.0424
2026-02-16,hvn,6851.25,6854.25,6852.75,lower,-0.8315,0.2353,lower,-0.9546,0.082
2026-02-16,hvn,6861.75,6863.5,6862.25,neutral,0.1566,1.7473,neutral,-0.3495,1.157
2026-02-16,hvn,6874.0,6876.75,6875.75,upper,0.9404,0.1402,upper,0.9104,0.1523
2026-02-16,hvn,6883.0,6885.0,6883.75,upper,0.9999,0.0003,upper,1.0,0.0001
2026-02-16,lvn,6865.0,6873.5,,,,,,,
2026-02-17,hvn,6810.0,6812.5,6811.5,neutral,-0.9432,0.3238,lower,-0.9834,0.0809
2026-02-17,hvn,6819.0,6821.5,6820.25,neutral,-0.8125,0.8739,neutral,-0.9182,0.2866
2026-02-17,hvn,6839.25,6841.5,6840.0,neutral,-0.0709,3.444,neutral,0.0779,2.9192
2026-02-17,hvn,6857.25,6859.5,6858.5,neutral,0.7829,0.8916,neutral,0.8543,0.6437
2026-02-17,hvn,6872.75,6875.5,6874.0,upper,0.9918,0.0428,upper,0.9948,0.0293
2026-02-18,hvn,6872.75,6877.0,6874.75,lower,-0.9405,0.1408,neutral,-0.5365,0.8243
2026-02-18,hvn,6884.75,6887.25,6885.5,neutral,-0.6387,1.0293,neutral,0.1169,2.5446
2026-02-18,hvn,6892.5,6898.5,6894.5,neutral,-0.0686,0.8626,neutral,0.6289,0.4807
2026-02-18,hvn,6901.25,6904.0,6902.0,neutral,0.4273,1.2865,neutral,0.8214,0.6373
2026-02-18,hvn,6916.0,6920.25,6917.75,upper,0.9956,0.0098,upper,0.9988,0.0044
2026-02-18,lvn,6904.5,6908.25,,,,,,,
2026-02-19,hvn,6855.25,6858.5,6857.0,lower,-0.9912,0.0195,lower,-0.998,0.0073
2026-02-19,hvn,6862.0,6866.25,6864.75,lower,-0.8523,0.1593,lower,-0.9677,0.0687
2026-02-19,hvn,6869.25,6872.5,6871.25,neutral,-0.3273,0.7302,neutral,-0.8486,0.32
2026-02-19,hvn,6875.75,6879.75,6877.25,neutral,0.4442,0.5009,neutral,-0.5352,0.6406
2026-02-20,hvn,6849.5,6853.75,6852.25,lower,-1.0,0.0,lower,-1.0,0.0
2026-02-20,hvn,6867.75,6871.0,6869.75,lower,-0.9494,0.2165,lower,-0.9485,0.1683
2026-02-20,hvn,6876.75,6880.0,6878.75,neutral,-0.8416,0.5299,neutral,-0.7944,0.4827
2026-02-20,hvn,6887.25,6890.0,6888.75,neutral,-0.5483,1.3613,neutral,-0.2975,1.3922
2026-02-20,hvn,6895.0,6899.75,6898.5,neutral,-0.0918,1.2932,neutral,0.3356,0.7893
2026-02-20,hvn,6919.0,6921.25,6919.75,upper,0.9673,0.1356,upper,0.9833,0.0901
2026-02-23,hvn,6839.75,6842.75,6841.5,lower,-0.9912,0.0343,lower,-0.9974,0.0145
2026-02-23,hvn,6848.0,6850.75,6849.5,neutral,-0.8617,0.475,lower,-0.9583,0.2024
2026-02-23,hvn,6864.75,6867.75,6866.25,neutral,-0.0896,2.7158,neutral,-0.594,1.1993
2026-02-23,hvn,6875.5,6878.25,6877.0,neutral,0.3917,2.2286,neutral,-0.0933,2.4592
2026-02-23,hvn,6902.0,6909.25,6905.25,upper,0.9596,0.0978,upper,0.979,0.0347
2026-02-23,hvn,6923.75,6926.75,6924.75,upper,0.9998,0.0014,upper,1.0,0.0003
2026-02-23,lvn,6885.0,6897.5,,,,,,,
2026-02-23,lvn,6911.25,6918.5,,,,,,,
2026-02-24,hvn,6832.75,6836.75,6835.75,lower,-1.0,0.0,lower,-1.0,0.0
2026-02-24,hvn,6859.5,6866.5,6862.25,lower,-0.8403,0.2294,lower,-0.8494,0.1125
2026-02-24,hvn,6888.25,6891.0,6889.75,neutral,0.4459,1.4723,neutral,0.7691,0.7693
2026-02-24,hvn,6902.5,6905.25,6903.75,upper,0.9872,0.0439,upper,0.9972,0.0135
2026-02-24,lvn,6840.75,6845.25,,,,,,,
2026-02-24,lvn,6867.5,6885.25,,,,,,,
2026-02-25,hvn,6911.5,6915.5,6912.75,lower,-0.9779,0.0764,neutral,-0.746,0.4513
2026-02-25,hvn,6936.75,6940.75,6938.5,neutral,-0.4009,0.8234,neutral,0.6159,0.9347
2026-02-25,hvn,6950.25,6953.5,6951.75,neutral,0.6115,0.6732,neutral,0.9198,0.3205
2026-02-25,hvn,6958.5,6961.75,6960.0,upper,0.9493,0.1139,upper,0.9845,0.0756
2026-02-25,lvn,6916.0,6923.0,,,,,,,
2026-02-25,lvn,6942.25,6949.75,,,,,,,
2026-02-25,lvn,6953.75,6957.0,,,,,,,
2026-02-26,hvn,6877.5,6885.25,6881.0,lower,-0.998,0.0036,lower,-0.9999,0.0004
2026-02-26,hvn,6894.5,6896.75,6895.25,neutral,-0.775,0.9904,neutral,-0.9648,0.3074
2026-02-26,hvn,6900.0,6903.25,6901.75,neutral,-0.5756,1.1714,neutral,-0.9323,0.3716
2026-02-26,hvn,6916.5,6921.75,6918.75,neutral,0.29,1.1491,neutral,-0.7058,0.6926
2026-02-26,hvn,6935.75,6939.75,6937.75,neutral,0.8403,0.5188,neutral,-0.0121,2.1852
2026-02-26,hvn,6948.25,6952.5,6950.5,upper,0.9714,0.1157,neutral,0.7329,0.4585
2026-02-26,lvn,6904.75,6914.0,,,,,,,
2026-02-26,lvn,6924.5,6935.25,,,,,,,
2026-02-27,hvn,6861.25,6865.5,6862.75,lower,-0.8517,0.1845,lower,-0.9754,0.0603
2026-02-27,hvn,6880.75,6884.25,6882.0,neutral,0.7175,0.398,neutral,-0.294,1.1677
2026-03-02,hvn,6788.5,6791.75,6790.5,lower,-0.9946,0.0525,lower,-0.9882,0.0818
2026-03-02,hvn,6810.5,6816.5,6813.25,lower,-0.9457,0.198,neutral,-0.8426,0.3669
2026-03-02,hvn,6835.25,6841.25,6839.5,neutral,-0.6261,0.9281,neutral,-0.0771,1.8646
2026-03-02,hvn,6849.0,6852.0,6851.25,neutral,-0.289,3.0623,neutral,0.3411,3.0101
2026-03-02,hvn,6863.5,6867.25,6865.25,neutral,0.254,2.3474,neutral,0.6964,1.3428
2026-03-02,hvn,6885.75,6889.5,6887.5,neutral,0.9159,0.3145,upper,0.9659,0.204
2026-03-02,hvn,6904.0,6909.5,6906.75,upper,1.0,0.0001,upper,1.0,0.0001
2026-03-02,lvn,6799.0,6803.25,,,,,,,
2026-03-03,hvn,6740.0,6743.5,6742.5,lower,-0.9678,0.2142,lower,-0.9934,0.0617
2026-03-03,hvn,6753.75,6757.0,6755.0,neutral,-0.8652,0.7796,lower,-0.9721,0.2301
2026-03-03,hvn,6764.0,6769.25,6767.5,neutral,-0.7069,0.8886,neutral,-0.9356,0.2778
2026-03-03,hvn,6783.0,6786.5,6784.75,neutral,-0.2255,2.9934,neutral,-0.7319,1.3419
2026-03-03,hvn,6802.75,6806.75,6804.0,neutral,0.4163,2.1012,neutral,-0.2531,2.771
2026-03-03,hvn,6822.0,6826.75,6825.25,neutral,0.8559,0.5341,neutral,0.3678,1.9048
2026-03-03,hvn,6831.25,6839.0,6834.0,upper,0.9607,0.1038,neutral,0.6657,0.648
2026-03-03,hvn,6869.25,6874.0,6871.75,upper,0.9996,0.0031,upper,0.9959,0.0233
2026-03-03,lvn,6808.0,6818.5,,,,,,,
2026-03-03,lvn,6855.0,6867.0,,,,,,,
2026-03-04,hvn,6847.25,6851.25,6848.5,neutral,-0.3021,2.0405,neutral,0.455,2.1064
2026-03-04,hvn,6881.75,6885.25,6883.0,upper,0.9665,0.1157,upper,0.9859,0.0928
2026-03-04,lvn,6853.0,6865.25,,,,,,,
2026-03-05,hvn,6783.0,6791.5,6789.75,lower,-0.9981,0.004,lower,-0.9994,0.0019
2026-03-05,hvn,6821.5,6824.75,6823.25,neutral,-0.2171,2.4975,neutral,-0.7736,1.0959
2026-03-05,hvn,6833.75,6837.0,6835.25,neutral,0.2985,2.2704,neutral,-0.5237,1.8569
2026-03-05,hvn,6841.5,6844.5,6843.0,neutral,0.5659,1.6743,neutral,-0.2831,2.6581
2026-03-05,hvn,6853.0,6856.75,6855.25,neutral,0.8432,0.5929,neutral,0.2303,1.9597
2026-03-05,lvn,6798.0,6814.0,,,,,,,
2026-03-06,hvn,6726.25,6730.0,6728.5,lower,-0.9955,0.018,lower,-0.9995,0.0046
2026-03-06,hvn,6740.25,6747.5,6744.0,lower,-0.8475,0.19,lower,-0.9861,0.0531
2026-03-06,hvn,6757.5,6761.75,6760.25,neutral,-0.1176,1.6817,neutral,-0.8903,0.5809
2026-03-06,hvn,6766.5,6770.5,6768.0,neutral,0.3118,1.5856,neutral,-0.7837,1.1046
2026-03-06,hvn,6792.5,6797.25,6795.0,neutral,0.8438,0.5821,neutral,-0.2251,2.7737
2026-03-06,hvn,6812.5,6817.25,6815.0,neutral,0.9515,0.2613,neutral,0.3332,2.2884
2026-03-06,hvn,6838.25,6849.0,6843.0,upper,0.9999,0.0005,upper,0.997,0.0051
2026-03-06,lvn,6780.25,6790.25,,,,,,,
2026-03-06,lvn,6799.5,6812.25,,,,,,,
2026-03-06,lvn,6818.25,6836.0,,,,,,,
2026-03-09,hvn,6604.25,6609.5,6607.75,lower,-0.9966,0.0291,lower,-0.9863,0.0734
2026-03-09,hvn,6631.25,6637.75,6635.5,lower,-0.9546,0.2317,neutral,-0.7652,0.7119
2026-03-09,hvn,6655.0,6659.25,6656.5,neutral,-0.8183,1.1,neutral,-0.2637,3.1211
2026-03-09,hvn,6664.25,6671.25,6669.0,neutral,-0.6973,1.012,neutral,0.0038,2.5649
2026-03-09,hvn,6675.75,6682.25,6678.5,neutral,-0.5103,1.6484,neutral,0.2657,2.1807
2026-03-09,hvn,6708.25,6711.0,6709.5,neutral,0.1426,6.5116,neutral,0.7412,2.4176
2026-03-09,hvn,6726.0,6730.0,6726.5,neutral,0.4744,3.1437,neutral,0.8666,1.0706
2026-03-09,hvn,6766.25,6772.25,6769.0,neutral,0.8833,0.6812,upper,0.9726,0.2241
2026-03-09,hvn,6789.5,6794.25,6792.75,upper,0.9822,0.1576,upper,0.9978,0.0265
2026-03-09,hvn,6798.5,6803.0,6800.25,upper,0.9971,0.0296,upper,0.9996,0.0054
2026-03-09,lvn,6740.25,6762.5,,,,,,,
2026-03-09,lvn,6772.75,6782.0,,,,,,,
2026-03-10,hvn,6786.75,6790.75,6788.5,neutral,-0.8588,0.3377,neutral,-0.6481,0.6372
2026-03-10,hvn,6801.25,6804.25,6803.0,neutral,-0.2664,1.881,neutral,0.19,2.1116
2026-03-10,hvn,6827.5,6830.25,6829.0,neutral,0.9028,0.3706,upper,0.9659,0.1683
2026-03-11,hvn,6763.75,6766.5,6765.25,neutral,-0.8903,0.2715,lower,-0.9788,0.0876
2026-03-11,hvn,6769.25,6771.0,6770.25,neutral,-0.681,1.0239,neutral,-0.9278,0.3848
2026-03-11,hvn,6778.25,6780.5,6779.25,neutral,-0.003,2.2524,neutral,-0.6768,1.0349
2026-03-11,hvn,6793.0,6799.5,6794.5,upper,0.8975,0.124,neutral,0.3796,0.59
2026-03-12,hvn,6675.75,6679.0,6677.5,lower,-0.9997,0.0012,lower,-0.9999,0.0008
2026-03-12,hvn,6696.25,6698.75,6697.5,neutral,-0.7001,0.7989,neutral,-0.9133,0.4012
2026-03-12,lvn,6679.5,6688.25,,,,,,,
2026-03-13,hvn,6634.75,6637.75,6636.5,lower,-0.9891,0.059,lower,-0.9917,0.0537
2026-03-13,hvn,6656.75,6661.0,6658.25,neutral,-0.5886,1.0269,neutral,-0.7763,0.6246
2026-03-13,hvn,6672.75,6676.0,6675.0,neutral,0.0697,3.1815,neutral,-0.227,2.2371
2026-03-13,hvn,6690.75,6694.0,6692.25,neutral,0.6621,1.4055,neutral,0.658,0.9329
2026-03-13,hvn,6705.0,6708.5,6706.25,neutral,0.9117,0.4276,upper,0.9699,0.1065
2026-03-13,hvn,6720.75,6724.25,6722.5,upper,0.9903,0.0631,upper,0.9976,0.0133
2026-03-13,hvn,6730.25,6733.25,6731.5,upper,0.9996,0.0039,upper,0.9999,0.0008
2026-03-13,lvn,6638.5,6646.75,,,,,,,
2026-03-16,hvn,6710.75,6718.25,6714.75,lower,-0.9709,0.0633,neutral,-0.781,0.2526
2026-03-16,hvn,6753.0,6756.75,6754.5,neutral,0.4135,0.7154,upper,0.9221,0.2454
2026-03-16,lvn,6719.0,6735.25,,,,,,,
2026-03-17,hvn,6744.25,6747.0,6745.5,neutral,-0.9377,0.3304,neutral,-0.4846,1.4511
2026-03-17,hvn,6772.0,6775.75,6774.25,neutral,-0.1873,1.1733,neutral,0.8262,0.504
2026-03-17,hvn,6795.0,6799.5,6797.25,upper,0.9721,0.0568,upper,0.9968,0.0137
2026-03-17,lvn,6749.75,6766.5,,,,,,,
2026-03-18,hvn,6666.0,6669.5,6667.5,lower,-0.9973,0.0211,lower,-0.9982,0.0236
2026-03-18,hvn,6675.25,6678.5,6677.25,lower,-0.9857,0.1025,lower,-0.9904,0.1219
2026-03-18,hvn,6689.25,6692.75,6691.0,neutral,-0.9012,0.5191,neutral,-0.9698,0.3057
2026-03-18,hvn,6696.5,6700.75,6698.75,neutral,-0.8134,0.7094,neutral,-0.9524,0.3649
2026-03-18,hvn,6719.75,6724.25,6723.0,neutral,-0.2215,1.9086,neutral,-0.8468,0.8086
2026-03-18,hvn,6731.75,6738.25,6735.0,neutral,0.2903,1.1647,neutral,-0.7142,0.8759
2026-03-18,hvn,6747.5,6755.0,6750.0,neutral,0.7162,0.5358,neutral,-0.3941,1.3597
2026-03-18,hvn,6768.25,6771.75,6770.0,neutral,0.8989,0.6106,neutral,0.1256,3.735
2026-03-18,hvn,6791.25,6795.25,6793.5,upper,0.984,0.1214,neutral,0.8025,0.7686
2026-03-18,hvn,6804.0,6809.75,6807.25,upper,0.9998,0.0016,upper,0.9982,0.0058
2026-03-18,lvn,6669.75,6672.5,,,,,,,
2026-03-18,lvn,6684.5,6688.75,,,,,,,
2026-03-18,lvn,6760.25,6766.75,,,,,,,
2026-03-18,lvn,6774.0,6783.75,,,,,,,
2026-03-19,hvn,6628.0,6630.5,6629.25,lower,-0.9358,0.2185,lower,-0.9849,0.0817
2026-03-19,hvn,6635.5,6640.25,6637.75,neutral,-0.6696,0.4502,lower,-0.9053,0.211
2026-03-19,hvn,6658.5,6662.25,6660.5,neutral,0.6985,0.6384,neutral,0.0871,1.5107
2026-03-19,lvn,6646.25,6658.25,,,,,,,
2026-03-20,hvn,6555.75,6561.5,6558.5,lower,-0.9283,0.224,lower,-0.9911,0.0561
2026-03-20,hvn,6566.0,6570.75,6567.5,neutral,-0.8003,0.6483,lower,-0.9734,0.1806
2026-03-20,hvn,6595.75,6602.75,6600.25,neutral,0.1561,1.3322,neutral,-0.8055,0.5859
2026-03-20,hvn,6633.0,6637.5,6635.5,neutral,0.9065,0.4128,neutral,-0.0282,3.24
2026-03-20,hvn,6667.75,6678.5,6671.75,upper,0.9998,0.0006,upper,0.9969,0.0046
2026-03-20,lvn,6571.0,6583.5,,,,,,,
2026-03-20,lvn,6615.0,6625.5,,,,,,,
2026-03-20,lvn,6647.75,6665.25,,,,,,,
2026-03-23,hvn,6507.0,6511.0,6508.25,lower,-0.9964,0.0562,lower,-0.9838,0.1438
2026-03-23,hvn,6532.5,6536.5,6534.5,neutral,-0.9654,0.4458,neutral,-0.8212,1.2783
2026-03-23,hvn,6632.0,6638.0,6635.25,neutral,-0.1489,2.6274,neutral,0.7048,1.6436
2026-03-23,hvn,6650.75,6657.75,6654.0,neutral,0.3576,1.5026,neutral,0.8773,0.649
2026-03-23,hvn,6664.0,6671.5,6668.5,neutral,0.679,0.7458,neutral,0.9451,0.2997
2026-03-23,hvn,6685.0,6690.0,6687.25,neutral,0.929,0.3179,upper,0.9893,0.1032
2026-03-23,lvn,6554.25,6618.5,,,,,,,
2026-03-24,hvn,6604.5,6609.25,6606.75,neutral,-0.661,0.4768,neutral,-0.702,0.4407
2026-03-24,hvn,6613.5,6616.0,6614.75,neutral,-0.1627,2.0757,neutral,-0.2207,2.0128
2026-03-24,hvn,6624.25,6629.75,6626.25,neutral,0.6165,0.4726,neutral,0.5815,0.5032
2026-03-25,hvn,6638.25,6643.0,6640.5,lower,-0.8563,0.1472,lower,-0.9751,0.0274
2026-03-25,hvn,6654.25,6657.25,6655.5,neutral,0.4937,0.6838,neutral,0.3296,0.6808
2026-03-26,hvn,6521.75,6527.5,6525.5,lower,-0.9997,0.0014,lower,-0.9999,0.0006
2026-03-26,hvn,6530.75,6533.25,6532.0,neutral,-0.9676,0.2577,lower,-0.9961,0.0471
2026-03-26,hvn,6541.0,6546.5,6544.25,neutral,-0.8677,0.3977,lower,-0.9788,0.1005
2026-03-26,hvn,6564.5,6568.25,6566.25,neutral,-0.3137,2.333,neutral,-0.8134,0.9094
2026-03-26,hvn,6583.75,6589.75,6587.25,neutral,0.456,1.065,neutral,-0.4283,1.2007
2026-03-26,hvn,6614.75,6618.25,6615.5,upper,0.9713,0.156,neutral,0.6558,1.1664
2026-03-26,hvn,6630.0,6636.5,6634.0,upper,0.9983,0.0069,upper,0.9842,0.0373
2026-03-26,lvn,6547.5,6563.25,,,,,,,
2026-03-26,lvn,6569.0,6581.75,,,,,,,
2026-03-26,lvn,6599.0,6609.0,,,,,,,
2026-03-26,lvn,6622.5,6629.75,,,,,,,
2026-03-27,hvn,6407.5,6410.25,6409.0,lower,-0.9787,0.1707,lower,-0.9915,0.1345
2026-03-27,hvn,6414.25,6418.0,6416.25,neutral,-0.93,0.3732,lower,-0.9826,0.1922
2026-03-27,hvn,6424.0,6429.25,6425.5,neutral,-0.8026,0.6545,neutral,-0.9608,0.2811
2026-03-27,hvn,6460.0,6464.25,6461.5,neutral,0.1702,2.6627,neutral,-0.7443,1.574
2026-03-27,hvn,6469.5,6472.5,6471.25,neutral,0.4282,2.7581,neutral,-0.6363,2.888
2026-03-27,hvn,6542.75,6550.0,6545.75,upper,0.9959,0.0238,upper,0.9487,0.1441
2026-03-27,lvn,6430.75,6452.25,,,,,,,
2026-03-27,lvn,6501.0,6538.5,,,,,,,
2026-03-30,hvn,6365.75,6369.75,6368.0,lower,-0.9975,0.0129,lower,-0.9985,0.0077
2026-03-30,hvn,6383.0,6386.0,6384.75,neutral,-0.8954,0.5116,neutral,-0.8838,0.5671
2026-03-30,hvn,6400.0,6403.75,6401.75,neutral,-0.4715,1.6252,neutral,-0.4397,1.7353
2026-03-30,hvn,6426.75,6432.25,6429.0,neutral,0.6403,0.7136,neutral,0.6521,0.7097
2026-03-30,hvn,6436.0,6438.5,6437.0,neutral,0.8143,0.9341,neutral,0.8276,0.879
2026-03-30,hvn,6444.0,6446.25,6445.25,neutral,0.9236,0.5011,neutral,0.9296,0.4679
2026-03-30,hvn,6461.0,6465.0,6463.25,upper,0.9986,0.0078,upper,0.9993,0.0037
2026-03-30,lvn,6405.25,6416.25,,,,,,,
2026-03-30,lvn,6454.5,6460.75,,,,,,,
2026-03-31,hvn,6458.25,6462.5,6460.0,neutral,-0.8496,0.9009,neutral,-0.016,4.1731
2026-03-31,hvn,6481.5,6486.75,6483.5,neutral,-0.5217,1.9054,neutral,0.4675,2.3201
2026-03-31,hvn,6537.75,6542.25,6540.25,neutral,0.7069,1.3921,neutral,0.9401,0.5236
2026-03-31,hvn,6567.0,6572.75,6570.0,upper,0.9982,0.009,upper,0.9992,0.0069
2026-03-31,lvn,6492.75,6530.5,,,,,,,
2026-03-31,lvn,6549.5,6564.25,,,,,,,
2026-04-01,hvn,6617.75,6621.5,6619.25,neutral,-0.0498,1.2695,neutral,0.6561,0.8319
2026-04-01,hvn,6627.0,6630.0,6628.5,neutral,0.577,0.871,neutral,0.8559,0.5532
2026-04-01,hvn,6633.75,6637.75,6635.5,neutral,0.8564,0.2829,upper,0.9441,0.1954
2026-04-01,hvn,6643.25,6648.25,6645.75,upper,0.9919,0.0182,upper,0.9961,0.0138
2026-04-02,hvn,6516.75,6521.75,6519.5,lower,-0.9973,0.0168,lower,-0.993,0.0315
2026-04-02,hvn,6532.75,6536.5,6534.5,neutral,-0.9537,0.3112,neutral,-0.8905,0.5061
2026-04-02,hvn,6558.75,6564.0,6561.25,neutral,-0.662,1.1483,neutral,-0.2223,2.3444
2026-04-02,hvn,6607.75,6611.75,6609.75,neutral,0.8149,0.5815,neutral,0.9358,0.3244
2026-04-02,hvn,6620.75,6624.0,6621.75,upper,0.9846,0.0748,upper,0.9984,0.012
2026-04-02,lvn,6539.0,6558.0,,,,,,,
2026-04-02,lvn,6571.75,6590.5,,,,,,,
2026-04-03,hvn,6601.0,6605.0,6604.25,lower,-0.9878,0.0104,lower,-0.9965,0.0033
2026-04-03,hvn,6623.0,6624.75,6623.5,upper,0.9793,0.0599,upper,0.9838,0.0426
2026-04-03,lvn,6615.5,6620.0,,,,,,,
2026-04-06,hvn,6581.0,6584.5,6582.75,lower,-0.9971,0.0196,lower,-0.9964,0.0202
2026-04-06,hvn,6644.75,6648.25,6645.75,upper,0.9358,0.0919,upper,0.9881,0.0307
2026-04-06,lvn,6586.75,6600.0,,,,,,,
2026-04-07,hvn,6588.0,6592.0,6590.0,lower,-0.9789,0.075,lower,-0.9952,0.0211
2026-04-07,hvn,6603.0,6608.0,6605.5,neutral,-0.7521,0.4557,lower,-0.9298,0.1534
2026-04-07,hvn,6624.0,6630.75,6626.0,neutral,0.3447,0.6982,neutral,-0.1855,0.6348
2026-04-07,hvn,6643.5,6646.0,6645.0,neutral,0.8863,0.5272,neutral,0.7948,0.7062
2026-04-07,hvn,6656.75,6659.5,6658.0,upper,0.9933,0.0401,upper,0.9867,0.0624
2026-04-07,lvn,6633.75,6642.0,,,,,,,
2026-04-08,hvn,6797.0,6801.75,6800.0,neutral,-0.6458,0.5696,neutral,-0.7138,0.5713
2026-04-08,hvn,6813.0,6817.5,6815.5,neutral,0.3521,0.726,neutral,0.0224,1.2199
2026-04-08,hvn,6822.5,6826.25,6823.75,upper,0.8598,0.2413,neutral,0.6527,0.5486
2026-04-09,hvn,6813.5,6816.5,6814.5,neutral,-0.8818,0.4904,neutral,-0.408,1.3779
2026-04-09,hvn,6822.75,6826.25,6824.25,neutral,-0.6113,1.2357,neutral,0.1501,2.1721
2026-04-09,hvn,6837.75,6841.5,6839.75,neutral,0.0146,2.6005,neutral,0.6629,1.1368
2026-04-09,hvn,6862.0,6865.0,6863.5,upper,0.9549,0.1673,upper,0.9885,0.0745
2026-04-09,lvn,6827.25,6836.0,,,,,,,
2026-04-09,lvn,6842.0,6850.0,,,,,,,
2026-04-10,hvn,6855.75,6858.0,6856.25,neutral,-0.7836,0.3238,lower,-0.8062,0.1986
2026-04-10,hvn,6868.0,6870.25,6869.5,neutral,0.6792,0.5278,upper,0.8801,0.18
2026-04-10,hvn,6873.0,6874.75,6873.75,upper,0.9308,0.1883,upper,0.9815,0.0536
2026-04-10,lvn,6860.0,6866.25,,,,,,,
2026-04-13,hvn,6780.0,6783.75,6782.0,lower,-0.9978,0.0216,lower,-0.9864,0.0798
2026-04-13,hvn,6811.5,6817.25,6814.5,neutral,-0.9336,0.2795,neutral,-0.5785,0.9349
2026-04-13,hvn,6829.25,6835.25,6832.75,neutral,-0.7791,0.6725,neutral,0.0451,2.37
2026-04-13,hvn,6854.25,6862.0,6857.75,neutral,-0.201,1.2808,neutral,0.6523,0.8791
2026-04-13,hvn,6874.75,6878.25,6876.75,neutral,0.4151,2.2986,neutral,0.8566,1.0176
2026-04-13,hvn,6882.5,6887.75,6885.0,neutral,0.6434,1.0157,neutral,0.921,0.4167
2026-04-13,hvn,6893.0,6896.5,6894.75,neutral,0.8034,0.9735,neutral,0.9553,0.3957
2026-04-13,hvn,6901.0,6904.5,6902.5,neutral,0.8921,0.6072,neutral,0.9734,0.2599
2026-04-13,hvn,6920.75,6924.5,6922.5,upper,0.9995,0.0033,upper,0.9992,0.0086
2026-04-13,lvn,6789.25,6800.0,,,,,,,
2026-04-13,lvn,6817.75,6829.0,,,,,,,
2026-04-13,lvn,6837.0,6845.5,,,,,,,
2026-04-13,lvn,6865.75,6874.5,,,,,,,
2026-04-13,lvn,6889.5,6892.75,,,,,,,
2026-04-13,lvn,6905.25,6918.0,,,,,,,
2026-04-14,hvn,6922.5,6927.0,6925.25,lower,-0.9999,0.0006,lower,-0.9984,0.0038
2026-04-14,hvn,6939.25,6942.25,6940.75,neutral,-0.9552,0.2541,neutral,-0.4068,1.9901
2026-04-14,hvn,6956.5,6959.5,6958.0,neutral,-0.7082,1.1644,neutral,0.2945,3.0232
2026-04-14,hvn,6969.0,6972.0,6971.0,neutral,-0.2987,2.2427,neutral,0.6263,1.8929
2026-04-14,hvn,6991.0,6994.75,6992.5,neutral,0.7897,0.5036,upper,0.9587,0.2281
2026-04-14,hvn,6998.75,7002.25,7001.5,upper,0.9769,0.0697,upper,0.996,0.0267
2026-04-14,lvn,6943.25,6955.75,,,,,,,
2026-04-14,lvn,6960.0,6968.5,,,,,,,
2026-04-14,lvn,6975.0,6985.5,,,,,,,
2026-04-15,hvn,7006.75,7008.75,7007.75,lower,-0.974,0.144,neutral,-0.8333,0.4216
2026-04-15,hvn,7014.0,7016.0,7014.75,neutral,-0.8587,0.6297,neutral,-0.2161,2.2576
2026-04-15,hvn,7028.0,7031.25,7030.0,neutral,-0.2143,1.5738,neutral,0.6147,1.0194
2026-04-15,hvn,7034.25,7037.0,7035.5,neutral,0.1731,1.9889,neutral,0.7825,0.8013
2026-04-15,hvn,7045.25,7047.75,7046.5,neutral,0.7035,0.9984,neutral,0.9313,0.3762
2026-04-15,hvn,7059.25,7061.5,7060.25,upper,0.9978,0.0119,upper,0.9998,0.0016
2026-04-16,hvn,7050.5,7054.5,7052.25,lower,-0.9986,0.0025,lower,-0.9997,0.0005
2026-04-16,hvn,7066.5,7072.0,7069.75,neutral,0.1073,0.3506,neutral,-0.1638,0.1698
2026-04-16,hvn,7075.5,7078.75,7077.0,upper,0.9153,0.0927,upper,0.9463,0.045
2026-04-16,hvn,7083.25,7085.75,7084.25,upper,0.9982,0.0045,upper,0.9988,0.0028
2026-04-17,hvn,7081.25,7084.0,7082.5,lower,-0.9993,0.0079,lower,-0.9741,0.1287
2026-04-17,hvn,7127.25,7133.5,7129.5,neutral,-0.7517,0.4651,neutral,0.4672,1.4972
2026-04-17,hvn,7160.25,7164.0,7162.0,neutral,0.7099,0.5635,neutral,0.9543,0.2911
2026-04-17,hvn,7180.75,7183.75,7182.25,upper,0.9996,0.0019,upper,0.9999,0.0015
2026-04-17,lvn,7092.75,7117.5,,,,,,,
2026-04-17,lvn,7135.75,7149.5,,,,,,,
2026-04-17,lvn,7177.5,7180.5,,,,,,,
2026-04-20,hvn,7135.75,7138.5,7137.75,neutral,-0.0895,1.1582,neutral,0.7292,0.538
2026-04-20,hvn,7146.75,7149.25,7148.0,upper,0.8991,0.1836,upper,0.9761,0.0847
2026-04-21,hvn,7098.25,7101.25,7099.75,lower,-0.9853,0.0668,lower,-0.9983,0.0132
2026-04-21,hvn,7109.0,7112.25,7110.75,neutral,-0.8457,0.4837,lower,-0.9843,0.0883
2026-04-21,hvn,7123.5,7127.5,7125.5,neutral,-0.292,1.3225,neutral,-0.8918,0.3439
2026-04-21,hvn,7160.75,7163.5,7162.25,upper,0.9604,0.2115,neutral,0.7893,0.4659
2026-04-21,lvn,7138.0,7150.75,,,,,,,
2026-04-22,hvn,7153.25,7158.25,7157.25,neutral,0.2131,0.3654,upper,0.8946,0.1092
2026-04-22,hvn,7169.5,7171.5,7170.5,upper,1.0,0.0,upper,1.0,0.0
2026-04-22,lvn,7165.0,7169.0,,,,,,,
2026-04-23,hvn,7090.0,7093.0,7092.25,lower,-0.998,0.0153,lower,-0.9998,0.0018
2026-04-23,hvn,7121.0,7124.0,7122.75,neutral,-0.8006,0.7088,lower,-0.9717,0.0949
2026-04-23,hvn,7131.0,7137.75,7136.25,neutral,-0.4324,0.612,lower,-0.828,0.1321
2026-04-23,hvn,7140.75,7143.75,7142.0,neutral,0.0061,2.3824,neutral,-0.2869,1.1219
2026-04-23,hvn,7165.0,7169.5,7166.0,upper,0.9649,0.0895,upper,0.9737,0.0569
2026-04-23,hvn,7174.25,7179.75,7176.0,upper,0.9998,0.0004,upper,0.9999,0.0004
2026-04-23,lvn,7097.0,7112.75,,,,,,,
2026-04-23,lvn,7145.25,7160.75,,,,,,,
2026-04-24,hvn,7154.25,7159.5,7156.0,lower,-0.9221,0.131,neutral,-0.3957,0.7037
2026-04-24,hvn,7169.5,7174.75,7172.5,neutral,-0.2233,0.9425,neutral,0.5462,0.7081
2026-04-24,hvn,7193.25,7195.5,7194.0,upper,0.9924,0.0276,upper,0.9982,0.0114
2026-04-24,lvn,7159.75,7169.25,,,,,,,
2026-04-24,lvn,7175.5,7184.25,,,,,,,
2026-04-27,hvn,7188.5,7190.25,7189.0,neutral,-0.7262,0.499,neutral,-0.5587,0.7495
2026-04-27,hvn,7192.75,7197.5,7194.25,neutral,-0.0298,0.4885,neutral,0.2426,0.4047
2026-04-27,hvn,7205.25,7207.0,7206.0,upper,0.9889,0.029,upper,0.9979,0.0063
2026-04-27,lvn,7197.75,7202.5,,,,,,,
2026-04-28,hvn,7149.5,7153.0,7152.25,lower,-0.999,0.0019,lower,-0.9998,0.0008
2026-04-28,hvn,7170.0,7172.5,7170.75,neutral,0.4197,1.0273,neutral,-0.706,1.1695
2026-04-28,hvn,7187.75,7190.5,7189.75,neutral,0.9174,0.32,neutral,0.1125,2.7827
2026-04-28,lvn,7181.25,7187.25,,,,,,,
2026-04-29,hvn,7158.75,7161.0,7159.75,neutral,-0.0168,1.3938,neutral,-0.7988,0.5365
2026-04-29,hvn,7167.25,7168.75,7168.25,neutral,0.7485,0.733,neutral,-0.2956,2.0033
2026-04-30,hvn,7169.25,7172.25,7171.0,neutral,-0.9353,0.3244,neutral,-0.7411,0.9455
2026-04-30,hvn,7192.5,7196.0,7194.75,neutral,-0.339,2.041,neutral,0.2424,2.0284
2026-04-30,hvn,7215.25,7219.0,7218.0,neutral,0.5178,1.6438,neutral,0.8167,0.7469
2026-04-30,hvn,7229.5,7233.0,7231.5,neutral,0.8581,0.62,neutral,0.9458,0.3113
2026-04-30,hvn,7238.75,7248.0,7244.5,upper,0.9996,0.0009,upper,0.9996,0.0011
2026-04-30,lvn,7180.75,7190.0,,,,,,,
2026-04-30,lvn,7211.25,7215.0,,,,,,,
2026-04-30,lvn,7222.5,7228.0,,,,,,,
2026-04-30,lvn,7233.5,7237.0,,,,,,,
2026-05-01,hvn,7261.75,7265.0,7263.0,neutral,-0.7979,0.3315,neutral,0.0793,1.0124
2026-05-01,hvn,7271.5,7276.5,7273.5,neutral,0.0722,0.6649,upper,0.8232,0.2083
2026-05-01,hvn,7279.75,7282.25,7280.75,neutral,0.6649,0.6298,upper,0.9476,0.1785
2026-05-01,hvn,7295.5,7297.75,7296.25,upper,0.9991,0.004,upper,0.9998,0.0012
2026-05-04,hvn,7223.5,7227.0,7226.25,neutral,-0.8357,0.2997,lower,-0.9769,0.0806
2026-05-04,hvn,7246.25,7250.5,7249.5,neutral,0.6469,0.6046,neutral,-0.2225,1.2058
2026-05-04,hvn,7259.75,7266.0,7262.5,upper,0.9859,0.025,upper,0.8907,0.0956
2026-05-04,lvn,7236.0,7245.75,,,,,,,
2026-05-05,hvn,7253.5,7256.0,7254.75,neutral,-0.921,0.3449,neutral,-0.1922,2.564
2026-05-05,hvn,7274.25,7276.25,7275.0,neutral,-0.2209,1.8497,neutral,0.7108,1.5157
2026-05-05,hvn,7282.5,7284.5,7283.75,neutral,0.5443,0.9904,neutral,0.9027,0.5947
2026-05-05,hvn,7286.5,7288.25,7287.0,neutral,0.7957,0.5707,neutral,0.9498,0.3787
2026-05-05,hvn,7294.0,7298.5,7295.0,upper,0.9965,0.006,upper,0.999,0.0038
2026-05-05,lvn,7257.0,7263.0,,,,,,,
2026-05-06,hvn,7307.0,7310.5,7308.75,lower,-0.9965,0.0226,lower,-0.9556,0.1618
2026-05-06,hvn,7338.25,7342.25,7340.5,neutral,-0.7485,0.6891,neutral,0.1733,2.438
2026-05-06,hvn,7364.25,7368.5,7366.5,neutral,0.413,1.1286,neutral,0.8691,0.4929
2026-05-06,hvn,7378.75,7381.5,7380.25,neutral,0.8696,0.5109,upper,0.973,0.2005
2026-05-06,hvn,7386.25,7389.5,7388.0,upper,0.9826,0.0699,upper,0.9974,0.019
2026-05-06,hvn,7392.75,7395.75,7394.0,upper,1.0,0.0,upper,1.0,0.0
2026-05-06,lvn,7311.25,7329.0,,,,,,,
2026-05-06,lvn,7350.0,7359.0,,,,,,,
2026-05-06,lvn,7374.25,7378.25,,,,,,,
2026-05-06,lvn,7381.75,7384.75,,,,,,,
2026-05-07,hvn,7357.75,7361.5,7361.0,lower,-0.9425,0.1263,lower,-0.9867,0.0423
2026-05-07,hvn,7367.5,7370.0,7368.5,neutral,-0.5672,1.1724,neutral,-0.8803,0.4163
2026-05-07,hvn,7378.75,7381.75,7380.25,neutral,0.1842,1.8314,neutral,-0.463,0.9863
2026-05-07,hvn,7393.5,7397.25,7395.0,upper,0.9189,0.1864,upper,0.838,0.1962
2026-05-07,hvn,7400.0,7403.75,7400.75,upper,0.9928,0.0206,upper,0.991,0.0155
2026-05-08,hvn,7395.5,7400.0,7397.75,neutral,-0.7203,0.4465,neutral,0.252,1.2346
2026-05-08,hvn,7417.75,7421.5,7419.5,upper,0.9674,0.0356,upper,0.9924,0.0236
2026-05-08,lvn,7400.5,7407.0,,,,,,,
2026-05-11,hvn,7410.0,7413.75,7411.75,lower,-0.9671,0.082,lower,-0.8009,0.2415
2026-05-11,hvn,7421.5,7423.5,7422.25,neutral,-0.7061,0.8877,neutral,0.1478,2.3482
2026-05-11,hvn,7434.5,7436.75,7435.25,neutral,0.3316,1.1377,neutral,0.8262,0.6159
2026-05-11,hvn,7446.5,7450.25,7447.5,upper,0.9963,0.0065,upper,0.9987,0.0043
2026-05-12,hvn,7364.25,7367.0,7366.0,lower,-1.0,0.0001,lower,-1.0,0.0
2026-05-12,hvn,7371.75,7374.75,7373.75,lower,-0.976,0.094,lower,-0.9938,0.0366
2026-05-12,hvn,7381.75,7385.0,7383.0,neutral,-0.8005,0.5382,lower,-0.9465,0.225
2026-05-12,hvn,7392.5,7395.25,7394.0,neutral,-0.3381,1.6857,neutral,-0.8134,0.6782
2026-05-12,hvn,7405.0,7409.0,7407.0,neutral,0.4823,0.8994,neutral,-0.357,1.0028
2026-05-12,hvn,7425.25,7430.0,7427.0,upper,0.9941,0.0155,upper,0.8681,0.2036
2026-05-12,lvn,7411.75,7424.75,,,,,,,
2026-05-13,hvn,7412.75,7417.0,7416.0,lower,-0.9817,0.0613,lower,-0.9969,0.0086
2026-05-13,hvn,7427.75,7430.0,7428.75,neutral,-0.7362,1.206,neutral,-0.7757,0.6884
2026-05-13,hvn,7433.75,7437.5,7436.0,neutral,-0.5028,1.2537,neutral,-0.4302,0.8865
2026-05-13,hvn,7440.25,7446.75,7442.25,neutral,-0.1488,1.1411,neutral,0.089,0.7976
2026-05-13,hvn,7460.25,7463.5,7462.0,neutral,0.6911,0.9758,neutral,0.8379,0.5369
2026-05-13,hvn,7468.25,7471.0,7469.75,neutral,0.9147,0.3536,upper,0.9556,0.211
2026-05-13,hvn,7475.25,7477.0,7476.25,upper,0.9858,0.1053,upper,0.994,0.0509
2026-05-13,lvn,7447.25,7459.75,,,,,,,
2026-05-13,lvn,7463.75,7466.5,,,,,,,
2026-05-14,hvn,7486.5,7489.25,7488.0,lower,-0.9705,0.124,neutral,-0.5997,0.8743
2026-05-14,hvn,7497.0,7499.5,7498.25,neutral,-0.7906,0.702,neutral,0.1288,2.5276
2026-05-14,hvn,7524.25,7526.75,7525.5,neutral,0.861,0.3338,upper,0.9724,0.1488
2026-05-14,hvn,7536.0,7538.25,7537.0,upper,0.9997,0.0012,upper,0.9999,0.0005
2026-05-14,lvn,7501.75,7511.5,,,,,,,
2026-05-15,hvn,7416.5,7420.5,7418.5,lower,-0.998,0.0069,lower,-0.9991,0.0057
2026-05-15,hvn,7430.75,7434.0,7432.75,lower,-0.9173,0.2098,lower,-0.9693,0.1705
2026-05-15,hvn,7449.75,7457.75,7453.5,neutral,0.2498,0.4724,neutral,-0.7184,0.3986
2026-05-15,hvn,7497.25,7501.25,7499.25,upper,0.9861,0.0783,neutral,0.7915,0.8249
2026-05-15,lvn,7420.75,7426.0,,,,,,,
2026-05-15,lvn,7485.5,7495.25,,,,,,,
2026-05-18,hvn,7384.25,7386.5,7385.25,lower,-0.985,0.0804,lower,-0.9695,0.1151
2026-05-18,hvn,7406.75,7409.0,7408.5,neutral,-0.3381,1.8416,neutral,0.2257,2.1349
2026-05-18,hvn,7423.25,7427.0,7424.75,neutral,0.7071,0.5873,neutral,0.892,0.2891
2026-05-18,hvn,7441.75,7444.5,7442.5,upper,0.9899,0.0494,upper,0.9958,0.0261
2026-05-18,lvn,7432.0,7437.0,,,,,,,
2026-05-19,hvn,7376.75,7378.75,7377.25,neutral,-0.5585,1.2792,neutral,-0.9245,0.4373
2026-05-19,hvn,7383.0,7386.25,7385.0,neutral,-0.0613,1.6277,neutral,-0.8086,0.5718
2026-05-19,hvn,7392.0,7395.0,7393.25,neutral,0.53,1.0447,neutral,-0.5156,1.215
2026-05-20,hvn,7392.25,7394.75,7393.25,neutral,-0.8879,0.616,neutral,-0.3075,2.7271
2026-05-20,hvn,7414.75,7419.5,7417.0,neutral,-0.1842,1.5541,neutral,0.5997,1.0546
2026-05-20,hvn,7430.5,7432.5,7431.5,neutral,0.5312,1.9941,neutral,0.8864,0.8732
2026-05-20,hvn,7438.25,7442.0,7439.75,neutral,0.8806,0.3055,upper,0.9808,0.0941
2026-05-20,hvn,7450.25,7452.75,7451.25,upper,0.998,0.0104,upper,0.9999,0.0006
2026-05-20,lvn,7419.75,7424.25,,,,,,,
2026-05-21,hvn,7424.0,7428.25,7425.5,neutral,-0.847,0.2843,lower,-0.8561,0.2307
2026-05-21,hvn,7463.5,7466.5,7465.25,upper,0.9438,0.209,upper,0.9763,0.0904
2026-05-21,lvn,7434.5,7462.25,,,,,,,
2026-05-22,hvn,7489.25,7491.75,7490.75,neutral,-0.7889,0.3827,neutral,0.0256,1.416
2026-05-22,hvn,7503.5,7508.25,7507.0,neutral,0.7617,0.1862,upper,0.961,0.0567
2026-05-22,lvn,7496.75,7503.25,,,,,,,
2026-05-25,hvn,7526.5,7531.0,7529.0,lower,-0.9997,0.0006,lower,-0.9999,0.0001
2026-05-25,hvn,7541.25,7544.5,7543.5,neutral,-0.8134,0.3285,lower,-0.8785,0.2108
2026-05-25,hvn,7558.75,7561.25,7560.0,upper,0.8307,0.2077,upper,0.8747,0.1243
2026-05-25,lvn,7531.25,7535.75,,,,,,,
2026-05-25,lvn,7550.5,7553.25,,,,,,,
2026-05-26,hvn,7525.5,7528.0,7526.5,lower,-0.9208,0.1267,lower,-0.9689,0.0579
2026-05-26,hvn,7531.0,7533.0,7532.0,neutral,-0.5146,0.7155,neutral,-0.7531,0.3787
2026-05-26,hvn,7535.75,7538.0,7537.25,neutral,0.1836,0.9818,neutral,-0.126,0.8632
2026-05-27,hvn,7529.0,7531.5,7530.25,neutral,-0.7916,0.3116,lower,-0.9551,0.1024
2026-05-27,hvn,7537.75,7543.0,7539.75,neutral,0.3733,0.3214,neutral,-0.3954,0.3105
2026-05-27,hvn,7560.25,7563.5,7561.5,upper,0.9968,0.0105,upper,0.9973,0.0066
2026-05-27,lvn,7553.75,7556.5,,,,,,,
2026-05-28,hvn,7526.25,7530.0,7528.25,lower,-0.9634,0.1415,neutral,-0.8351,0.3868
2026-05-28,hvn,7534.25,7539.0,7535.25,neutral,-0.8606,0.3499,neutral,-0.4993,0.8169
2026-05-28,hvn,7557.75,7560.25,7559.0,neutral,-0.0093,3.287,neutral,0.5756,1.8202
2026-05-28,hvn,7580.75,7583.5,7581.75,upper,0.9882,0.0428,upper,0.9891,0.0661
2026-05-28,lvn,7539.5,7553.5,,,,,,,
2026-05-29,hvn,7594.5,7598.0,7595.75,neutral,0.2631,0.3637,upper,0.8509,0.1366
2026-06-01,hvn,7586.5,7589.0,7588.0,lower,-0.952,0.132,lower,-0.9905,0.0358
2026-06-01,hvn,7598.0,7601.25,7599.25,neutral,-0.3082,1.0586,neutral,-0.7798,0.3562
2026-06-01,hvn,7612.0,7614.5,7613.5,neutral,0.7556,0.5664,neutral,0.5464,0.5328
2026-06-01,hvn,7623.75,7627.5,7625.0,upper,0.9998,0.0006,upper,0.9998,0.0003
2026-06-01,lvn,7601.5,7609.25,,,,,,,
2026-06-01,lvn,7616.75,7623.5,,,,,,,
2026-06-02,hvn,7602.0,7604.5,7603.0,neutral,-0.7388,0.603,neutral,0.0504,1.897
2026-06-02,hvn,7621.5,7625.25,7623.75,upper,0.936,0.0783,upper,0.9823,0.0439
2026-06-02,lvn,7605.5,7616.25,,,,,,,
2026-06-03,hvn,7571.25,7576.25,7575.0,lower,-0.8771,0.1473,lower,-0.9557,0.1324
2026-06-03,hvn,7586.5,7588.5,7588.0,neutral,0.0748,2.5151,neutral,-0.7474,1.3424
2026-06-03,hvn,7604.25,7609.0,7607.5,upper,0.8895,0.2314,neutral,0.0991,1.3674
2026-06-03,hvn,7617.0,7622.0,7618.5,upper,0.9974,0.0075,upper,0.9508,0.0634
2026-06-03,lvn,7596.5,7603.75,,,,,,,
2026-06-04,hvn,7542.75,7547.0,7544.75,lower,-0.957,0.1369,neutral,-0.7833,0.3823
2026-06-04,hvn,7552.5,7555.75,7554.0,neutral,-0.7968,0.694,neutral,-0.2245,1.963
2026-06-04,hvn,7566.75,7569.5,7567.5,neutral,-0.2715,2.5357,neutral,0.4181,2.2938
2026-06-04,hvn,7580.25,7585.75,7583.0,neutral,0.4368,0.9777,neutral,0.8072,0.4968
2026-06-04,hvn,7594.0,7596.75,7595.5,neutral,0.8553,0.5891,neutral,0.9523,0.3069
2026-06-04,hvn,7599.5,7601.75,7600.75,neutral,0.9515,0.2642,upper,0.9816,0.1574
2026-06-04,hvn,7604.75,7607.25,7605.75,upper,0.9963,0.0211,upper,0.9987,0.011
2026-06-04,lvn,7569.75,7579.75,,,,,,,
2026-06-04,lvn,7586.0,7592.25,,,,,,,
2026-06-05,hvn,7362.75,7369.5,7367.0,lower,-1.0,0.0001,lower,-1.0,0.0003
2026-06-05,hvn,7386.75,7391.0,7389.0,lower,-0.9817,0.1652,lower,-0.9883,0.1816
2026-06-05,hvn,7397.0,7401.5,7399.75,neutral,-0.9591,0.3122,neutral,-0.9798,0.2764
2026-06-05,hvn,7411.75,7416.75,7413.5,neutral,-0.8718,0.7722,neutral,-0.9611,0.4335
2026-06-05,hvn,7425.75,7434.25,7430.25,neutral,-0.7077,0.9241,neutral,-0.9304,0.4079
2026-06-05,hvn,7438.5,7443.0,7440.5,neutral,-0.5418,2.6019,neutral,-0.8974,1.0383
2026-06-05,hvn,7463.0,7467.25,7464.75,neutral,-0.1101,4.8329,neutral,-0.7946,1.7869
2026-06-05,hvn,7487.75,7493.5,7490.5,neutral,0.3867,2.5698,neutral,-0.5854,2.1563
2026-06-05,hvn,7516.5,7525.0,7520.25,neutral,0.8292,0.5639,neutral,-0.135,2.2678
2026-06-05,hvn,7545.5,7551.0,7548.5,upper,0.9708,0.1973,neutral,0.5477,1.461
2026-06-05,hvn,7557.5,7563.0,7560.5,upper,0.9934,0.0507,neutral,0.866,0.4153
2026-06-05,lvn,7443.5,7450.5,,,,,,,
2026-06-05,lvn,7479.75,7487.0,,,,,,,
2026-06-05,lvn,7494.0,7503.25,,,,,,,
2026-06-05,lvn,7532.25,7544.0,,,,,,,
2026-06-08,hvn,7414.25,7417.75,7416.0,neutral,-0.8209,0.5334,neutral,-0.3581,1.4352
2026-06-08,hvn,7443.0,7446.5,7445.25,neutral,0.5373,1.0225,neutral,0.8342,0.5692
2026-06-08,hvn,7471.25,7474.75,7472.75,upper,0.9999,0.0004,upper,1.0,0.0001
2026-06-08,lvn,7419.5,7432.5,,,,,,,
2026-06-09,hvn,7261.75,7270.5,7267.25,lower,-0.9971,0.0164,lower,-0.9997,0.0026
2026-06-09,hvn,7300.75,7307.0,7303.25,neutral,-0.9149,0.474,lower,-0.9866,0.108
2026-06-09,hvn,7312.25,7320.0,7315.25,neutral,-0.8433,0.6253,lower,-0.9739,0.152
2026-06-09,hvn,7329.5,7335.25,7333.5,neutral,-0.6864,1.4673,neutral,-0.9437,0.3746
2026-06-09,hvn,7348.5,7352.5,7351.0,neutral,-0.4205,3.4474,neutral,-0.8814,0.9203
2026-06-09,hvn,7388.5,7395.0,7391.75,neutral,0.3842,2.1927,neutral,-0.4529,1.5103
2026-06-09,hvn,7418.0,7423.0,7421.0,neutral,0.7674,1.3526,neutral,0.3482,1.8637
2026-06-09,hvn,7430.5,7439.5,7434.0,neutral,0.8913,0.3944,neutral,0.8061,0.306
2026-06-09,hvn,7462.25,7469.5,7466.0,upper,0.9908,0.0558,upper,0.9959,0.0143
2026-06-09,hvn,7482.25,7486.5,7484.25,upper,0.9998,0.0029,upper,0.9999,0.0007
2026-06-09,lvn,7271.25,7284.75,,,,,,,
2026-06-09,lvn,7402.0,7417.25,,,,,,,
2026-06-10,hvn,7275.75,7279.5,7277.75,lower,-0.9873,0.0873,lower,-0.9897,0.0884
2026-06-10,hvn,7286.25,7289.75,7288.5,neutral,-0.9432,0.3534,lower,-0.971,0.2304
2026-06-10,hvn,7320.5,7328.5,7325.0,neutral,-0.3176,1.0641,neutral,-0.6964,0.5492
2026-06-10,hvn,7351.0,7354.75,7353.0,neutral,0.5962,1.5818,neutral,0.2303,2.3033
2026-06-10,hvn,7383.75,7386.75,7384.75,upper,0.987,0.1024,upper,0.9933,0.0378
2026-06-10,lvn,7280.5,7285.75,,,,,,,
2026-06-10,lvn,7296.75,7308.5,,,,,,,
2026-06-11,hvn,7297.0,7301.25,7299.25,neutral,-0.8157,0.7763,neutral,-0.5219,1.5007
2026-06-11,hvn,7329.75,7335.25,7331.25,neutral,0.0225,3.0095,neutral,0.52,1.3149
2026-06-11,hvn,7358.25,7364.25,7361.75,neutral,0.6642,1.1685,neutral,0.8709,0.5253
2026-06-11,hvn,7393.25,7398.25,7396.0,upper,0.9756,0.1488,upper,0.9919,0.0611
2026-06-11,hvn,7412.25,7417.5,7414.5,upper,1.0,0.0001,upper,1.0,0.0
2026-06-11,lvn,7335.75,7355.75,,,,,,,
2026-06-11,lvn,7376.75,7391.25,,,,,,,
2026-06-12,hvn,7408.75,7412.0,7410.5,neutral,-0.5748,1.0218,neutral,-0.5235,0.8515
2026-06-12,hvn,7432.75,7437.25,7435.0,neutral,0.8392,0.2605,upper,0.9174,0.1533
2026-06-15,hvn,7588.25,7594.25,7591.0,lower,-0.9256,0.1693,neutral,-0.4301,0.7519
2026-06-15,hvn,7611.5,7614.75,7613.5,neutral,-0.4126,1.2622,neutral,0.5794,1.4359
2026-06-15,hvn,7626.0,7631.0,7629.25,neutral,0.6703,0.3707,upper,0.927,0.2122
2026-06-15,hvn,7638.5,7646.5,7641.0,upper,0.9994,0.0007,upper,0.9999,0.0003
2026-06-15,lvn,7596.25,7606.75,,,,,,,
2026-06-16,hvn,7588.0,7590.5,7589.25,lower,-0.9809,0.0712,lower,-0.9849,0.0739
2026-06-16,hvn,7607.5,7609.75,7608.5,neutral,-0.1458,1.826,neutral,-0.6728,0.745
2026-06-16,hvn,7616.25,7618.25,7616.5,neutral,0.561,1.1297,neutral,0.0646,1.4896
2026-06-16,hvn,7623.75,7627.75,7626.25,upper,0.9332,0.1177,upper,0.9145,0.0808
2026-06-16,hvn,7631.0,7635.0,7632.0,upper,1.0,0.0,upper,1.0,0.0
2026-06-16,lvn,7594.75,7602.25,,,,,,,
2026-06-17,hvn,7478.0,7482.75,7480.25,lower,-0.999,0.0068,lower,-0.9999,0.001
2026-06-17,hvn,7490.0,7494.75,7492.5,lower,-0.9787,0.126,lower,-0.9978,0.0197
2026-06-17,hvn,7506.0,7511.0,7508.5,neutral,-0.8658,0.6259,lower,-0.9853,0.1069
2026-06-17,hvn,7539.25,7542.5,7541.25,neutral,-0.3086,3.4754,neutral,-0.8812,0.8435
2026-06-17,hvn,7572.25,7577.0,7575.5,neutral,0.6888,0.9937,neutral,-0.4228,1.3297
2026-06-17,hvn,7585.5,7591.0,7587.5,upper,0.9477,0.1647,neutral,0.2285,0.986
2026-06-17,lvn,7511.75,7526.75,,,,,,,
2026-06-17,lvn,7549.75,7570.5,,,,,,,
2026-06-18,hvn,7542.5,7547.0,7545.5,lower,-0.9453,0.0765,neutral,-0.7393,0.2878
2026-06-18,hvn,7555.75,7558.25,7557.25,neutral,-0.2403,1.0782,neutral,0.3521,0.9014
2026-06-18,hvn,7560.75,7564.0,7562.5,neutral,0.406,0.6207,neutral,0.7729,0.3084
2026-06-18,hvn,7574.5,7578.0,7575.5,upper,0.9989,0.0024,upper,0.9994,0.0016
2026-06-19,hvn,7522.5,7525.75,7524.5,lower,-0.9997,0.0011,lower,-0.9998,0.0007
2026-06-19,hvn,7540.75,7542.5,7541.75,neutral,-0.7411,0.7907,neutral,-0.7304,0.7978
2026-06-19,hvn,7557.5,7560.75,7559.25,upper,0.8321,0.2098,upper,0.8165,0.2464
2026-06-19,lvn,7526.75,7530.75,,,,,,,
2026-06-19,lvn,7546.25,7551.25,,,,,,,
2026-06-22,hvn,7542.0,7545.0,7543.0,neutral,-0.7218,0.5029,neutral,-0.5632,0.6976
2026-06-22,hvn,7590.5,7595.25,7592.25,upper,0.9995,0.0018,upper,0.9999,0.0006
2026-06-22,lvn,7556.75,7572.25,,,,,,,
2026-06-23,hvn,7443.25,7447.5,7444.5,neutral,-0.622,0.6369,neutral,-0.8536,0.4824
2026-06-23,hvn,7466.5,7469.25,7467.75,neutral,0.6119,1.2581,neutral,-0.1277,4.2422
2026-06-23,hvn,7481.0,7484.75,7482.5,neutral,0.8785,0.4486,neutral,0.3274,2.7673
2026-06-23,lvn,7454.5,7461.0,,,,,,,
2026-06-24,hvn,7409.5,7414.75,7414.0,lower,-0.9982,0.0054,lower,-0.9993,0.0022
2026-06-24,hvn,7446.25,7451.25,7449.25,neutral,0.0309,1.5933,neutral,-0.0163,0.8421
2026-06-24,hvn,7457.25,7460.75,7459.0,neutral,0.5132,1.2737,neutral,0.6546,0.6239
2026-06-24,hvn,7477.25,7481.0,7479.75,upper,0.9562,0.1685,upper,0.9818,0.0659
2026-06-24,lvn,7430.0,7441.25,,,,,,,
2026-06-24,lvn,7466.75,7477.0,,,,,,,
2026-06-25,hvn,7397.5,7402.0,7400.0,lower,-0.9985,0.006,lower,-0.9999,0.0007
2026-06-25,hvn,7415.0,7417.75,7417.0,neutral,-0.9162,0.3378,lower,-0.9943,0.0409
2026-06-25,hvn,7420.0,7422.25,7421.0,neutral,-0.8343,0.7073,lower,-0.9839,0.1267
2026-06-25,hvn,7437.0,7441.5,7439.0,neutral,-0.0325,1.5998,neutral,-0.8145,0.4864
2026-06-25,hvn,7449.5,7454.75,7451.0,neutral,0.5929,0.6969,neutral,-0.4262,0.9409
2026-06-25,hvn,7466.0,7470.0,7468.25,neutral,0.9174,0.2842,neutral,0.4572,0.9584
2026-06-25,hvn,7485.0,7488.5,7486.25,upper,0.9992,0.0048,upper,0.9988,0.004
2026-06-25,lvn,7402.75,7409.25,,,,,,,
2026-06-26,hvn,7377.0,7380.5,7379.0,lower,-0.974,0.109,lower,-0.9357,0.2232
2026-06-26,hvn,7397.25,7402.75,7401.25,neutral,-0.4988,0.8633,neutral,-0.2359,1.1776
2026-06-26,hvn,7420.75,7428.5,7422.5,neutral,0.7072,0.3166,upper,0.8459,0.2064
2026-06-26,lvn,7387.5,7397.0,,,,,,,
2026-06-29,hvn,7439.25,7441.5,7440.25,neutral,-0.9087,0.5409,neutral,-0.8889,0.4396
2026-06-29,hvn,7461.5,7465.0,7463.0,neutral,-0.2749,1.6319,neutral,0.2481,1.5929
2026-06-29,hvn,7474.75,7478.25,7476.25,neutral,0.4386,1.3313,neutral,0.7442,0.7631
2026-06-29,hvn,7492.25,7498.5,7495.75,upper,0.9986,0.0027,upper,0.9994,0.0015
2026-06-29,lvn,7479.0,7490.75,,,,,,,
2026-06-30,hvn,7504.25,7508.5,7506.0,lower,-0.9487,0.1638,neutral,-0.6004,0.6781
2026-06-30,hvn,7521.5,7524.75,7523.5,neutral,-0.5722,1.2082,neutral,0.3291,1.9546
2026-06-30,hvn,7537.0,7542.0,7539.0,neutral,0.3021,0.9894,neutral,0.8236,0.4565
2026-06-30,hvn,7546.25,7548.75,7548.0,neutral,0.714,0.8683,neutral,0.9317,0.4119
2026-06-30,hvn,7554.5,7557.25,7555.75,upper,0.9614,0.1315,upper,0.9918,0.0536
2026-06-30,lvn,7509.25,7520.25,,,,,,,
2026-07-01,hvn,7519.25,7521.25,7520.25,lower,-0.9647,0.1989,lower,-0.9903,0.0397
2026-07-01,hvn,7530.0,7532.75,7531.25,neutral,-0.7766,0.6448,neutral,-0.7297,0.4804
2026-07-01,hvn,7542.5,7546.0,7544.25,neutral,-0.0898,1.5889,neutral,0.3583,1.0078
2026-07-01,hvn,7549.25,7553.0,7551.0,neutral,0.389,1.014,neutral,0.7127,0.5309
2026-07-01,hvn,7557.75,7560.25,7558.75,neutral,0.7678,0.6998,neutral,0.9049,0.354
2026-07-01,hvn,7571.75,7576.0,7573.0,upper,0.9987,0.0037,upper,0.9996,0.0015
2026-07-01,lvn,7536.0,7541.5,,,,,,,
2026-07-01,lvn,7564.0,7569.75,,,,,,,
2026-07-02,hvn,7484.25,7487.0,7486.5,lower,-0.9996,0.0035,lower,-0.9998,0.0017
2026-07-02,hvn,7493.75,7498.25,7496.5,lower,-0.9844,0.0623,lower,-0.9921,0.0327
2026-07-02,hvn,7508.5,7512.5,7510.25,neutral,-0.8375,0.5433,neutral,-0.9123,0.2821
2026-07-02,hvn,7524.75,7527.0,7525.5,neutral,-0.3984,2.8177,neutral,-0.5856,1.4893
2026-07-02,hvn,7542.75,7546.25,7544.5,neutral,0.3601,2.0425,neutral,0.4827,0.981
2026-07-02,hvn,7552.75,7556.0,7554.5,neutral,0.6632,1.3205,neutral,0.8463,0.4186
2026-07-02,hvn,7564.75,7567.0,7566.0,neutral,0.8699,0.8875,neutral,0.9533,0.272
2026-07-02,hvn,7585.5,7588.25,7587.0,upper,0.9978,0.0183,upper,0.9993,0.0059
2026-07-02,lvn,7512.75,7519.75,,,,,,,
2026-07-02,lvn,7572.5,7583.75,,,,,,,
2026-07-03,hvn,7533.5,7536.75,7534.25,lower,-0.9691,0.066,lower,-0.9633,0.0732
2026-07-03,hvn,7549.25,7555.5,7552.25,neutral,0.4678,0.1341,neutral,0.6729,0.0838
2026-07-03,hvn,7557.5,7560.25,7558.25,upper,0.9774,0.0258,upper,0.9927,0.0095
2026-07-03,lvn,7537.0,7545.5,,,,,,,
2026-07-06,hvn,7561.0,7563.5,7562.75,neutral,-0.918,0.263,neutral,-0.3979,1.2126
2026-07-06,hvn,7575.5,7578.25,7577.25,neutral,-0.2025,1.4586,neutral,0.6057,1.0325
2026-07-06,hvn,7591.25,7593.75,7592.5,upper,0.9306,0.1675,upper,0.9788,0.0972
2026-07-06,lvn,7571.5,7575.0,,,,,,,
2026-07-07,hvn,7542.5,7546.5,7545.0,lower,-0.9184,0.1343,lower,-0.9856,0.0447
2026-07-07,hvn,7553.0,7555.25,7553.75,neutral,-0.3825,1.4187,neutral,-0.8777,0.484
2026-07-07,hvn,7563.75,7568.5,7566.5,neutral,0.5816,0.4838,neutral,-0.4378,0.638
2026-07-07,hvn,7578.75,7582.75,7579.75,upper,0.9796,0.0499,neutral,0.7269,0.3379
2026-07-07,lvn,7556.0,7562.75,,,,,,,
2026-07-08,hvn,7484.5,7486.75,7485.5,neutral,-0.9355,0.3256,neutral,-0.9605,0.3061
2026-07-08,hvn,7505.5,7510.0,7508.5,neutral,-0.1377,1.2644,neutral,-0.6067,1.0209
2026-07-08,hvn,7517.75,7520.75,7519.25,neutral,0.5777,0.9782,neutral,-0.1962,2.6809
2026-07-08,hvn,7524.0,7529.0,7526.25,neutral,0.8446,0.2575,neutral,0.1333,1.6557
2026-07-09,hvn,7537.0,7539.25,7537.5,lower,-0.9647,0.1878,neutral,-0.7462,0.8814
2026-07-09,hvn,7550.25,7553.5,7551.75,neutral,-0.6753,0.8378,neutral,-0.0125,2.2743
2026-07-09,hvn,7561.0,7563.75,7562.5,neutral,-0.1385,2.376,neutral,0.4881,1.7604
2026-07-09,hvn,7572.25,7575.0,7573.75,neutral,0.4949,1.472,neutral,0.8083,0.8389
2026-07-09,hvn,7586.25,7589.25,7587.75,upper,0.9785,0.0743,upper,0.9924,0.041
2026-07-10,hvn,7587.75,7592.0,7590.5,neutral,-0.7082,0.4243,neutral,-0.1724,0.933
2026-07-10,hvn,7598.5,7604.5,7600.25,neutral,0.1045,0.7323,neutral,0.6247,0.4261
2026-07-10,hvn,7621.75,7624.5,7623.0,upper,0.9981,0.0069,upper,0.9982,0.0091
2026-07-10,lvn,7604.75,7620.25,,,,,,,
2026-07-13,hvn,7562.25,7564.75,7563.75,lower,-0.9504,0.1624,lower,-0.9673,0.1349
2026-07-13,hvn,7567.5,7570.5,7568.25,neutral,-0.8039,0.4491,neutral,-0.9083,0.2554
2026-07-13,hvn,7597.5,7600.5,7598.75,upper,0.9516,0.1278,upper,0.9432,0.1045
2026-07-13,lvn,7571.75,7587.0,,,,,,,
2026-07-14,hvn,7556.5,7560.0,7558.75,lower,-0.9328,0.1975,neutral,-0.5926,0.714
2026-07-14,hvn,7571.75,7574.5,7573.25,neutral,-0.5039,1.0536,neutral,0.4108,1.5062
2026-07-14,hvn,7577.75,7583.0,7581.25,neutral,0.0593,0.7857,neutral,0.7656,0.3567
2026-07-14,hvn,7588.75,7591.5,7590.25,neutral,0.8392,0.2955,upper,0.9751,0.0963
2026-07-14,lvn,7562.5,7567.25,,,,,,,
2026-07-15,hvn,7588.75,7591.25,7590.0,neutral,-0.8892,0.3198,lower,-0.9458,0.1281
2026-07-15,hvn,7606.0,7608.25,7606.5,neutral,0.2517,1.1536,neutral,0.5834,0.4566
2026-07-15,hvn,7613.0,7614.75,7614.25,neutral,0.8453,0.378,upper,0.9518,0.1218
2026-07-16,hvn,7559.0,7561.0,7559.5,lower,-0.9909,0.0601,lower,-0.998,0.0191
2026-07-16,hvn,7575.75,7578.25,7576.75,neutral,-0.7777,0.6634,neutral,-0.9403,0.2937
2026-07-16,hvn,7581.0,7583.25,7582.5,neutral,-0.5569,1.2583,neutral,-0.8795,0.5616
2026-07-16,hvn,7587.5,7591.5,7589.0,neutral,-0.0735,1.2905,neutral,-0.7273,0.5646
2026-07-16,hvn,7601.0,7604.25,7602.75,neutral,0.7733,0.4764,neutral,-0.0443,1.7351
2026-07-16,hvn,7609.75,7613.0,7611.0,upper,0.9631,0.1064,neutral,0.6049,0.7073
2026-07-17,hvn,7474.25,7479.5,7476.5,lower,-1.0,0.0001,lower,-1.0,0.0
2026-07-17,hvn,7486.5,7489.25,7488.25,lower,-0.96,0.1553,lower,-0.9952,0.0253
2026-07-17,hvn,7493.75,7497.5,7495.5,neutral,-0.8508,0.3206,lower,-0.9751,0.0751
2026-07-17,hvn,7501.75,7506.0,7504.75,neutral,-0.5172,0.7126,neutral,-0.8641,0.2716
2026-07-17,hvn,7518.5,7521.75,7520.0,neutral,0.5914,0.8031,neutral,-0.0718,1.9223
2026-07-17,hvn,7527.75,7530.5,7529.25,neutral,0.904,0.2952,neutral,0.4398,1.631
2026-07-17,lvn,7479.75,7483.75,,,,,,,
2026-07-20,hvn,7481.25,7485.5,7484.0,lower,-0.9989,0.0031,lower,-0.9981,0.0049
2026-07-20,hvn,7488.5,7490.25,7489.75,lower,-0.9581,0.2421,lower,-0.9601,0.1936
2026-07-20,hvn,7503.25,7506.5,7505.25,neutral,-0.4686,1.0942,neutral,-0.3595,0.937
2026-07-20,hvn,7511.5,7515.25,7514.75,neutral,0.0947,1.4172,neutral,0.3941,0.7821
2026-07-20,hvn,7520.5,7523.5,7521.75,neutral,0.6221,0.8474,neutral,0.8423,0.3489
2026-07-20,hvn,7540.0,7543.5,7542.0,upper,0.9899,0.0378,upper,0.9981,0.0078
2026-07-20,lvn,7495.75,7501.75,,,,,,,
2026-07-20,lvn,7533.25,7539.75,,,,,,,
2026-07-21,hvn,7513.75,7518.75,7517.0,neutral,-0.7956,0.2961,neutral,-0.1432,1.1386
2026-07-21,hvn,7522.0,7524.25,7523.25,neutral,-0.4672,1.465,neutral,0.2724,2.2267
2026-07-21,hvn,7545.0,7547.75,7546.25,upper,0.9782,0.0578,upper,0.9909,0.0407
2026-07-21,lvn,7532.25,7539.25,,,,,,,
2026-07-22,hvn,7524.25,7526.0,7524.75,neutral,-0.9348,0.2702,neutral,-0.8794,0.3892
2026-07-22,hvn,7533.5,7536.0,7535.25,neutral,-0.6258,0.6421,neutral,-0.2317,1.1754
2026-07-22,hvn,7540.25,7546.25,7542.0,neutral,0.2508,0.3671,neutral,0.6403,0.2165
2026-07-22,hvn,7557.75,7561.75,7559.25,upper,0.9995,0.0009,upper,0.9998,0.0004
2026-07-23,hvn,7425.5,7433.5,7430.75,lower,-0.9813,0.0258,lower,-0.9982,0.0064
2026-07-23,hvn,7443.75,7447.0,7445.25,neutral,-0.5116,1.2646,neutral,-0.9262,0.5362
2026-07-23,hvn,7451.75,7457.25,7453.75,neutral,-0.0565,1.4331,neutral,-0.8448,0.602
2026-07-23,hvn,7509.75,7514.25,7512.25,upper,0.9689,0.1863,neutral,0.598,1.3027
2026-07-23,hvn,7521.5,7526.5,7524.0,upper,0.9915,0.0547,neutral,0.889,0.3486
2026-07-23,lvn,7484.0,7492.0,,,,,,,
2026-07-24,hvn,7441.25,7445.0,7443.75,lower,-0.9183,0.1449,lower,-0.9279,0.0926
2026-07-24,hvn,7463.0,7465.75,7464.5,neutral,0.4476,1.3787,neutral,0.7391,0.565
2026-07-24,hvn,7469.5,7472.0,7470.5,neutral,0.7195,0.9108,neutral,0.8888,0.3611
2026-07-24,hvn,7483.5,7486.75,7485.25,upper,0.983,0.0657,upper,0.9925,0.0323
2026-07-24,lvn,7472.5,7482.25,,,,,,,
2026-07-27,hvn,7431.75,7435.0,7432.5,neutral,-0.9328,0.2505,lower,-0.9836,0.1246
2026-07-27,hvn,7446.25,7450.0,7448.0,neutral,-0.4988,1.3172,neutral,-0.8881,0.5965
2026-07-27,hvn,7473.75,7477.5,7475.0,neutral,0.5427,1.6807,neutral,-0.3536,2.4622
2026-07-27,hvn,7493.5,7499.75,7495.75,neutral,0.9118,0.267,neutral,0.4591,0.9101
2026-07-27,hvn,7510.5,7514.0,7512.0,upper,0.9941,0.0409,upper,0.9387,0.2101
2026-07-27,lvn,7458.0,7464.75,,,,,,,
2026-07-27,lvn,7478.0,7490.5,,,,,,,
2026-07-27,lvn,7500.0,7504.5,,,,,,,
2026-07-28,hvn,7430.0,7432.25,7431.25,lower,-0.9566,0.2027,lower,-0.9222,0.2444
2026-07-28,hvn,7438.5,7442.5,7440.75,neutral,-0.748,0.5166,neutral,-0.4935,0.6778
2026-07-28,hvn,7449.5,7452.5,7451.0,neutral,-0.2048,1.8893,neutral,0.296,1.4772
2026-07-28,hvn,7468.0,7470.25,7469.25,neutral,0.8527,0.4931,upper,0.9487,0.2368
2026-07-28,lvn,7455.25,7461.75,,,,,,,
2026-07-29,hvn,7348.25,7354.25,7351.0,lower,-0.9832,0.0856,lower,-0.9905,0.0725
2026-07-29,hvn,7361.75,7366.25,7364.5,neutral,-0.9327,0.3849,lower,-0.9745,0.2256
2026-07-29,hvn,7386.5,7391.0,7389.0,neutral,-0.6898,1.2505,neutral,-0.918,0.5406
2026-07-29,hvn,7396.75,7405.5,7403.75,neutral,-0.4494,0.9367,neutral,-0.8609,0.3927
2026-07-29,hvn,7423.0,7426.0,7424.25,neutral,0.2431,3.7188,neutral,-0.5801,2.5453
2026-07-29,hvn,7431.0,7435.0,7433.0,neutral,0.4778,2.0488,neutral,-0.4083,2.4198
2026-07-29,hvn,7451.75,7458.75,7454.5,neutral,0.8804,0.343,neutral,0.3075,1.2012
2026-07-29,hvn,7478.25,7482.25,7479.75,upper,0.9937,0.0458,upper,0.9585,0.1565
2026-07-29,lvn,7355.75,7361.5,,,,,,,
2026-07-29,lvn,7371.25,7382.25,,,,,,,
2026-07-29,lvn,7463.25,7474.25,,,,,,,
2026-07-30,hvn,7375.5,7378.75,7376.5,lower,-0.9763,0.1728,neutral,-0.8563,0.5688
2026-07-30,hvn,7406.0,7410.0,7408.0,neutral,-0.6663,1.1399,neutral,0.1893,2.9144
2026-07-30,hvn,7430.0,7434.75,7433.0,neutral,0.1662,1.9747,neutral,0.7228,1.1384
2026-07-30,hvn,7438.25,7443.75,7439.75,neutral,0.4709,1.146,neutral,0.8318,0.6654
2026-07-30,hvn,7451.0,7456.75,7453.75,neutral,0.7889,0.5339,neutral,0.9333,0.2995
2026-07-30,hvn,7467.5,7471.75,7470.25,upper,0.9682,0.1446,upper,0.984,0.1196
2026-07-30,hvn,7486.25,7491.0,7488.5,upper,1.0,0.0003,upper,1.0,0.0001
2026-07-30,lvn,7381.0,7396.25,,,,,,,
2026-07-30,lvn,7413.75,7429.25,,,,,,,
2026-07-30,lvn,7444.5,7450.5,,,,,,,
2026-07-30,lvn,7457.75,7466.5,,,,,,,
2026-07-31,hvn,7434.25,7439.5,7438.0,lower,-0.9993,0.0031,lower,-0.9999,0.0004
2026-07-31,hvn,7453.0,7456.25,7454.75,neutral,-0.9324,0.358,lower,-0.9917,0.0494
2026-07-31,hvn,7472.25,7476.0,7473.5,neutral,-0.6236,1.1778,lower,-0.9252,0.2226
2026-07-31,hvn,7495.0,7499.25,7497.0,neutral,0.2997,1.6777,neutral,-0.0418,1.0923
2026-07-31,hvn,7509.25,7514.0,7511.5,neutral,0.8097,0.4702,upper,0.8941,0.1428
2026-07-31,hvn,7525.5,7528.25,7526.5,upper,0.9812,0.1121,upper,0.9949,0.0235
2026-07-31,hvn,7532.5,7535.25,7533.75,upper,0.9987,0.009,upper,0.9997,0.002
2026-07-31,lvn,7444.0,7452.0,,,,,,,
2026-08-03,hvn,7554.0,7556.75,7555.5,lower,-0.9896,0.0759,lower,-0.9458,0.1951
2026-08-03,hvn,7562.25,7565.5,7563.75,neutral,-0.9355,0.3443,neutral,-0.6639,0.9527
2026-08-03,hvn,7584.0,7587.75,7586.0,neutral,-0.4947,1.6966,neutral,0.3047,2.4027
2026-08-03,hvn,7595.25,7597.75,7597.0,neutral,-0.1269,3.852,neutral,0.5901,2.4313
2026-08-03,hvn,7604.0,7606.5,7604.75,neutral,0.2315,3.2309,neutral,0.7602,1.5992
2026-08-03,hvn,7611.0,7614.25,7612.5,neutral,0.5324,1.5574,neutral,0.866,0.7718
2026-08-03,hvn,7626.75,7629.75,7628.75,upper,0.9603,0.1747,upper,0.9852,0.1166
2026-08-03,lvn,7571.5,7583.25,,,,,,,
2026-08-03,lvn,7589.25,7594.25,,,,,,,
2026-08-03,lvn,7606.75,7610.0,,,,,,,
2026-08-03,lvn,7615.75,7625.0,,,,,,,
2026-08-04,hvn,7632.25,7637.75,7635.25,lower,-0.9999,0.0006,lower,-0.9991,0.0031
2026-08-04,hvn,7642.0,7646.75,7644.0,lower,-0.9936,0.0512,neutral,-0.8988,0.3545
2026-08-04,hvn,7652.0,7655.25,7654.0,neutral,-0.9721,0.2909,neutral,-0.6272,1.9567
2026-08-04,hvn,7667.75,7675.25,7669.75,neutral,-0.8969,0.3854,neutral,-0.1508,2.2289
2026-08-04,hvn,7679.5,7684.0,7681.5,neutral,-0.8034,1.1047,neutral,0.1003,4.3573
2026-08-04,hvn,7694.5,7697.75,7696.5,neutral,-0.6205,2.5366,neutral,0.3669,4.7302
2026-08-04,hvn,7708.25,7711.25,7709.75,neutral,-0.3715,4.102,neutral,0.5613,3.9418
2026-08-04,hvn,7724.5,7727.5,7726.25,neutral,0.0067,6.0184,neutral,0.7382,2.6699
2026-08-04,hvn,7735.25,7740.75,7738.0,neutral,0.3191,2.2267,neutral,0.8406,0.9917
2026-08-04,hvn,7752.25,7755.5,7753.75,neutral,0.6863,1.8068,neutral,0.9295,0.8287
2026-08-04,hvn,7771.25,7775.75,7773.25,upper,0.9839,0.0788,upper,0.9964,0.0366
2026-08-04,lvn,7647.75,7651.75,,,,,,,
2026-08-04,lvn,7658.0,7666.0,,,,,,,
2026-08-04,lvn,7675.5,7679.25,,,,,,,
2026-08-04,lvn,7684.5,7691.75,,,,,,,
2026-08-04,lvn,7711.75,7717.25,,,,,,,
2026-08-04,lvn,7748.0,7752.0,,,,,,,
2026-08-04,lvn,7755.75,7759.0,,,,,,,
2026-08-05,hvn,7747.0,7749.25,7748.25,lower,-1.0,0.0,lower,-1.0,0.0
2026-08-05,hvn,7757.25,7760.25,7758.75,lower,-0.938,0.2176,lower,-0.9944,0.021
2026-08-05,hvn,7764.5,7771.25,7767.0,neutral,-0.776,0.2526,lower,-0.9393,0.0656
2026-08-05,hvn,7794.75,7799.5,7796.0,neutral,0.754,0.4772,upper,0.8913,0.1327
2026-08-05,hvn,7806.0,7810.75,7809.25,upper,0.9757,0.0628,upper,0.9941,0.0128
2026-08-05,lvn,7773.5,7785.5,,,,,,,
2026-08-06,hvn,7729.5,7732.25,7731.5,lower,-0.995,0.0109,lower,-0.9991,0.0032
2026-08-06,hvn,7736.0,7739.25,7737.5,neutral,-0.775,0.2869,lower,-0.9339,0.1524
2026-08-06,hvn,7753.0,7755.5,7754.75,neutral,0.7783,0.4445,neutral,0.0962,1.3209
2026-08-06,lvn,7742.0,7752.0,,,,,,,
2026-08-07,hvn,7729.25,7734.25,7733.0,lower,-0.9998,0.0005,lower,-0.9983,0.0027
2026-08-07,hvn,7744.0,7747.5,7746.0,lower,-0.9547,0.1235,neutral,-0.3703,1.0834
2026-08-07,hvn,7759.75,7762.0,7761.0,neutral,-0.5479,0.9021,neutral,0.5965,1.3387
2026-08-07,hvn,7767.5,7770.25,7768.75,neutral,0.2492,0.9822,neutral,0.8815,0.3925
2026-08-07,hvn,7774.5,7778.0,7777.0,upper,0.9224,0.0947,upper,0.9898,0.0334
2026-08-07,lvn,7738.75,7743.25,,,,,,,
2026-08-10,hvn,7774.0,7776.0,7775.25,lower,-0.8172,0.2006,neutral,-0.8289,0.2595
2026-08-10,hvn,7785.0,7786.25,7785.25,neutral,0.8181,0.4171,neutral,0.6608,0.7109
2026-08-11,hvn,7748.75,7750.5,7749.25,lower,-0.9591,0.1713,lower,-0.9912,0.054
2026-08-11,hvn,7752.5,7754.0,7753.25,neutral,-0.8465,0.6593,lower,-0.9682,0.1958
2026-08-11,hvn,7764.0,7767.0,7765.75,neutral,-0.0646,1.7093,neutral,-0.6573,0.6744
2026-08-11,hvn,7772.25,7774.75,7773.75,neutral,0.539,1.0712,neutral,-0.104,1.5132
2026-08-11,hvn,7782.25,7785.5,7783.0,upper,0.9621,0.0917,upper,0.8702,0.1789
2026-08-11,lvn,7758.0,7763.5,,,,,,,
2026-08-12,hvn,7772.75,7774.5,7773.5,neutral,0.5059,0.5253,neutral,0.8853,0.2994
2026-08-13,hvn,7788.75,7793.0,7790.75,lower,-0.9202,0.198,neutral,0.0184,1.7309
2026-08-13,hvn,7800.75,7806.75,7804.75,neutral,-0.6187,0.3763,neutral,0.6421,0.563
2026-08-13,hvn,7811.5,7814.25,7813.5,neutral,0.0009,1.6945,neutral,0.8692,0.5569
2026-08-13,hvn,7820.75,7824.0,7822.5,neutral,0.8074,0.2909,upper,0.9815,0.0838
2026-08-13,hvn,7834.0,7836.75,7835.25,upper,0.9996,0.0012,upper,0.9999,0.0004
2026-08-13,lvn,7793.5,7798.25,,,,,,,
2026-08-13,lvn,7830.0,7833.5,,,,,,,
2026-08-14,hvn,7802.25,7805.75,7803.5,lower,-0.9333,0.0658,lower,-0.9804,0.0373
2026-08-14,hvn,7811.25,7813.5,7812.75,neutral,0.0612,1.4901,neutral,-0.6085,0.8075
2026-08-14,hvn,7825.25,7827.0,7826.0,upper,0.9851,0.0521,upper,0.9424,0.0977
2026-08-14,lvn,7816.25,7820.25,,,,,,,
2026-08-17,hvn,7767.0,7770.75,7769.0,lower,-0.9981,0.0042,lower,-0.9972,0.0115
2026-08-17,hvn,7773.75,7778.25,7776.0,lower,-0.864,0.1848,lower,-0.9688,0.0859
2026-08-17,hvn,7792.25,7799.0,7794.25,neutral,0.6209,0.2702,neutral,-0.4782,0.465
2026-08-17,hvn,7807.0,7809.75,7808.25,upper,0.9543,0.1517,neutral,0.5397,0.7709
2026-08-17,hvn,7815.0,7817.25,7816.0,upper,0.9961,0.0209,upper,0.9818,0.0447
2026-08-17,lvn,7778.5,7790.75,,,,,,,
2026-08-18,hvn,7721.5,7726.75,7723.5,neutral,-0.22,0.2737,lower,-0.8912,0.1219
2026-08-18,hvn,7764.75,7768.25,7766.75,upper,0.9999,0.0005,upper,0.9989,0.0041
2026-08-18,lvn,7750.75,7764.25,,,,,,,
2026-08-19,hvn,7735.75,7739.0,7737.25,neutral,0.0991,0.9772,neutral,0.8354,0.4083
2026-08-19,hvn,7749.25,7751.25,7750.0,upper,0.924,0.235,upper,0.9853,0.0911
2026-08-20,hvn,7660.75,7666.5,7664.0,lower,-0.9998,0.0004,lower,-0.9999,0.0004
2026-08-20,hvn,7670.5,7675.5,7673.25,lower,-0.9355,0.1302,lower,-0.9864,0.0541
2026-08-20,hvn,7684.5,7686.75,7686.25,neutral,-0.4986,1.6754,neutral,-0.8886,0.7522
2026-08-20,hvn,7693.0,7695.5,7694.75,neutral,0.0025,2.5987,neutral,-0.7613,1.2239
2026-08-20,hvn,7703.25,7706.0,7704.0,neutral,0.6128,1.0078,neutral,-0.4816,2.0455
2026-08-20,hvn,7723.0,7728.5,7726.0,upper,0.9651,0.0907,neutral,0.4965,0.8144
2026-08-20,hvn,7739.25,7742.75,7740.5,upper,0.9998,0.001,upper,0.9982,0.0056
2026-08-20,lvn,7677.0,7683.5,,,,,,,
2026-08-20,lvn,7728.75,7735.0,,,,,,,
2026-08-21,hvn,7667.5,7669.75,7668.5,lower,-0.9974,0.0111,lower,-0.968,0.0831
2026-08-21,hvn,7689.75,7691.75,7690.75,neutral,-0.0577,1.1678,neutral,0.7443,0.6404
2026-08-21,hvn,7694.0,7698.0,7695.5,neutral,0.7022,0.1942,upper,0.9509,0.0769
2026-08-21,lvn,7671.0,7676.75,,,,,,,
2026-08-24,hvn,7668.75,7671.75,7670.25,neutral,-0.5038,0.3282,lower,-0.9259,0.1013
2026-08-24,hvn,7676.0,7677.75,7676.75,neutral,0.6144,0.5722,neutral,-0.4001,0.9653
2026-08-25,hvn,7685.5,7687.5,7686.75,neutral,-0.2168,0.8729,neutral,0.1384,1.5408
2026-08-26,hvn,7679.75,7683.25,7682.75,lower,-0.9257,0.0716,lower,-0.8311,0.1174
2026-08-26,hvn,7688.75,7690.5,7689.25,neutral,0.0043,1.2304,neutral,0.4645,0.6154
2026-08-26,hvn,7699.25,7701.75,7700.75,upper,0.985,0.0272,upper,0.9907,0.0209
2026-08-27,hvn,7715.25,7716.75,7715.75,neutral,-0.9361,0.2701,lower,-0.9476,0.1712
2026-08-27,hvn,7725.75,7727.5,7726.75,neutral,-0.3951,1.3675,neutral,-0.1219,1.4902
2026-08-27,hvn,7731.75,7733.75,7732.5,neutral,0.2586,1.3746,neutral,0.5995,0.7118
2026-08-27,hvn,7736.5,7738.5,7737.25,neutral,0.692,0.6492,neutral,0.8591,0.3354
2026-08-27,hvn,7741.0,7743.0,7741.75,neutral,0.8916,0.2885,upper,0.9444,0.1772
2026-08-27,hvn,7748.5,7750.5,7749.75,upper,0.9919,0.0326,upper,0.9955,0.0211
2026-08-27,lvn,7745.5,7748.25,,,,,,,
2026-08-28,hvn,7719.75,7723.25,7721.75,lower,-0.9752,0.0582,lower,-0.9864,0.0266
2026-08-28,hvn,7738.5,7741.0,7739.75,neutral,-0.0248,2.3852,neutral,0.2661,0.9349
2026-08-28,hvn,7777.0,7779.25,7777.75,upper,0.9992,0.0058,upper,0.9998,0.0012
2026-08-28,lvn,7727.5,7737.5,,,,,,,
2026-08-28,lvn,7759.0,7772.0,,,,,,,
2026-08-31,hvn,7684.25,7687.0,7685.75,lower,-0.8594,0.1551,lower,-0.9683,0.0607
2026-08-31,hvn,7699.5,7702.75,7701.0,upper,0.9062,0.1154,neutral,0.4055,0.6259
2026-08-31,hvn,7706.25,7708.0,7707.25,upper,0.985,0.0539,neutral,0.8866,0.2811
2026-08-31,lvn,7695.0,7699.0,,,,,,,
2026-09-01,hvn,7642.75,7647.5,7644.5,neutral,-0.7076,0.2847,lower,-0.9646,0.0956
2026-09-01,hvn,7660.0,7662.75,7661.75,neutral,0.5793,0.9756,neutral,-0.5175,1.7617
2026-09-01,hvn,7701.25,7705.0,7702.75,upper,0.9999,0.0009,upper,0.9982,0.0066
2026-09-01,lvn,7673.75,7696.25,,,,,,,
2026-09-02,hvn,7648.25,7650.75,7649.25,neutral,-0.8405,0.6144,neutral,-0.0869,2.4834
2026-09-02,hvn,7677.5,7680.5,7678.75,upper,0.8806,0.2145,upper,0.9828,0.074
2026-09-02,lvn,7652.5,7670.25,,,,,,,
2026-09-03,hvn,7675.75,7679.0,7677.25,lower,-0.9959,0.031,lower,-0.9548,0.1558
2026-09-03,hvn,7706.75,7711.5,7709.25,neutral,-0.7697,0.6428,neutral,0.2346,2.2881
2026-09-03,hvn,7719.25,7725.0,7721.0,neutral,-0.4068,1.1257,neutral,0.5593,1.2858
2026-09-03,hvn,7730.25,7733.5,7731.75,neutral,0.0013,3.2223,neutral,0.7299,1.5789
2026-09-03,hvn,7756.0,7758.25,7756.5,upper,0.967,0.1661,upper,0.9903,0.1079
2026-09-03,lvn,7682.0,7700.0,,,,,,,
2026-09-03,lvn,7726.5,7730.0,,,,,,,
2026-09-03,lvn,7734.0,7740.75,,,,,,,
2026-09-04,hvn,7720.0,7722.0,7721.0,neutral,-0.8533,0.3296,lower,-0.9675,0.1792
2026-09-04,hvn,7729.5,7734.5,7731.5,neutral,0.1331,0.7416,neutral,-0.7281,0.4491
2026-09-04,hvn,7741.25,7743.25,7743.0,neutral,0.7732,0.7525,neutral,-0.2156,2.5982
2026-09-04,hvn,7758.75,7762.5,7760.0,upper,0.9999,0.0005,upper,0.9973,0.0045
2026-09-04,lvn,7749.75,7756.25,,,,,,,
2026-09-07,hvn,7705.0,7706.5,7706.25,lower,-0.9973,0.0063,lower,-0.9986,0.0036
2026-09-07,hvn,7709.0,7710.0,7709.5,neutral,-0.8208,0.4117,neutral,-0.886,0.2968
2026-09-07,hvn,7718.25,7720.0,7719.25,neutral,0.8048,0.253,neutral,0.7609,0.2502
2026-09-07,hvn,7721.25,7722.75,7721.75,upper,0.9659,0.0687,upper,0.9763,0.0394
2026-09-08,hvn,7680.75,7682.5,7681.5,lower,-0.9711,0.0831,lower,-0.9859,0.0715
2026-09-08,hvn,7688.25,7691.25,7689.75,neutral,-0.5064,0.4931,lower,-0.9064,0.1835
2026-09-08,hvn,7695.25,7698.75,7696.5,neutral,0.4423,0.4764,neutral,-0.5783,0.4765
2026-09-09,hvn,7634.0,7637.25,7636.0,lower,-0.9931,0.0141,lower,-0.9994,0.0025
2026-09-09,hvn,7647.0,7652.0,7648.25,neutral,-0.2948,0.4168,lower,-0.9243,0.1271
2026-09-09,hvn,7655.5,7660.25,7657.0,neutral,0.5747,0.3777,neutral,-0.6042,0.5857
2026-09-09,hvn,7684.0,7687.25,7685.5,upper,0.9987,0.0059,upper,0.9863,0.0342
2026-09-09,lvn,7663.25,7681.5,,,,,,,
2026-09-10,hvn,7597.25,7600.0,7598.75,lower,-0.8666,0.2107,lower,-0.9891,0.063
2026-09-10,hvn,7608.0,7613.0,7609.75,neutral,0.1752,0.7432,neutral,-0.8426,0.4045
2026-09-10,hvn,7650.75,7654.25,7652.25,upper,0.9922,0.0455,neutral,0.8766,0.3313
2026-09-10,lvn,7618.25,7646.0,,,,,,,
2026-09-11,hvn,7599.25,7601.75,7601.25,lower,-0.9998,0.0019,lower,-0.999,0.0068
2026-09-11,hvn,7625.0,7628.0,7627.0,neutral,-0.9437,0.307,neutral,-0.4588,1.9677
2026-09-11,hvn,7638.0,7641.0,7639.75,neutral,-0.8253,0.6727,neutral,0.074,3.1912
2026-09-11,hvn,7658.0,7663.25,7662.0,neutral,0.0352,0.9464,neutral,0.8161,0.4489
2026-09-11,hvn,7666.5,7669.5,7668.5,neutral,0.6346,0.5821,neutral,0.941,0.2836
2026-09-11,hvn,7674.5,7678.0,7675.5,upper,0.9923,0.014,upper,0.9989,0.0052
2026-09-11,lvn,7614.75,7623.5,,,,,,,
2026-09-11,lvn,7631.75,7635.75,,,,,,,
2026-09-11,lvn,7644.25,7655.0,,,,,,,
2026-09-14,hvn,7672.75,7676.25,7674.25,lower,-0.9004,0.2001,lower,-0.8958,0.175
2026-09-14,hvn,7685.75,7687.5,7686.5,neutral,-0.1906,2.4567,neutral,-0.0341,2.2267
2026-09-14,hvn,7691.5,7694.25,7693.0,neutral,0.31,1.3339,neutral,0.5237,0.7999
2026-09-14,hvn,7704.75,7708.5,7705.5,upper,0.96,0.0839,upper,0.986,0.0319
2026-09-14,hvn,7716.25,7718.25,7717.0,upper,0.9999,0.0006,upper,1.0,0.0002
2026-09-15,hvn,7652.25,7655.75,7654.5,lower,-0.89,0.1167,lower,-0.9764,0.055
2026-09-15,hvn,7662.75,7665.0,7663.75,neutral,0.1582,1.6177,neutral,-0.5809,1.1747
2026-09-15,hvn,7676.75,7679.5,7678.25,neutral,0.8892,0.3159,neutral,0.3903,1.424
2026-09-15,hvn,7688.25,7693.0,7690.75,upper,0.9953,0.0124,upper,0.9361,0.1156
2026-09-15,lvn,7665.5,7674.5,,,,,,,
2026-09-16,hvn,7581.75,7585.5,7583.75,lower,-0.9987,0.0104,lower,-0.9998,0.0017
2026-09-16,hvn,7599.75,7603.75,7601.25,neutral,-0.9574,0.2543,lower,-0.9947,0.04
2026-09-16,hvn,7620.5,7624.5,7622.5,neutral,-0.7631,1.0349,lower,-0.9671,0.1722
2026-09-16,hvn,7677.75,7681.0,7679.25,neutral,0.9255,0.3072,upper,0.9143,0.1464
2026-09-16,lvn,7604.25,7616.75,,,,,,,
2026-09-16,lvn,7625.25,7669.25,,,,,,,
2026-09-17,hvn,7661.0,7664.25,7662.75,lower,-0.9731,0.1285,neutral,-0.8184,0.5799
2026-09-17,hvn,7690.75,7694.75,7692.5,neutral,-0.3121,0.8476,neutral,0.5665,0.9049
2026-09-17,hvn,7703.25,7706.5,7705.5,neutral,0.7701,0.3232,upper,0.9389,0.2021
2026-09-17,lvn,7667.0,7679.25,,,,,,,
2026-09-18,hvn,7685.0,7688.5,7687.25,lower,-0.978,0.0419,lower,-0.9963,0.0101
2026-09-18,hvn,7692.5,7695.25,7693.25,neutral,-0.7173,0.5152,lower,-0.9191,0.2044
2026-09-18,hvn,7699.25,7702.25,7700.75,neutral,-0.1366,1.3057,neutral,-0.669,0.5804
2026-09-18,hvn,7711.25,7714.25,7712.25,neutral,0.775,0.4316,neutral,0.3097,1.2238
2026-09-18,hvn,7725.0,7728.5,7726.5,upper,0.9894,0.0326,upper,0.9505,0.1153
2026-09-18,hvn,7733.0,7735.5,7734.25,upper,0.9997,0.0014,upper,0.999,0.0043
2026-09-18,lvn,7696.25,7699.0,,,,,,,
2026-09-18,lvn,7730.0,7732.75,,,,,,,
2026-09-21,hvn,7738.5,7747.5,7741.5,lower,-0.994,0.0182,lower,-0.9412,0.0858
2026-09-21,hvn,7760.0,7764.5,7763.25,neutral,-0.9394,0.2665,neutral,-0.3542,1.6684
2026-09-21,hvn,7787.0,7791.25,7789.25,neutral,-0.4753,1.6449,neutral,0.502,1.901
2026-09-21,hvn,7796.25,7799.0,7797.5,neutral,-0.2009,3.5927,neutral,0.6624,2.2075
2026-09-21,hvn,7806.25,7808.75,7807.0,neutral,0.1627,3.9827,neutral,0.8023,1.6063
2026-09-21,hvn,7819.5,7823.0,7821.75,neutral,0.6642,1.188,neutral,0.9377,0.4353
2026-09-21,hvn,7833.0,7836.75,7835.25,upper,0.9638,0.1424,upper,0.9929,0.0558
2026-09-21,hvn,7840.25,7843.5,7841.5,upper,0.999,0.0051,upper,0.9998,0.0016
2026-09-21,lvn,7747.75,7753.0,,,,,,,
2026-09-21,lvn,7769.0,7786.5,,,,,,,
2026-09-22,hvn,7831.5,7833.25,7832.5,neutral,-0.4076,0.589,neutral,-0.3799,0.4753
2026-09-22,hvn,7836.25,7838.25,7836.75,neutral,0.612,0.3606,upper,0.8166,0.1293
2026-09-23,hvn,7769.75,7774.25,7771.75,lower,-0.9331,0.1063,lower,-0.9938,0.0275
2026-09-23,hvn,7777.5,7780.5,7778.75,neutral,-0.6211,0.7773,neutral,-0.9513,0.2847
2026-09-23,hvn,7783.5,7787.0,7784.5,neutral,-0.1927,1.4331,neutral,-0.8733,0.5798
2026-09-23,hvn,7790.25,7793.25,7791.75,neutral,0.2348,1.8151,neutral,-0.7525,1.1982
2026-09-23,hvn,7821.0,7824.5,7822.5,upper,0.9573,0.2006,neutral,0.3613,1.666
2026-09-23,hvn,7836.0,7839.75,7837.75,upper,0.9997,0.0016,upper,0.9957,0.011
2026-09-23,lvn,7805.25,7819.5,,,,,,,
2026-09-23,lvn,7825.5,7831.0,,,,,,,
2026-09-24,hvn,7733.25,7737.0,7734.25,lower,-0.9146,0.2018,neutral,-0.8459,0.3351
2026-09-24,hvn,7751.25,7754.75,7753.25,neutral,-0.031,1.6257,neutral,0.1699,1.446
2026-09-24,hvn,7767.5,7770.5,7768.75,upper,0.9248,0.1801,upper,0.9469,0.1468
2026-09-24,lvn,7744.25,7751.0,,,,,,,
2026-09-25,hvn,7766.25,7768.5,7767.0,neutral,-0.9387,0.2603,neutral,-0.7025,0.9437
2026-09-25,hvn,7771.0,7773.0,7772.0,neutral,-0.8489,0.6135,neutral,-0.4496,1.8039
2026-09-25,hvn,7775.75,7778.5,7777.25,neutral,-0.6848,0.7972,neutral,-0.1244,1.9884
2026-09-25,hvn,7783.75,7787.75,7785.25,neutral,-0.1753,1.154,neutral,0.4751,0.8422
2026-09-25,hvn,7802.75,7805.0,7803.5,upper,0.9572,0.1333,upper,0.9933,0.0322
2026-09-25,lvn,7789.0,7794.25,,,,,,,
2026-09-28,hvn,7729.75,7733.0,7731.75,lower,-0.9984,0.0058,lower,-0.9998,0.0009
2026-09-28,hvn,7745.25,7747.5,7746.0,neutral,-0.783,0.6221,lower,-0.9579,0.1842
2026-09-28,hvn,7760.0,7765.25,7763.5,neutral,0.4245,0.5121,neutral,-0.459,0.4761
2026-09-28,lvn,7748.0,7759.25,,,,,,,
2026-09-29,hvn,7718.75,7721.75,7720.0,lower,-0.9664,0.0637,lower,-0.987,0.034
2026-09-29,hvn,7729.25,7733.5,7731.75,neutral,-0.2342,0.5903,neutral,-0.6676,0.3303
2026-09-29,hvn,7742.0,7744.5,7742.5,neutral,0.8255,0.3463,neutral,0.5135,0.7686
2026-09-29,hvn,7755.5,7758.5,7756.75,upper,0.9914,0.0296,upper,0.9842,0.0425
2026-09-29,lvn,7748.75,7754.25,,,,,,,
2026-09-30,hvn,7713.0,7717.75,7716.0,lower,-0.9995,0.0017,lower,-0.9999,0.0004
2026-09-30,hvn,7724.75,7729.0,7726.25,neutral,-0.9062,0.2786,lower,-0.9803,0.0441
2026-09-30,hvn,7733.25,7736.5,7734.75,neutral,-0.7568,0.7699,lower,-0.8911,0.2175
2026-09-30,hvn,7752.75,7755.5,7754.25,neutral,0.1174,2.0909,neutral,0.4837,0.8479
2026-09-30,hvn,7759.0,7761.5,7760.0,neutral,0.5117,1.2817,neutral,0.7961,0.4991
2026-09-30,hvn,7767.25,7775.5,7769.75,upper,0.9851,0.0142,upper,0.9965,0.0039
2026-09-30,lvn,7736.75,7741.0,,,,,,,
2026-10-01,hvn,7688.25,7691.0,7690.0,lower,-0.9532,0.1862,lower,-0.9914,0.0567
2026-10-01,hvn,7729.0,7732.25,7730.25,neutral,0.8451,0.4255,neutral,0.0552,1.7129
2026-10-01,lvn,7697.5,7719.5,,,,,,,
2026-10-02,hvn,7743.75,7747.25,7745.25,lower,-0.9759,0.1007,neutral,-0.7022,0.7003
2026-10-02,hvn,7772.75,7776.25,7775.0,neutral,-0.2617,1.0706,neutral,0.7601,0.6374
2026-10-02,hvn,7796.5,7799.0,7797.5,upper,0.9622,0.1353,upper,0.9934,0.0461
2026-10-02,lvn,7748.0,7753.75,,,,,,,
2026-10-05,hvn,7786.75,7788.5,7787.75,upper,0.9918,0.0023,upper,0.9802,0.0031
