window_id,instrument_id,start_second,end_second,band_low,band_high
h1705885380,17077,1705885050,1705886220,4875.5,4892.5
l1705890840,17077,1705890630,1705891380,4874.75,4888.25
h1705896900,17077,1705896390,1705897140,4876.5,4888.5
l1705907340,17077,1705906830,1705907640,4872.5,4885.5
h1705935600,17077,1705934790,1705935900,4883.75,4903.25
l1705939320,17077,1705939170,1705939620,4870.25,4892.75
h1705955340,17077,1705955070,1705956180,4875.0,4893.0
h1705976340,17077,1705975290,1705977660,4875.0,4890.0
l1705979640,17077,1705979430,1705979820,4875.25,4888.75
h1705980180,17077,1705979910,1705981260,4876.0,4888.5
l1705999200,17077,1705999110,1705999440,4872.25,4885.75
h1706017260,17077,1706016990,1706017800,4881.75,4896.75
l1706027640,17077,1706026710,1706028360,4869.25,4884.75
h1706118960,17077,1706118510,1706119320,4922.25,4938.25
l1706124240,17077,1706124030,1706125320,4899.75,4922.75
h1706125860,17077,1706125350,1706126220,4897.5,4921.0
h1706144820,17077,1706144730,1706145060,4893.5,4907.0
l1706147460,17077,1706147250,1706147880,4888.5,4902.0
h1706148600,17077,1706148330,1706149320,4891.0,4904.5
l1706150700,17077,1706150610,1706150940,4888.25,4900.75
h1706167080,17077,1706166930,1706167320,4896.25,4909.75
h1706196120,17077,1706195970,1706196900,4911.0,4931.5
l1706209680,17077,1706209170,1706209980,4891.75,4913.25
h1706236500,17077,1706236350,1706236920,4908.5,4920.5
l1706244780,17077,1706244210,1706245320,4896.25,4910.75
h1706247900,17077,1706247630,1706248680,4901.5,4913.5
l1706250720,17077,1706250510,1706250960,4894.25,4907.75
l1706255400,17077,1706255310,1706256180,4893.5,4909.0
h1706277000,17077,1706276730,1706277780,4912.25,4933.75
l1706281560,17077,1706281170,1706282040,4907.75,4930.75
h1706284800,17077,1706284110,1706285100,4921.25,4939.25
l1706295240,17077,1706294430,1706295540,4902.5,4921.5
h1706298660,17077,1706298330,1706299020,4910.75,4928.75
h1706497980,17077,1706497290,1706498220,4905.75,4918.25
l1706499600,17077,1706499270,1706499840,4904.5,4916.5
h1706519400,17077,1706518770,1706519700,4912.75,4925.75
l1706522460,17077,1706521890,1706522700,4907.5,4922.0
h1706559960,17077,1706559750,1706560740,4940.0,4961.0
l1706598960,17077,1706598750,1706599260,4941.0,4953.5
h1706605800,17077,1706605350,1706605980,4945.75,4958.75
l1706620860,17077,1706620470,1706621160,4935.75,4950.25
h1706633340,17077,1706632710,1706635080,4942.75,4960.75
h1706646480,17077,1706646390,1706646720,4946.75,4962.25
l1706666700,17077,1706666250,1706667540,4924.25,4937.25
h1706676660,17077,1706676210,1706678040,4925.75,4937.75
h1706689560,17077,1706689410,1706690940,4930.5,4943.0
l1706698860,17077,1706698710,1706699340,4918.0,4930.5
l1706719260,17077,1706719170,1706719680,4897.75,4915.25
h1706727600,17077,1706727450,1706727720,4906.0,4923.0
h1706727900,17077,1706727750,1706728740,4887.75,4914.75
l1706728980,17077,1706728470,1706729640,4890.5,4916.5
l1706731620,17077,1706731350,1706732640,4870.75,4906.75
l1706751060,17077,1706750790,1706751360,4873.5,4887.0
h1706754840,17077,1706754570,1706755920,4878.0,4891.0
l1706758620,17077,1706758530,1706758980,4874.5,4888.5
h1706761740,17077,1706761410,1706761860,4879.0,4890.5
l1706771340,17077,1706771130,1706771520,4868.75,4882.75
h1706791500,17077,1706791410,1706791860,4887.75,4900.75
h1706796120,17077,1706795070,1706796300,4878.75,4897.25
l1706797740,17077,1706797650,1706797920,4875.5,4894.0
h1706798760,17077,1706798370,1706799000,4880.25,4899.75
h1706801340,17077,1706801130,1706802600,4877.25,4904.25
l1706803920,17077,1706803650,1706804580,4869.5,4893.0
h1706810100,17077,1706809890,1706810340,4901.5,4924.5
l1706810760,17077,1706810610,1706811180,4894.0,4916.0
h1706812320,17077,1706812170,1706812740,4896.5,4918.0
l1706812680,17077,1706812590,1706813220,4895.5,4922.5
h1706837700,17077,1706837610,1706838060,4949.5,4964.0
l1706849700,17077,1706849610,1706849880,4948.75,4960.25
h1706855640,17077,1706855310,1706857020,4949.75,4962.75
l1706861880,17077,1706860770,1706862180,4946.25,4960.75
h1706864640,17077,1706864370,1706864880,4950.0,4965.0
l1706866980,17077,1706866650,1706867280,4946.75,4960.75
h1706879100,17077,1706878890,1706879460,4954.0,4969.0
l1706880660,17077,1706880570,1706880780,4929.0,4987.0
h1706881440,17077,1706881230,1706881680,4929.75,4953.75
l1706882640,17077,1706882130,1706884260,4920.75,4948.25
h1706895360,17077,1706894910,1706895840,4967.5,4988.5
l1706895960,17077,1706895810,1706896200,4953.75,4993.75
h1706898240,17077,1706897550,1706898480,4964.0,4987.5
l1706899020,17077,1706898330,1706899260,4964.75,4990.25
h1706904660,17077,1706904330,1706905440,4983.75,5002.75
l1707095760,17077,1707095670,1707096000,4959.25,4974.75
h1707098220,17077,1707097950,1707098700,4961.75,4975.25
l1707101400,17077,1707101190,1707101820,4960.5,4973.5
h1707102540,17077,1707102210,1707102840,4961.5,4974.0
l1707104040,17077,1707103170,1707105120,4959.5,4973.0
h1707121980,17077,1707120570,1707122280,4964.5,4979.0
l1707126720,17077,1707126570,1707127140,4958.75,4973.25
h1707135780,17077,1707135630,1707136020,4967.5,4980.5
l1707147900,17077,1707147630,1707148620,4932.75,4957.25
h1707162420,17077,1707161730,1707163440,4965.0,4982.5
h1707190020,17077,1707189270,1707190380,4960.25,4972.25
l1707191400,17077,1707191250,1707192000,4959.0,4972.5
h1707204600,17077,1707204390,1707204900,4964.5,4976.5
l1707215640,17077,1707215490,1707216120,4953.25,4965.75
h1707217260,17077,1707217110,1707217680,4955.0,4968.0
l1707222360,17077,1707222150,1707222960,4949.5,4964.5
h1707230760,17077,1707230550,1707231120,4964.25,4983.25
l1707233100,17077,1707233010,1707233580,4950.0,4972.5
h1707236700,17077,1707236310,1707238020,4952.25,4974.25
l1707239520,17077,1707237930,1707240540,4950.75,4973.25
h1707246000,17077,1707244710,1707246360,4959.25,4975.75
l1707247080,17077,1707246450,1707247380,4950.75,4977.25
h1707269040,17077,1707268830,1707269460,4974.0,4988.5
l1707287400,17077,1707287310,1707287640,4966.0,4979.0
h1707297900,17077,1707297690,1707298080,4967.0,4981.5
l1707303060,17077,1707302910,1707303420,4965.0,4978.0
h1707319800,17077,1707319590,1707320220,4997.25,5020.25
l1707327660,17077,1707327150,1707328020,4997.5,5015.0
h1707336180,17077,1707335370,1707337080,5008.5,5025.0
l1707355440,17077,1707355350,1707356040,5006.25,5018.25
h1707357900,17077,1707357630,1707358320,5008.75,5020.75
h1707451200,17077,1707450810,1707451560,5009.75,5021.75
l1707458220,17077,1707457710,1707460560,5008.5,5020.5
l1707489000,17077,1707488910,1707489240,5011.25,5030.25
h1707507960,17077,1707507630,1707508260,5038.0,5053.5
h1707700860,17077,1707700710,1707702540,5037.75,5049.75
l1707718980,17077,1707718770,1707719220,5035.5,5047.5
l1707747480,17077,1707747210,1707747780,5034.5,5048.0
h1707755580,17077,1707755430,1707756540,5050.5,5071.5
h1707792540,17077,1707791970,1707792900,5028.25,5040.25
l1707799200,17077,1707798930,1707799440,5027.0,5038.5
h1707811200,17077,1707811110,1707811320,5030.5,5045.0
l1707819960,17077,1707819750,1707820140,5015.75,5029.25
h1707820500,17077,1707820230,1707820920,5015.25,5030.25
l1707821460,17077,1707821190,1707822000,5014.5,5028.5
h1707823200,17077,1707823050,1707823440,5016.5,5030.0
l1707825780,17077,1707825690,1707826080,5012.0,5026.0
l1707833460,17077,1707832950,1707833940,4962.5,4989.5
h1707834960,17077,1707834750,1707835320,4965.0,4987.0
l1707837420,17077,1707836310,1707837660,4956.75,4982.25
h1707842400,17077,1707841290,1707843240,4973.25,4993.25
l1707855720,17077,1707855210,1707856140,4931.5,4951.5
l1707874740,17077,1707874650,1707874980,4963.75,4977.25
l1707881760,17077,1707881490,1707882300,4964.25,4976.25
h1707899280,17077,1707899130,1707899520,4975.75,4991.75
l1707900540,17077,1707900330,1707901080,4975.25,4991.25
h1707904620,17077,1707904290,1707904980,4984.75,4999.75
l1707910680,17077,1707910530,1707910980,4980.75,4995.75
h1707916320,17077,1707916050,1707916680,4990.75,5005.75
l1707921600,17077,1707921450,1707921840,4981.75,5003.25
h1707924480,17077,1707924030,1707925140,4995.0,5014.0
l1707930360,17077,1707930090,1707930600,4967.75,4987.75
h1707936000,17077,1707935730,1707937020,4985.0,5005.5
l1707937680,17077,1707937470,1707938040,4976.25,5002.75
l1707959880,17077,1707959730,1707960120,5006.0,5018.5
h1707985800,17077,1707985590,1707986160,5021.0,5034.5
l1708013340,17077,1708013010,1708013640,5008.75,5035.25
l1708047660,17077,1708047570,1708047900,5034.25,5047.75
l1708063080,17077,1708062990,1708063800,5038.0,5049.5
h1708082040,17077,1708081710,1708082280,5051.25,5064.25
l1708091340,17077,1708091070,1708091580,5025.0,5044.0
h1708093800,17077,1708093470,1708093920,5028.25,5050.25
h1708102620,17077,1708101690,1708103340,5036.25,5055.25
l1708107060,17077,1708106970,1708107420,5028.0,5046.5
h1708110600,17077,1708110090,1708111980,5043.0,5059.5
h1708304580,17077,1708304490,1708305420,5021.5,5034.5
l1708306920,17077,1708306770,1708307220,5014.0,5028.5
h1708311960,17077,1708311870,1708312800,5017.5,5029.0
h1708325520,17077,1708325430,1708326120,5019.5,5031.5
h1708354140,17077,1708353510,1708355340,5019.75,5033.75
h1708392540,17077,1708392450,1708392720,5009.75,5022.75
l1708394400,17077,1708394310,1708394880,4996.25,5013.75
h1708395180,17077,1708394790,1708395900,4996.0,5011.0
l1708395840,17077,1708395570,1708396680,4997.5,5012.5
l1708407420,17077,1708407330,1708407600,4997.25,5009.75
h1708416300,17077,1708416030,1708416600,5003.75,5017.25
l1708417380,17077,1708417230,1708417860,4994.75,5014.75
h1708420680,17077,1708420470,1708420920,5000.75,5017.25
l1708427040,17077,1708426830,1708427220,4989.25,5006.25
l1708443120,17077,1708441770,1708444020,4977.0,4999.5
h1708444800,17077,1708444590,1708445460,4981.5,5002.5
l1708450740,17077,1708450650,1708450980,4963.25,4984.25
h1708459860,17077,1708459470,1708460700,4979.0,4998.5
l1708479240,17077,1708479090,1708479420,4976.0,4988.5
h1708480980,17077,1708480590,1708481520,4977.75,4990.75
l1708483080,17077,1708482930,1708483320,4976.5,4989.5
h1708498440,17077,1708498230,1708498980,4982.0,4994.5
l1708505760,17077,1708505670,1708506540,4971.0,4987.0
h1708511100,17077,1708510950,1708511520,4976.5,4989.5
l1708517220,17077,1708517070,1708517400,4971.5,4988.5
h1708517820,17077,1708517610,1708518180,4972.75,4989.25
l1708522440,17077,1708522110,1708522860,4968.0,4985.0
h1708532100,17077,1708531830,1708532880,4974.0,4992.0
h1708542240,17077,1708542150,1708542960,4956.25,4989.75
l1708546860,17077,1708546770,1708547220,4954.0,4973.5
l1708567920,17077,1708567770,1708568280,5022.0,5035.5
h1708571880,17077,1708571370,1708572060,5026.25,5038.25
l1708572420,17077,1708571970,1708575180,5025.5,5038.5
h1708590600,17077,1708589850,1708590960,5046.0,5062.5
l1708593840,17077,1708593750,1708594380,5041.0,5057.0
l1708607040,17077,1708606770,1708607400,5051.0,5065.5
l1708612500,17077,1708612170,1708612860,5047.25,5077.25
h1708629960,17077,1708629750,1708630380,5093.75,5112.75
l1708631820,17077,1708631730,1708632240,5086.5,5110.0
h1708655040,17077,1708654770,1708655520,5094.0,5107.5
l1708657740,17077,1708657530,1708658220,5094.75,5107.25
h1708668180,17077,1708668090,1708668420,5097.25,5109.25
l1708680660,17077,1708680330,1708681920,5087.25,5100.75
l1708680480,17077,1708680330,1708681860,5087.0,5101.0
h1708699680,17077,1708699230,1708699920,5111.0,5128.5
l1708704780,17077,1708704570,1708705320,5087.5,5107.5
h1708708320,17077,1708707690,1708708620,5099.0,5116.5
h1708713180,17077,1708712130,1708713840,5100.75,5117.25
l1708909860,17077,1708909590,1708910520,5082.25,5096.25
h1708911180,17077,1708911030,1708911480,5085.25,5099.25
l1708912800,17077,1708912650,1708913580,5084.25,5099.75
h1708915440,17077,1708915350,1708915680,5086.0,5099.5
l1708921620,17077,1708921530,1708921800,5084.5,5096.5
h1708924800,17077,1708924650,1708925160,5086.25,5098.75
l1708930020,17077,1708929690,1708930380,5083.75,5096.25
h1708946940,17077,1708946610,1708947240,5093.5,5107.0
l1708952700,17077,1708952550,1708952880,5090.25,5103.75
h1708958100,17077,1708957830,1708958700,5095.0,5113.0
l1708972500,17077,1708972350,1708972860,5075.75,5094.75
h1708978380,17077,1708978170,1708978740,5081.25,5098.75
h1708996200,17077,1708996050,1708996380,5071.75,5084.75
h1708999740,17077,1708999230,1709000100,5071.5,5084.5
l1709001720,17077,1709001630,1709001900,5068.75,5081.75
l1709002980,17077,1709002830,1709003640,5069.25,5081.25
h1709006220,17077,1709006130,1709006880,5070.75,5083.25
l1709007720,17077,1709007630,1709008200,5070.5,5083.5
h1709010900,17077,1709010450,1709011320,5072.25,5084.25
l1709012580,17077,1709012370,1709012820,5068.0,5083.5
h1709038140,17077,1709037750,1709038500,5082.5,5095.0
l1709039880,17077,1709039790,1709040540,5074.25,5090.75
h1709044140,17077,1709044050,1709044320,5077.0,5094.0
l1709056800,17077,1709056710,1709056980,5062.0,5078.0
l1709082060,17077,1709081970,1709082360,5080.75,5093.25
h1709092620,17077,1709092470,1709093460,5084.5,5096.0
l1709113740,17077,1709113230,1709113920,5058.25,5077.75
h1709120400,17077,1709120310,1709120820,5067.0,5081.0
l1709122620,17077,1709122530,1709123100,5064.5,5078.5
h1709123700,17077,1709123490,1709124060,5065.0,5079.5
l1709125140,17077,1709124810,1709125380,5063.25,5078.25
h1709136300,17077,1709135970,1709137620,5075.25,5092.75
l1709142000,17077,1709141550,1709142240,5068.5,5086.0
h1709145600,17077,1709144970,1709146140,5076.25,5092.25
l1709177460,17077,1709176890,1709177820,5073.25,5085.25
l1709194260,17077,1709194170,1709194440,5055.0,5083.5
h1709196000,17077,1709195790,1709197380,5058.75,5075.75
l1709199060,17077,1709198610,1709199480,5058.5,5074.5
h1709202180,17077,1709202090,1709202720,5060.75,5075.25
h1709208000,17077,1709207430,1709208300,5063.25,5076.75
l1709213100,17077,1709212950,1709213460,5058.25,5072.75
h1709217240,17077,1709217090,1709217900,5092.0,5110.5
h1709240220,17077,1709240070,1709240460,5092.5,5119.5
l1709269740,17077,1709269470,1709269920,5104.0,5115.5
l1709288700,17077,1709288370,1709289360,5084.25,5104.25
h1709321400,17077,1709321130,1709321700,5135.75,5154.25
h1709520360,17077,1709520090,1709521440,5136.0,5148.0
l1709561640,17077,1709560710,1709561880,5127.0,5142.0
h1709583360,17077,1709582910,1709583720,5146.75,5162.75
l1709603520,17077,1709603310,1709603940,5122.75,5135.75
h1709610180,17077,1709609850,1709610840,5125.25,5137.25
l1709633460,17077,1709633010,1709633940,5112.75,5126.75
h1709640660,17077,1709640330,1709641200,5117.75,5132.25
h1709659560,17077,1709659350,1709660280,5086.75,5104.25
l1709670180,17077,1709670030,1709670900,5058.0,5077.0
l1709686800,17077,1709686050,1709687100,5078.75,5092.75
h1709697300,17077,1709697210,1709697480,5084.5,5097.0
l1709706420,17077,1709706330,1709706900,5083.5,5095.5
h1709719740,17077,1709719230,1709719980,5097.5,5112.0
l1709726100,17077,1709726010,1709726280,5095.25,5108.25
h1709735580,17077,1709735250,1709735760,5110.25,5127.25
l1709737620,17077,1709737410,1709738160,5092.75,5121.25
h1709746260,17077,1709744970,1709746920,5117.5,5139.5
l1709750220,17077,1709750130,1709750400,5103.25,5129.25
h1709750700,17077,1709750370,1709750880,5108.5,5131.0
l1709751000,17077,1709750790,1709751480,5100.0,5139.0
h1709752020,17077,1709751870,1709752560,5092.5,5123.0
l1709752560,17077,1709752410,1709752920,5093.5,5135.5
h1709753400,17077,1709752770,1709754060,5089.75,5122.75
l1709756580,17077,1709756250,1709757660,5094.25,5121.75
h1709775000,17077,1709774130,1709775420,5093.5,5109.5
h1709781480,17077,1709780970,1709781780,5087.5,5102.0
l1709781720,17077,1709781630,1709782320,5089.0,5102.0
h1709784120,17077,1709783910,1709784300,5092.25,5106.75
l1709784720,17077,1709784330,1709785260,5092.5,5106.0
h1709788920,17077,1709788650,1709789220,5097.0,5109.5
h1709793060,17077,1709792550,1709793840,5095.25,5110.25
l1709799120,17077,1709798970,1709799360,5081.5,5105.5
h1709837820,17077,1709837370,1709838600,5159.0,5175.5
l1709867040,17077,1709866950,1709867280,5152.5,5164.5
h1709871660,17077,1709871450,1709871900,5158.75,5172.25
l1709882520,17077,1709882310,1709883000,5156.25,5168.75
h1709906520,17077,1709905290,1709907360,5157.5,5184.0
l1709908140,17077,1709908050,1709908380,5155.75,5182.75
h1709910420,17077,1709909790,1709911500,5175.0,5198.0
l1709917800,17077,1709917650,1709918880,5141.0,5172.0
h1709919180,17077,1709918670,1709920020,5134.0,5164.0
l1709923260,17077,1709922930,1709924520,5116.75,5138.75
h1709927100,17077,1709926830,1709927940,5140.75,5160.25
l1709931540,17077,1709930250,1709931780,5122.5,5149.5
h1710116220,5602,1710115890,1710116640,5183.0,5199.5
l1710117840,5602,1710117270,1710118140,5181.75,5195.75
l1710124620,5602,1710124410,1710125040,5181.0,5194.5
h1710127800,5602,1710126750,1710128100,5181.0,5194.0
l1710129960,5602,1710129750,1710130560,5174.5,5187.0
h1710140880,5602,1710140790,1710141180,5182.0,5196.5
l1710144960,5602,1710144870,1710145260,5167.5,5186.5
h1710146340,5602,1710145950,1710146820,5173.25,5192.75
l1710147060,5602,1710146910,1710147300,5165.25,5187.25
h1710148920,5602,1710147810,1710149880,5172.5,5193.0
l1710152700,5602,1710152610,1710153360,5172.5,5187.5
h1710154080,5602,1710153990,1710154920,5179.5,5195.0
l1710159060,5602,1710158970,1710159660,5161.0,5181.0
l1710166380,5602,1710165690,1710166800,5152.0,5182.0
h1710169500,5602,1710168810,1710169920,5158.75,5185.75
l1710171000,5602,1710170790,1710171480,5158.5,5180.5
l1710207120,5602,1710207030,1710207540,5191.5,5204.0
h1710223020,5602,1710222690,1710223440,5201.0,5213.0
h1710230700,5602,1710230550,1710230880,5196.75,5213.75
h1710247500,5602,1710246930,1710248100,5193.0,5226.0
l1710251160,5602,1710251010,1710251580,5175.0,5200.5
h1710256560,5602,1710256050,1710258120,5217.5,5243.5
h1710273300,5602,1710273030,1710273660,5228.75,5251.75
l1710299700,5602,1710299490,1710299940,5230.0,5243.5
h1710314580,5602,1710314250,1710315240,5238.0,5252.5
l1710319860,5602,1710319350,1710320160,5232.25,5246.25
h1710330300,5602,1710329550,1710330840,5239.25,5252.25
l1710341820,5602,1710341370,1710342300,5225.25,5245.75
h1710351000,5602,1710350610,1710351300,5233.5,5251.0
l1710358140,5602,1710358050,1710358260,5212.5,5247.0
h1710380820,5602,1710380550,1710381000,5233.0,5245.0
l1710389820,5602,1710389670,1710390060,5230.75,5242.25
h1710415320,5602,1710415110,1710415500,5245.5,5258.5
l1710424860,5602,1710424710,1710425160,5198.0,5224.5
h1710426900,5602,1710426510,1710427320,5202.5,5231.0
l1710430020,5602,1710429570,1710430680,5205.25,5231.25
h1710432060,5602,1710431370,1710432360,5204.25,5226.75
l1710432780,5602,1710432270,1710433440,5203.25,5230.25
h1710434220,5602,1710433290,1710434940,5201.75,5224.75
l1710437460,5602,1710437310,1710437760,5191.75,5213.25
h1710439920,5602,1710439230,1710440700,5204.5,5227.0
l1710444960,5602,1710444630,1710445200,5183.0,5207.5
h1710463980,5602,1710463890,1710464220,5210.0,5224.0
l1710465780,5602,1710465570,1710466140,5210.25,5223.25
h1710467580,5602,1710467310,1710467820,5212.0,5224.5
l1710470640,5602,1710470370,1710471660,5207.75,5220.75
h1710474300,5602,1710473850,1710475440,5209.75,5222.25
l1710481440,5602,1710481290,1710481680,5205.0,5218.0
h1710488280,5602,1710487590,1710489000,5208.25,5222.75
l1710489540,5602,1710489330,1710489840,5206.5,5220.5
h1710500100,5602,1710499950,1710500280,5222.75,5235.75
l1710511560,5602,1710511170,1710511920,5167.75,5196.75
h1710514140,5602,1710513570,1710514980,5181.25,5206.75
l1710521700,5602,1710521430,1710522420,5162.75,5182.75
h1710528120,5602,1710527970,1710528480,5175.5,5195.5
h1710742080,5602,1710741930,1710743100,5192.25,5204.25
l1710750600,5602,1710750510,1710751320,5187.0,5201.5
h1710752460,5602,1710752250,1710753120,5192.0,5208.5
l1710753600,5602,1710753450,1710753960,5192.25,5206.25
h1710771960,5602,1710771810,1710772500,5224.25,5245.25
l1710791880,5602,1710791610,1710792480,5205.25,5225.25
l1710812100,5602,1710811890,1710812280,5197.5,5211.0
h1710819720,5602,1710819570,1710819840,5201.25,5218.75
l1710820200,5602,1710820050,1710820560,5198.25,5215.25
h1710821700,5602,1710821190,1710822240,5201.0,5217.0
l1710826260,5602,1710826110,1710826500,5202.25,5215.25
h1710827580,5602,1710827490,1710827760,5205.25,5217.75
l1710836280,5602,1710835530,1710836700,5198.75,5219.75
h1710838320,5602,1710838230,1710838620,5208.25,5224.25
l1710842220,5602,1710841710,1710842700,5196.75,5211.25
h1710845040,5602,1710844770,1710845520,5199.25,5213.25
l1710851340,5602,1710850830,1710851580,5181.0,5198.5
h1710878160,5602,1710877830,1710879420,5228.25,5249.75
h1710919860,5602,1710919230,1710920280,5234.0,5246.5
l1710925380,5602,1710925230,1710926160,5229.0,5243.5
l1710958620,5602,1710958290,1710959400,5241.0,5273.5
h1710959400,5602,1710959250,1710959580,5238.25,5268.75
l1710959700,5602,1710959430,1710959940,5236.0,5278.5
l1710985260,5602,1710984810,1710985800,5294.0,5307.0
h1711007700,5602,1711007550,1711008420,5306.75,5320.75
l1711015620,5602,1711015470,1711015860,5296.5,5310.5
h1711038600,5602,1711037610,1711038900,5310.25,5327.75
h1711065840,5602,1711065690,1711066140,5304.0,5316.0
h1711087980,5602,1711087890,1711088520,5300.75,5312.75
l1711092900,5602,1711092570,1711093440,5292.75,5307.25
h1711104480,5602,1711104090,1711104840,5303.75,5316.75
l1711125360,5602,1711125210,1711125600,5284.0,5301.0
h1711130160,5602,1711129710,1711131360,5294.5,5311.0
h1711324920,5602,1711324830,1711325880,5286.75,5299.75
l1711347720,5602,1711347450,1711348140,5277.25,5290.25
h1711355700,5602,1711355550,1711355940,5283.0,5298.0
h1711392000,5602,1711391730,1711392360,5278.75,5293.75
h1711415400,5602,1711414830,1711416360,5280.25,5292.25
l1711424640,5602,1711424430,1711424820,5276.5,5289.5
h1711437000,5602,1711436550,1711437660,5285.25,5299.25
l1711439640,5602,1711439550,1711440120,5281.75,5294.75
h1711450560,5602,1711450110,1711451460,5292.5,5305.5
l1711483020,5602,1711482870,1711483320,5258.0,5283.0
h1711518360,5602,1711518090,1711518780,5275.75,5290.75
l1711525800,5602,1711525650,1711526520,5271.0,5283.5
h1711546140,5602,1711545990,1711546320,5283.0,5299.5
l1711553400,5602,1711553310,1711553940,5265.75,5282.75
h1711587600,5602,1711587210,1711588020,5301.0,5313.0
l1711593540,5602,1711592850,1711594980,5298.75,5310.75
h1711605060,5602,1711604610,1711605300,5301.25,5313.25
l1711618140,5602,1711617570,1711618740,5296.0,5310.0
h1711654200,5602,1711653930,1711654560,5309.5,5326.0
l1711939140,5602,1711938870,1711939740,5320.0,5332.0
h1711956300,5602,1711956150,1711957020,5324.0,5335.5
l1711987200,5602,1711986750,1711987500,5277.25,5298.25
h1711989780,5602,1711988790,1711990860,5283.5,5300.0
l1711992300,5602,1711991970,1711992540,5278.0,5296.5
h1712026500,5602,1712026410,1712027280,5284.25,5297.25
h1712040600,5602,1712040330,1712040840,5284.25,5297.25
l1712042820,5602,1712042670,1712043300,5280.0,5296.0
h1712045940,5602,1712045790,1712047080,5285.5,5301.0
l1712067120,5602,1712066970,1712067780,5230.0,5255.0
l1712118060,5602,1712117970,1712118420,5246.25,5258.75
h1712118840,5602,1712118690,1712119200,5246.75,5259.25
h1712127660,5602,1712127570,1712128020,5243.0,5259.5
l1712130840,5602,1712130510,1712131440,5242.5,5259.0
h1712134140,5602,1712134050,1712134560,5246.75,5260.75
l1712140680,5602,1712140350,1712141220,5241.75,5255.75
h1712146200,5602,1712145810,1712146560,5250.25,5266.25
l1712150640,5602,1712150130,1712151120,5239.5,5258.5
h1712157720,5602,1712155890,1712159340,5269.25,5285.75
l1712160600,5602,1712159970,1712161140,5263.0,5283.0
h1712161980,5602,1712161590,1712162340,5265.0,5284.5
h1712166720,5602,1712166330,1712167140,5269.0,5284.0
l1712192940,5602,1712192250,1712193780,5269.5,5281.5
h1712205720,5602,1712205210,1712206260,5275.0,5287.5
l1712210520,5602,1712210430,1712210820,5269.75,5281.25
h1712237400,5602,1712237190,1712237580,5294.5,5312.0
h1712246940,5602,1712246850,1712247360,5298.5,5313.5
l1712255520,5602,1712255370,1712255880,5226.5,5269.5
l1712259660,5602,1712259330,1712260260,5189.25,5219.25
h1712279580,5602,1712278290,1712280360,5188.5,5207.0
l1712281980,5602,1712281710,1712282520,5190.5,5204.5
h1712293800,5602,1712293530,1712293920,5200.0,5212.5
l1712295120,5602,1712295030,1712295420,5197.75,5210.75
h1712297280,5602,1712296950,1712297520,5199.5,5215.5
l1712297880,5602,1712297490,1712298540,5200.5,5215.5
h1712317320,5602,1712317230,1712317620,5208.5,5224.5
h1712321040,5602,1712320890,1712321400,5194.5,5229.5
l1712322660,5602,1712322090,1712323740,5200.25,5230.75
h1712329020,5602,1712328870,1712329560,5230.0,5253.5
l1712330160,5602,1712330070,1712330460,5226.25,5251.25
l1712340060,5602,1712339970,1712340360,5232.0,5259.5
h1712341320,5602,1712340390,1712341560,5229.0,5266.0
l1712343420,5602,1712342790,1712343960,5235.0,5259.0
l1712536380,5602,1712536110,1712537460,5244.25,5260.75
h1712540700,5602,1712540430,1712541000,5250.0,5263.0
l1712547360,5602,1712547270,1712547900,5238.75,5255.25
h1712553240,5602,1712552730,1712554200,5243.0,5255.5
l1712555400,5602,1712555250,1712555580,5240.25,5252.75
h1712556060,5602,1712555970,1712556720,5239.75,5255.75
l1712560140,5602,1712559990,1712560320,5238.0,5253.5
h1712562720,5602,1712562570,1712563260,5248.75,5264.25
l1712564700,5602,1712564550,1712564820,5231.5,5255.0
h1712565600,5602,1712565210,1712566380,5236.0,5254.5
l1712566620,5602,1712566350,1712567040,5236.75,5254.25
h1712568300,5602,1712568150,1712569200,5239.25,5256.75
l1712571120,5602,1712570970,1712571780,5239.75,5254.75
h1712581200,5602,1712580450,1712581920,5252.75,5271.75
l1712583600,5602,1712583450,1712583840,5241.5,5265.5
h1712587800,5602,1712587470,1712588640,5254.75,5273.75
l1712593380,5602,1712593290,1712593620,5240.25,5261.75
h1712604780,5602,1712604690,1712605080,5251.25,5269.25
l1712628360,5602,1712627730,1712629080,5246.75,5258.25
h1712639760,5602,1712639670,1712640000,5252.5,5264.0
l1712649600,5602,1712649270,1712649840,5243.25,5257.75
h1712656500,5602,1712655990,1712656740,5247.25,5264.25
l1712659140,5602,1712658990,1712659920,5241.0,5256.5
h1712669520,5602,1712669250,1712669700,5261.75,5279.25
l1712674380,5602,1712673690,1712674800,5203.25,5238.75
h1712680440,5602,1712680170,1712681520,5228.75,5249.25
l1712681640,5602,1712681550,1712682360,5226.75,5249.75
h1712683320,5602,1712683050,1712683680,5227.75,5247.75
l1712689860,5602,1712689590,1712690220,5218.0,5238.0
l1712728140,5602,1712727990,1712729280,5257.0,5269.5
h1712739660,5602,1712739270,1712739900,5259.75,5275.25
l1712752920,5602,1712752590,1712753280,5171.5,5213.5
l1712754720,5602,1712753970,1712755140,5174.75,5210.25
h1712759880,5602,1712759550,1712760480,5199.5,5231.5
l1712765640,5602,1712765130,1712767020,5188.75,5212.75
h1712768460,5602,1712768070,1712768580,5193.0,5214.0
l1712768880,5602,1712768610,1712769540,5180.0,5211.0
h1712770020,5602,1712769690,1712770260,5191.0,5221.0
l1712770800,5602,1712770290,1712771820,5181.5,5220.5
h1712771820,5602,1712771730,1712772000,5174.5,5218.5
l1712775900,5602,1712775270,1712776260,5183.25,5215.75
h1712777100,5602,1712776710,1712777520,5191.5,5220.0
h1712795040,5602,1712794890,1712795340,5193.5,5207.0
l1712796300,5602,1712796150,1712797500,5192.0,5207.5
h1712798100,5602,1712797470,1712798400,5193.5,5207.0
l1712798700,5602,1712798490,1712799120,5191.5,5205.5
h1712813100,5602,1712812230,1712813640,5201.5,5214.0
l1712815680,5602,1712815530,1712816100,5199.25,5212.75
h1712816580,5602,1712816430,1712817180,5200.25,5214.75
l1712827200,5602,1712827110,1712827380,5185.75,5202.25
h1712828220,5602,1712827830,1712828520,5185.5,5204.0
l1712830020,5602,1712829750,1712831340,5184.75,5201.25
h1712833200,5602,1712832510,1712833500,5184.75,5201.25
h1712841120,5602,1712840790,1712842380,5203.0,5227.5
l1712845020,5602,1712844630,1712846280,5176.75,5208.25
h1712860560,5602,1712860290,1712861400,5244.5,5262.5
h1712885640,5602,1712885430,1712885880,5240.0,5252.5
h1712892180,5602,1712891850,1712892720,5241.0,5253.0
h1712904480,5602,1712904090,1712904720,5238.75,5253.75
h1712923440,5602,1712923230,1712923740,5219.5,5238.5
l1712926860,5602,1712926770,1712927700,5189.25,5217.25
h1712929560,5602,1712929350,1712930040,5197.25,5223.75
l1712933520,5602,1712933250,1712933760,5174.75,5198.25
h1712936100,5602,1712935770,1712936400,5185.25,5205.75
l1712943120,5602,1712942490,1712943840,5147.25,5172.75
h1712945520,5602,1712945070,1712946360,5147.5,5179.0
l1712949420,5602,1712948310,1712949720,5145.0,5166.5
l1713140460,5602,1713140310,1713140640,5166.25,5190.25
h1713141660,5602,1713141570,1713142680,5170.25,5187.75
h1713146580,5602,1713146430,1713148440,5170.75,5186.25
l1713150120,5602,1713150030,1713151380,5170.75,5184.75
l1713166320,5602,1713166230,1713166620,5181.0,5198.5
h1713166800,5602,1713166470,1713167160,5179.75,5199.25
l1713167160,5602,1713167070,1713167400,5180.75,5198.75
h1713168300,5602,1713167610,1713169560,5183.25,5202.25
l1713173640,5602,1713172890,1713174000,5181.5,5199.0
h1713176220,5602,1713176070,1713176460,5183.75,5198.75
l1713177000,5602,1713176490,1713177300,5182.0,5198.5
h1713187740,5602,1713187650,1713187980,5199.25,5218.25
l1713194520,5602,1713193050,1713195000,5162.25,5187.75
h1713196500,5602,1713196230,1713198000,5168.5,5190.5
l1713205380,5602,1713204450,1713206040,5100.5,5129.5
h1713206280,5602,1713205950,1713206700,5101.75,5128.75
l1713208740,5602,1713208590,1713208980,5089.0,5114.5
h1713226500,5602,1713226410,1713226980,5097.25,5112.75
h1713228300,5602,1713227970,1713228720,5096.25,5111.75
l1713230160,5602,1713230010,1713230520,5090.5,5106.5
h1713232200,5602,1713231870,1713232500,5092.75,5107.75
h1713235860,5602,1713235230,1713237240,5079.5,5097.5
l1713238920,5602,1713238710,1713239220,5081.75,5098.25
h1713239820,5602,1713239250,1713242040,5082.5,5098.5
l1713241980,5602,1713241890,1713242220,5083.5,5100.0
h1713242400,5602,1713242190,1713242580,5083.75,5099.75
l1713242580,5602,1713242430,1713243120,5085.25,5099.75
h1713245220,5602,1713244950,1713247440,5090.0,5105.5
l1713249120,5602,1713249030,1713249660,5084.0,5102.0
h1713258420,5602,1713258150,1713259200,5089.0,5108.5
l1713261180,5602,1713261090,1713261420,5084.0,5101.0
h1713261420,5602,1713261270,1713262140,5082.0,5102.5
l1713263100,5602,1713262770,1713263640,5083.0,5102.5
h1713268260,5602,1713268110,1713269040,5104.25,5125.25
l1713278220,5602,1713277890,1713278760,5076.5,5104.5
h1713282900,5602,1713282630,1713283140,5091.75,5116.25
l1713283380,5602,1713283170,1713283800,5087.0,5113.0
h1713286260,5602,1713285930,1713286740,5087.5,5113.5
l1713288720,5602,1713288570,1713288960,5073.75,5128.25
h1713289200,5602,1713288870,1713289920,5072.75,5111.25
l1713289920,5602,1713289650,1713290700,5078.25,5113.75
h1713291120,5602,1713290850,1713291360,5093.25,5128.25
l1713291660,5602,1713291450,1713292560,5078.25,5116.75
h1713294000,5602,1713293430,1713295080,5092.0,5121.5
l1713314280,5602,1713313950,1713314880,5088.25,5103.25
h1713323820,5602,1713323490,1713324000,5097.75,5110.75
h1713343500,5602,1713343230,1713343980,5099.25,5116.75
h1713350580,5602,1713350250,1713351180,5105.0,5122.0
l1713356700,5602,1713356610,1713357000,5096.5,5115.0
h1713359700,5602,1713359550,1713360780,5106.5,5125.5
l1713365640,5602,1713365490,1713366120,5073.0,5102.0
h1713366240,5602,1713366030,1713366600,5074.5,5101.5
l1713372360,5602,1713372090,1713372660,5042.0,5074.0
h1713379560,5602,1713379290,1713379860,5067.5,5102.0
l1713417420,5602,1713417270,1713417720,5067.75,5080.75
h1713421320,5602,1713420870,1713421740,5075.25,5089.25
l1713432600,5602,1713432330,1713432900,5058.75,5075.75
h1713440880,5602,1713440550,1713441060,5067.5,5084.5
l1713447540,5602,1713447330,1713448080,5045.75,5072.25
h1713453720,5602,1713453210,1713454260,5076.75,5100.25
l1713465240,5602,1713465030,1713465840,5033.5,5061.5
h1713469860,5602,1713469650,1713470040,5042.75,5067.25
h1713501780,5602,1713501210,1713502200,4996.5,5015.0
l1713502440,5602,1713502290,1713502920,4995.5,5014.0
h1713503160,5602,1713502950,1713503760,4992.75,5014.25
h1713504480,5602,1713504210,1713504960,4995.5,5013.5
l1713504960,5602,1713504750,1713505320,4996.75,5015.25
h1713510660,5602,1713510330,1713511980,5012.75,5034.25
l1713514380,5602,1713513990,1713514620,5013.25,5037.25
h1713515160,5602,1713514650,1713515640,5016.0,5036.5
l1713516420,5602,1713516030,1713516660,5013.5,5032.5
h1713521220,5602,1713521070,1713521580,5017.0,5042.0
l1713523380,5602,1713523050,1713523680,5016.75,5036.25
h1713526980,5602,1713526770,1713527220,5032.0,5052.0
l1713527580,5602,1713527130,1713527820,5031.25,5053.75
h1713530040,5602,1713529830,1713530520,5038.5,5061.5
h1713534360,5602,1713534090,1713534660,5035.5,5063.0
l1713544800,5602,1713543750,1713545040,4997.75,5023.75
h1713549300,5602,1713548970,1713549480,5015.5,5042.5
l1713555960,5602,1713555270,1713556500,4986.25,5019.25
h1713745260,5602,1713744750,1713745800,5012.75,5028.75
l1713747900,5602,1713747330,1713748200,5004.5,5022.5
h1713753000,5602,1713752370,1713753720,5009.5,5024.0
l1713758460,5602,1713757950,1713760020,5010.25,5023.25
h1713769620,5602,1713768330,1713769860,5019.0,5036.0
l1713773340,5602,1713772770,1713773700,5011.0,5026.5
h1713786720,5602,1713786090,1713786960,5026.0,5041.5
l1713798900,5602,1713798390,1713799560,5001.0,5022.5
h1713810960,5602,1713809910,1713811260,5062.25,5081.75
l1713815880,5602,1713815490,1713817980,5035.75,5061.25
h1713830700,5602,1713830610,1713830940,5039.5,5054.0
l1713837240,5602,1713837150,1713837540,5034.0,5049.0
h1713860580,5602,1713860010,1713861240,5048.5,5064.0
l1713865500,5602,1713865410,1713866520,5044.75,5062.25
l1713952440,5602,1713952170,1713952740,5101.5,5116.5
h1713961980,5602,1713961770,1713962220,5111.25,5129.75
l1713977160,5602,1713976230,1713977640,5077.0,5097.0
h1713980820,5602,1713980670,1713981840,5102.0,5121.5
l1713985500,5602,1713984570,1713985800,5088.0,5111.0
l1714026660,5602,1714026450,1714026960,5061.5,5075.0
h1714038360,5602,1714038090,1714038780,5073.0,5087.5
l1714053780,5602,1714053090,1714054320,5017.25,5047.25
h1714102320,5602,1714102110,1714102740,5118.25,5132.25
l1714123140,5602,1714122990,1714124100,5107.25,5120.75
h1714134660,5602,1714134570,1714134840,5092.25,5145.25
l1714136040,5602,1714135650,1714136520,5106.25,5138.75
h1714136460,5602,1714136130,1714137240,5099.0,5130.0
l1714138320,5602,1714138050,1714138500,5099.5,5131.5
h1714152840,5602,1714152090,1714153320,5135.0,5151.5
l1714384800,5602,1714384530,1714384920,5129.5,5143.5
h1714397580,5602,1714397490,1714397880,5142.25,5159.25
l1714417620,5602,1714417350,1714417800,5113.75,5145.25
h1714539000,5602,1714538790,1714539300,5058.5,5070.5
h1714588200,5602,1714587930,1714588380,5045.75,5080.75
l1714588320,5602,1714588230,1714588500,5048.25,5097.75
h1714590120,5602,1714589370,1714591320,5083.25,5131.75
l1714593540,5602,1714593090,1714601100,5038.75,5084.25
h1714617900,5602,1714617630,1714618080,5067.5,5081.0
l1714633260,5602,1714633170,1714633500,5061.0,5077.0
l1714640340,5602,1714640190,1714641120,5067.25,5082.25
h1714653900,5602,1714653570,1714654380,5071.0,5095.0
h1714662480,5602,1714661910,1714663740,5052.0,5078.0
l1714667820,5602,1714667370,1714668060,5049.5,5079.0
h1714700160,5602,1714700010,1714700520,5104.25,5117.25
l1714721580,5602,1714720710,1714722540,5094.25,5109.25
h1714739760,5602,1714739550,1714740300,5124.5,5162.0
l1714743480,5602,1714743150,1714743720,5132.25,5158.75
h1714744800,5602,1714744470,1714744920,5144.75,5171.75
l1714749000,5602,1714747890,1714749540,5121.75,5153.75
l1714955820,5602,1714955550,1714956000,5151.0,5164.0
h1714960980,5602,1714960470,1714962240,5153.0,5166.0
l1714973400,5602,1714973070,1714973580,5150.75,5164.25
h1715073240,5602,1715072130,1715073840,5205.25,5218.25
l1715082060,5602,1715081850,1715083080,5200.0,5214.0
h1715103120,5602,1715102550,1715103660,5216.25,5231.75
l1715106720,5602,1715106330,1715107320,5200.5,5220.0
l1715136180,5602,1715136090,1715136360,5205.25,5217.25
h1715179740,5602,1715179650,1715180340,5203.75,5222.25
l1715246340,5602,1715246250,1715246520,5190.0,5210.5
l1715313180,5602,1715312850,1715313480,5235.5,5247.0
h1715332740,5602,1715332470,1715333040,5252.25,5265.75
h1715348940,5602,1715348370,1715349720,5249.0,5269.0
l1715355840,5602,1715355750,1715356200,5227.75,5249.25
h1715606160,5602,1715605710,1715606940,5254.0,5269.0
l1715657700,5602,1715657010,1715658000,5235.75,5247.75
h1715689320,5602,1715689170,1715689860,5241.5,5255.0
h1715696880,5602,1715696610,1715697420,5242.5,5265.0
l1715706900,5602,1715706030,1715707440,5236.25,5253.75
l1715775660,5602,1715775270,1715775960,5261.25,5275.75
h1715803080,5602,1715802930,1715803320,5324.25,5342.25
h1715823000,5602,1715822610,1715823180,5334.25,5346.25
l1715825760,5602,1715825670,1715826060,5332.75,5345.25
h1715830680,5602,1715830290,1715831220,5335.75,5348.25
h1715871660,5602,1715871450,1715872320,5338.0,5354.0
l1715883300,5602,1715883210,1715883720,5318.5,5336.5
h1715886360,5602,1715885790,1715887500,5323.75,5340.75
h1715910360,5602,1715909790,1715911320,5315.75,5328.25
l1715918820,5602,1715918550,1715919300,5313.0,5325.0
h1715927700,5602,1715927490,1715928000,5316.0,5329.0
l1715934600,5602,1715933610,1715935980,5308.25,5322.75
h1715950740,5602,1715949750,1715950920,5317.0,5331.0
l1715970180,5602,1715970030,1715970360,5300.75,5321.75
l1716194640,5602,1716194250,1716194940,5325.25,5338.25
h1716219180,5602,1716218610,1716219720,5336.25,5353.25
h1716252060,5602,1716251910,1716252360,5327.25,5339.25
l1716255120,5602,1716255030,1716255360,5325.25,5337.75
h1716276360,5602,1716276210,1716276720,5327.5,5340.5
l1716298260,5602,1716297450,1716298500,5317.5,5335.0
h1716343500,5602,1716343170,1716343860,5341.25,5354.25
l1716374340,5602,1716373890,1716374580,5329.5,5342.5
h1716376140,5602,1716375690,1716376380,5330.25,5346.25
h1716398100,5602,1716397650,1716398880,5333.5,5348.5
l1716403320,5602,1716402390,1716403740,5301.75,5325.75
l1716407460,5602,1716407310,1716407760,5305.75,5328.75
h1716422820,5602,1716422490,1716423060,5334.5,5347.0
l1716426240,5602,1716425970,1716426420,5333.5,5346.5
h1716437400,5602,1716436950,1716438720,5354.75,5367.75
l1716454320,5602,1716453750,1716455100,5345.5,5359.0
h1716467700,5602,1716466890,1716468000,5359.25,5373.25
l1716472440,5602,1716472230,1716472920,5317.25,5348.25
h1716473760,5602,1716473310,1716474120,5315.25,5342.25
l1716476400,5602,1716476070,1716476580,5311.75,5333.75
h1716479760,5602,1716479430,1716480480,5328.25,5347.25
l1716480720,5602,1716480390,1716481320,5325.75,5349.25
h1716481860,5602,1716481410,1716482580,5327.25,5345.75
l1716489180,5602,1716488850,1716489540,5273.25,5299.25
h1716489660,5602,1716489330,1716490080,5268.0,5295.0
l1716491520,5602,1716490950,1716491940,5268.5,5292.5
h1716519120,5602,1716518790,1716519660,5288.5,5301.0
l1716523680,5602,1716523590,1716523860,5287.0,5299.5
h1716524040,5602,1716523830,1716524640,5287.25,5299.25
l1716525240,5602,1716525030,1716525780,5286.75,5298.25
l1716534960,5602,1716534570,1716535500,5281.0,5295.5
h1716540540,5602,1716540150,1716541380,5291.0,5304.5
l1716543960,5602,1716543390,1716544560,5290.25,5303.25
h1716552000,5602,1716551430,1716552180,5294.5,5307.5
l1716553800,5602,1716553170,1716553920,5289.5,5304.5
h1716563700,5602,1716563370,1716564420,5315.25,5334.25
l1716565920,5602,1716565470,1716566340,5311.25,5331.75
h1716574080,5602,1716573690,1716574920,5316.25,5332.75
l1716769500,5602,1716769350,1716770040,5309.75,5323.75
h1716774600,5602,1716774090,1716775440,5311.5,5324.0
h1716792120,5602,1716791850,1716793320,5315.25,5328.25
l1716797700,5602,1716797550,1716797820,5312.0,5325.5
l1716855120,5602,1716854970,1716855480,5318.25,5332.25
h1716870660,5602,1716870570,1716870840,5323.75,5335.75
h1716879720,5602,1716879570,1716880020,5323.5,5338.5
l1716880800,5602,1716880410,1716881160,5321.0,5338.5
h1716886080,5602,1716885150,1716887280,5330.0,5344.0
l1716892200,5602,1716892050,1716892380,5319.75,5336.25
h1716892800,5602,1716892350,1716893280,5320.0,5334.5
l1716893220,5602,1716893130,1716893580,5320.0,5336.5
h1716898320,5602,1716897990,1716898680,5321.25,5336.75
l1716904860,5602,1716904410,1716905100,5311.0,5332.5
h1716912840,5602,1716912690,1716913020,5319.25,5334.25
l1716921540,5602,1716921270,1716921720,5291.75,5312.75
l1716953160,5602,1716953070,1716953640,5300.75,5313.75
h1716959160,5602,1716959070,1716959520,5303.25,5315.25
h1716967080,5602,1716966810,1716967680,5297.75,5312.25
l1716969240,5602,1716969030,1716969720,5291.25,5307.25
h1716969780,5602,1716969630,1716970080,5291.75,5307.75
l1716972480,5602,1716972030,1716972840,5287.25,5302.75
h1716972960,5602,1716972750,1716973440,5287.75,5303.25
l1716975360,5602,1716974970,1716975720,5283.75,5298.75
h1716978120,5602,1716977490,1716978780,5286.0,5300.5
l1716982020,5602,1716981390,1716982320,5282.75,5299.25
h1716984900,5602,1716984390,1716985500,5286.25,5301.75
l1716990300,5602,1716989970,1716990720,5273.75,5293.75
h1716993480,5602,1716992970,1716994980,5281.25,5303.25
l1716999300,5602,1716998370,1716999600,5280.0,5302.5
h1717001580,5602,1717001370,1717002180,5285.75,5303.25
l1717009860,5602,1717008270,1717010100,5280.5,5301.5
h1717010880,5602,1717010670,1717011060,5285.75,5302.75
h1717028040,5602,1717027830,1717029420,5259.0,5272.5
l1717032480,5602,1717032390,1717032900,5257.25,5271.25
h1717033140,5602,1717032990,1717033560,5258.0,5271.5
l1717039440,5602,1717039350,1717039620,5251.5,5264.0
h1717041000,5602,1717040610,1717041720,5252.0,5264.0
l1717044360,5602,1717043970,1717044840,5249.0,5262.0
h1717045140,5602,1717044690,1717045500,5249.0,5261.5
l1717047600,5602,1717047450,1717048440,5245.5,5259.5
h1717050360,5602,1717050090,1717050720,5248.0,5261.5
h1717060080,5602,1717059330,1717060980,5255.5,5269.5
l1717064100,5602,1717063770,1717064580,5253.25,5266.75
h1717075980,5602,1717075830,1717076160,5258.25,5279.25
l1717081500,5602,1717081410,1717081800,5248.0,5269.0
h1717090920,5602,1717090590,1717091340,5264.0,5282.0
h1717098900,5602,1717098810,1717099140,5235.75,5261.75
l1717115940,5602,1717115610,1717116960,5229.5,5245.5
l1717117680,5602,1717117410,1717117980,5235.25,5250.75
h1717120980,5602,1717120290,1717121340,5234.25,5250.25
l1717124400,5602,1717124130,1717124700,5234.0,5247.0
l1717130220,5602,1717129950,1717130940,5237.5,5250.5
h1717132500,5602,1717132050,1717132740,5239.5,5252.5
l1717135140,5602,1717134990,1717135320,5236.0,5249.0
h1717139580,5602,1717139250,1717139880,5237.75,5251.75
l1717141200,5602,1717140870,1717142640,5234.5,5250.0
h1717144380,5602,1717143690,1717144740,5240.25,5254.75
l1717147380,5602,1717147170,1717147740,5234.5,5248.0
h1717147860,5602,1717147710,1717148100,5234.0,5249.5
l1717151100,5602,1717151010,1717151400,5230.0,5244.0
h1717152180,5602,1717151850,1717152540,5231.25,5245.25
l1717152780,5602,1717152630,1717153020,5225.75,5246.25
h1717159380,5602,1717158930,1717160760,5255.75,5277.25
l1717172580,5602,1717172190,1717172820,5200.5,5219.5
h1717374540,5602,1717373970,1717375320,5300.5,5316.0
l1717378500,5602,1717378170,1717378740,5297.5,5312.0
h1717384320,5602,1717383990,1717384740,5303.25,5314.75
l1717385460,5602,1717385310,1717385880,5301.0,5313.0
h1717390140,5602,1717389930,1717390440,5303.5,5316.0
l1717395120,5602,1717395030,1717396320,5300.75,5314.75
h1717396740,5602,1717396650,1717396980,5301.25,5318.25
l1717401720,5602,1717401570,1717401960,5290.0,5306.5
h1717405080,5602,1717404450,1717405320,5297.0,5313.0
l1717408140,5602,1717407930,1717408440,5294.0,5310.0
h1717413180,5602,1717412910,1717413900,5294.0,5312.0
l1717414020,5602,1717413870,1717414320,5296.0,5312.0
h1717421400,5602,1717420890,1717421520,5302.25,5318.25
l1717427100,5602,1717426410,1717427400,5270.0,5294.5
h1717428960,5602,1717427250,1717429260,5267.5,5293.0
l1717434660,5602,1717434570,1717435020,5241.75,5267.25
h1717461780,5602,1717461030,1717462020,5295.5,5308.5
h1717475640,5602,1717475010,1717476360,5293.5,5305.5
l1717485780,5602,1717485030,1717486440,5277.0,5294.0
h1717487460,5602,1717487070,1717488000,5282.5,5298.0
h1717492440,5602,1717492230,1717493040,5258.0,5275.5
l1717493040,5602,1717492470,1717494060,5259.25,5279.75
h1717494060,5602,1717493910,1717494480,5258.75,5277.25
l1717494780,5602,1717494330,1717495140,5258.5,5278.5
l1717495680,5602,1717495530,1717496160,5258.0,5275.5
h1717502400,5602,1717502010,1717502700,5270.0,5285.5
l1717502880,5602,1717502610,1717503300,5267.0,5285.0
h1717509660,5602,1717509570,1717509960,5267.5,5303.0
l1717510440,5602,1717509870,1717510800,5272.75,5307.75
h1717511520,5602,1717511190,1717511880,5271.5,5299.5
l1717516920,5602,1717516650,1717517100,5264.5,5285.0
h1717526880,5602,1717526370,1717527480,5296.75,5317.25
l1717528020,5602,1717527750,1717528320,5281.5,5309.5
l1717550640,5602,1717550370,1717551060,5302.25,5316.75
h1717554660,5602,1717553430,1717556040,5306.25,5319.75
l1717571460,5602,1717571130,1717572660,5300.5,5317.5
h1717594080,5602,1717593510,1717594320,5319.0,5333.5
l1717634280,5602,1717634130,1717634580,5359.25,5371.75
h1717644180,5602,1717643730,1717645260,5365.75,5377.75
l1717667280,5602,1717666830,1717667640,5357.5,5371.5
l1717677600,5602,1717677510,1717677900,5353.5,5371.0
h1717681440,5602,1717681050,1717682040,5360.25,5378.25
l1717697400,5602,1717697310,1717697580,5340.25,5360.75
h1717738560,5602,1717738470,1717739400,5365.0,5377.0
l1717759620,5602,1717759530,1717759800,5352.25,5364.75
l1717764300,5602,1717764030,1717764660,5324.0,5356.0
h1717771680,5602,1717771290,1717771980,5363.25,5385.75
l1717773060,5602,1717772730,1717773900,5351.0,5375.0
h1717777860,5602,1717777710,1717778160,5364.75,5383.75
l1717778940,5602,1717778730,1717779120,5360.5,5382.0
h1717781040,5602,1717780890,1717781280,5369.5,5390.5
l1717784100,5602,1717783890,1717784520,5346.25,5368.25
h1717786020,5602,1717785570,1717786920,5355.0,5376.0
l1717978680,5602,1717978170,1717980240,5346.75,5361.75
h1717989840,5602,1717989570,1717990320,5352.5,5364.0
l1718002920,5602,1718002830,1718003100,5338.5,5354.0
h1718006340,5602,1718005890,1718006880,5339.75,5356.25
l1718011500,5602,1718011290,1718011740,5333.25,5348.25
h1718022000,5602,1718021790,1718022240,5346.25,5359.75
l1718027160,5602,1718026230,1718027880,5336.0,5357.0
h1718041740,5602,1718041650,1718042340,5351.75,5377.75
l1718044200,5602,1718043750,1718044680,5353.25,5374.75
h1718046900,5602,1718046810,1718047020,5357.25,5380.75
l1718068560,5602,1718068410,1718068980,5358.5,5370.5
h1718087460,5602,1718086830,1718087820,5365.5,5379.0
l1718100060,5602,1718099970,1718100360,5347.5,5363.5
h1718102040,5602,1718101230,1718103840,5349.5,5364.5
h1718107560,5602,1718107290,1718107920,5347.25,5364.75
l1718113680,5602,1718113590,1718113980,5329.5,5356.0
h1718119980,5602,1718119770,1718120340,5350.5,5367.5
l1718122980,5602,1718122530,1718123760,5345.0,5364.0
l1718153580,5602,1718153310,1718153880,5376.25,5388.75
h1718202780,5602,1718202270,1718203440,5439.5,5458.5
h1718217060,5602,1718216790,1718217420,5426.5,5449.5
l1718217360,5602,1718217270,1718217600,5425.25,5452.75
l1718218380,5602,1718217750,1718218680,5420.5,5454.0
h1718220060,5602,1718219610,1718220240,5430.5,5459.5
l1718221320,5602,1718221050,1718221800,5411.25,5444.25
h1718241120,5602,1718240370,1718242080,5430.75,5444.25
l1718246220,5602,1718245950,1718246580,5430.75,5443.25
h1718250840,5602,1718249730,1718252700,5433.25,5446.25
l1718258520,5602,1718258430,1718259000,5430.25,5443.25
h1718263080,5602,1718262810,1718263320,5435.25,5448.75
l1718273940,5602,1718273850,1718274240,5421.0,5435.0
h1718282100,5602,1718281770,1718282340,5423.75,5457.75
l1718291040,5602,1718290590,1718291340,5410.0,5432.0
h1718293440,5602,1718292570,1718294460,5414.75,5434.25
l1718296200,5602,1718295810,1718296380,5403.5,5423.0
h1718308740,5602,1718308530,1718308860,5430.25,5450.75
h1718335440,5602,1718335170,1718335980,5435.0,5446.5
h1718346240,5602,1718346090,1718346480,5436.0,5448.0
l1718349540,5602,1718349210,1718349840,5424.0,5441.0
h1718350620,5602,1718350050,1718351280,5426.25,5442.75
l1718359440,5602,1718359350,1718359740,5400.25,5422.25
h1718359800,5602,1718359590,1718360400,5398.0,5417.0
l1718360880,5602,1718360310,1718361120,5397.0,5418.5
h1718361480,5602,1718361030,1718362680,5398.0,5418.0
l1718363280,5602,1718363130,1718363460,5392.75,5413.75
h1718364900,5602,1718364630,1718365560,5403.0,5422.5
l1718367180,5602,1718366250,1718367660,5403.75,5422.25
h1718372400,5602,1718372190,1718373720,5411.75,5431.25
l1718375880,5602,1718375670,1718376300,5403.5,5425.5
h1718379120,5602,1718378550,1718379720,5411.75,5433.25
l1718380200,5602,1718379930,1718380440,5408.0,5426.5
l1718586900,118,1718586810,1718587260,5492.25,5503.75
l1718591400,118,1718591070,1718591820,5493.75,5505.75
l1718600820,118,1718600670,1718601000,5492.75,5503.75
h1718602680,118,1718602590,1718602860,5495.75,5508.25
l1718604480,118,1718604330,1718604900,5491.5,5507.0
h1718609580,118,1718609370,1718609820,5500.0,5514.5
l1718619720,118,1718619450,1718620440,5488.0,5502.5
l1718632140,118,1718632050,1718632740,5484.75,5504.75
h1718647860,118,1718647590,1718648100,5547.0,5566.0
l1718675940,118,1718675730,1718676180,5537.0,5551.5
h1718680980,118,1718680890,1718681460,5542.0,5553.5
l1718698920,118,1718698830,1718699640,5536.5,5550.0
l1718716260,118,1718715570,1718716620,5537.25,5553.75
l1718756580,118,1718756490,1718756760,5555.25,5567.75
h1718764440,118,1718764350,1718765040,5556.75,5568.25
l1718772840,118,1718772690,1718773080,5554.75,5565.75
h1718847960,118,1718847390,1718848800,5560.75,5573.75
l1718851680,118,1718851230,1718851980,5560.25,5572.25
l1718901180,118,1718900970,1718901720,5528.5,5559.0
h1718902260,118,1718901810,1718902920,5531.5,5556.0
l1718904960,118,1718904690,1718905380,5520.5,5544.0
h1718908320,118,1718907270,1718908620,5538.25,5560.75
l1718911440,118,1718911290,1718911680,5526.5,5549.5
h1718913240,118,1718912550,1718913480,5529.0,5557.5
h1718950440,118,1718950050,1718951280,5542.75,5555.75
l1718955420,118,1718955210,1718955660,5529.0,5547.5
h1718955900,118,1718955570,1718956260,5528.5,5546.5
l1718959200,118,1718959110,1718959500,5521.5,5538.5
h1718964960,118,1718964870,1718965260,5530.75,5544.75
l1718965980,118,1718965890,1718966220,5526.25,5541.25
h1718967900,118,1718967810,1718968380,5532.5,5548.5
l1718972640,118,1718972430,1718973120,5525.75,5542.75
h1718976120,118,1718975550,1718976420,5532.75,5548.75
h1718983200,118,1718982930,1718983440,5525.0,5547.0
l1718983980,118,1718983650,1718984340,5523.75,5546.75
h1718985900,118,1718985150,1718986560,5531.75,5550.75
l1718991300,118,1718991150,1718992020,5519.25,5539.25
h1718999640,118,1718999550,1718999880,5526.25,5546.75
h1719192480,118,1719192210,1719192960,5513.75,5531.75
l1719192900,118,1719192570,1719193620,5517.0,5533.0
h1719194700,118,1719193470,1719195720,5517.5,5532.0
l1719195660,118,1719194970,1719196080,5519.0,5532.5
h1719196380,118,1719196230,1719196740,5520.0,5533.0
l1719197400,118,1719197190,1719197700,5518.75,5531.25
h1719199860,118,1719199770,1719200820,5521.75,5533.75
l1719203040,118,1719202890,1719203220,5520.5,5531.5
h1719217740,118,1719217410,1719218100,5537.0,5551.0
l1719222840,118,1719222270,1719223200,5529.0,5545.0
h1719227040,118,1719226650,1719227400,5531.75,5547.75
l1719230700,118,1719230610,1719230880,5527.0,5542.0
h1719231900,118,1719231690,1719232320,5530.0,5545.0
l1719236640,118,1719236490,1719236880,5520.75,5538.25
h1719238140,118,1719238050,1719238620,5542.5,5563.5
l1719240600,118,1719240510,1719241020,5530.5,5554.0
h1719242340,118,1719241770,1719242820,5537.0,5557.5
l1719302520,118,1719302250,1719302820,5506.0,5521.5
h1719314340,118,1719314250,1719314640,5520.75,5534.25
l1719315840,118,1719315750,1719316200,5516.75,5534.25
h1719328680,118,1719328350,1719329220,5516.25,5537.25
l1719335040,118,1719334230,1719335460,5506.75,5530.25
h1719345540,118,1719345450,1719345720,5524.25,5544.75
l1719360720,118,1719360630,1719360900,5528.0,5539.5
h1719371160,118,1719371070,1719371340,5535.5,5547.0
l1719373020,118,1719372870,1719373620,5533.0,5545.5
h1719388920,118,1719388650,1719389700,5542.75,5556.75
l1719408720,118,1719408570,1719408900,5513.0,5533.0
h1719411780,118,1719411090,1719412020,5518.5,5539.5
l1719414660,118,1719414570,1719415020,5511.25,5534.75
h1719417300,118,1719417150,1719419100,5525.5,5546.5
l1719422400,118,1719422310,1719422580,5521.25,5543.25
h1719431760,118,1719431670,1719432060,5530.0,5554.0
h1719454380,118,1719454290,1719454740,5520.5,5532.5
l1719460740,118,1719460650,1719460980,5516.75,5529.25
h1719472800,118,1719472410,1719473700,5526.25,5540.75
l1719476760,118,1719476550,1719477120,5523.0,5538.0
h1719495960,118,1719495450,1719496200,5537.75,5559.25
h1719497700,118,1719497430,1719498000,5537.0,5560.0
l1719503040,118,1719502050,1719503820,5526.0,5553.5
h1719510000,118,1719509610,1719510780,5537.5,5553.5
l1719512340,118,1719512190,1719514200,5525.0,5544.0
l1719536460,118,1719536250,1719536700,5546.5,5559.5
h1719541380,118,1719540810,1719542100,5555.5,5568.5
l1719553800,118,1719553710,1719554220,5550.75,5562.75
l1719581460,118,1719581190,1719581640,5542.75,5560.75
h1719583920,118,1719583530,1719584340,5569.0,5590.0
l1719592800,118,1719592650,1719593160,5530.5,5560.5
h1719595380,118,1719594390,1719595800,5535.5,5556.0
l1719603240,118,1719603150,1719603360,5505.75,5529.75
h1719603840,118,1719603570,1719604620,5512.5,5541.5
l1719604740,118,1719604410,1719605160,5514.5,5545.0
h1719803520,118,1719803370,1719803760,5531.25,5543.25
l1719809340,118,1719809250,1719810000,5528.0,5541.0
h1719815520,118,1719814650,1719816060,5533.5,5546.0
l1719820620,118,1719820530,1719820860,5520.5,5536.0
l1719825180,118,1719824790,1719825480,5516.0,5534.0
h1719835500,118,1719835410,1719835800,5528.75,5542.75
l1719839700,118,1719839370,1719840060,5523.25,5539.75
h1719840660,118,1719840510,1719841020,5522.75,5544.25
l1719843300,118,1719843090,1719843540,5500.5,5531.0
h1719843780,118,1719843450,1719844740,5500.0,5529.5
l1719845700,118,1719845490,1719845940,5499.5,5524.5
h1719857940,118,1719857490,1719858420,5523.5,5542.5
l1719862020,118,1719861930,1719862200,5513.5,5535.0
h1719863760,118,1719863610,1719864060,5522.5,5544.5
h1719884820,118,1719884370,1719885360,5519.0,5531.5
h1719886380,118,1719886290,1719886620,5519.25,5531.25
h1719889200,118,1719889050,1719889680,5514.75,5527.25
l1719890400,118,1719890190,1719890820,5514.0,5527.0
h1719900000,118,1719899370,1719900300,5520.25,5532.75
l1719906240,118,1719906150,1719906660,5503.75,5518.25
h1719908160,118,1719907470,1719908700,5503.75,5521.25
l1719909000,118,1719908910,1719909240,5503.0,5519.5
h1719911340,118,1719911010,1719912060,5504.25,5520.75
l1719912300,118,1719912030,1719912540,5504.0,5519.5
h1719917040,118,1719916890,1719917520,5506.5,5520.0
h1719934800,118,1719934170,1719935820,5530.75,5549.25
l1719936600,118,1719935970,1719937380,5525.25,5545.75
h1719950340,118,1719950130,1719950580,5552.25,5574.75
h1719966240,118,1719966030,1719966600,5558.5,5571.5
l1719971340,118,1719970950,1719971880,5556.5,5569.0
h1719973560,118,1719973350,1719974460,5557.5,5569.5
l1719974640,118,1719974370,1719974880,5556.25,5569.25
h1719976380,118,1719975870,1719976680,5558.0,5570.0
l1719977340,118,1719976830,1719977640,5554.75,5566.75
h1719996600,118,1719996150,1719996900,5562.75,5577.25
l1720010280,118,1720009530,1720012740,5555.0,5572.5
h1720025880,118,1720025610,1720026060,5581.25,5600.75
l1720062840,118,1720062630,1720063380,5582.75,5594.25
h1720098840,118,1720098330,1720099260,5591.0,5602.0
h1720140300,118,1720140150,1720140660,5584.75,5598.25
h1720161120,118,1720161030,1720162260,5589.75,5603.75
l1720181700,118,1720181550,1720182240,5583.25,5597.25
l1720188660,118,1720188450,1720188900,5580.5,5609.5
h1720209300,118,1720208970,1720209660,5612.5,5631.0
h1720405380,118,1720404990,1720405680,5607.75,5620.25
l1720415880,118,1720415790,1720416120,5606.0,5618.0
h1720417140,118,1720416630,1720417740,5606.25,5618.75
l1720418520,118,1720417830,1720419420,5605.75,5618.75
h1720446660,118,1720446330,1720447320,5624.5,5642.5
l1720455060,118,1720454850,1720456560,5612.25,5630.25
h1720460400,118,1720460190,1720461000,5618.0,5633.0
l1720464360,118,1720464270,1720464480,5610.25,5627.25
l1720490940,118,1720490250,1720491900,5627.75,5640.75
h1720501500,118,1720501170,1720501740,5633.0,5645.0
l1720508580,118,1720508370,1720508820,5628.5,5643.0
h1720517520,118,1720516890,1720518480,5633.0,5645.0
l1720535160,118,1720535070,1720535340,5625.0,5644.5
h1720536420,118,1720536090,1720537020,5630.25,5647.75
l1720539120,118,1720538430,1720540080,5626.75,5643.75
h1720544580,118,1720544490,1720545420,5630.75,5650.75
l1720552920,118,1720551810,1720553820,5623.25,5638.75
h1720573860,118,1720573470,1720574580,5629.5,5641.5
l1720590900,118,1720590390,1720591320,5625.75,5638.25
h1720641540,118,1720641150,1720641720,5675.0,5695.5
l1720660200,118,1720659990,1720660560,5674.0,5686.5
h1720665180,118,1720665030,1720665420,5678.0,5689.5
l1720667220,118,1720667010,1720668180,5676.75,5688.25
l1720700400,118,1720700130,1720700820,5672.25,5685.75
h1720701180,118,1720701090,1720701420,5683.75,5712.75
l1720702860,118,1720702290,1720703160,5675.5,5703.0
h1720703880,118,1720702950,1720705380,5672.5,5696.0
l1720712520,118,1720712370,1720712760,5631.0,5655.5
l1720713780,118,1720713450,1720714140,5628.5,5650.5
h1720715760,118,1720715370,1720716420,5632.75,5654.75
l1720717500,118,1720717050,1720717740,5625.25,5649.25
h1720718520,118,1720717950,1720719540,5622.75,5648.25
l1720719960,118,1720719870,1720721700,5625.0,5645.0
h1720724700,118,1720724310,1720725720,5633.0,5652.0
h1720726680,118,1720726530,1720727040,5630.25,5652.75
h1720744200,118,1720743750,1720744500,5635.0,5649.0
l1720750560,118,1720750470,1720750860,5632.5,5644.5
h1720752480,118,1720752390,1720752840,5634.25,5646.25
l1720754700,118,1720754370,1720755120,5632.75,5644.25
h1720757640,118,1720757250,1720758540,5634.0,5646.0
l1720761300,118,1720761090,1720761420,5629.25,5643.25
h1720764120,118,1720763970,1720764360,5633.75,5648.25
l1720769700,118,1720769550,1720770420,5632.0,5647.0
h1720775460,118,1720775010,1720776000,5638.5,5651.0
l1720776360,118,1720776210,1720776600,5636.25,5648.75
h1720779360,118,1720779030,1720779780,5638.0,5651.0
l1720782540,118,1720782210,1720783080,5632.25,5650.75
h1720784100,118,1720783830,1720784700,5634.5,5648.5
h1720799040,118,1720798530,1720800000,5675.5,5693.5
l1720800660,118,1720800390,1720801140,5666.75,5687.25
h1720806960,118,1720806330,1720807140,5693.25,5713.25
l1720814340,118,1720814130,1720814460,5655.0,5686.0
h1721009280,118,1721009070,1721009640,5669.25,5681.25
l1721009880,118,1721009670,1721010480,5667.75,5680.75
h1721036640,118,1721036490,1721037000,5682.75,5695.25
l1721037660,118,1721037570,1721037780,5681.0,5695.5
l1721044920,118,1721044830,1721045160,5679.0,5696.0
h1721057040,118,1721056650,1721057220,5707.25,5723.75
l1721067180,118,1721066130,1721067840,5671.5,5691.5
h1721071140,118,1721070510,1721071800,5683.25,5700.75
l1721073120,118,1721072970,1721073360,5661.0,5689.5
h1721100300,118,1721100030,1721100840,5687.5,5699.5
h1721108880,118,1721108610,1721109120,5687.25,5699.75
l1721114040,118,1721113890,1721114340,5675.0,5690.5
h1721114940,118,1721114610,1721115300,5674.75,5691.25
l1721117460,118,1721117010,1721118120,5668.0,5687.5
h1721121360,118,1721121090,1721122320,5677.75,5692.25
l1721122920,118,1721122170,1721123220,5677.75,5693.25
h1721142720,118,1721142450,1721142960,5694.75,5719.25
l1721146620,118,1721146530,1721147040,5686.5,5709.5
h1721159700,118,1721159370,1721160180,5694.75,5726.25
l1721178240,118,1721178090,1721179080,5705.0,5717.5
h1721184120,118,1721183910,1721184900,5706.75,5718.25
l1721186100,118,1721185770,1721186460,5704.5,5717.0
l1721197560,118,1721197410,1721197800,5680.75,5699.25
h1721199420,118,1721198190,1721199840,5682.25,5697.75
l1721200020,118,1721199810,1721200200,5677.5,5697.0
h1721201880,118,1721200050,1721202180,5677.25,5693.75
l1721204640,118,1721204010,1721205300,5663.25,5681.25
h1721207580,118,1721207250,1721208540,5667.0,5682.5
l1721208660,118,1721208570,1721208900,5667.0,5681.5
h1721209560,118,1721209170,1721209860,5667.75,5683.25
h1721212860,118,1721212710,1721213040,5669.25,5683.75
l1721213760,118,1721213550,1721214060,5664.25,5681.25
h1721214060,118,1721213970,1721214240,5663.5,5679.5
l1721216040,118,1721215950,1721216640,5650.0,5667.0
h1721218560,118,1721218230,1721219880,5654.75,5672.75
l1721222940,118,1721222850,1721223120,5647.75,5664.75
h1721224440,118,1721224170,1721224860,5651.75,5677.75
l1721236560,118,1721236110,1721236740,5628.25,5649.75
h1721241120,118,1721240850,1721241780,5635.25,5656.75
l1721243160,118,1721242350,1721243520,5632.75,5652.75
h1721244660,118,1721244090,1721245140,5633.75,5655.75
l1721269920,118,1721269110,1721270880,5645.75,5659.25
h1721271360,118,1721271090,1721271600,5646.75,5658.75
h1721274480,118,1721274270,1721276280,5642.0,5656.5
h1721275200,118,1721274930,1721276160,5644.0,5656.5
l1721282760,118,1721282670,1721282880,5642.25,5655.75
h1721285400,118,1721285010,1721285580,5654.0,5669.0
h1721293200,118,1721292450,1721293500,5646.25,5661.75
l1721297580,118,1721297490,1721297820,5633.25,5648.75
h1721312160,118,1721311350,1721312520,5637.25,5666.75
l1721314020,118,1721313570,1721314320,5617.5,5651.0
h1721314500,118,1721314230,1721315220,5615.5,5648.5
l1721319840,118,1721319090,1721320380,5585.0,5611.0
h1721323380,118,1721322690,1721324640,5596.0,5620.5
l1721328780,118,1721328210,1721328960,5575.0,5598.5
h1721329260,118,1721328810,1721329560,5567.75,5599.75
l1721330040,118,1721329890,1721330280,5565.25,5595.75
h1721332140,118,1721332050,1721332380,5583.5,5610.0
h1721348880,118,1721348730,1721349360,5596.0,5610.5
l1721350260,118,1721350110,1721350500,5595.75,5608.25
h1721353080,118,1721352930,1721353800,5595.75,5610.25
l1721354520,118,1721354370,1721354640,5595.5,5611.0
h1721358060,118,1721357910,1721358600,5597.25,5609.25
l1721361840,118,1721361630,1721362020,5596.5,5609.5
h1721369400,118,1721369190,1721369940,5599.5,5612.5
l1721371920,118,1721371830,1721372040,5586.75,5605.25
l1721373060,118,1721372970,1721373300,5572.5,5596.5
h1721373300,118,1721373150,1721374080,5569.5,5594.5
l1721375040,118,1721374890,1721375220,5563.5,5587.0
h1721376360,118,1721376090,1721376900,5567.75,5590.75
l1721377320,118,1721377230,1721377620,5569.0,5590.5
l1721381340,118,1721380950,1721381580,5572.75,5592.25
h1721381520,118,1721381430,1721381940,5567.75,5593.75
l1721382060,118,1721381850,1721382480,5573.5,5593.0
h1721384880,118,1721383830,1721385600,5586.25,5603.25
l1721386440,118,1721385810,1721387160,5584.25,5602.25
h1721390640,118,1721390490,1721391060,5592.5,5607.5
l1721392020,118,1721391630,1721392440,5587.75,5605.75
h1721393940,118,1721393310,1721394240,5590.5,5608.5
h1721394000,118,1721393310,1721394240,5590.5,5608.5
l1721395980,118,1721395650,1721396340,5576.5,5598.5
h1721396460,118,1721396370,1721396700,5582.25,5609.75
l1721403120,118,1721402910,1721404200,5550.25,5575.75
h1721405340,118,1721404650,1721406180,5550.5,5583.5
l1721409780,118,1721409390,1721410140,5537.0,5559.0
h1721413020,118,1721411730,1721413380,5536.5,5565.5
l1721414820,118,1721414130,1721415060,5538.5,5559.0
h1721416980,118,1721416590,1721417520,5547.5,5573.5
h1721608140,118,1721607930,1721608500,5560.5,5575.5
l1721608500,118,1721608170,1721609220,5561.5,5578.5
l1721614740,118,1721614590,1721615460,5548.5,5564.5
h1721616000,118,1721615910,1721616360,5550.0,5565.5
l1721616420,118,1721616150,1721616660,5551.5,5567.0
l1721617860,118,1721617710,1721618220,5557.25,5572.25
h1721618580,118,1721618130,1721619120,5556.75,5572.75
l1721621520,118,1721621130,1721621820,5552.5,5568.5
h1721624460,118,1721623710,1721624820,5558.25,5572.75
l1721625780,118,1721625570,1721626380,5558.25,5571.25
h1721626920,118,1721626530,1721627580,5558.25,5572.75
l1721628120,118,1721628030,1721628360,5555.25,5573.25
h1721630820,118,1721630370,1721631360,5562.5,5577.0
l1721632860,118,1721632590,1721633100,5556.5,5578.5
h1721637720,118,1721637450,1721638320,5567.25,5581.25
l1721638800,118,1721638590,1721639160,5565.5,5579.5
h1721656020,118,1721655930,1721656380,5590.75,5612.75
l1721657340,118,1721657070,1721657700,5571.5,5594.5
h1721660760,118,1721660370,1721661000,5588.75,5613.25
l1721662860,118,1721662170,1721664000,5567.75,5593.25
h1721673480,118,1721673030,1721674920,5601.0,5621.0
l1721695500,118,1721695290,1721695680,5595.0,5613.0
h1721697840,118,1721697690,1721698620,5598.5,5612.0
l1721701020,118,1721700750,1721701380,5595.5,5609.0
h1721703240,118,1721702970,1721703600,5597.5,5609.5
h1721708040,118,1721707890,1721708280,5594.0,5608.5
l1721709660,118,1721708970,1721710200,5595.0,5607.5
h1721711760,118,1721711490,1721711940,5596.25,5608.75
l1721715360,118,1721715090,1721715540,5588.25,5604.25
h1721717460,118,1721717370,1721718240,5590.0,5607.0
l1721719680,118,1721719350,1721720280,5584.25,5601.25
h1721720820,118,1721720490,1721721120,5583.5,5603.5
l1721721900,118,1721721690,1721722140,5582.75,5600.75
h1721734560,118,1721734170,1721734740,5608.75,5623.25
l1721738160,118,1721737830,1721738640,5597.5,5615.0
h1721744580,118,1721744010,1721745480,5605.5,5631.5
l1721746260,118,1721745990,1721746740,5599.5,5623.0
h1721747940,118,1721747610,1721749980,5613.25,5634.75
h1721748900,118,1721747610,1721749980,5614.25,5633.75
l1721753820,118,1721753730,1721754120,5598.5,5618.0
h1721758080,118,1721757270,1721759220,5603.75,5622.75
l1721764560,118,1721764410,1721764920,5589.5,5613.5
h1721784600,118,1721784270,1721785020,5575.25,5588.25
h1721799420,118,1721798670,1721800140,5563.0,5576.5
l1721809800,118,1721809290,1721810340,5546.75,5566.25
h1721811240,118,1721810550,1721812380,5552.5,5568.5
l1721813220,118,1721812890,1721813880,5549.25,5565.25
h1721816700,118,1721816610,1721816940,5555.75,5570.75
l1721819160,118,1721819070,1721819460,5548.25,5564.75
h1721820600,118,1721820150,1721820840,5553.5,5569.0
h1721820420,118,1721820150,1721820840,5553.5,5569.0
l1721839380,118,1721838990,1721839740,5490.25,5515.25
h1721841660,118,1721840850,1721842080,5492.75,5514.25
l1721850900,118,1721850750,1721851260,5457.0,5488.0
h1721866860,118,1721866650,1721867280,5480.0,5495.0
h1721874000,118,1721873670,1721874540,5475.25,5490.25
h1721878260,118,1721878170,1721878500,5476.25,5492.25
l1721887980,118,1721887770,1721888220,5456.5,5475.5
h1721889720,118,1721889570,1721891040,5468.5,5488.0
l1721892420,118,1721892090,1721892600,5457.5,5482.0
h1721893140,118,1721892450,1721893500,5452.75,5480.75
l1721895300,118,1721894730,1721896020,5446.0,5470.5
h1721898420,118,1721898330,1721898840,5465.75,5486.25
h1721899920,118,1721899710,1721900220,5459.25,5477.75
l1721902560,118,1721902170,1721902920,5449.5,5470.5
h1721902980,118,1721902830,1721903340,5447.25,5469.75
l1721903340,118,1721903190,1721903700,5450.75,5471.25
h1721903640,118,1721903490,1721903880,5447.0,5468.5
l1721904060,118,1721903730,1721904780,5450.25,5472.75
h1721905620,118,1721905530,1721906700,5455.25,5476.25
l1721907120,118,1721906730,1721907360,5455.75,5475.25
h1721907660,118,1721907510,1721908140,5452.75,5473.25
h1721911080,118,1721910930,1721912760,5451.5,5480.5
h1721912400,118,1721910990,1721912760,5457.5,5480.5
l1721916780,118,1721916450,1721917020,5427.5,5463.0
h1721920680,118,1721920410,1721920920,5482.5,5509.5
l1721922180,118,1721921970,1721922720,5476.75,5507.75
h1721927400,118,1721926890,1721927700,5505.75,5538.25
l1721933700,118,1721933190,1721935140,5458.25,5490.75
h1721935680,118,1721935530,1721936100,5472.75,5500.25
h1721952780,118,1721952690,1721953020,5449.75,5463.75
l1721955060,118,1721954910,1721955300,5448.0,5461.5
h1721960460,118,1721960190,1721960760,5455.25,5469.75
h1721970900,118,1721970630,1721972400,5459.0,5474.0
l1721973540,118,1721973270,1721973960,5454.75,5469.25
h1721984340,118,1721984190,1721984640,5474.0,5493.0
h1722004080,118,1722003810,1722004320,5470.25,5506.75
l1722004500,118,1722004230,1722005040,5466.75,5503.25
h1722014940,118,1722014670,1722015360,5513.25,5533.25
l1722020760,118,1722020250,1722021000,5481.0,5506.0
h1722022020,118,1722021810,1722022320,5483.5,5511.5
l1722023700,118,1722023430,1722024000,5477.5,5512.5
l1722217680,118,1722216930,1722218940,5516.0,5535.0
h1722219240,118,1722219150,1722219900,5513.25,5530.75
l1722228900,118,1722228750,1722229140,5516.0,5528.5
h1722236340,118,1722236190,1722236520,5518.75,5532.75
l1722240000,118,1722239670,1722240540,5500.75,5519.75
l1722267240,118,1722267030,1722267600,5476.0,5504.0
h1722273180,118,1722272970,1722273480,5506.25,5530.25
l1722277860,118,1722277290,1722279600,5494.5,5515.0
h1722301920,118,1722301830,1722302160,5484.75,5499.25
h1722305760,118,1722305610,1722306420,5478.25,5492.75
h1722325200,118,1722324990,1722325740,5504.75,5520.75
l1722332580,118,1722332190,1722332940,5500.0,5517.5
h1722346920,118,1722346770,1722347100,5512.0,5532.5
l1722358920,118,1722358530,1722359280,5433.0,5460.5
h1722368940,118,1722368850,1722369540,5465.0,5496.0
h1722398400,118,1722398310,1722398520,5486.25,5504.75
l1722400200,118,1722398430,1722401040,5486.5,5507.5
l1722399960,118,1722399030,1722400920,5485.75,5500.75
h1722439920,118,1722439770,1722440220,5553.5,5576.0
l1722447720,118,1722447630,1722447900,5534.5,5564.5
h1722451860,118,1722451650,1722452760,5564.0,5593.5
l1722454080,118,1722453810,1722454620,5540.5,5587.0
h1722471240,118,1722471090,1722471540,5583.0,5599.5
l1722474660,118,1722474510,1722474900,5573.75,5594.25
h1722484740,118,1722484530,1722485040,5583.25,5598.25
l1722501660,118,1722501510,1722503040,5553.5,5575.0
h1722512640,118,1722511470,1722513060,5574.5,5592.0
l1722513660,118,1722513330,1722513900,5570.25,5590.75
h1722515520,118,1722515430,1722515820,5578.25,5598.75
l1722518700,118,1722518490,1722518880,5567.75,5588.75
h1722519900,118,1722519750,1722520320,5580.25,5605.75
l1722527340,118,1722526890,1722527820,5488.0,5517.0
h1722528960,118,1722528330,1722529380,5486.5,5520.5
l1722534660,118,1722533910,1722534840,5450.25,5480.25
h1722535200,118,1722535110,1722535500,5457.0,5484.5
l1722538140,118,1722537690,1722539040,5439.75,5467.75
h1722541920,118,1722541710,1722542100,5457.25,5490.75
l1722558300,118,1722558150,1722558600,5444.25,5463.75
h1722563040,118,1722562770,1722563820,5447.75,5466.75
h1722569520,118,1722569430,1722570180,5430.75,5449.25
l1722570240,118,1722569910,1722571020,5432.75,5450.75
h1722573000,118,1722570690,1722573480,5432.75,5447.75
l1722574260,118,1722574110,1722574740,5430.5,5446.5
h1722575880,118,1722575670,1722576120,5432.5,5450.0
l1722583080,118,1722582810,1722583680,5407.5,5430.0
h1722585600,118,1722585510,1722586020,5416.25,5438.25
l1722593280,118,1722593010,1722594120,5404.0,5429.5
h1722594360,118,1722594090,1722594660,5404.5,5427.5
l1722594840,118,1722594750,1722595320,5404.25,5425.75
h1722596160,118,1722596010,1722596400,5412.5,5431.0
l1722602160,118,1722601890,1722602640,5371.5,5413.5
h1722603240,118,1722602910,1722603600,5374.25,5411.25
l1722603780,118,1722603270,1722604260,5382.25,5418.75
h1722606060,118,1722605910,1722606480,5384.75,5422.25
l1722612120,118,1722610530,1722612840,5326.75,5359.25
h1722616860,118,1722616710,1722617220,5355.75,5386.75
l1722621720,118,1722619890,1722622980,5336.25,5369.25
h1722628740,118,1722628410,1722630960,5331.5,5383.5
l1722817140,118,1722817050,1722817260,5293.25,5331.75
h1722818640,118,1722817590,1722819060,5295.0,5323.0
l1722821220,118,1722820890,1722821580,5283.25,5312.25
l1722822240,118,1722822150,1722823020,5289.0,5316.0
h1722824760,118,1722824550,1722825300,5295.0,5319.5
l1722825840,118,1722825630,1722826380,5290.5,5317.5
h1722826800,118,1722826710,1722827520,5291.5,5312.5
l1722832680,118,1722832230,1722832860,5280.25,5300.75
h1722836640,118,1722836430,1722836940,5229.25,5265.75
l1722837840,118,1722837570,1722838260,5197.25,5245.75
h1722838260,118,1722837990,1722838800,5189.5,5238.0
l1722839040,118,1722838530,1722839340,5196.0,5242.5
l1722841740,118,1722841110,1722842400,5212.25,5251.75
l1722843060,118,1722842610,1722843300,5223.75,5257.25
h1722844680,118,1722843870,1722845040,5220.75,5263.75
l1722845040,118,1722844770,1722845220,5233.75,5277.75
h1722846000,118,1722845790,1722846360,5240.75,5282.75
h1722848460,118,1722848370,1722848940,5228.5,5259.5
h1722851940,118,1722851730,1722852360,5216.75,5252.25
l1722854400,118,1722854190,1722855000,5199.75,5231.25
h1722855600,118,1722855450,1722855900,5202.0,5240.0
l1722856200,118,1722855750,1722856500,5208.25,5240.75
h1722856920,118,1722856290,1722857400,5200.5,5235.0
l1722857580,118,1722857490,1722857760,5196.25,5230.25
h1722857700,118,1722857610,1722858000,5183.0,5225.5
l1722858960,118,1722858750,1722859320,5180.5,5214.5
h1722859260,118,1722859050,1722859560,5167.5,5211.5
l1722861120,118,1722860850,1722861540,5115.0,5178.0
h1722861660,118,1722861570,1722862020,5110.5,5179.5
l1722861960,118,1722861810,1722863100,5128.25,5195.25
l1722864600,118,1722864450,1722864900,5141.0,5189.5
l1722868140,118,1722867690,1722868560,5184.0,5257.5
l1722868200,118,1722867690,1722868560,5184.25,5257.25
h1722869640,118,1722869490,1722869940,5179.0,5240.5
l1722870060,118,1722869790,1722870540,5191.75,5248.75
h1722872220,118,1722871890,1722872700,5217.5,5269.0
l1722873060,118,1722872430,1722873960,5229.25,5274.75
h1722875340,118,1722875010,1722875700,5252.0,5284.5
l1722877560,118,1722876810,1722877920,5221.0,5259.0
h1722879720,118,1722878070,1722880200,5219.25,5257.25
l1722887400,118,1722886830,1722887520,5187.25,5220.25
l1722903480,118,1722903150,1722904080,5252.25,5283.25
h1722906840,118,1722906750,1722907140,5281.5,5310.5
l1722908580,118,1722908310,1722908940,5270.75,5301.75
h1722909780,118,1722908850,1722910140,5269.0,5298.5
l1722911580,118,1722911190,1722913020,5277.0,5300.0
h1722916320,118,1722916050,1722916500,5289.0,5307.5
h1722922500,118,1722922350,1722923340,5277.75,5304.25
h1722928980,118,1722928770,1722929220,5262.5,5289.0
l1722932040,118,1722931950,1722932700,5241.75,5272.25
h1722934440,118,1722934170,1722934740,5246.0,5273.5
l1722935820,118,1722935490,1722936060,5227.25,5254.75
h1722936300,118,1722935970,1722936780,5226.25,5254.25
l1722937260,118,1722936810,1722937680,5222.5,5248.0
l1722951960,118,1722951570,1722952140,5216.75,5261.75
h1722955740,118,1722955530,1722957120,5275.5,5314.0
l1722958140,118,1722958050,1722958680,5262.0,5301.0
h1722970140,118,1722969210,1722970680,5323.0,5347.0
h1723002240,118,1723002090,1723002600,5295.0,5318.5
l1723002660,118,1723002330,1723003320,5301.0,5322.5
h1723014600,118,1723014330,1723014780,5281.0,5309.5
l1723015440,118,1723015290,1723016040,5275.0,5304.0
h1723016280,118,1723016070,1723016700,5278.0,5307.0
l1723017240,118,1723016970,1723017480,5276.5,5305.0
h1723039260,118,1723039110,1723039560,5330.75,5364.25
l1723051140,118,1723050630,1723051380,5260.0,5303.0
h1723052280,118,1723051770,1723052640,5260.25,5297.25
l1723056480,118,1723056390,1723057440,5225.5,5263.5
h1723057560,118,1723057350,1723058880,5232.5,5268.0
h1723076400,118,1723076190,1723077000,5194.75,5225.75
l1723078020,118,1723077510,1723078800,5196.75,5223.75
h1723088820,118,1723088490,1723089240,5228.0,5244.5
l1723089900,118,1723089810,1723090260,5215.75,5241.75
h1723090620,118,1723090230,1723091340,5217.75,5239.25
l1723092360,118,1723091730,1723093020,5213.0,5237.5
h1723093740,118,1723093230,1723094340,5214.25,5237.25
l1723096920,118,1723096530,1723097340,5205.5,5230.0
h1723098240,118,1723097970,1723099560,5212.25,5242.25
l1723102320,118,1723102170,1723104240,5197.25,5225.75
h1723107720,118,1723107570,1723108080,5215.25,5236.75
l1723110720,118,1723110510,1723110900,5198.0,5221.5
l1723164180,118,1723164030,1723164420,5331.75,5352.75
h1723171920,118,1723171830,1723173300,5348.25,5363.75
l1723179480,118,1723179390,1723180020,5323.5,5351.0
h1723193700,118,1723192470,1723194480,5354.5,5377.0
l1723206960,118,1723206810,1723207260,5314.5,5338.5
h1723216080,118,1723215750,1723216920,5342.0,5371.5
l1723220640,118,1723218930,1723221120,5332.75,5367.75
h1723224600,118,1723224510,1723225380,5362.75,5390.25
h1723475040,118,1723474650,1723475940,5376.25,5401.75
l1723476300,118,1723476210,1723476600,5352.25,5386.25
h1723478520,118,1723478190,1723478880,5369.25,5395.25
l1723485120,118,1723484970,1723485840,5351.25,5375.75
l1723508640,118,1723508190,1723509360,5362.5,5377.5
h1723533780,118,1723533630,1723534020,5386.25,5406.75
l1723546320,118,1723546170,1723547100,5365.25,5383.25
h1723651620,118,1723650990,1723652220,5473.75,5492.75
l1723653900,118,1723653810,1723654380,5450.75,5479.25
h1723693140,118,1723692930,1723693620,5484.0,5497.0
h1723791120,118,1723790910,1723791420,5574.75,5588.25
l1723812660,118,1723812390,1723813080,5531.5,5554.5
l1724054820,118,1724054670,1724055060,5560.25,5584.25
h1724162220,118,1724162070,1724162580,5629.25,5648.75
h1724178180,118,1724178090,1724178960,5620.25,5637.25
h1724251440,118,1724251170,1724251740,5632.75,5660.25
l1724256180,118,1724256030,1724256720,5608.5,5633.0
h1724265120,118,1724264910,1724265420,5634.5,5656.0
l1724268120,118,1724267970,1724268420,5621.0,5645.5
h1724285760,118,1724285370,1724286060,5638.75,5652.25
l1724296020,118,1724295930,1724296320,5626.5,5643.0
l1724341800,118,1724341650,1724342580,5598.25,5623.75
h1724344200,118,1724343930,1724345400,5614.0,5638.5
l1724349300,118,1724349150,1724350500,5579.75,5605.25
h1724352420,118,1724351310,1724352720,5589.75,5610.75
l1724356620,118,1724356170,1724356860,5577.75,5612.75
h1724422380,118,1724422170,1724422680,5634.25,5667.25
l1724424660,118,1724424450,1724425080,5609.25,5656.75
h1724427660,118,1724426070,1724427900,5628.0,5661.0
l1724431560,118,1724431290,1724431920,5598.0,5638.0
h1724442900,118,1724442810,1724443920,5637.75,5662.75
h1724635140,118,1724635050,1724635500,5648.5,5664.5
h1724660280,118,1724659650,1724660520,5654.0,5669.5
l1724672760,118,1724672670,1724673060,5647.25,5663.75
h1724679180,118,1724679090,1724679420,5653.5,5674.0
l1724688000,118,1724687490,1724689080,5621.5,5645.0
h1724691840,118,1724690490,1724692200,5634.5,5651.5
l1724695740,118,1724695410,1724696160,5614.75,5637.25
h1724697900,118,1724697270,1724700660,5620.75,5643.75
h1724718720,118,1724718570,1724719260,5627.0,5641.0
l1724722800,118,1724722650,1724723040,5621.0,5635.0
h1724746500,118,1724745990,1724746860,5635.75,5650.75
l1724756520,118,1724756370,1724756760,5621.5,5638.0
h1724759100,118,1724758770,1724759580,5629.25,5645.25
l1724766000,118,1724765850,1724766600,5606.5,5630.0
h1724771280,118,1724770710,1724772000,5633.0,5654.5
h1724835600,118,1724834430,1724836380,5642.5,5655.5
h1724864520,118,1724863890,1724865300,5602.25,5621.25
l1724868000,118,1724867790,1724868540,5572.5,5606.5
h1724871720,118,1724871570,1724872080,5595.0,5620.5
l1724872380,118,1724871990,1724872860,5594.0,5623.0
h1724874720,118,1724874270,1724875200,5599.5,5626.5
h1724892240,118,1724892030,1724892660,5573.25,5589.75
l1724895060,118,1724894730,1724895480,5572.5,5588.0
h1724919360,118,1724919150,1724919720,5599.25,5620.75
l1724919780,118,1724919630,1724920320,5600.75,5621.75
h1724926140,118,1724926050,1724926440,5618.25,5634.75
l1724929380,118,1724929170,1724929860,5610.0,5629.5
l1724939520,118,1724938830,1724939820,5615.5,5645.5
h1724950080,118,1724948850,1724950380,5649.75,5668.75
l1724957280,118,1724956950,1724957760,5593.0,5634.0
l1724958720,118,1724957730,1724959080,5596.75,5629.75
h1724960280,118,1724959890,1724960640,5601.0,5631.5
l1724961240,118,1724960610,1724961720,5597.75,5635.25
h1724979780,118,1724979630,1724980140,5611.75,5625.75
l1724981220,118,1724980890,1724981580,5609.5,5624.0
h1724986740,118,1724986650,1724987040,5615.5,5628.5
h1725007620,118,1725007290,1725007920,5625.5,5640.0
l1725014100,118,1725014010,1725014520,5621.5,5637.5
h1725015660,118,1725015450,1725015900,5625.25,5642.25
l1725018300,118,1725018150,1725018600,5623.5,5639.5
h1725026400,118,1725026250,1725027780,5625.0,5651.0
l1725035820,118,1725035490,1725036300,5589.25,5614.25
h1725047940,118,1725047610,1725048720,5641.0,5670.0
h1725240660,118,1725239970,1725241560,5652.75,5665.25
l1725250440,118,1725250350,1725250680,5643.5,5658.0
h1725255600,118,1725255330,1725256140,5649.75,5661.75
l1725262200,118,1725261690,1725262500,5633.0,5651.0
h1725326100,118,1725326010,1725326820,5651.0,5666.0
l1725333060,118,1725332970,1725333420,5639.75,5654.75
h1725343140,118,1725343050,1725343320,5647.0,5660.5
l1725344760,118,1725344670,1725345000,5641.75,5659.25
h1725349380,118,1725349230,1725349860,5654.25,5671.25
h1725355680,118,1725355230,1725355920,5621.25,5641.75
l1725355860,118,1725355770,1725355980,5623.0,5644.0
l1725357660,118,1725357510,1725357900,5621.5,5639.5
h1725360720,118,1725360510,1725361560,5622.25,5641.25
l1725361620,118,1725361530,1725362280,5622.25,5639.75
h1725367080,118,1725366990,1725368160,5624.75,5641.75
l1725375240,118,1725374670,1725375900,5567.5,5597.5
h1725377760,118,1725377550,1725378120,5568.75,5596.75
l1725392820,118,1725392730,1725393000,5511.75,5543.25
h1725408480,118,1725408210,1725409080,5526.5,5543.5
l1725410640,118,1725410550,1725410820,5511.25,5532.75
h1725411000,118,1725410730,1725411240,5510.25,5531.75
h1725412140,118,1725411810,1725412800,5499.25,5523.25
h1725414420,118,1725413670,1725415260,5510.75,5532.25
l1725415260,118,1725415110,1725416580,5511.5,5533.0
h1725417300,118,1725416490,1725417840,5512.0,5531.0
l1725418740,118,1725418470,1725418920,5510.25,5528.75
h1725418920,118,1725418770,1725420180,5509.5,5527.5
l1725422040,118,1725421530,1725422460,5506.5,5524.5
h1725422940,118,1725422790,1725423180,5508.5,5525.5
l1725424080,118,1725423630,1725424560,5506.25,5522.25
h1725424980,118,1725424290,1725425520,5505.25,5521.25
l1725426900,118,1725426030,1725427500,5503.75,5518.25
l1725428940,118,1725428190,1725429480,5503.25,5520.25
h1725429720,118,1725429630,1725430200,5498.75,5522.75
l1725430140,118,1725430050,1725431280,5505.0,5525.5
h1725431400,118,1725431190,1725432180,5507.25,5524.75
l1725433260,118,1725432930,1725433440,5501.75,5518.75
l1725434940,118,1725434490,1725435480,5507.5,5530.5
h1725438720,118,1725438570,1725439080,5513.0,5534.5
l1725439440,118,1725439050,1725441600,5515.5,5534.0
h1725443160,118,1725442710,1725443400,5517.5,5535.5
l1725447900,118,1725447630,1725448080,5510.5,5525.0
h1725462360,118,1725461670,1725462780,5538.5,5570.0
l1725466080,118,1725465690,1725466740,5526.25,5550.25
h1725467880,118,1725467430,1725468300,5533.0,5556.5
l1725477000,118,1725476370,1725477780,5510.0,5532.0
h1725479460,118,1725479310,1725479700,5519.0,5545.0
h1725497400,118,1725497250,1725497820,5525.75,5542.75
l1725502560,118,1725502050,1725502980,5523.25,5541.25
h1725504780,118,1725504450,1725505200,5525.0,5539.5
l1725508020,118,1725507930,1725509340,5514.75,5532.25
h1725509700,118,1725509310,1725510600,5516.5,5530.0
l1725512820,118,1725512670,1725513240,5513.75,5527.75
h1725514680,118,1725514530,1725515280,5521.0,5535.0
h1725522000,118,1725521430,1725524520,5525.0,5545.0
l1725528300,118,1725528210,1725528720,5518.5,5537.0
h1725534240,118,1725533850,1725534720,5525.5,5541.0
l1725535200,118,1725534930,1725535380,5523.25,5539.25
h1725535860,118,1725535650,1725536460,5524.25,5542.25
l1725539100,118,1725538710,1725539460,5507.0,5531.0
l1725540060,118,1725539790,1725540540,5510.0,5534.0
h1725546420,118,1725546090,1725547200,5535.25,5562.25
l1725552960,118,1725552690,1725553380,5485.0,5512.0
h1725555420,118,1725555330,1725555900,5496.25,5517.25
l1725557400,118,1725557190,1725557760,5491.5,5515.5
h1725562260,118,1725562110,1725562560,5516.75,5536.25
l1725565860,118,1725565290,1725566460,5495.0,5522.0
l1725584940,118,1725584490,1725585900,5483.5,5502.5
h1725592200,118,1725592110,1725593040,5503.0,5516.0
l1725595500,118,1725595110,1725595920,5497.5,5513.0
h1725597960,118,1725597570,1725598320,5499.75,5513.75
h1725602100,118,1725601830,1725602400,5492.0,5512.0
h1725610500,118,1725609510,1725610800,5470.25,5487.75
l1725614160,118,1725614010,1725614400,5464.0,5482.0
h1725616320,118,1725615990,1725619140,5466.5,5486.0
l1725619440,118,1725619110,1725619620,5468.0,5483.5
h1725625620,118,1725625410,1725625740,5478.5,5495.0
h1725629700,118,1725629370,1725629880,5493.5,5537.5
l1725630060,118,1725629910,1725630300,5496.0,5529.0
h1725630420,118,1725630150,1725630900,5493.0,5528.0
l1725634620,118,1725634170,1725634920,5426.75,5459.25
h1725634860,118,1725634770,1725635160,5401.0,5476.5
l1725635940,118,1725635370,1725636840,5420.5,5459.5
h1725636780,118,1725636030,1725637380,5413.25,5447.75
l1725641460,118,1725641130,1725642300,5407.5,5436.0
h1725643380,118,1725643170,1725643740,5413.0,5441.0
l1725647160,118,1725646650,1725648960,5405.25,5428.25
h1725650880,118,1725650610,1725651120,5416.75,5439.75
h1725857520,118,1725857250,1725857760,5435.5,5450.0
l1725860820,118,1725860610,1725861900,5431.25,5446.25
h1725876900,118,1725876390,1725877320,5452.75,5468.75
l1725879060,118,1725878790,1725879720,5450.0,5465.5
l1725884940,118,1725884550,1725885240,5442.25,5457.75
h1725891060,118,1725890970,1725891600,5458.25,5484.75
l1725894900,118,1725894570,1725895500,5437.5,5466.5
h1725901680,118,1725900030,1725902580,5476.5,5498.0
l1725907140,118,1725906990,1725907440,5452.25,5477.75
l1725927360,118,1725927210,1725928380,5468.75,5484.75
h1725930600,118,1725930090,1725931200,5473.25,5488.25
l1725943080,118,1725942990,1725943320,5463.75,5479.75
l1725948360,118,1725948270,1725948780,5461.5,5476.0
h1725955200,118,1725955050,1725955560,5475.25,5492.75
l1725959700,118,1725959310,1725960000,5457.5,5480.5
h1725962580,118,1725962490,1725963120,5466.25,5483.75
l1725963420,118,1725963270,1725963840,5463.25,5480.25
h1725964440,118,1725964350,1725964920,5469.0,5487.5
l1725965820,118,1725965430,1725966120,5468.25,5485.75
h1725975120,118,1725974910,1725975300,5490.75,5506.25
l1725977760,118,1725977550,1725978600,5465.25,5494.75
h1725982200,118,1725981270,1725982680,5472.5,5497.0
l1725984180,118,1725983910,1725985260,5443.25,5476.75
h1725998340,118,1725998010,1725998520,5490.0,5511.0
h1726019100,118,1726018890,1726019520,5477.75,5497.75
l1726032540,118,1726032330,1726032780,5466.0,5479.5
h1726039020,118,1726038930,1726039320,5481.25,5500.25
l1726046700,118,1726046610,1726046880,5473.75,5491.25
h1726057740,118,1726056990,1726057920,5487.75,5503.75
l1726057860,118,1726057770,1726057980,5463.5,5532.5
h1726061040,118,1726060470,1726061400,5489.5,5512.5
l1726066020,118,1726065390,1726067100,5407.0,5438.0
h1726069560,118,1726069230,1726070160,5436.25,5469.75
h1726084740,118,1726084590,1726084860,5544.5,5572.5
l1726128060,118,1726127970,1726128780,5557.0,5576.5
h1726132980,118,1726132410,1726133220,5566.5,5581.5
l1726149000,118,1726148790,1726149240,5535.25,5573.75
h1726153980,118,1726153890,1726154220,5555.75,5584.25
l1726156680,118,1726155750,1726157100,5549.5,5579.5
h1726166220,118,1726165950,1726167060,5590.0,5612.0
l1726167120,118,1726167030,1726167300,5573.0,5625.5
h1726170180,118,1726169310,1726170600,5586.5,5610.0
h1726187820,118,1726187430,1726188420,5600.5,5614.5
l1726195320,118,1726195230,1726195680,5594.25,5608.25
l1726207860,118,1726207590,1726208700,5596.75,5612.75
h1726212600,118,1726212330,1726212780,5603.75,5618.75
l1726214640,118,1726214430,1726214940,5598.0,5616.0
h1726249140,118,1726249050,1726250400,5628.5,5646.5
l1726470060,183748,1726469970,1726470420,5681.0,5694.0
h1726478100,183748,1726477890,1726478700,5691.25,5704.25
h1726516620,183748,1726516170,1726516920,5688.25,5707.75
l1726536120,183748,1726535850,1726536900,5685.5,5699.0
l1726544520,183748,1726544190,1726544700,5686.75,5699.75
h1726584420,183748,1726584270,1726585020,5719.0,5742.0
l1726591800,183748,1726591710,1726592100,5674.25,5697.75
h1726594020,183748,1726593570,1726594860,5678.75,5705.75
h1726596720,183748,1726595430,1726597920,5683.5,5707.0
l1726600980,183748,1726600890,1726601340,5678.75,5701.25
h1726625100,183748,1726624650,1726627440,5699.5,5713.0
l1726647300,183748,1726646910,1726647480,5693.25,5708.75
h1726663260,183748,1726663050,1726663620,5701.0,5716.5
l1726675440,183748,1726675110,1726675860,5677.25,5696.75
l1726683120,183748,1726683030,1726683420,5691.5,5748.0
l1726685100,183748,1726684770,1726685580,5696.5,5753.5
l1726686300,183748,1726685970,1726686840,5678.75,5732.75
l1726687260,183748,1726687170,1726687560,5680.25,5743.25
h1726687680,183748,1726687470,1726688100,5679.75,5731.75
l1726688880,183748,1726688490,1726690740,5670.25,5722.25
h1726708980,183748,1726708470,1726709460,5694.75,5712.75
l1726709460,183748,1726709310,1726709880,5693.75,5714.25
l1726715880,183748,1726715610,1726716120,5720.5,5736.5
h1726718400,183748,1726718190,1726718640,5727.75,5743.25
l1726724820,183748,1726724730,1726725000,5726.5,5742.5
h1726729200,183748,1726729050,1726729440,5737.5,5752.0
l1726731060,183748,1726730970,1726731300,5730.75,5748.25
h1726746180,183748,1726746030,1726746360,5768.0,5784.0
l1726751220,183748,1726751010,1726751400,5758.75,5773.75
h1726752600,183748,1726752270,1726752720,5766.75,5784.25
l1726753920,183748,1726753770,1726754220,5743.25,5776.25
h1726767960,183748,1726767810,1726769280,5781.0,5802.5
h1726797840,183748,1726797750,1726798140,5764.25,5777.75
l1726801080,183748,1726800510,1726801380,5760.0,5773.5
h1726807080,183748,1726806570,1726807680,5765.0,5778.0
l1726832100,183748,1726831230,1726832580,5754.0,5770.5
h1726836480,183748,1726835850,1726837380,5763.0,5778.5
l1726845360,183748,1726845210,1726845600,5728.5,5750.5
h1726853700,183748,1726853370,1726854720,5754.5,5774.0
l1726857480,183748,1726856970,1726858080,5737.5,5758.0
h1727061300,183748,1727061210,1727061660,5774.25,5786.75
l1727075880,183748,1727075730,1727076240,5740.25,5761.75
h1727085660,183748,1727085570,1727086200,5764.25,5778.75
h1727101380,183748,1727101110,1727102100,5764.5,5789.5
l1727110860,183748,1727110770,1727111580,5756.0,5776.5
h1727140560,183748,1727140230,1727141160,5766.0,5782.5
l1727143800,183748,1727143590,1727146560,5758.75,5775.75
h1727166120,183748,1727165850,1727167260,5782.0,5798.5
l1727176200,183748,1727175870,1727176620,5764.25,5782.25
h1727184060,183748,1727183250,1727184660,5775.25,5792.75
l1727188800,183748,1727188410,1727189220,5749.75,5775.75
h1727235060,183748,1727234910,1727235360,5777.25,5790.75
h1727273220,183748,1727272710,1727274120,5783.25,5803.75
h1727348400,183748,1727348250,1727348520,5819.0,5833.5
h1727356020,183748,1727355690,1727357160,5818.0,5835.0
l1727362860,183748,1727362470,1727363160,5783.5,5815.5
h1727366280,183748,1727366010,1727366580,5787.5,5810.5
l1727395380,183748,1727395290,1727395560,5794.0,5813.0
h1727397180,183748,1727396550,1727397480,5797.0,5811.0
l1727402640,183748,1727402310,1727403240,5791.0,5805.5
h1727413920,183748,1727413470,1727414220,5800.5,5814.0
l1727415300,183748,1727415150,1727415600,5793.5,5809.5
h1727417040,183748,1727416710,1727417520,5797.0,5812.5
l1727423940,183748,1727422950,1727424720,5785.75,5805.75
h1727428740,183748,1727428530,1727429040,5792.75,5808.75
l1727429460,183748,1727429370,1727429760,5790.5,5806.0
h1727447280,183748,1727446890,1727447760,5802.0,5826.5
h1727463420,183748,1727463330,1727465100,5786.75,5807.25
l1727662260,183748,1727662170,1727662800,5780.5,5798.0
h1727668920,183748,1727668650,1727669700,5788.25,5801.25
l1727677560,183748,1727677290,1727678580,5777.75,5793.25
h1727682360,183748,1727682030,1727683080,5785.75,5801.75
l1727687820,183748,1727687670,1727688180,5778.0,5794.0
h1727688660,183748,1727688210,1727689440,5778.0,5796.0
l1727697000,183748,1727696250,1727697840,5769.25,5788.25
h1727712480,183748,1727712330,1727712780,5785.25,5803.75
l1727720640,183748,1727720490,1727721000,5751.25,5779.75
h1727747940,183748,1727747850,1727748300,5813.0,5827.5
h1727764620,183748,1727764170,1727765100,5805.5,5820.5
l1727767140,183748,1727766750,1727767440,5795.75,5813.75
h1727769600,183748,1727768790,1727769900,5803.75,5818.75
l1727774460,183748,1727774310,1727774880,5799.75,5815.25
h1727780700,183748,1727780370,1727781420,5809.25,5824.25
l1727793120,183748,1727792730,1727793540,5734.5,5770.5
h1727793720,183748,1727793330,1727794500,5722.5,5766.5
l1727795820,183748,1727795250,1727796420,5728.0,5760.5
h1727799060,183748,1727798610,1727799300,5751.75,5774.75
l1727800380,183748,1727800290,1727800560,5742.0,5782.0
l1727801220,183748,1727800950,1727801520,5734.0,5764.5
h1727801880,183748,1727801550,1727802240,5733.25,5767.75
l1727803680,183748,1727802870,1727803980,5730.75,5757.75
h1727807520,183748,1727807310,1727808840,5763.75,5788.75
h1727828040,183748,1727827890,1727828400,5746.0,5762.0
l1727829000,183748,1727828310,1727829420,5745.25,5762.25
l1727830440,183748,1727830290,1727830800,5747.5,5764.5
h1727834640,183748,1727834370,1727835600,5754.5,5768.5
l1727838720,183748,1727838570,1727838900,5747.25,5762.75
h1727840340,183748,1727840130,1727841060,5751.0,5766.5
l1727843760,183748,1727843610,1727844120,5743.75,5761.75
h1727844660,183748,1727844210,1727844960,5743.75,5758.75
l1727848440,183748,1727848290,1727848680,5733.75,5750.75
h1727848800,183748,1727848590,1727849220,5732.75,5753.75
l1727849400,183748,1727849130,1727849640,5736.0,5753.0
h1727851140,183748,1727850930,1727851620,5737.0,5755.5
l1727851620,183748,1727851530,1727852100,5737.25,5756.75
h1727855100,183748,1727855010,1727856060,5743.25,5762.25
l1727856120,183748,1727855970,1727856300,5743.5,5762.0
h1727858340,183748,1727857770,1727858640,5746.25,5761.75
l1727861160,183748,1727860890,1727861340,5736.0,5751.5
h1727861460,183748,1727861250,1727861880,5735.0,5752.5
l1727863920,183748,1727863410,1727864280,5730.75,5746.25
h1727866380,183748,1727865990,1727866680,5740.25,5758.75
l1727867400,183748,1727867190,1727867640,5737.5,5759.0
h1727868960,183748,1727868810,1727869680,5741.25,5758.25
l1727870940,183748,1727870010,1727871180,5737.5,5754.0
l1727872140,183748,1727871990,1727872620,5737.0,5757.5
h1727872920,183748,1727872710,1727873340,5738.25,5762.75
l1727876700,183748,1727876370,1727876880,5719.0,5748.0
h1727880600,183748,1727880510,1727880780,5749.5,5775.0
l1727881200,183748,1727880690,1727881500,5748.75,5776.25
h1727883900,183748,1727882910,1727884620,5755.25,5777.25
l1727890500,183748,1727890230,1727890740,5743.0,5763.5
l1727919720,183748,1727919030,1727920380,5746.5,5762.5
h1727922600,183748,1727922330,1727923440,5747.5,5763.0
l1727937420,183748,1727936850,1727937780,5741.5,5756.5
h1727938380,183748,1727938230,1727938800,5744.5,5759.0
l1727941500,183748,1727941350,1727942040,5721.5,5744.0
h1727958780,183748,1727958570,1727958900,5741.25,5764.25
l1727963520,183748,1727962590,1727963820,5734.25,5761.25
h1727964660,183748,1727964210,1727964900,5741.5,5775.0
l1727965800,183748,1727965290,1727966040,5730.75,5779.75
h1727966100,183748,1727965890,1727966580,5722.0,5761.0
l1727966520,183748,1727966370,1727966880,5728.5,5771.5
h1727967180,183748,1727966730,1727967600,5714.75,5761.75
l1727967840,183748,1727967450,1727968620,5728.5,5766.5
h1727972520,183748,1727971650,1727973120,5746.0,5768.5
l1727974860,183748,1727974770,1727976180,5720.75,5749.25
h1727976360,183748,1727976150,1727976600,5724.0,5750.5
l1727982600,183748,1727982390,1727983260,5726.25,5748.75
h1727985540,183748,1727985450,1727987580,5736.75,5759.25
l1728002220,183748,1728002070,1728002400,5737.0,5753.0
h1728008940,183748,1728008730,1728009960,5753.75,5768.25
l1728013620,183748,1728013170,1728014760,5746.75,5762.25
h1728016080,183748,1728015930,1728016260,5748.0,5762.5
l1728025260,183748,1728025170,1728025440,5738.5,5755.5
h1728028500,183748,1728028170,1728029280,5743.5,5763.5
l1728032400,183748,1728032070,1728032940,5744.5,5760.0
h1728046800,183748,1728046290,1728048120,5781.75,5808.25
l1728052260,183748,1728051990,1728053100,5744.5,5779.5
h1728054360,183748,1728053910,1728054960,5751.0,5782.0
l1728055920,183748,1728055290,1728056520,5747.0,5778.5
h1728057720,183748,1728057330,1728058200,5758.75,5782.75
l1728059160,183748,1728058950,1728059760,5758.75,5780.25
h1728062400,183748,1728062010,1728063300,5769.75,5791.25
h1728063840,183748,1728063690,1728064320,5763.75,5790.75
l1728065700,183748,1728065430,1728065940,5762.0,5783.5
h1728071820,183748,1728071670,1728072120,5787.75,5809.75
l1728262080,183748,1728261870,1728262620,5790.25,5804.75
h1728265260,183748,1728264750,1728265680,5795.25,5810.75
l1728266040,183748,1728265710,1728266280,5790.75,5809.75
h1728267000,183748,1728266370,1728267240,5789.5,5806.5
l1728271980,183748,1728271650,1728272460,5788.5,5801.5
h1728275880,183748,1728275370,1728276180,5791.0,5804.0
l1728282720,183748,1728282630,1728283080,5781.75,5800.25
h1728284220,183748,1728283710,1728284520,5784.5,5799.5
l1728286800,183748,1728286710,1728287280,5771.0,5789.5
h1728289980,183748,1728289530,1728290400,5771.0,5789.5
l1728293160,183748,1728292950,1728293700,5757.75,5775.25
h1728310560,183748,1728310350,1728312060,5767.75,5793.75
l1728327540,183748,1728326790,1728328020,5729.25,5757.25
h1728330840,183748,1728330630,1728331020,5734.75,5760.75
h1728347460,183748,1728347010,1728347820,5743.0,5759.5
l1728351180,183748,1728351030,1728351540,5735.25,5753.25
h1728352860,183748,1728351930,1728353760,5733.75,5751.25
l1728354900,183748,1728354630,1728355260,5734.75,5751.75
h1728355920,183748,1728355410,1728358020,5736.75,5754.25
l1728359820,183748,1728359730,1728360060,5735.5,5752.0
h1728363720,183748,1728363090,1728363900,5740.75,5753.75
l1728368820,183748,1728368370,1728369120,5733.5,5749.5
h1728382380,183748,1728381930,1728383100,5758.0,5774.0
l1728384000,183748,1728383910,1728384600,5756.0,5771.5
h1728398820,183748,1728398490,1728399480,5760.0,5800.0
l1728407340,183748,1728407250,1728407640,5769.5,5796.5
h1728417180,183748,1728416850,1728417600,5793.75,5811.75
l1728457920,183748,1728457770,1728458280,5775.75,5791.25
h1728489240,183748,1728488850,1728489780,5825.0,5845.0
h1728503520,183748,1728503370,1728504060,5827.5,5851.5
h1728529500,183748,1728528750,1728530340,5835.75,5847.75
l1728558840,183748,1728558570,1728559020,5823.0,5836.5
l1728564060,183748,1728563970,1728564540,5809.75,5833.25
l1728568140,183748,1728567990,1728568440,5807.75,5830.75
h1728577020,183748,1728576570,1728577800,5829.75,5848.25
h1728605400,183748,1728605310,1728605520,5829.25,5842.75
l1728636660,183748,1728636510,1728637380,5811.0,5827.0
l1728653280,183748,1728653070,1728653580,5817.75,5835.75
h1728656820,183748,1728656670,1728657900,5847.25,5871.25
l1728665700,183748,1728665610,1728665880,5840.0,5858.0
h1728674100,183748,1728673710,1728675660,5853.75,5873.25
l1728871560,183748,1728871350,1728871800,5845.0,5859.5
l1728905280,183748,1728904710,1728905880,5861.75,5875.25
h1728935340,183748,1728935250,1728935520,5904.0,5923.5
h1728957780,183748,1728957690,1728957960,5907.0,5920.5
h1728964800,183748,1728964590,1728965220,5907.75,5919.25
l1728983280,183748,1728982950,1728983760,5897.25,5911.75
l1729020960,183748,1729020750,1729021200,5845.0,5865.5
h1729051140,183748,1729050990,1729051320,5862.5,5874.0
l1729063380,183748,1729062990,1729063620,5850.75,5867.75
h1729103460,183748,1729103250,1729103700,5879.75,5897.75
l1729124220,183748,1729124130,1729124400,5868.0,5883.0
h1729134480,183748,1729133970,1729134900,5869.25,5882.25
l1729138320,183748,1729138110,1729138440,5867.25,5879.75
h1729170480,183748,1729170390,1729170840,5909.25,5932.25
l1729177500,183748,1729177230,1729177740,5881.5,5908.0
h1729180920,183748,1729180650,1729181340,5897.0,5918.5
l1729194720,183748,1729194270,1729195380,5879.75,5899.25
l1729211460,183748,1729211250,1729211640,5871.25,5890.75
h1729218960,183748,1729218690,1729219680,5879.25,5893.75
l1729223700,183748,1729223610,1729223940,5877.75,5891.25
h1729242840,183748,1729242510,1729243140,5892.0,5905.5
l1729246200,183748,1729246050,1729246560,5887.0,5901.0
h1729275960,183748,1729275810,1729276320,5903.5,5920.5
l1729503120,183748,1729503030,1729503420,5887.5,5905.5
h1729503960,183748,1729503810,1729504380,5891.0,5906.0
l1729510200,183748,1729509390,1729510380,5878.0,5895.5
h1729520220,183748,1729520010,1729520700,5894.0,5913.5
l1729524600,183748,1729524030,1729525260,5860.0,5882.5
l1729570200,183748,1729569870,1729570380,5878.75,5890.75
h1729570800,183748,1729570650,1729571880,5878.5,5892.0
l1729590480,183748,1729590330,1729591800,5858.75,5877.25
h1729596480,183748,1729596030,1729597560,5861.0,5878.5
l1729597860,183748,1729597530,1729598100,5861.75,5877.75
h1729599360,183748,1729598730,1729600200,5863.25,5881.75
l1729602540,183748,1729602450,1729602780,5856.25,5872.25
h1729620180,183748,1729620090,1729620600,5890.25,5909.25
h1729652640,183748,1729652490,1729653240,5882.5,5895.0
l1729665300,183748,1729665150,1729665840,5879.0,5892.0
h1729668000,183748,1729667850,1729668300,5884.25,5898.75
l1729707540,183748,1729707330,1729707780,5796.0,5814.5
h1729731540,183748,1729731150,1729731840,5842.5,5857.5
l1729735380,183748,1729735290,1729735620,5841.25,5857.25
h1729740480,183748,1729740210,1729741560,5848.0,5859.5
l1729747680,183748,1729747530,1729747980,5841.75,5854.75
h1729758180,183748,1729757610,1729759380,5855.75,5871.75
l1729760040,183748,1729759830,1729760280,5853.0,5870.0
l1729786380,183748,1729785990,1729786980,5817.5,5842.5
h1729791900,183748,1729791690,1729792140,5840.5,5858.0
l1729796640,183748,1729796370,1729796940,5834.75,5855.25
h1729819140,183748,1729819050,1729819560,5846.5,5860.5
l1729833060,183748,1729832790,1729833660,5839.25,5852.25
h1729866180,183748,1729865910,1729867500,5878.75,5905.75
l1729878240,183748,1729878030,1729878480,5834.75,5863.25
h1729878660,183748,1729878450,1729879080,5834.0,5863.0
l1729879800,183748,1729879530,1729880400,5830.0,5857.5
h1729882140,183748,1729881870,1729883400,5840.25,5864.75
l1730077200,183748,1730076990,1730077500,5868.75,5884.75
h1730077560,183748,1730077470,1730077920,5867.0,5885.5
l1730087340,183748,1730086770,1730087580,5865.0,5878.0
h1730089380,183748,1730089290,1730089620,5868.25,5881.25
l1730089560,183748,1730089470,1730090520,5867.5,5883.0
h1730091540,183748,1730091270,1730092080,5872.0,5884.5
l1730095320,183748,1730095110,1730095980,5863.5,5877.5
h1730100120,183748,1730099550,1730100840,5870.75,5885.25
l1730103000,183748,1730102790,1730103300,5865.5,5884.0
h1730109660,183748,1730109450,1730110080,5874.0,5889.5
l1730117220,183748,1730117010,1730117640,5859.25,5876.75
h1730171460,183748,1730171250,1730172060,5854.5,5868.0
h1730187060,183748,1730186490,1730187780,5860.5,5874.5
l1730190120,183748,1730189910,1730190300,5849.75,5866.25
h1730191560,183748,1730191050,1730192220,5857.5,5874.5
l1730201700,183748,1730200650,1730202180,5848.25,5864.75
h1730202120,183748,1730202030,1730202600,5845.75,5864.75
l1730209140,183748,1730208750,1730209440,5832.5,5858.5
h1730230140,183748,1730229810,1730230680,5873.25,5888.25
l1730231820,183748,1730231670,1730232060,5862.5,5881.5
h1730252280,183748,1730252130,1730252820,5884.5,5898.0
l1730267460,183748,1730267310,1730267940,5869.5,5884.5
h1730277000,183748,1730276370,1730277660,5874.0,5891.0
l1730278980,183748,1730278710,1730279340,5872.75,5889.75
h1730284200,183748,1730284050,1730284320,5876.5,5890.0
l1730295780,183748,1730295630,1730296080,5840.5,5866.0
h1730303460,183748,1730302770,1730304720,5872.25,5891.75
l1730333220,183748,1730333130,1730333340,5822.0,5836.5
h1730337780,183748,1730337030,1730338380,5828.25,5843.25
l1730363520,183748,1730363370,1730364060,5796.0,5812.5
h1730377740,183748,1730377350,1730378220,5808.5,5825.0
l1730390040,183748,1730389590,1730390460,5745.5,5769.0
h1730394600,183748,1730394030,1730394840,5755.0,5775.0
l1730399640,183748,1730399550,1730400360,5742.0,5765.0
h1730404200,183748,1730404050,1730404380,5753.5,5775.5
h1730435940,183748,1730435790,1730436180,5744.0,5756.0
h1730439180,183748,1730438850,1730440320,5745.5,5759.5
h1730471400,183748,1730471130,1730471880,5785.25,5808.75
h1730474880,183748,1730474550,1730475600,5782.5,5806.0
h1730481840,183748,1730481570,1730482380,5768.0,5791.0
l1730485200,183748,1730484390,1730485440,5752.75,5781.25
h1730488200,183748,1730487930,1730489220,5756.0,5781.5
l1730490840,183748,1730490570,1730491320,5747.5,5773.0
l1730689080,183748,1730688630,1730689800,5759.75,5773.75
h1730695500,183748,1730695410,1730695860,5765.75,5779.75
l1730696820,183748,1730696730,1730698620,5763.75,5778.25
h1730702580,183748,1730701830,1730702880,5768.5,5781.5
l1730709960,183748,1730709150,1730710440,5753.0,5772.5
h1730716740,183748,1730716590,1730717520,5765.5,5779.5
l1730724120,183748,1730723970,1730724420,5750.5,5768.0
h1730725320,183748,1730724990,1730725920,5755.5,5774.0
l1730731020,183748,1730730930,1730731320,5733.5,5760.5
h1730733840,183748,1730733750,1730734800,5752.5,5776.5
l1730740140,183748,1730739870,1730740440,5719.25,5743.25
h1730742600,183748,1730742270,1730743440,5737.25,5759.75
l1730743680,183748,1730743590,1730743920,5732.75,5755.75
h1730745960,183748,1730745630,1730746740,5744.25,5763.75
l1730752560,183748,1730752470,1730752920,5732.5,5754.5
l1730770020,183748,1730769750,1730771040,5730.0,5745.5
h1730771460,183748,1730771310,1730772120,5738.0,5754.0
l1730772840,183748,1730772750,1730773140,5737.0,5751.5
h1730773920,183748,1730773770,1730775300,5740.75,5755.25
h1730791020,183748,1730790750,1730791440,5746.0,5760.0
l1730794440,183748,1730794170,1730794680,5738.75,5756.25
h1730797800,183748,1730797590,1730799120,5745.75,5761.75
l1730801820,183748,1730801730,1730802000,5741.5,5755.5
h1730807220,183748,1730806410,1730807460,5750.5,5763.5
l1730815260,183748,1730815170,1730815740,5742.5,5758.5
h1730828940,183748,1730828670,1730829720,5797.5,5816.0
l1730831880,183748,1730831790,1730832120,5787.5,5807.0
h1730856780,183748,1730856690,1730856900,5835.5,5859.5
l1730857800,183748,1730857470,1730858100,5830.5,5852.0
h1730859660,183748,1730859390,1730859840,5843.5,5875.5
l1730862960,183748,1730862870,1730863560,5873.75,5900.75
h1730863560,183748,1730863350,1730863860,5870.5,5899.0
l1730865780,183748,1730865630,1730866500,5869.0,5894.5
h1730867640,183748,1730867430,1730868480,5869.25,5897.25
h1730872740,183748,1730872410,1730872920,5872.5,5892.5
l1730873220,183748,1730872770,1730873820,5873.25,5894.25
h1730876100,183748,1730876010,1730876400,5893.75,5914.25
l1730876340,183748,1730876190,1730876640,5896.25,5920.25
h1730877600,183748,1730876790,1730877780,5899.5,5927.5
h1730878620,183748,1730878470,1730878860,5910.25,5934.75
l1730879460,183748,1730879190,1730879880,5900.75,5925.75
h1730883120,183748,1730883030,1730883540,5935.0,5959.0
l1730884800,183748,1730884050,1730885640,5927.5,5951.5
h1730887320,183748,1730886930,1730887620,5931.0,5954.5
l1730887620,183748,1730887410,1730888400,5934.75,5959.75
h1730889120,183748,1730888670,1730890500,5934.25,5954.75
l1730890920,183748,1730890830,1730891580,5933.25,5952.75
h1730891760,183748,1730891610,1730892600,5934.25,5952.25
h1730895420,183748,1730895150,1730895900,5924.25,5948.75
h1730897280,183748,1730897130,1730897520,5936.25,5956.75
l1730898840,183748,1730898510,1730899320,5930.5,5951.0
h1730899320,183748,1730899170,1730899920,5927.0,5954.5
l1730901720,183748,1730901570,1730902200,5921.5,5945.0
h1730903400,183748,1730903310,1730903520,5921.25,5946.25
l1730905080,183748,1730904510,1730905320,5895.75,5932.75
h1730906880,183748,1730906430,1730907480,5915.75,5943.75
l1730908920,183748,1730908170,1730909520,5905.5,5942.0
h1730926140,183748,1730925930,1730926320,5949.0,5972.0
h1730960820,183748,1730960610,1730961180,5963.75,5976.75
l1730964540,183748,1730964330,1730965260,5954.25,5971.25
h1731001740,183748,1731001410,1731002880,5989.5,6007.0
l1731008520,183748,1731008430,1731008880,5980.5,6004.5
h1731010860,183748,1731010410,1731011880,5996.5,6018.0
l1731034440,183748,1731034170,1731035040,5996.25,6008.75
h1731051960,183748,1731051810,1731052620,6002.0,6015.0
l1731064020,183748,1731063570,1731064320,5985.25,6003.25
h1731094800,183748,1731094650,1731095280,6029.5,6045.5
h1731329280,183748,1731329130,1731329700,6044.25,6058.25
l1731349320,183748,1731349230,1731349680,6008.5,6027.5
h1731375960,183748,1731375810,1731376380,6023.5,6037.5
l1731407160,183748,1731407010,1731407880,6007.25,6023.25
h1731422280,183748,1731422070,1731422880,6019.0,6041.5
l1731434460,183748,1731434250,1731434640,5981.75,6004.25
h1731440580,183748,1731440010,1731441360,6014.75,6032.75
l1731479700,183748,1731479370,1731480180,5988.0,6002.5
l1731499260,183748,1731498930,1731499440,5990.5,6004.5
h1731505320,183748,1731504870,1731505740,6008.25,6035.25
l1731510420,183748,1731510330,1731510660,5986.75,6018.25
h1731520980,183748,1731520050,1731521400,6022.25,6040.25
l1731531360,183748,1731531210,1731531600,6003.0,6027.0
l1731555840,183748,1731555630,1731556020,6004.0,6018.0
h1731558600,183748,1731557850,1731559380,6007.0,6020.0
l1731568620,183748,1731568290,1731568980,5999.0,6012.0
h1731585600,183748,1731584910,1731585840,6016.25,6030.25
h1731608100,183748,1731607350,1731609060,5976.75,6004.25
l1731610620,183748,1731610530,1731610920,5974.25,5994.75
h1731613980,183748,1731613890,1731614280,5987.5,6005.5
l1731636360,183748,1731635310,1731637500,5949.75,5963.75
h1731647880,183748,1731647790,1731648240,5954.5,5968.0
l1731652140,183748,1731651870,1731652620,5937.5,5953.5
h1731652800,183748,1731652530,1731653160,5935.75,5955.75
l1731659340,183748,1731659130,1731659580,5925.75,5943.25
l1731697080,183748,1731696930,1731697260,5871.75,5894.25
h1731911940,183748,1731911730,1731913320,5907.75,5920.75
l1731922860,183748,1731922290,1731923100,5889.5,5909.0
h1731927540,183748,1731927270,1731927780,5895.0,5909.5
l1731936180,183748,1731936030,1731936480,5881.5,5901.0
h1731948240,183748,1731947790,1731948540,5921.5,5938.0
l1731955620,183748,1731955410,1731955920,5902.5,5928.5
l1731979380,183748,1731979230,1731979620,5909.0,5923.0
h1731990600,183748,1731990510,1731991080,5925.75,5938.75
l1732005840,183748,1732005510,1732006020,5899.5,5923.5
h1732006920,183748,1732006590,1732008000,5903.5,5925.0
l1732008720,183748,1732008450,1732008960,5877.0,5914.5
h1732009020,183748,1732008750,1732009500,5866.5,5901.0
l1732009500,183748,1732009170,1732010040,5878.25,5904.25
h1732018380,183748,1732018050,1732018800,5893.25,5913.25
l1732024860,183748,1732024710,1732025100,5850.0,5880.0
h1732042620,183748,1732041990,1732043880,5932.5,5952.5
l1732045080,183748,1732044750,1732046040,5922.0,5947.5
h1732090860,183748,1732090590,1732091520,5943.75,5962.75
l1732098660,183748,1732098510,1732099080,5933.75,5955.25
h1732107960,183748,1732107450,1732108380,5944.5,5959.0
l1732116000,183748,1732115670,1732116360,5875.0,5906.5
h1732118400,183748,1732117470,1732118880,5888.5,5916.0
l1732120260,183748,1732119990,1732120860,5884.5,5908.0
h1732121760,183748,1732121370,1732122420,5900.25,5927.25
l1732123320,183748,1732123170,1732123680,5890.5,5915.0
h1732125060,183748,1732124730,1732125360,5898.5,5922.5
l1732128420,183748,1732127970,1732129200,5890.75,5912.25
l1732154280,183748,1732153950,1732154640,5906.25,5922.75
h1732160160,183748,1732159350,1732160760,5916.5,5930.5
l1732161720,183748,1732161570,1732161900,5911.25,5928.75
h1732172820,183748,1732172670,1732172940,5923.0,5940.5
l1732174080,183748,1732173990,1732174320,5905.75,5935.25
h1732174260,183748,1732174170,1732174560,5902.5,5926.5
l1732174560,183748,1732174410,1732174740,5906.25,5930.25
h1732176180,183748,1732175250,1732176600,5908.75,5935.75
l1732181400,183748,1732180770,1732182180,5900.5,5921.5
l1732181280,183748,1732180830,1732182180,5900.25,5920.75
h1732192980,183748,1732192770,1732193340,5942.0,5965.5
l1732193640,183748,1732193250,1732194840,5942.5,5963.5
h1732199100,183748,1732198950,1732199640,5957.0,5976.5
l1732199940,183748,1732199850,1732200360,5913.75,5950.25
h1732200660,183748,1732200390,1732201020,5915.0,5955.5
l1732203000,183748,1732202790,1732203840,5902.25,5938.75
h1732206720,183748,1732206270,1732207080,5942.5,5970.5
l1732208640,183748,1732207530,1732209120,5939.75,5971.25
h1732219920,183748,1732219170,1732221360,5969.5,5990.0
h1732245420,183748,1732245090,1732245780,5967.0,5982.0
h1732250280,183748,1732250010,1732250820,5959.5,5976.5
l1732255140,183748,1732254930,1732255380,5955.5,5969.0
h1732260780,183748,1732260630,1732261860,5966.5,5981.0
l1732267980,183748,1732267830,1732268820,5936.25,5959.75
h1732269420,183748,1732269150,1732269720,5939.0,5964.0
l1732270200,183748,1732270110,1732270620,5935.75,5963.25
h1732273680,183748,1732273290,1732273920,5941.75,5961.75
l1732275420,183748,1732275210,1732275720,5943.0,5961.0
h1732286880,183748,1732286490,1732287120,5971.75,5998.25
l1732292460,183748,1732292310,1732292640,5963.75,5988.75
h1732299060,183748,1732298550,1732300200,5978.0,5998.5
h1732545720,183748,1732545390,1732546200,6020.0,6045.0
l1732556760,183748,1732556610,1732557000,5977.5,5999.5
l1732582980,183748,1732582890,1732583340,5971.25,5996.75
h1732595220,183748,1732594950,1732595640,6001.5,6016.0
l1732600080,183748,1732599990,1732601100,5997.25,6011.25
h1732603440,183748,1732603230,1732603860,6002.5,6017.0
l1732610280,183748,1732609770,1732610880,5992.0,6011.0
h1732674480,183748,1732674270,1732674720,6037.0,6052.0
l1732706580,183748,1732706430,1732707120,6019.25,6034.25
h1732810380,183748,1732810050,1732811220,6024.0,6037.5
h1732856460,183748,1732856250,1732856580,6028.5,6040.5
l1732865580,183748,1732865430,1732866120,6018.5,6033.0
h1732875540,183748,1732875150,1732876020,6027.25,6040.25
l1732887900,183748,1732887750,1732888320,6013.75,6031.25
h1732901760,183748,1732901430,1732902840,6046.0,6065.0
l1733120340,183748,1733120190,1733120880,6031.0,6044.0
h1733171340,183748,1733170650,1733172000,6057.0,6073.5
l1733192760,183748,1733192670,1733193180,6055.0,6067.0
h1733199900,183748,1733199330,1733200320,6060.5,6072.5
l1733224440,183748,1733224110,1733224680,6052.5,6066.5
h1733233740,183748,1733233410,1733234040,6058.25,6072.25
l1733241180,183748,1733240370,1733241660,6042.5,6063.5
l1733244240,183748,1733243910,1733244900,6042.75,6062.75
h1733290800,183748,1733290530,1733291400,6067.25,6078.75
l1733293860,183748,1733293770,1733294040,6063.75,6076.75
h1733345400,183748,1733345250,1733345640,6091.75,6107.25
l1733360520,183748,1733359890,1733360880,6086.0,6098.0
h1733421180,183748,1733420730,1733421840,6096.75,6112.25
h1733452980,183748,1733452830,1733453340,6078.75,6091.75
l1733459220,183748,1733459070,1733459580,6075.75,6086.75
h1733475000,183748,1733474430,1733475360,6080.5,6094.0
l1733484180,183748,1733484090,1733484420,6073.25,6085.75
h1733497140,183748,1733496390,1733497560,6092.5,6116.0
l1733506920,183748,1733506770,1733507460,6085.5,6101.5
h1733509260,183748,1733508510,1733509860,6092.75,6108.75
l1733513400,183748,1733512230,1733514300,6085.0,6102.0
l1733719500,183748,1733718690,1733719740,6088.25,6100.75
l1733744340,183748,1733744010,1733744520,6083.5,6100.0
h1733747640,183748,1733747430,1733747820,6090.75,6103.75
l1733760600,183748,1733760330,1733761080,6060.0,6080.5
h1733770260,183748,1733769930,1733770620,6071.25,6088.25
l1733794320,183748,1733794110,1733796060,6054.5,6066.5
h1733816340,183748,1733816250,1733816820,6057.5,6069.0
l1733823840,183748,1733823330,1733824560,6052.5,6066.5
h1733845500,183748,1733844690,1733846160,6057.75,6080.25
l1733862720,183748,1733862630,1733862900,6034.75,6055.75
l1733892240,183748,1733892090,1733892540,6042.0,6053.5
h1733900460,183748,1733900130,1733901000,6046.5,6058.0
l1733902680,183748,1733902530,1733903160,6040.5,6055.0
h1733940120,183748,1733939970,1733940480,6091.0,6107.5
l1734008580,183748,1734008430,1734008820,6072.25,6086.25
h1734013740,183748,1734013650,1734013980,6072.0,6088.5
l1734016260,183748,1734016110,1734016800,6062.5,6082.5
h1734021000,183748,1734018870,1734021720,6072.5,6090.5
h1734019860,183748,1734019290,1734021120,6073.25,6092.75
l1734022740,183748,1734022230,1734023100,6068.5,6089.0
h1734028020,183748,1734026730,1734028260,6072.5,6090.5
l1734055860,183748,1734055770,1734056100,6055.75,6069.25
h1734056940,183748,1734056550,1734057720,6058.5,6071.5
l1734060540,183748,1734060330,1734061140,6056.25,6069.25
l1734106440,183748,1734106350,1734106680,6038.5,6061.0
h1734107700,183748,1734107430,1734107940,6041.0,6065.0
l1734112800,183748,1734112470,1734113460,6036.25,6057.75
h1734122340,183748,1734122010,1734122700,6049.75,6065.25
h1734317580,5002,1734317490,1734317820,6127.75,6138.75
h1734345060,5002,1734344850,1734345540,6132.5,6145.0
l1734348360,5002,1734347490,1734348600,6128.25,6142.25
h1734373800,5002,1734373350,1734374100,6155.25,6168.75
l1734407760,5002,1734407670,1734408000,6143.75,6155.25
h1734409740,5002,1734409170,1734409920,6145.75,6157.75
l1734422940,5002,1734422670,1734423360,6127.5,6141.5
h1734424320,5002,1734424230,1734424680,6128.75,6142.25
l1734425100,5002,1734424650,1734425400,6127.5,6142.0
h1734429600,5002,1734429210,1734429780,6130.25,6144.75
l1734430860,5002,1734430590,1734431460,6129.75,6143.25
h1734434520,5002,1734434250,1734434940,6135.0,6148.0
l1734440820,5002,1734440610,1734441420,6120.0,6133.5
h1734444420,5002,1734444150,1734444720,6124.0,6140.0
l1734449280,5002,1734448170,1734450420,6112.0,6135.0
h1734454200,5002,1734453210,1734454740,6121.75,6143.25
l1734467040,5002,1734466770,1734467820,6109.25,6125.25
h1734469080,5002,1734468810,1734469260,6119.75,6138.25
l1734492780,5002,1734492630,1734493140,6124.25,6136.75
h1734496860,5002,1734496410,1734497340,6129.25,6141.75
l1734498600,5002,1734498450,1734499200,6128.0,6140.0
h1734502440,5002,1734502050,1734502980,6131.75,6142.75
l1734503760,5002,1734503670,1734504060,6127.5,6139.5
h1734509340,5002,1734509010,1734509820,6131.0,6144.5
l1734512640,5002,1734512370,1734512880,6127.5,6141.5
h1734526560,5002,1734526170,1734526980,6138.25,6152.25
l1734532500,5002,1734532410,1734533340,6113.5,6135.0
h1734536940,5002,1734536610,1734537960,6132.0,6153.0
l1734538920,5002,1734538590,1734539220,6124.5,6145.0
h1734542520,5002,1734542250,1734542940,6134.0,6151.0
l1734549480,5002,1734549270,1734549780,6074.75,6103.75
h1734549900,5002,1734549570,1734550200,6066.5,6101.5
l1734554700,5002,1734554550,1734554940,5935.0,5991.0
h1734570600,5002,1734570270,1734571080,5945.75,5962.25
l1734571260,5002,1734571170,1734571500,5942.5,5960.0
h1734571620,5002,1734571350,1734571800,5941.5,5958.0
h1734572220,5002,1734572130,1734572760,5937.75,5955.75
l1734572700,5002,1734572250,1734573120,5940.5,5957.5
h1734573480,5002,1734572850,1734573780,5939.25,5956.75
l1734573840,5002,1734573630,1734574500,5940.75,5960.25
h1734575040,5002,1734574530,1734575520,5940.75,5957.25
l1734576120,5002,1734575970,1734576780,5937.25,5952.75
h1734578040,5002,1734577830,1734578220,5934.25,5951.75
l1734578760,5002,1734578610,1734579120,5937.5,5955.0
h1734580200,5002,1734579270,1734581040,5938.25,5953.75
l1734581100,5002,1734580830,1734581280,5939.75,5954.75
h1734582720,5002,1734581850,1734583200,5942.0,5955.0
h1734585240,5002,1734584970,1734585900,5939.5,5955.5
h1734587820,5002,1734587610,1734588000,5933.75,5948.75
h1734588720,5002,1734588330,1734588900,5934.5,5952.0
l1734589980,5002,1734589830,1734590220,5933.5,5951.5
h1734590700,5002,1734590490,1734591240,5936.5,5952.5
l1734591180,5002,1734591090,1734592080,5936.75,5953.25
h1734593280,5002,1734593070,1734593760,5945.25,5964.75
l1734594360,5002,1734593490,1734594540,5947.75,5968.75
h1734595080,5002,1734594690,1734595320,5945.5,5968.0
l1734595860,5002,1734595710,1734596520,5948.75,5972.25
h1734598920,5002,1734598290,1734599400,5954.75,5971.75
l1734600600,5002,1734599910,1734600960,5952.25,5973.25
l1734600240,5002,1734599910,1734600720,5952.0,5973.5
h1734604140,5002,1734603930,1734604320,5960.5,5977.0
l1734608100,5002,1734607770,1734608280,5954.75,5970.75
h1734611100,5002,1734610770,1734611700,5970.75,5989.75
l1734611640,5002,1734611130,1734612180,5974.0,5994.0
h1734613380,5002,1734612990,1734613620,5977.25,5997.75
l1734616920,5002,1734616530,1734617220,5970.0,5990.0
h1734618900,5002,1734618750,1734619080,5974.25,6010.25
l1734619080,5002,1734618990,1734619380,5978.0,6009.0
h1734619320,5002,1734619110,1734619560,5975.75,6006.25
l1734620820,5002,1734620430,1734621180,5957.0,6004.0
h1734621180,5002,1734620970,1734621840,5951.0,5989.5
l1734622560,5002,1734622050,1734623040,5946.75,5980.75
h1734623460,5002,1734622890,1734624180,5928.25,5982.75
l1734624540,5002,1734624030,1734625320,5946.5,5994.0
l1734629520,5002,1734629130,1734630060,5942.5,5970.0
h1734630000,5002,1734629850,1734630660,5939.0,5966.0
l1734630720,5002,1734630510,1734631020,5942.5,5969.0
h1734631080,5002,1734630870,1734631320,5940.0,5969.5
l1734631440,5002,1734631230,1734631740,5940.5,5971.0
h1734634740,5002,1734634650,1734635040,5965.5,5991.5
l1734639060,5002,1734638490,1734639360,5942.25,5965.75
h1734639840,5002,1734639630,1734640140,5947.75,5972.25
l1734657240,5002,1734657090,1734658140,5907.75,5929.25
h1734658380,5002,1734658050,1734658980,5909.25,5925.25
l1734659280,5002,1734658770,1734659580,5908.0,5926.0
h1734659580,5002,1734659370,1734660000,5903.25,5923.25
l1734661380,5002,1734661290,1734661680,5900.25,5916.75
h1734661620,5002,1734661410,1734662100,5898.0,5915.0
l1734662040,5002,1734661770,1734662760,5901.0,5918.0
h1734663720,5002,1734663570,1734664440,5904.5,5919.5
l1734666420,5002,1734666210,1734666720,5896.75,5916.75
l1734668820,5002,1734668130,1734669720,5902.0,5917.5
h1734671520,5002,1734671430,1734671760,5906.75,5922.75
l1734671820,5002,1734671730,1734672120,5908.0,5922.5
h1734674820,5002,1734674250,1734675000,5909.75,5923.25
l1734674940,5002,1734674850,1734675300,5908.25,5927.25
h1734678120,5002,1734677670,1734678720,5915.75,5932.75
l1734682740,5002,1734682650,1734682980,5901.0,5920.0
h1734682920,5002,1734682770,1734683220,5895.0,5918.5
h1734684960,5002,1734684630,1734685320,5891.0,5911.0
l1734685680,5002,1734685590,1734685860,5879.25,5902.75
h1734686340,5002,1734685710,1734686940,5873.75,5899.75
l1734688140,5002,1734687690,1734688920,5877.25,5897.25
h1734688860,5002,1734688350,1734689580,5872.75,5895.25
l1734690000,5002,1734689490,1734690420,5873.75,5895.75
l1734691080,5002,1734690990,1734691440,5876.5,5895.0
h1734692100,5002,1734691710,1734692700,5875.5,5897.5
l1734692700,5002,1734692130,1734693300,5880.25,5902.25
h1734693240,5002,1734693150,1734693780,5880.0,5898.5
l1734697440,5002,1734697290,1734698040,5861.0,5880.5
h1734699840,5002,1734699390,1734700020,5873.75,5893.75
l1734700920,5002,1734700410,1734701220,5872.25,5893.25
h1734701580,5002,1734701490,1734701880,5887.75,5918.25
l1734703320,5002,1734702570,1734704400,5890.25,5918.25
l1734706200,5002,1734705990,1734706500,5893.25,5938.25
h1734707160,5002,1734706770,1734707460,5886.5,5934.5
l1734707400,5002,1734707190,1734707640,5906.25,5951.25
h1734713040,5002,1734712710,1734713640,6014.75,6045.75
l1734713580,5002,1734713490,1734713880,6018.25,6048.25
h1734715680,5002,1734715530,1734715980,6028.25,6055.75
l1734716040,5002,1734715890,1734716280,6026.0,6055.0
h1734717360,5002,1734716910,1734717660,6025.5,6052.0
l1734720720,5002,1734719910,1734720900,6006.5,6029.5
h1734720900,5002,1734720750,1734721200,6000.75,6032.25
l1734721680,5002,1734721110,1734722460,6003.75,6036.25
h1734723360,5002,1734722910,1734723720,6010.75,6037.75
l1734728220,5002,1734727830,1734728460,5982.25,6021.25
h1734919200,5002,1734918870,1734919500,6015.0,6030.0
l1734924240,5002,1734923850,1734925320,6015.0,6029.5
h1734934800,5002,1734934710,1734935400,6025.5,6038.0
l1734942900,5002,1734942390,1734943440,6010.25,6030.75
h1734943920,5002,1734943350,1734944700,6010.25,6029.25
l1734954480,5002,1734954270,1734954720,5987.5,6006.0
h1734958440,5002,1734957870,1734958980,5997.5,6014.5
l1734966660,5002,1734966450,1734967020,5960.0,6006.0
h1734973320,5002,1734973170,1734973560,6003.5,6025.5
l1734974280,5002,1734974070,1734974520,5997.5,6022.0
h1734981420,5002,1734981090,1734982080,6019.0,6038.5
l1734984660,5002,1734984450,1734984840,6007.0,6031.5
h1734987300,5002,1734986970,1734987840,6020.0,6048.0
l1735002840,5002,1735002630,1735003560,6027.0,6042.0
h1735009440,5002,1735009350,1735009740,6029.5,6043.0
l1735014060,5002,1735013970,1735014240,6027.0,6039.5
h1735034280,5002,1735033770,1735035120,6038.5,6051.0
l1735175040,5002,1735174950,1735175400,6089.75,6103.25
h1735183860,5002,1735183350,1735186320,6096.5,6110.0
l1735207560,5002,1735207350,1735208220,6064.0,6082.5
h1735210020,5002,1735209330,1735210200,6065.5,6081.5
l1735211700,5002,1735211490,1735212300,6062.5,6083.0
l1735224840,5002,1735224750,1735225080,6058.25,6091.75
h1735233480,5002,1735233330,1735233840,6096.5,6112.5
l1735235280,5002,1735235190,1735235700,6080.75,6110.25
h1735243740,5002,1735243410,1735244100,6092.0,6109.0
l1735313580,5002,1735313190,1735314180,5992.75,6027.25
h1735317360,5002,1735316910,1735317780,6001.0,6028.5
l1735321080,5002,1735320930,1735322040,5977.75,6005.25
h1735329420,5002,1735329270,1735329780,6014.75,6038.75
l1735332240,5002,1735331970,1735332540,5998.0,6020.5
l1735521240,5002,1735520850,1735521480,6014.25,6031.25
l1735536780,5002,1735536690,1735537380,6006.5,6022.0
h1735539840,5002,1735539150,1735540980,6011.5,6025.5
l1735543860,5002,1735543710,1735544460,5998.5,6014.5
h1735558140,5002,1735557690,1735558800,6008.75,6021.25
l1735564260,5002,1735563870,1735564860,5958.75,5984.25
h1735564800,5002,1735564530,1735565640,5952.5,5977.5
l1735572240,5002,1735571790,1735573140,5913.25,5945.75
h1735582560,5002,1735582170,1735583100,5970.25,5998.25
l1735583160,5002,1735583010,1735583700,5970.25,5997.25
h1735584420,5002,1735583850,1735585620,5969.25,5995.75
h1735612380,5002,1735612170,1735613400,5956.25,5971.25
l1735620240,5002,1735619730,1735620480,5944.75,5958.75
h1735622700,5002,1735622430,1735623120,5947.0,5962.0
l1735627440,5002,1735627350,1735627680,5943.5,5958.0
h1735646940,5002,1735646850,1735647180,5973.75,5988.25
l1735666860,5002,1735666290,1735667700,5916.75,5944.25
h1735668420,5002,1735667910,1735668900,5928.25,5955.25
l1735669620,5002,1735669230,1735670700,5915.5,5950.5
l1735674180,5002,1735673970,1735674780,5912.25,5942.25
h1735677360,5002,1735676490,1735677660,5922.0,5954.0
h1735788480,5002,1735788390,1735788780,5949.25,5964.75
l1735791720,5002,1735791630,1735792020,5942.5,5958.0
h1735801260,5002,1735801170,1735801560,5959.5,5974.5
l1735803900,5002,1735803810,1735804920,5956.0,5974.0
h1735805160,5002,1735805070,1735805880,5962.0,5980.0
l1735806840,5002,1735806450,1735807320,5948.25,5973.75
h1735809360,5002,1735808730,1735810680,5954.5,5977.5
l1735810740,5002,1735810650,1735811040,5957.25,5975.75
h1735812000,5002,1735811910,1735812420,5961.0,5979.0
l1735812780,5002,1735812690,1735813140,5958.75,5977.25
h1735814760,5002,1735814010,1735815180,5961.5,5978.5
l1735815120,5002,1735815030,1735815420,5960.25,5981.75
h1735820400,5002,1735819710,1735821780,5979.75,6000.25
l1735822320,5002,1735822230,1735822500,5971.0,5994.5
h1735825440,5002,1735825050,1735825620,5973.5,5993.0
l1735828800,5002,1735828470,1735829280,5929.5,5974.0
h1735830360,5002,1735829670,1735831260,5955.0,5990.0
l1735832520,5002,1735831650,1735833060,5930.5,5975.0
h1735833120,5002,1735832850,1735833720,5913.75,5965.75
l1735833840,5002,1735833690,1735835100,5919.0,5974.5
h1735836660,5002,1735835910,1735837020,5933.5,5965.0
h1735837980,5002,1735837830,1735838400,5937.75,5964.25
l1735840200,5002,1735839690,1735840380,5874.75,5911.75
h1735840740,5002,1735840230,1735841040,5869.75,5908.25
h1735843440,5002,1735843350,1735843800,5863.25,5899.25
l1735844040,5002,1735843650,1735844400,5869.75,5906.25
h1735849920,5002,1735849590,1735850160,5901.75,5930.25
h1735871160,5002,1735870770,1735871520,5923.75,5938.75
l1735872720,5002,1735872510,1735873080,5921.5,5936.0
h1735873980,5002,1735873350,1735874520,5923.5,5939.0
l1735881660,5002,1735881450,1735881960,5918.75,5933.75
h1735892160,5002,1735891530,1735892580,5925.75,5942.25
l1735893240,5002,1735892850,1735894320,5919.25,5938.75
h1735897320,5002,1735896030,1735898520,5929.0,5945.5
h1735896240,5002,1735896030,1735896840,5927.75,5946.75
l1735905960,5002,1735905870,1735906140,5918.75,5934.25
h1735933140,5002,1735932810,1735933920,5985.75,6001.75
l1736128980,5002,1736128890,1736129400,5975.75,5989.75
h1736159040,5002,1736158710,1736159280,6011.5,6026.0
h1736172000,5002,1736171490,1736172360,6030.75,6046.75
h1736181120,5002,1736180790,1736182920,6052.75,6073.25
l1736196600,5002,1736196390,1736196720,5999.0,6028.0
l1736218860,5002,1736218770,1736219100,6008.25,6026.25
h1736220960,5002,1736220690,1736221320,6012.0,6026.0
l1736227440,5002,1736227350,1736227560,6002.0,6019.0
h1736241120,5002,1736240490,1736241420,6015.75,6032.75
l1736244180,5002,1736243910,1736244360,6012.5,6029.0
h1736260260,5002,1736260110,1736260500,6031.0,6050.5
l1736264880,5002,1736264310,1736265300,5964.5,6005.5
h1736265600,5002,1736265330,1736266380,5970.5,6009.5
l1736272260,5002,1736271690,1736272680,5957.75,5984.75
h1736274360,5002,1736273790,1736275080,5971.0,5996.0
l1736282160,5002,1736282010,1736282460,5930.0,5959.0
h1736302020,5002,1736301870,1736302980,5960.0,5975.0
h1736316540,5002,1736315730,1736316780,5965.5,5977.5
l1736321400,5002,1736320590,1736321940,5953.5,5971.0
l1736320980,5002,1736320890,1736321640,5952.5,5968.5
h1736333580,5002,1736333190,1736334780,5966.5,5980.0
h1736336100,5002,1736336010,1736336340,5936.75,5959.25
l1736336460,5002,1736336250,1736336820,5931.25,5960.25
h1736337480,5002,1736336910,1736337840,5936.25,5961.75
l1736339460,5002,1736339070,1736339940,5921.5,5947.0
h1736341260,5002,1736341170,1736341620,5908.25,5957.75
h1736354520,5002,1736354190,1736355840,5941.75,5970.25
l1736357460,5002,1736357250,1736357640,5912.0,5945.5
h1736360880,5002,1736360670,1736362140,5937.75,5966.75
l1736362440,5002,1736362350,1736363160,5930.5,5957.0
h1736364480,5002,1736364150,1736364720,5944.75,5976.75
l1736367240,5002,1736366730,1736367600,5939.5,5967.5
h1736390580,5002,1736390490,1736392020,5943.5,5957.5
l1736396820,5002,1736396730,1736397300,5935.75,5949.25
h1736402700,5002,1736402550,1736403420,5942.0,5955.0
h1736417760,5002,1736417490,1736418240,5947.5,5962.0
h1736487000,5002,1736486850,1736487480,5938.5,5953.5
l1736492880,5002,1736492310,1736493180,5930.5,5945.5
h1736497020,5002,1736496810,1736499000,5938.25,5955.75
l1736500260,5002,1736500170,1736500500,5929.5,5947.5
h1736507580,5002,1736507490,1736507820,5948.75,5964.25
l1736511120,5002,1736511030,1736511480,5931.5,5954.0
h1736514180,5002,1736513310,1736514780,5937.0,5956.5
l1736516100,5002,1736515950,1736516280,5883.0,5931.5
l1736517600,5002,1736516790,1736518020,5891.25,5926.25
h1736519400,5002,1736518050,1736519520,5896.75,5926.75
l1736521980,5002,1736521290,1736522520,5847.0,5890.5
h1736524140,5002,1736523870,1736524380,5862.5,5898.0
l1736528940,5002,1736528310,1736529600,5840.25,5867.25
h1736535480,5002,1736535210,1736535900,5886.75,5912.25
l1736541120,5002,1736540730,1736541540,5853.0,5879.5
l1736732820,5002,1736732550,1736733180,5833.5,5856.0
h1736735160,5002,1736734710,1736736180,5837.25,5854.25
h1736741520,5002,1736740830,1736742780,5831.75,5846.75
h1736765160,5002,1736764650,1736765700,5810.25,5827.75
l1736770140,5002,1736769750,1736770380,5806.75,5829.75
h1736772660,5002,1736771970,1736773200,5818.25,5839.75
l1736779320,5002,1736778930,1736779500,5808.0,5838.0
h1736783220,5002,1736782890,1736783640,5822.75,5856.75
l1736787660,5002,1736787330,1736788140,5811.5,5837.5
l1736820720,5002,1736820570,1736821380,5878.0,5892.5
h1736835420,5002,1736834970,1736836320,5890.0,5902.5
l1736838720,5002,1736838630,1736838900,5883.0,5897.5
h1736844480,5002,1736844390,1736845200,5899.5,5918.5
l1736861220,5002,1736861010,1736861520,5869.5,5891.5
h1736861460,5002,1736861370,1736861760,5835.5,5923.5
l1736876100,5002,1736875950,1736876280,5837.5,5862.5
h1736882700,5002,1736882070,1736883000,5881.75,5903.75
l1736885220,5002,1736884890,1736885820,5843.75,5878.25
l1736928120,5002,1736928030,1736928300,5874.5,5889.0
h1736948880,5002,1736948310,1736950260,5943.75,5984.75
l1736951880,5002,1736951730,1736952060,5947.5,5978.0
h1736954340,5002,1736953650,1736955300,5960.75,5996.75
l1736959980,5002,1736959290,1736960640,5950.75,5976.75
h1736972760,5002,1736972250,1736973120,5988.75,6006.25
l1737005940,5002,1737005850,1737006120,5978.0,5994.0
h1737014400,5002,1737013410,1737014640,6004.5,6022.5
l1737022020,5002,1737021870,1737022320,5990.25,6006.75
h1737023580,5002,1737023190,1737024360,5998.0,6015.0
l1737039660,5002,1737039510,1737040080,5968.25,5998.75
h1737043740,5002,1737043290,1737044220,5983.75,6009.25
l1737053280,5002,1737053130,1737053640,5964.0,5985.0
h1737057960,5002,1737057330,1737058620,5978.5,5998.5
h1737080580,5002,1737080490,1737080820,5977.5,5990.5
l1737083640,5002,1737083490,1737084120,5972.0,5986.0
h1737088200,5002,1737088050,1737088440,5981.0,5994.5
l1737099480,5002,1737099270,1737099660,5972.0,5987.0
h1737138000,5002,1737137370,1737138660,6039.0,6056.5
h1737360420,5002,1737360270,1737361020,6031.5,6048.5
h1737384240,5002,1737384030,1737384900,6061.25,6083.25
l1737423420,5002,1737423270,1737423720,6016.75,6048.75
l1737426600,5002,1737426390,1737427800,6029.5,6052.0
l1737432240,5002,1737432090,1737432900,6037.0,6052.5
h1737433440,5002,1737433110,1737433860,6036.75,6052.25
l1737437700,5002,1737437490,1737437820,6031.25,6045.25
h1737440940,5002,1737440310,1737441420,6034.25,6048.75
l1737442860,5002,1737442770,1737443100,6031.0,6047.5
h1737454020,5002,1737453870,1737454320,6056.25,6072.75
l1737460980,5002,1737460770,1737461220,6040.5,6063.5
l1737472320,5002,1737472230,1737472740,6038.5,6079.5
h1737565800,5002,1737564690,1737566100,6125.25,6140.75
l1737597960,5002,1737597870,1737598140,6104.75,6118.75
h1737609360,5002,1737608910,1737609900,6110.5,6122.0
l1737623880,5002,1737623490,1737624240,6096.5,6111.5
h1737665940,5002,1737665850,1737666540,6138.0,6159.0
h1737687840,5002,1737687750,1737688080,6148.0,6161.0
l1737751320,5002,1737750810,1737751920,6117.0,6134.0
l1737942600,5002,1737942270,1737943020,6067.0,6088.0
h1737947760,5002,1737947550,1737948300,6074.75,6090.75
h1737949440,5002,1737949050,1737949800,6075.0,6089.5
l1737954660,5002,1737954570,1737954780,6064.25,6080.25
l1737959880,5002,1737959790,1737960060,6038.25,6064.75
h1737961260,5002,1737960690,1737961680,6038.25,6056.75
h1737963420,5002,1737963270,1737964440,6028.25,6050.25
l1737967380,5002,1737967110,1737967740,6001.75,6032.25
h1737967920,5002,1737967470,1737968640,5995.75,6024.75
l1737968580,5002,1737968130,1737969900,6002.25,6031.75
h1737970800,5002,1737970530,1737971220,5999.25,6025.75
l1737978960,5002,1737978630,1737979740,5974.0,6001.0
h1737984060,5002,1737983910,1737984780,5998.25,6019.75
l1737987900,5002,1737986790,1737988320,5990.75,6015.25
h1737992520,5002,1737991650,1737993480,6019.0,6053.0
l1737996000,5002,1737994950,1737996480,6008.25,6034.75
h1737999360,5002,1737998790,1738000080,6006.0,6038.5
l1738002540,5002,1738000290,1738002780,6006.75,6029.75
h1738006140,5002,1738005930,1738006740,6023.25,6048.25
l1738007460,5002,1738007250,1738007940,6009.75,6038.75
h1738028340,5002,1738027230,1738028820,6040.25,6057.25
l1738029600,5002,1738029450,1738029720,6027.25,6070.25
h1738030560,5002,1738030170,1738031940,6034.0,6054.5
l1738032660,5002,1738031910,1738032960,6035.25,6051.75
h1738035240,5002,1738034910,1738035420,6041.0,6056.5
l1738038420,5002,1738038330,1738038900,6036.75,6052.25
l1738042740,5002,1738042650,1738043100,6031.25,6048.75
h1738059660,5002,1738058790,1738060560,6063.5,6078.0
l1738066800,5002,1738066650,1738067040,6041.0,6059.5
h1738070760,5002,1738070430,1738071180,6050.75,6071.25
l1738075680,5002,1738075530,1738075980,6018.5,6055.0
h1738080780,5002,1738080210,1738081080,6067.25,6092.25
l1738082460,5002,1738081650,1738082880,6055.25,6080.75
h1738095840,5002,1738095330,1738096260,6093.5,6110.5
l1738173840,5002,1738173750,1738174020,6041.25,6066.75
h1738175520,5002,1738175130,1738175940,6057.25,6081.75
l1738178280,5002,1738177770,1738179180,6037.25,6073.25
h1738180320,5002,1738179570,1738181100,6042.5,6088.5
l1738181880,5002,1738181490,1738182180,6050.75,6091.25
h1738182420,5002,1738182090,1738183080,6054.5,6092.5
l1738183980,5002,1738183530,1738184160,6053.0,6085.5
h1738227060,5002,1738226910,1738227720,6092.0,6106.5
l1738253640,5002,1738253310,1738254060,6051.5,6080.0
h1738256220,5002,1738255950,1738256520,6074.75,6098.25
l1738258080,5002,1738257870,1738258800,6065.25,6088.75
h1738268580,5002,1738268190,1738269120,6100.75,6121.25
l1738269900,5002,1738269630,1738270140,6062.75,6092.75
h1738288860,5002,1738288530,1738289400,6106.75,6124.75
l1738299120,5002,1738298850,1738299780,6105.75,6118.25
h1738339860,5002,1738339170,1738340520,6132.25,6152.75
h1738546800,5002,1738545510,1738547100,5954.25,5978.75
l1738551000,5002,1738550910,1738551420,5930.5,5953.5
h1738553520,5002,1738553310,1738553820,5938.5,5958.0
l1738557540,5002,1738557090,1738558200,5931.5,5954.5
l1738563900,5002,1738563450,1738564380,5941.5,5959.5
h1738565340,5002,1738565250,1738565460,5940.5,5963.5
l1738565580,5002,1738565430,1738566120,5944.0,5962.0
h1738569060,5002,1738568850,1738569360,5952.25,5972.75
l1738569420,5002,1738569270,1738569840,5952.5,5974.0
h1738570860,5002,1738570710,1738571160,5967.25,5993.75
l1738574400,5002,1738574130,1738575000,5962.0,5984.5
h1738575180,5002,1738574910,1738575660,5962.75,5984.75
l1738576980,5002,1738576590,1738577280,5957.5,5979.0
h1738581240,5002,1738580550,1738581540,5975.5,5993.0
l1738587420,5002,1738586550,1738587840,5955.25,5976.75
h1738587960,5002,1738587870,1738588140,5952.0,5988.0
l1738596000,5002,1738595370,1738596180,5945.25,5986.25
l1738598700,5002,1738598550,1738599000,5998.25,6053.25
h1738599720,5002,1738598970,1738600200,6002.0,6043.5
h1738612080,5002,1738611630,1738612740,6030.75,6054.25
h1738643340,5002,1738643070,1738643520,6027.25,6040.25
l1738646520,5002,1738646370,1738646760,5983.75,6015.75
h1738653300,5002,1738653210,1738653720,6010.0,6028.0
l1738658880,5002,1738658550,1738659420,5989.0,6012.0
h1738686600,5002,1738686450,1738687500,6050.75,6071.75
l1738690260,5002,1738690110,1738690680,6034.25,6057.25
h1738697760,5002,1738697370,1738698480,6055.25,6073.75
h1738744200,5002,1738743810,1738744680,6028.75,6045.25
l1738749600,5002,1738749510,1738749840,6015.25,6031.25
h1738833240,5002,1738832550,1738833720,6094.0,6110.0
l1738844160,5002,1738842810,1738844340,6081.25,6095.75
h1738851840,5002,1738851450,1738852320,6094.75,6111.25
h1738875300,5002,1738875210,1738875720,6089.5,6113.5
h1738892820,5002,1738892250,1738893600,6099.25,6113.25
h1738940040,5002,1738939290,1738940520,6103.25,6128.25
h1738945140,5002,1738945050,1738945620,6054.0,6091.5
l1738948680,5002,1738948590,1738949520,6041.5,6081.0
h1738952100,5002,1738951470,1738953720,6054.0,6083.5
h1738953360,5002,1738951470,1738953720,6055.0,6082.5
h1739149560,5002,1739148930,1739150100,6058.0,6075.0
l1739154480,5002,1739154210,1739154720,6055.75,6070.25
h1739202480,5002,1739202270,1739203560,6079.0,6099.5
l1739207520,5002,1739207370,1739208240,6067.25,6090.75
h1739215380,5002,1739215170,1739215620,6083.5,6101.0
l1739241240,5002,1739241030,1739242020,6063.25,6077.75
h1739250360,5002,1739250210,1739250840,6069.75,6082.75
h1739265000,5002,1739264670,1739265480,6066.25,6081.75
l1739282400,5002,1739282250,1739282580,6052.75,6070.75
h1739302920,5002,1739302830,1739303340,6084.75,6103.75
l1739352120,5002,1739351910,1739352360,6070.25,6088.75
l1739369160,5002,1739368770,1739370240,6015.75,6046.75
h1739374680,5002,1739374590,1739375100,6044.25,6077.25
l1739377620,5002,1739377290,1739377980,6035.0,6061.0
h1739383200,5002,1739382810,1739383620,6067.25,6089.75
l1739387220,5002,1739387010,1739388300,6059.25,6083.25
h1739419920,5002,1739419470,1739420640,6081.75,6095.25
l1739437260,5002,1739437170,1739437740,6048.5,6068.0
l1739453520,5002,1739453430,1739453640,6058.0,6082.5
h1739461440,5002,1739461110,1739462220,6091.25,6118.75
h1739517360,5002,1739516850,1739517960,6136.75,6151.75
l1739532540,5002,1739532330,1739533020,6116.25,6133.75
h1739545800,5002,1739545410,1739546400,6127.75,6150.25
h1739801160,5002,1739800830,1739801640,6139.25,6152.25
h1739862420,5002,1739862330,1739863200,6149.0,6162.0
l1739872980,5002,1739872890,1739873220,6139.75,6153.75
h1739885040,5002,1739884770,1739885520,6147.75,6162.75
h1739936580,5002,1739936430,1739937000,6150.5,6162.0
l1739965620,5002,1739965410,1739966220,6130.0,6146.0
h1739969280,5002,1739969130,1739970000,6135.5,6151.0
l1739977440,5002,1739977290,1739978280,6124.25,6143.75
h1739994660,5002,1739994570,1739995500,6154.0,6171.5
h1740022380,5002,1740022230,1740023280,6143.0,6155.0
h1740046080,5002,1740045690,1740046380,6145.0,6160.0
l1740063660,5002,1740063570,1740063840,6097.75,6135.75
h1740065460,5002,1740064530,1740065940,6108.0,6133.0
l1740069480,5002,1740069330,1740069720,6098.5,6121.0
h1740084600,5002,1740084510,1740085380,6125.25,6144.75
l1740101640,5002,1740101310,1740101820,6127.25,6140.75
h1740106080,5002,1740105990,1740106440,6128.25,6141.25
l1740152640,5002,1740152550,1740153600,6082.5,6110.5
h1740155880,5002,1740155490,1740156420,6087.75,6110.25
l1740166920,5002,1740166410,1740167520,6019.5,6049.5
l1740360660,5002,1740360570,1740361140,6042.25,6057.75
h1740378480,5002,1740377910,1740378780,6057.0,6068.5
l1740384960,5002,1740384870,1740385320,6036.5,6056.0
h1740388980,5002,1740387750,1740390060,6053.0,6072.5
h1740396960,5002,1740395970,1740397620,6053.0,6068.0
l1740409620,5002,1740409410,1740409800,5989.5,6019.0
h1740410220,5002,1740409770,1740410940,5988.5,6029.0
l1740412560,5002,1740412290,1740412920,5992.0,6020.5
h1740419100,5002,1740418710,1740419640,6031.0,6053.5
l1740430740,5002,1740430410,1740431400,5991.0,6019.5
h1740445500,5002,1740445410,1740445980,6001.75,6017.25
l1740446880,5002,1740446670,1740447000,5999.75,6017.25
h1740449040,5002,1740448530,1740449340,6006.0,6020.5
h1740452640,5002,1740452430,1740453120,6006.5,6021.0
l1740456180,5002,1740456090,1740456420,6003.5,6017.5
h1740457320,5002,1740456990,1740458220,6004.75,6018.75
l1740467220,5002,1740467130,1740467760,5993.25,6009.25
h1740467760,5002,1740467670,1740468120,5993.25,6009.25
l1740468600,5002,1740468510,1740469320,5985.0,6004.5
h1740469260,5002,1740469170,1740469740,5982.25,6002.25
l1740469980,5002,1740469890,1740470640,5977.25,5997.25
h1740471180,5002,1740471030,1740471960,5988.25,6009.75
l1740474000,5002,1740473790,1740474180,5979.0,6001.0
h1740476100,5002,1740474150,1740476520,5982.75,6001.75
h1740474780,5002,1740474330,1740475920,5982.5,6004.5
l1740477540,5002,1740477270,1740477840,5974.5,5991.5
h1740478620,5002,1740477810,1740480660,5976.0,5994.5
h1740479400,5002,1740478230,1740480240,5979.5,5994.5
l1740481200,5002,1740481050,1740481500,5972.75,5989.25
h1740486360,5002,1740486270,1740486720,5989.5,6009.0
l1740487680,5002,1740487410,1740487980,5989.0,6009.5
h1740490200,5002,1740489930,1740490620,5997.25,6015.75
l1740497460,5002,1740497010,1740497880,5928.5,5965.0
h1740498960,5002,1740498510,1740499320,5927.5,5968.0
l1740501180,5002,1740500970,1740501480,5919.0,5955.0
l1740504120,5002,1740503490,1740504420,5944.5,5976.0
h1740506820,5002,1740506610,1740507180,5973.0,5995.5
l1740508200,5002,1740507990,1740508740,5959.25,5989.75
h1740509040,5002,1740508650,1740509760,5961.25,5992.75
l1740510960,5002,1740510810,1740512280,5953.5,5983.5
h1740514080,5002,1740513810,1740514320,5965.75,5992.75
h1740515040,5002,1740514770,1740515520,5970.0,6000.5
l1740516840,5002,1740516570,1740517140,5959.25,5990.75
h1740531600,5002,1740531510,1740531780,5979.5,5994.0
l1740542640,5002,1740541770,1740543660,5982.25,5996.25
h1740568620,5002,1740568290,1740568920,5994.25,6008.25
h1740576780,5002,1740576390,1740577380,5993.0,6009.0
l1740580380,5002,1740580170,1740580740,5973.25,6001.25
h1740586440,5002,1740585570,1740587460,6004.25,6028.75
l1740589200,5002,1740589050,1740589500,5999.25,6025.25
h1740590220,5002,1740589890,1740590400,6001.75,6026.75
l1740596880,5002,1740596610,1740597540,5940.5,5974.5
h1740598920,5002,1740598410,1740599580,5949.25,5978.75
l1740600000,5002,1740599850,1740600480,5946.5,5970.5
h1740602880,5002,1740602610,1740603480,5959.25,5985.25
l1740618480,5002,1740618270,1740618840,5955.75,5973.25
h1740623880,5002,1740623130,1740624420,5971.25,5986.75
l1740625020,5002,1740624810,1740625320,5969.0,5984.0
h1740627360,5002,1740627210,1740627660,5970.5,5985.0
l1740630000,5002,1740629910,1740631200,5965.5,5979.5
h1740641760,5002,1740640890,1740642600,5991.75,6007.75
l1740643320,5002,1740643170,1740643680,5985.0,6003.5
h1740651840,5002,1740651690,1740652080,5998.25,6013.25
l1740652320,5002,1740652170,1740652800,5996.25,6014.25
h1740660120,5002,1740659910,1740660480,6001.5,6019.5
l1740663300,5002,1740663210,1740663600,5991.25,6013.25
h1740663960,5002,1740663510,1740664080,5989.0,6014.5
l1740664440,5002,1740664110,1740664920,5972.5,6014.5
h1740667020,5002,1740666870,1740667260,5983.75,6012.25
l1740668460,5002,1740668370,1740668760,5926.5,5975.5
h1740669780,5002,1740669690,1740670320,5953.25,5996.75
l1740672000,5002,1740671490,1740672720,5954.25,5996.25
h1740673200,5002,1740672810,1740673680,5957.5,5994.0
l1740676800,5002,1740676530,1740676980,5935.0,5961.5
h1740677400,5002,1740677310,1740678120,5947.75,5976.25
l1740678120,5002,1740678030,1740678840,5945.25,5979.25
h1740680760,5002,1740679890,1740681960,5951.25,5983.25
l1740687600,5002,1740687150,1740687840,5886.5,5919.0
h1740687780,5002,1740687630,1740688200,5876.5,5911.5
l1740689940,5002,1740689670,1740691200,5868.0,5898.5
l1740704460,5002,1740704190,1740704640,5869.25,5885.25
h1740705660,5002,1740705150,1740706020,5873.75,5891.25
l1740708000,5002,1740707910,1740708420,5869.75,5889.75
l1740709200,5002,1740708810,1740709680,5869.0,5888.0
h1740709920,5002,1740709530,1740710340,5869.5,5887.0
l1740713880,5002,1740713490,1740714240,5855.0,5875.5
l1740718620,5002,1740718530,1740719160,5872.5,5890.0
h1740719340,5002,1740718770,1740720000,5869.0,5889.0
l1740720660,5002,1740720270,1740721200,5871.5,5889.0
h1740721920,5002,1740721350,1740722340,5872.5,5888.0
l1740722460,5002,1740722070,1740722820,5872.75,5889.25
h1740723780,5002,1740723330,1740724320,5875.0,5890.5
l1740726000,5002,1740725850,1740726240,5867.75,5884.25
h1740726240,5002,1740726150,1740726420,5866.5,5886.0
l1740728040,5002,1740727890,1740728280,5864.5,5882.5
h1740742860,5002,1740742770,1740743280,5888.5,5905.5
l1740744420,5002,1740744210,1740744660,5880.25,5898.75
h1740745140,5002,1740744990,1740745920,5880.75,5899.25
l1740746280,5002,1740746010,1740746820,5878.75,5898.25
h1740747840,5002,1740747210,1740748500,5876.5,5898.0
l1740749220,5002,1740749010,1740749520,5876.25,5896.25
h1740749460,5002,1740749370,1740749760,5865.0,5904.5
l1740753240,5002,1740753090,1740753420,5852.0,5886.0
h1740758400,5002,1740757770,1740759240,5879.75,5919.25
l1740760200,5002,1740759930,1740760440,5876.75,5906.25
h1740761280,5002,1740760470,1740762180,5881.5,5912.5
l1740762300,5002,1740761910,1740762840,5883.75,5915.25
h1740763200,5002,1740762930,1740763500,5884.0,5912.0
h1740768000,5002,1740767670,1740769020,5860.0,5894.0
l1740769200,5002,1740768930,1740769680,5854.0,5893.5
h1740773280,5002,1740772890,1740774180,5887.75,5921.75
l1740774120,5002,1740773790,1740774480,5895.25,5929.75
h1740776340,5002,1740776070,1740776760,5922.5,5976.0
l1740963600,5002,1740963270,1740963720,5946.5,5968.5
h1740964080,5002,1740963690,1740964500,5946.25,5967.75
l1740964620,5002,1740964290,1740965340,5949.25,5968.25
h1740967620,5002,1740967170,1740968280,5956.5,5974.0
l1740969000,5002,1740968910,1740969300,5954.75,5971.75
h1740970380,5002,1740970170,1740970740,5956.25,5973.25
l1740972180,5002,1740971850,1740972600,5952.5,5968.5
h1740980640,5002,1740980310,1740980820,5969.75,5984.25
l1740982920,5002,1740982230,1740983280,5966.75,5980.75
h1740984780,5002,1740984690,1740985140,5970.75,5987.25
l1740986940,5002,1740986730,1740987180,5959.75,5977.75
h1740989280,5002,1740988950,1740989880,5962.0,5983.5
l1740990360,5002,1740990270,1740990900,5950.75,5976.75
h1740991440,5002,1740991170,1740991920,5953.25,5976.25
l1740992820,5002,1740991650,1740993420,5957.25,5977.75
h1740996060,5002,1740995490,1740996480,5971.5,5988.5
l1740997560,5002,1740996630,1740997980,5969.75,5985.75
h1741004100,5002,1741003890,1741004280,5987.5,6005.5
l1741016220,5002,1741015830,1741016580,5944.75,5986.25
h1741016640,5002,1741016430,1741016940,5942.25,5979.75
l1741017540,5002,1741017270,1741018860,5940.0,5983.5
h1741019040,5002,1741018590,1741019340,5938.75,5973.75
l1741020240,5002,1741019610,1741020600,5929.5,5968.0
h1741023720,5002,1741023450,1741024020,5943.0,5970.5
h1741030920,5002,1741030770,1741031280,5905.5,5934.5
l1741034640,5002,1741034010,1741034880,5816.75,5858.75
h1741050000,5002,1741049790,1741050240,5865.0,5886.5
l1741052040,5002,1741051950,1741052520,5855.25,5875.75
h1741056060,5002,1741055610,1741057440,5859.75,5878.75
l1741057380,5002,1741057290,1741057620,5863.25,5881.75
h1741057560,5002,1741057410,1741057800,5859.5,5878.0
l1741058040,5002,1741057950,1741058340,5862.0,5879.0
l1741059600,5002,1741059270,1741060140,5864.75,5881.75
h1741060860,5002,1741060590,1741061040,5865.5,5881.0
l1741060980,5002,1741060890,1741061640,5865.25,5882.25
h1741062300,5002,1741062150,1741063080,5867.0,5883.0
l1741065120,5002,1741064970,1741065840,5865.25,5889.25
h1741065960,5002,1741065630,1741068480,5863.0,5885.5
l1741068720,5002,1741068510,1741069200,5864.0,5883.0
h1741069560,5002,1741069350,1741070100,5867.0,5886.5
l1741070340,5002,1741070010,1741070700,5865.75,5887.25
h1741071060,5002,1741070910,1741071900,5867.0,5886.0
l1741075680,5002,1741074870,1741075920,5851.5,5878.0
h1741077780,5002,1741077030,1741078020,5858.0,5883.5
l1741078320,5002,1741078050,1741078920,5857.25,5882.75
h1741079520,5002,1741078890,1741079700,5859.5,5882.0
l1741081320,5002,1741081170,1741081500,5854.5,5876.0
h1741081560,5002,1741081410,1741081920,5855.0,5876.5
l1741082580,5002,1741082490,1741082760,5845.25,5866.75
h1741083360,5002,1741082670,1741083960,5843.5,5871.0
h1741086780,5002,1741086330,1741087020,5844.75,5865.75
l1741086960,5002,1741086810,1741087620,5847.0,5870.5
h1741087860,5002,1741087470,1741088100,5845.0,5866.0
l1741088280,5002,1741088070,1741088580,5844.0,5867.0
h1741089060,5002,1741088550,1741089660,5844.5,5865.5
l1741091280,5002,1741091190,1741091580,5816.0,5846.0
h1741092420,5002,1741091430,1741092900,5809.75,5840.75
l1741094940,5002,1741094250,1741095120,5807.0,5836.0
h1741097400,5002,1741096890,1741097880,5807.75,5840.75
l1741101720,5002,1741101330,1741102140,5739.0,5789.0
h1741102380,5002,1741101990,1741103280,5729.25,5787.75
l1741104600,5002,1741103430,1741104840,5741.5,5787.5
h1741104960,5002,1741104630,1741105500,5722.0,5778.0
l1741105740,5002,1741105350,1741106040,5739.75,5784.25
h1741109280,5002,1741109130,1741109520,5780.75,5812.25
l1741110720,5002,1741110570,1741111800,5776.0,5817.5
h1741111980,5002,1741111770,1741112280,5785.5,5827.5
l1741113000,5002,1741112490,1741113540,5786.25,5827.75
h1741119840,5002,1741119630,1741120200,5842.25,5880.75
l1741121520,5002,1741121370,1741121760,5763.25,5846.75
l1741138260,5002,1741138170,1741138500,5803.0,5844.0
h1741139040,5002,1741138470,1741140060,5809.5,5833.5
l1741140900,5002,1741140630,1741141380,5805.75,5832.75
h1741141320,5002,1741140930,1741141740,5798.75,5825.25
l1741142100,5002,1741141530,1741142400,5802.75,5829.75
h1741143060,5002,1741142550,1741143660,5807.0,5828.0
l1741146360,5002,1741145790,1741146540,5810.75,5834.25
h1741147740,5002,1741147410,1741148700,5818.0,5839.0
l1741152540,5002,1741152330,1741152840,5812.5,5830.5
h1741155180,5002,1741155030,1741155480,5819.25,5834.75
l1741156380,5002,1741156050,1741156620,5813.25,5829.75
l1741162200,5002,1741161990,1741162380,5812.25,5832.75
h1741163340,5002,1741163130,1741163700,5817.0,5842.0
l1741165200,5002,1741164390,1741165860,5815.0,5834.5
h1741168140,5002,1741167810,1741168560,5826.25,5849.25
l1741170360,5002,1741170090,1741171140,5817.75,5838.75
h1741171560,5002,1741171290,1741171800,5819.0,5839.5
h1741176660,5002,1741176330,1741176900,5793.5,5821.5
h1741178700,5002,1741177950,1741178880,5798.0,5820.5
l1741181280,5002,1741181130,1741181580,5778.75,5811.75
h1741181520,5002,1741181370,1741183260,5774.25,5803.75
l1741183440,5002,1741183170,1741184100,5774.0,5803.0
h1741184100,5002,1741184010,1741184700,5772.0,5805.0
l1741186620,5002,1741186530,1741186920,5765.25,5809.25
h1741187220,5002,1741186770,1741187880,5737.5,5822.0
l1741188060,5002,1741187790,1741189200,5769.5,5822.5
h1741189140,5002,1741188750,1741189920,5756.5,5809.0
l1741193160,5002,1741192770,1741193940,5745.75,5782.25
h1741198020,5002,1741197150,1741198140,5804.5,5837.0
l1741198140,5002,1741198050,1741198440,5792.75,5845.25
h1741202100,5002,1741201590,1741202400,5835.25,5869.25
l1741203480,5002,1741203270,1741203720,5835.5,5868.5
h1741205340,5002,1741204830,1741205880,5836.5,5874.5
l1741207860,5002,1741207770,1741208040,5829.0,5873.0
h1741226820,5002,1741226430,1741227240,5836.75,5851.75
l1741230060,5002,1741229970,1741230240,5833.75,5848.25
l1741241220,5002,1741240770,1741241640,5835.5,5850.5
l1741248780,5002,1741248690,1741248960,5805.75,5836.75
h1741249080,5002,1741248870,1741249560,5804.25,5832.25
l1741249620,5002,1741249470,1741250040,5807.5,5831.5
h1741250040,5002,1741249650,1741250520,5800.0,5828.5
l1741251600,5002,1741251510,1741251840,5792.25,5818.75
h1741251960,5002,1741251690,1741252800,5789.0,5818.5
l1741253400,5002,1741253250,1741253580,5781.25,5808.25
h1741254300,5002,1741253490,1741254660,5782.25,5807.25
l1741255260,5002,1741255170,1741255620,5777.25,5807.75
h1741256700,5002,1741255590,1741257420,5779.75,5802.75
l1741258920,5002,1741258770,1741259280,5770.5,5792.5
h1741262400,5002,1741261650,1741262700,5783.25,5802.75
l1741263420,5002,1741263270,1741263660,5778.25,5797.25
h1741264200,5002,1741263930,1741264380,5777.75,5798.75
l1741264740,5002,1741264290,1741265040,5775.25,5800.75
h1741265760,5002,1741264830,1741266300,5770.75,5795.25
l1741267260,5002,1741267110,1741267920,5764.25,5788.75
h1741268280,5002,1741267950,1741268700,5762.25,5795.75
l1741269600,5002,1741268970,1741270140,5769.75,5799.25
h1741270080,5002,1741269810,1741270680,5766.75,5793.75
l1741272240,5002,1741272030,1741272660,5748.25,5788.75
h1741275600,5002,1741275450,1741276380,5787.0,5825.0
l1741276500,5002,1741276410,1741276860,5788.75,5825.75
h1741277460,5002,1741276770,1741278120,5787.25,5826.25
l1741278540,5002,1741278330,1741278660,5785.25,5824.25
l1741283340,5002,1741283130,1741283940,5724.0,5760.0
h1741285380,5002,1741284870,1741285800,5731.25,5765.25
l1741286520,5002,1741286310,1741286820,5717.75,5750.75
h1741287180,5002,1741286730,1741287780,5720.75,5751.75
l1741289340,5002,1741288710,1741290180,5715.0,5745.5
h1741290720,5002,1741290450,1741291020,5715.5,5773.5
l1741291200,5002,1741291050,1741291620,5718.5,5766.5
h1741292100,5002,1741291410,1741292700,5712.0,5760.0
l1741292640,5002,1741292490,1741293000,5726.5,5769.5
h1741310040,5002,1741309710,1741310520,5760.0,5779.5
l1741321680,5002,1741321530,1741321860,5752.25,5768.25
h1741323420,5002,1741322190,1741323840,5754.75,5769.75
l1741329600,5002,1741328790,1741330920,5745.0,5762.0
h1741336260,5002,1741336110,1741336620,5750.0,5771.5
l1741336800,5002,1741336590,1741337280,5748.75,5770.25
h1741338840,5002,1741338270,1741339500,5756.75,5778.25
l1741342140,5002,1741341930,1741342380,5751.5,5773.0
h1741344060,5002,1741343550,1741344360,5752.75,5772.25
l1741345260,5002,1741345170,1741345440,5753.0,5774.0
h1741347480,5002,1741347150,1741347720,5757.0,5774.0
l1741356780,5002,1741356510,1741357440,5716.0,5753.5
h1741359300,5002,1741358730,1741359600,5735.0,5783.0
l1741362060,5002,1741361670,1741362600,5696.25,5738.75
l1741366380,5002,1741365990,1741366860,5668.0,5707.5
h1741367040,5002,1741366770,1741367220,5667.0,5708.5
l1741367940,5002,1741367130,1741368300,5669.5,5710.5
h1741370100,5002,1741369830,1741370340,5714.75,5752.75
l1741370340,5002,1741370250,1741370640,5708.25,5749.75
h1741375380,5002,1741375170,1741376700,5757.75,5795.25
l1741380120,5002,1741379850,1741380300,5740.25,5776.25
h1741380900,5002,1741380810,1741381260,5738.5,5796.0
h1741565100,5002,1741565010,1741565820,5719.25,5744.75
l1741566480,5002,1741565670,1741566780,5721.25,5749.25
h1741574220,5002,1741574070,1741574760,5743.75,5760.25
l1741576980,5002,1741576770,1741577700,5739.5,5758.0
l1741577400,5002,1741576770,1741577700,5739.5,5758.0
h1741578960,5002,1741578870,1741579200,5744.75,5759.75
l1741579200,5002,1741579050,1741579860,5744.75,5760.75
l1741582740,5002,1741582350,1741583040,5740.0,5756.5
h1741584480,5002,1741584030,1741584780,5739.75,5757.75
l1741597080,5002,1741596810,1741597620,5698.0,5727.0
h1741597620,5002,1741597470,1741597980,5696.25,5720.75
l1741598040,5002,1741597770,1741598280,5699.75,5723.25
h1741600020,5002,1741599690,1741600500,5712.5,5736.5
h1741600800,5002,1741600650,1741601460,5704.5,5730.0
l1741604700,5002,1741604610,1741604880,5698.5,5733.5
h1741605900,5002,1741605450,1741606500,5704.25,5728.25
l1741610160,5002,1741609770,1741610580,5682.25,5705.25
h1741614240,5002,1741613910,1741614540,5673.75,5716.25
l1741618560,5002,1741618230,1741618920,5641.5,5679.0
h1741621020,5002,1741620570,1741621320,5647.5,5687.0
l1741633860,5002,1741633530,1741634040,5566.5,5598.0
h1741635300,5002,1741635090,1741635540,5596.0,5646.0
h1741654800,5002,1741654470,1741655220,5546.5,5582.5
l1741655280,5002,1741655190,1741656000,5553.0,5583.0
h1741659660,5002,1741659330,1741660020,5585.25,5625.75
l1741659960,5002,1741659870,1741660140,5598.75,5628.25
l1741661340,5002,1741660950,1741661760,5600.5,5626.5
l1741665900,5002,1741665570,1741666200,5615.0,5633.0
h1741667580,5002,1741666830,1741668180,5620.5,5642.5
l1741669560,5002,1741669350,1741670160,5622.0,5638.0
h1741671240,5002,1741670970,1741671600,5625.25,5641.75
l1741671960,5002,1741671570,1741672320,5620.75,5639.75
h1741674060,5002,1741673970,1741674180,5622.5,5644.0
l1741678920,5002,1741678710,1741679280,5610.5,5632.0
h1741683600,5002,1741683390,1741684200,5631.0,5652.0
l1741687380,5002,1741687170,1741687920,5627.0,5654.5
h1741688940,5002,1741688550,1741689600,5630.75,5649.75
h1741694400,5002,1741694250,1741694700,5638.25,5656.75
l1741695300,5002,1741695210,1741695480,5617.25,5639.25
h1741695960,5002,1741695570,1741696260,5623.25,5645.75
l1741704060,5002,1741703730,1741704840,5549.5,5599.0
h1741704840,5002,1741704630,1741705200,5548.75,5590.25
l1741705200,5002,1741704990,1741705620,5551.25,5597.75
h1741707780,5002,1741707510,1741708740,5566.25,5619.75
l1741713780,5002,1741713630,1741714980,5529.0,5577.0
h1741719240,5002,1741718970,1741719780,5606.25,5648.75
h1741739040,5002,1741738830,1741739760,5583.0,5603.5
h1741745880,5002,1741745430,1741746780,5586.25,5603.75
l1741749840,5002,1741749510,1741750080,5580.0,5595.0
h1741759020,5002,1741758630,1741759380,5588.75,5602.75
l1741763520,5002,1741763250,1741764300,5572.5,5598.5
h1741766460,5002,1741766370,1741766760,5585.0,5607.5
l1741768080,5002,1741767570,1741768320,5581.0,5605.0
h1741773600,5002,1741773030,1741774020,5604.75,5621.75
l1741774560,5002,1741774230,1741775940,5600.5,5620.0
l1741783500,5002,1741782810,1741783980,5619.5,5676.0
h1741784760,5002,1741783650,1741785240,5619.75,5651.25
l1741792080,5002,1741791750,1741792740,5545.25,5582.25
h1741800660,5002,1741800030,1741801860,5606.5,5636.5
l1741802400,5002,1741802130,1741802580,5586.75,5620.75
h1741805340,5002,1741804950,1741805700,5608.0,5638.0
l1741847040,5002,1741846590,1741847280,5558.5,5578.0
h1741848780,5002,1741848510,1741849680,5570.0,5590.0
l1741853880,5002,1741853790,1741854120,5554.25,5588.25
h1741861680,5002,1741861470,1741862340,5596.25,5614.75
l1741866480,5002,1741866210,1741866720,5575.25,5596.25
h1741867020,5002,1741866750,1741867320,5579.25,5599.75
l1741868040,5002,1741867590,1741868580,5570.25,5596.75
l1741874400,5002,1741874010,1741874820,5552.0,5595.0
h1741875900,5002,1741875390,1741876200,5567.25,5608.75
l1741888140,5002,1741887090,1741888440,5504.25,5530.75
h1741892520,5002,1741892250,1741892760,5527.5,5564.0
h1741929300,5002,1741929210,1741929720,5562.25,5577.75
l1741939200,5002,1741939110,1741939440,5547.75,5564.75
h1741944240,5002,1741943730,1741944600,5561.5,5579.0
l1741948500,5002,1741948290,1741948860,5553.5,5575.5
h1741982160,5002,1741982010,1741982460,5625.25,5653.75
h1742219700,4916,1742219490,1742220180,5701.25,5731.25
l1742227260,4916,1742227050,1742227560,5689.5,5718.5
h1742237580,4916,1742237190,1742238120,5743.25,5764.75
h1742287080,4916,1742286750,1742287440,5724.0,5740.5
l1742292960,4916,1742292870,1742293320,5700.0,5730.5
h1742296380,4916,1742296170,1742296620,5709.25,5730.25
l1742313420,4916,1742312970,1742313780,5645.75,5672.25
h1742345520,4916,1742345430,1742345940,5677.0,5694.5
l1742370240,4916,1742370030,1742370660,5652.5,5676.5
h1742399640,4916,1742399370,1742399940,5700.75,5728.25
h1742411400,4916,1742411190,1742412000,5735.5,5775.5
l1742412540,4916,1742412330,1742412840,5721.0,5763.0
h1742440680,4916,1742440350,1742441100,5751.0,5765.0
l1742466060,4916,1742465970,1742466300,5677.5,5704.5
h1742471520,4916,1742470890,1742472960,5695.5,5717.0
l1742477460,4916,1742477370,1742477580,5679.5,5704.5
h1742482080,4916,1742481330,1742482740,5731.25,5770.25
l1742495460,4916,1742495250,1742495880,5690.0,5722.0
h1742521140,4916,1742520870,1742521740,5713.75,5728.75
l1742536200,4916,1742535810,1742536320,5694.5,5711.5
h1742540460,4916,1742540130,1742540640,5705.75,5722.25
l1742546640,4916,1742546490,1742547360,5679.0,5705.5
h1742552100,4916,1742552010,1742552400,5693.0,5710.0
l1742563620,4916,1742563350,1742563860,5646.25,5673.75
h1742846100,4916,1742846010,1742846460,5805.0,5830.5
l1742890740,4916,1742890470,1742891100,5797.25,5813.75
h1742914320,4916,1742913450,1742915640,5819.75,5842.25
l1743015480,4916,1743014790,1743016680,5738.0,5767.5
h1743056580,4916,1743056490,1743057180,5762.25,5777.75
l1743063000,4916,1743062850,1743063360,5738.0,5760.0
h1743069900,4916,1743069750,1743070560,5754.5,5775.0
l1743082980,4916,1743082590,1743083400,5715.0,5743.0
h1743087660,4916,1743087090,1743089400,5761.25,5784.75
l1743094920,4916,1743094530,1743095280,5728.75,5752.75
l1743098100,4916,1743097890,1743098640,5729.5,5757.0
h1743103320,4916,1743103110,1743103920,5751.25,5776.25
h1743129540,4916,1743129030,1743130200,5735.75,5750.25
l1743133080,4916,1743132990,1743133320,5734.75,5747.75
h1743134340,4916,1743134190,1743134640,5737.5,5750.5
h1743142920,4916,1743142830,1743143520,5739.25,5752.75
l1743148500,4916,1743148410,1743149040,5706.5,5730.0
h1743158520,4916,1743158250,1743159240,5728.75,5744.75
h1743159600,4916,1743159330,1743159900,5724.25,5741.75
l1743167220,4916,1743166650,1743167400,5705.5,5726.5
h1743167700,4916,1743167610,1743168480,5710.75,5739.75
l1743381300,4916,1743380970,1743381660,5569.25,5590.25
h1743384240,4916,1743384030,1743384960,5578.75,5597.25
l1743386940,4916,1743386370,1743387120,5574.0,5597.0
h1743387540,4916,1743387270,1743387720,5576.75,5596.25
l1743391080,4916,1743390690,1743391320,5569.25,5584.25
h1743398460,4916,1743398310,1743398820,5578.75,5596.75
l1743404940,4916,1743404790,1743405420,5567.5,5588.0
h1743409020,4916,1743408630,1743409320,5573.0,5596.5
l1743412440,4916,1743412290,1743412620,5557.5,5578.0
h1743413520,4916,1743413190,1743414060,5562.75,5582.75
l1743420780,4916,1743420690,1743421020,5547.0,5568.0
l1743428760,4916,1743428610,1743429180,5528.75,5560.25
h1743441240,4916,1743440850,1743441480,5597.75,5622.25
l1743443340,4916,1743442890,1743443580,5587.25,5616.75
h1743450180,4916,1743450030,1743450480,5637.25,5677.75
l1743469680,4916,1743469410,1743470040,5614.25,5633.25
h1743476400,4916,1743476190,1743477000,5630.0,5647.0
l1743480300,4916,1743479970,1743480600,5623.0,5644.0
h1743484860,4916,1743484350,1743485640,5633.5,5647.0
l1743487200,4916,1743487110,1743487620,5626.5,5642.5
h1743491280,4916,1743491010,1743491760,5640.5,5666.5
l1743494700,4916,1743494190,1743495660,5631.75,5650.75
h1743500940,4916,1743500310,1743501480,5651.0,5668.5
l1743503580,4916,1743503430,1743503880,5618.25,5648.75
h1743504600,4916,1743504270,1743505860,5617.75,5646.25
l1743507420,4916,1743507330,1743507960,5613.0,5637.0
h1743509760,4916,1743509610,1743510120,5614.0,5640.5
l1743510120,4916,1743509910,1743510780,5616.5,5641.0
h1743515280,4916,1743515190,1743515880,5613.5,5655.0
l1743517260,4916,1743516570,1743517440,5595.25,5643.25
h1743524400,4916,1743523590,1743524820,5671.25,5699.75
l1743533580,4916,1743533190,1743533820,5620.75,5646.75
h1743537300,4916,1743537150,1743539280,5645.25,5684.75
l1743553500,4916,1743553290,1743554100,5657.5,5678.0
l1743573600,4916,1743573510,1743573960,5656.0,5674.5
l1743581220,4916,1743581010,1743581640,5647.25,5666.25
l1743600660,4916,1743600210,1743600780,5605.75,5629.25
h1743607680,4916,1743607470,1743608760,5677.75,5707.25
l1743609060,4916,1743608730,1743609540,5670.0,5706.5
h1743613920,4916,1743613650,1743614580,5716.75,5744.25
l1743618600,4916,1743618450,1743618900,5668.75,5699.25
h1743619320,4916,1743618990,1743619980,5677.0,5707.5
l1743620340,4916,1743620190,1743620580,5670.25,5702.25
h1743623700,4916,1743622890,1743624060,5696.25,5726.25
h1743640620,4916,1743640290,1743641100,5526.25,5562.75
l1743641820,4916,1743641370,1743642540,5523.0,5564.0
h1743643440,4916,1743643290,1743644100,5522.25,5559.25
l1743644040,4916,1743643590,1743644820,5535.5,5564.5
h1743645060,4916,1743644910,1743645600,5543.0,5569.5
l1743646740,4916,1743646590,1743647040,5540.25,5572.25
l1743648180,4916,1743647430,1743648480,5544.0,5574.0
l1743650100,4916,1743649830,1743650580,5543.25,5569.75
h1743651120,4916,1743650370,1743651660,5543.25,5563.25
l1743651780,4916,1743651630,1743652560,5541.0,5562.5
h1743653520,4916,1743652830,1743653880,5546.25,5569.75
l1743654600,4916,1743654390,1743654900,5545.5,5566.0
h1743655080,4916,1743654750,1743655680,5540.5,5565.0
l1743655620,4916,1743655350,1743655980,5548.25,5570.75
h1743655920,4916,1743655770,1743656220,5545.75,5565.75
h1743656760,4916,1743656370,1743657420,5546.0,5567.0
l1743658560,4916,1743658170,1743658920,5533.75,5559.25
h1743659160,4916,1743658770,1743659400,5527.75,5557.25
l1743660000,4916,1743659910,1743660480,5525.25,5556.75
h1743661380,4916,1743661110,1743663420,5527.25,5553.25
l1743663600,4916,1743663450,1743663900,5518.5,5545.5
h1743664080,4916,1743663810,1743664440,5518.5,5549.0
l1743664800,4916,1743664230,1743665040,5519.75,5550.25
h1743665160,4916,1743664950,1743665700,5522.0,5553.0
l1743666000,4916,1743665610,1743666360,5521.0,5553.5
h1743669120,4916,1743668730,1743669300,5534.75,5563.25
l1743670140,4916,1743669570,1743670740,5538.5,5567.5
h1743670860,4916,1743670590,1743671280,5533.0,5561.5
l1743677520,4916,1743677310,1743677700,5498.25,5528.25
h1743678840,4916,1743678750,1743679260,5507.5,5534.5
l1743679980,4916,1743679470,1743680400,5503.25,5532.25
h1743682380,4916,1743682110,1743682680,5510.75,5542.75
l1743685320,4916,1743684930,1743685860,5486.25,5521.75
h1743687180,4916,1743687090,1743687900,5508.0,5545.5
l1743692820,4916,1743691710,1743693180,5450.0,5492.5
h1743697800,4916,1743697650,1743697920,5493.5,5529.5
h1743725100,4916,1743724950,1743725640,5419.5,5440.0
h1743729720,4916,1743729570,1743730140,5410.75,5434.25
l1743731760,4916,1743731430,1743732540,5408.0,5426.5
h1743732900,4916,1743732510,1743733560,5410.25,5430.25
l1743738660,4916,1743738570,1743738900,5385.5,5408.0
h1743739920,4916,1743738870,1743740400,5388.75,5409.25
h1743746460,4916,1743746370,1743746820,5407.0,5435.0
l1743759120,4916,1743759030,1743759240,5370.0,5397.5
h1743759720,4916,1743759210,1743760620,5371.75,5400.75
h1743766680,4916,1743766470,1743767160,5204.5,5267.0
l1743767100,4916,1743766770,1743767760,5226.0,5291.0
h1743767940,4916,1743767730,1743768540,5239.5,5292.5
l1743768540,4916,1743768150,1743768960,5251.25,5309.75
l1743770340,4916,1743770130,1743770760,5257.5,5334.5
h1743771900,4916,1743770910,1743772620,5253.0,5327.0
l1743774120,4916,1743773790,1743774480,5241.0,5298.5
h1743775140,4916,1743774930,1743775620,5221.75,5305.25
l1743778200,4916,1743778050,1743778380,5148.5,5202.0
l1743781020,4916,1743780510,1743781740,5187.0,5271.5
h1743781860,4916,1743781290,1743782400,5165.25,5242.75
l1743784500,4916,1743783750,1743784680,5156.75,5207.25
h1743784800,4916,1743784530,1743785160,5146.5,5202.5
l1743787080,4916,1743786690,1743787440,5131.0,5184.5
h1743789720,4916,1743789390,1743790140,5160.75,5217.25
l1743792240,4916,1743791790,1743792540,5102.5,5151.0
l1743794280,4916,1743794190,1743794580,5123.25,5178.25
h1743795300,4916,1743795030,1743796080,5128.75,5197.75
h1743986340,4916,1743985590,1743986820,4892.0,4940.0
l1743986880,4916,1743986370,1743987540,4905.25,4958.25
l1743987960,4916,1743987750,1743988320,4920.25,4964.75
h1743994260,4916,1743993930,1743995040,4940.5,4983.0
l1743996240,4916,1743995970,1743996540,4932.5,4965.5
h1743998820,4916,1743998370,1743999120,4914.75,4956.25
l1744000980,4916,1744000830,1744001280,4898.25,4926.75
h1744003200,4916,1744003110,1744003500,4922.75,4973.75
l1744005360,4916,1744004790,1744005840,4907.25,4945.75
h1744006080,4916,1744005690,1744006260,4904.75,4952.25
h1744009080,4916,1744008930,1744009500,4836.5,4881.0
l1744009440,4916,1744009350,1744009680,4837.5,4881.5
l1744011000,4916,1744010670,1744011660,4846.0,4902.5
l1744017840,4916,1744017330,1744018080,4890.0,4939.5
h1744019520,4916,1744018950,1744019880,4923.5,4963.0
l1744020120,4916,1744019730,1744020240,4921.25,4976.75
h1744021320,4916,1744020930,1744021680,4958.75,5007.75
l1744021860,4916,1744021470,1744022100,4969.25,5031.25
l1744023480,4916,1744023090,1744023960,4981.0,5052.5
h1744024380,4916,1744023870,1744024680,4985.0,5042.5
l1744026780,4916,1744025730,1744027320,4966.0,5018.0
h1744027260,4916,1744027170,1744027440,4958.0,5013.5
l1744033440,4916,1744033050,1744033680,4862.0,4955.0
h1744040640,4916,1744040130,1744041720,4967.75,5096.25
l1744042920,4916,1744041570,1744043280,4995.25,5095.25
h1744043580,4916,1744043130,1744044240,4998.25,5073.75
l1744045620,4916,1744045290,1744046100,5001.75,5115.25
l1744049520,4916,1744049070,1744050000,5099.0,5171.5
h1744050120,4916,1744049670,1744050420,5065.5,5163.0
h1744052400,4916,1744052250,1744052880,5056.25,5120.75
h1744054680,4916,1744054290,1744054920,5031.75,5124.75
l1744055400,4916,1744054770,1744055820,5055.0,5142.0
h1744071360,4916,1744071210,1744072140,5143.5,5179.0
l1744074060,4916,1744073970,1744074600,5121.0,5160.0
h1744074720,4916,1744074570,1744075020,5122.5,5163.5
l1744075080,4916,1744074750,1744075800,5131.5,5172.5
h1744077360,4916,1744076370,1744078020,5150.5,5192.0
l1744078080,4916,1744077750,1744078440,5167.25,5197.25
h1744079580,4916,1744078170,1744082220,5163.0,5189.0
l1744084140,4916,1744083810,1744084800,5156.5,5183.5
h1744084860,4916,1744084650,1744085400,5157.75,5178.75
h1744088400,4916,1744088130,1744088640,5142.25,5172.25
l1744089480,4916,1744089090,1744089720,5136.5,5165.0
h1744090740,4916,1744090470,1744091100,5137.0,5172.0
l1744091460,4916,1744090890,1744091760,5146.25,5174.25
h1744097280,4916,1744096830,1744097520,5163.5,5196.5
h1744099200,4916,1744098690,1744099860,5157.5,5194.0
l1744100700,4916,1744100550,1744101240,5147.25,5177.75
h1744103640,4916,1744102410,1744104300,5157.25,5188.75
l1744106460,4916,1744106250,1744106700,5146.75,5174.25
h1744114200,4916,1744113990,1744114620,5206.5,5253.0
l1744116180,4916,1744115730,1744117380,5206.5,5248.5
h1744121820,4916,1744120650,1744123440,5239.25,5310.25
l1744126200,4916,1744125750,1744126620,5187.75,5242.25
h1744126860,4916,1744126590,1744127460,5186.25,5243.75
h1744130880,4916,1744130730,1744131480,5115.0,5172.5
l1744133700,4916,1744132890,1744134060,5066.25,5132.75
h1744134180,4916,1744134030,1744134480,5078.25,5147.75
l1744139940,4916,1744139670,1744140360,4988.0,5043.5
h1744140420,4916,1744140150,1744140840,4976.5,5042.0
l1744141740,4916,1744141410,1744141920,4935.5,5002.0
l1744158900,4916,1744158030,1744159500,4915.0,4955.0
l1744162020,4916,1744161870,1744162140,4907.25,4943.25
h1744164000,4916,1744163910,1744164300,4949.5,5003.5
h1744166220,4916,1744165770,1744166400,4962.0,5004.5
h1744168200,4916,1744167930,1744168800,4945.5,4976.5
l1744171260,4916,1744170870,1744171380,4910.5,4956.0
l1744171740,4916,1744171590,1744172040,4905.0,4952.0
l1744173060,4916,1744172730,1744173360,4880.0,4925.0
h1744174140,4916,1744173870,1744174680,4876.75,4929.75
l1744175160,4916,1744174650,1744175400,4883.75,4931.25
h1744176420,4916,1744175250,1744176900,4876.25,4921.75
l1744180200,4916,1744179810,1744181160,4919.25,4964.25
l1744187580,4916,1744187430,1744187820,4966.0,5026.0
h1744189920,4916,1744189710,1744190760,4996.75,5046.75
l1744194780,4916,1744194570,1744195260,4962.75,5007.25
h1744196220,4916,1744195770,1744196460,4974.75,5037.75
l1744201920,4916,1744201050,1744202640,4904.25,4957.75
h1744204020,4916,1744203870,1744204260,4953.0,5022.5
h1744207380,4916,1744206690,1744207620,5002.75,5092.25
l1744210740,4916,1744210230,1744211220,4975.0,5047.0
h1744212060,4916,1744211670,1744213020,4976.0,5052.5
l1744214460,4916,1744214010,1744215000,4992.0,5052.5
h1744223460,4916,1744222890,1744224240,5337.25,5459.25
l1744225200,4916,1744224750,1744225560,5347.0,5467.5
l1744245780,4916,1744245630,1744246020,5470.5,5502.5
h1744246920,4916,1744246830,1744247100,5483.25,5511.75
l1744248540,4916,1744248150,1744249920,5459.25,5491.25
h1744251720,4916,1744251270,1744252020,5462.0,5488.0
l1744258320,4916,1744258050,1744258560,5436.0,5462.0
h1744264860,4916,1744264710,1744265220,5455.75,5481.75
l1744267680,4916,1744267590,1744267980,5445.25,5475.75
h1744269060,4916,1744268970,1744269300,5449.75,5492.75
l1744271040,4916,1744270770,1744271220,5385.25,5437.25
h1744271640,4916,1744271190,1744271940,5382.5,5432.0
h1744274880,4916,1744274430,1744275180,5361.25,5403.75
l1744276080,4916,1744275270,1744276560,5355.0,5395.0
h1744277760,4916,1744277550,1744278120,5366.25,5401.75
l1744278480,4916,1744277970,1744278840,5367.0,5400.5
h1744281600,4916,1744281450,1744282020,5386.5,5432.0
l1744302420,4916,1744302090,1744302720,5141.75,5210.75
l1744305720,4916,1744304970,1744306020,5175.25,5276.75
h1744308300,4916,1744308030,1744308600,5259.5,5336.5
l1744308900,4916,1744308510,1744309320,5250.75,5332.25
h1744310640,4916,1744310250,1744310940,5290.75,5356.75
l1744314240,4916,1744313970,1744314720,5229.5,5310.0
l1744332300,4916,1744332210,1744332480,5201.0,5247.0
h1744336740,4916,1744335990,1744337100,5225.25,5278.75
l1744337820,4916,1744337490,1744338060,5239.5,5277.5
h1744338840,4916,1744338270,1744339380,5236.75,5293.75
l1744340220,4916,1744339950,1744340640,5260.75,5298.75
l1744342560,4916,1744342290,1744343640,5286.75,5322.75
h1744345080,4916,1744344330,1744345740,5297.0,5325.0
l1744348140,4916,1744347810,1744348320,5289.0,5317.5
h1744351800,4916,1744351530,1744352700,5347.0,5384.0
l1744356540,4916,1744356390,1744356960,5311.25,5355.25
h1744357020,4916,1744356810,1744357860,5297.25,5352.75
h1744358760,4916,1744358670,1744359660,5277.25,5332.25
l1744360980,4916,1744360410,1744362120,5252.25,5306.25
h1744367700,4916,1744366950,1744368120,5320.5,5364.0
l1744372260,4916,1744372110,1744372620,5290.0,5326.5
h1744374900,4916,1744374810,1744375500,5299.75,5354.75
l1744378320,4916,1744377990,1744378800,5257.25,5324.75
h1744379640,4916,1744379070,1744380180,5268.5,5345.5
l1744381800,4916,1744381170,1744382100,5246.5,5326.0
h1744637220,4916,1744637070,1744637520,5481.75,5502.75
l1744647120,4916,1744646970,1744647360,5386.0,5434.0
h1744657980,4916,1744657590,1744658460,5454.5,5484.0
h1744702620,4916,1744702350,1744703520,5444.75,5468.75
h1744726380,4916,1744725630,1744726740,5450.0,5490.0
l1744781520,4916,1744781250,1744781820,5335.0,5361.5
l1744831620,4916,1744831050,1744832040,5246.0,5284.0
l1744888500,4916,1744888230,1744889340,5313.5,5338.5
h1744914300,4916,1744913790,1744915740,5327.5,5364.5
l1745258520,4916,1745258130,1745259480,5122.25,5147.75
h1745286300,4916,1745285430,1745286540,5208.75,5229.25
l1745296620,4916,1745296410,1745296860,5196.0,5210.5
h1745339280,4916,1745338770,1745339940,5307.75,5344.25
l1745344800,4916,1745343870,1745345100,5257.25,5297.25
l1745373120,4916,1745372910,1745373540,5373.0,5395.5
l1745373660,4916,1745373510,1745374200,5373.75,5394.75
h1745416800,4916,1745416710,1745416980,5451.75,5504.75
l1745436960,4916,1745436750,1745437860,5378.75,5417.25
l1745484420,4916,1745483970,1745485020,5350.25,5376.75
h1745554560,4916,1745554290,1745554740,5538.0,5558.0
l1745591460,4916,1745590890,1745592000,5475.25,5519.25
l1745810820,4916,1745810670,1745810940,5511.25,5527.25
h1745848020,4916,1745847690,1745848320,5555.75,5583.75
l1745861460,4916,1745861250,1745862000,5487.0,5520.0
h1745893620,4916,1745893530,1745893740,5561.75,5578.75
l1745931840,4916,1745931750,1745933280,5516.5,5546.0
h1745949900,4916,1745949150,1745950320,5577.25,5602.25
h1746000960,4916,1746000810,1746001440,5568.75,5587.25
l1746021540,4916,1746021330,1746021720,5450.5,5490.0
h1746094740,4916,1746094530,1746094980,5651.25,5667.25
l1746107940,4916,1746107850,1746108240,5622.25,5663.25
l1746116220,4916,1746116070,1746116820,5626.5,5662.0
h1746125100,4916,1746124950,1746125640,5649.75,5673.25
h1746149040,4916,1746148830,1746149400,5654.5,5677.5
l1746152400,4916,1746152250,1746152700,5650.0,5670.5
l1746176640,4916,1746176070,1746176940,5628.5,5657.0
h1746211020,4916,1746210930,1746211680,5709.75,5729.75
l1746410280,4916,1746410010,1746411180,5655.25,5674.75
h1746416520,4916,1746416370,1746416760,5663.0,5678.0
l1746435300,4916,1746435090,1746435420,5650.25,5672.25
h1746470400,4916,1746469950,1746471300,5694.75,5711.25
l1746539640,4916,1746539370,1746540180,5602.0,5631.5
h1746548040,4916,1746547950,1746548220,5629.75,5676.75
l1746554160,4916,1746553170,1746554580,5615.25,5641.75
h1746560700,4916,1746560430,1746561120,5633.0,5656.5
h1746579840,4916,1746579630,1746580140,5666.0,5685.5
l1746585840,4916,1746585750,1746586680,5647.25,5669.25
h1746591240,4916,1746591090,1746592320,5654.25,5671.25
l1746599220,4916,1746598830,1746600540,5641.25,5661.25
l1746630780,4916,1746630690,1746632460,5615.0,5644.0
h1746637980,4916,1746637770,1746638460,5640.75,5660.75
l1746641280,4916,1746641190,1746642120,5591.0,5629.0
h1746643320,4916,1746642690,1746643740,5601.0,5645.0
l1746643740,4916,1746643590,1746644220,5604.25,5649.25
h1746644220,4916,1746644130,1746645960,5606.5,5654.0
l1746646500,4916,1746645870,1746646980,5606.25,5657.25
h1746646980,4916,1746646890,1746647280,5608.0,5680.0
l1746669600,4916,1746668370,1746670620,5666.0,5686.5
h1746680160,4916,1746679110,1746680580,5690.5,5705.5
l1746686100,4916,1746685890,1746686580,5678.0,5693.0
h1746702000,4916,1746701670,1746702300,5706.5,5722.5
l1746716100,4916,1746716010,1746716820,5648.0,5685.0
h1746723120,4916,1746722850,1746723960,5722.5,5746.0
l1746750960,4916,1746750870,1746751200,5660.25,5681.75
h1746758520,4916,1746758190,1746759180,5684.75,5700.75
l1746801540,4916,1746801270,1746801960,5657.5,5694.0
h1746817800,4916,1746817650,1746818340,5678.5,5699.0
h1747034880,4916,1747034550,1747035420,5822.25,5858.75
l1747036560,4916,1747036410,1747036980,5808.75,5836.25
h1747047960,4916,1747047690,1747048380,5848.25,5870.75
l1747050780,4916,1747050630,1747051140,5833.0,5859.5
h1747053000,4916,1747052550,1747053360,5843.0,5867.0
l1747060260,4916,1747060050,1747060860,5800.75,5842.75
l1747111200,4916,1747110990,1747111320,5830.75,5848.75
h1747116360,4916,1747116210,1747116660,5839.0,5856.0
l1747126800,4916,1747126050,1747127040,5832.5,5850.5
h1747157520,4916,1747157430,1747158000,5910.0,5932.0
l1747184820,4916,1747184490,1747185420,5893.5,5908.5
h1747206780,4916,1747206450,1747207260,5907.25,5922.75
l1747217340,4916,1747216410,1747218120,5891.25,5908.75
h1747229760,4916,1747229610,1747230060,5907.0,5930.0
l1747235100,4916,1747235010,1747235460,5887.5,5916.5
h1747240380,4916,1747240290,1747240740,5906.5,5926.0
l1747243380,4916,1747243230,1747243740,5885.0,5911.0
h1747276920,4916,1747276710,1747277760,5891.5,5908.0
l1747288320,4916,1747287990,1747288800,5880.25,5895.25
h1747290480,4916,1747290390,1747290960,5887.5,5901.5
l1747300260,4916,1747299810,1747300980,5862.0,5882.5
h1747329660,4916,1747329510,1747330320,5928.0,5949.5
l1747358760,4916,1747358610,1747358940,5918.0,5932.5
l1747360380,4916,1747360050,1747360680,5919.25,5935.25
h1747398600,4916,1747397610,1747398780,5947.5,5963.0
l1747406640,4916,1747406490,1747406940,5919.75,5945.25
h1747425540,4916,1747425390,1747426020,5962.5,5982.5
l1747615560,4916,1747614570,1747615800,5918.25,5938.75
h1747618380,4916,1747617750,1747618680,5922.0,5940.5
l1747626960,4916,1747626270,1747627440,5904.75,5921.25
h1747635240,4916,1747634730,1747635420,5912.5,5928.5
l1747644180,4916,1747643730,1747644480,5887.75,5906.25
h1747647360,4916,1747646910,1747647720,5894.75,5912.75
l1747649460,4916,1747649190,1747649760,5890.5,5906.0
h1747656120,4916,1747655790,1747656420,5907.5,5924.0
l1747660500,4916,1747660410,1747660800,5897.5,5921.0
h1747674720,4916,1747674390,1747675200,5971.0,5992.5
l1747682820,4916,1747682670,1747683120,5957.75,5978.75
l1747714320,4916,1747714110,1747714680,5958.0,5972.5
h1747719000,4916,1747718730,1747719300,5965.75,5979.25
l1747721460,4916,1747721190,1747721580,5950.25,5966.75
h1747740600,4916,1747740030,1747741380,5963.5,5979.5
l1747767900,4916,1747767690,1747768200,5921.75,5947.75
h1747787520,4916,1747787070,1747787700,5947.25,5963.25
l1747823100,4916,1747822890,1747823460,5900.0,5918.5
h1747828680,4916,1747828170,1747828920,5920.5,5939.0
l1747833900,4916,1747833510,1747834020,5903.75,5920.75
h1747846080,4916,1747845990,1747846620,5941.25,5961.25
l1747848600,4916,1747848510,1747848780,5862.0,5899.5
h1747849140,4916,1747848930,1747850160,5865.5,5912.5
l1747851660,4916,1747851390,1747852320,5866.0,5902.5
h1747852560,4916,1747851870,1747853340,5854.75,5897.75
l1747855560,4916,1747855230,1747855980,5842.75,5879.25
h1747875840,4916,1747875630,1747876080,5861.25,5879.25
l1747890180,4916,1747890090,1747890420,5856.0,5868.5
h1747897500,4916,1747897410,1747897800,5860.75,5881.75
l1747916220,4916,1747916130,1747916520,5823.75,5848.25
h1747922820,4916,1747922190,1747923240,5846.5,5885.5
l1747925820,4916,1747925550,1747926000,5838.5,5870.0
h1747930560,4916,1747930410,1747930860,5863.5,5890.0
l1747933800,4916,1747932930,1747934280,5849.75,5879.25
h1747942080,4916,1747941930,1747942440,5879.0,5900.0
l1747943940,4916,1747943670,1747947000,5848.75,5889.25
h1747967280,4916,1747966830,1747967580,5858.0,5873.0
l1747981080,4916,1747980870,1747981620,5836.75,5853.75
h1747987620,4916,1747987530,1747988040,5858.5,5876.5
l1747992540,4916,1747992450,1747992780,5838.5,5861.0
h1747994280,4916,1747993950,1747994760,5847.0,5865.0
h1748003460,4916,1748003130,1748005440,5746.25,5789.75
h1748014620,4916,1748014410,1748015520,5799.25,5827.25
l1748016300,4916,1748016210,1748017380,5795.0,5830.5
h1748024220,4916,1748023230,1748024460,5820.75,5848.75
h1748218560,4916,1748218470,1748218920,5852.0,5878.0
l1748223120,4916,1748222610,1748223480,5857.0,5872.5
h1748226360,4916,1748226030,1748226840,5864.5,5883.0
l1748227920,4916,1748227050,1748228820,5863.5,5879.0
h1748246580,4916,1748246250,1748247660,5876.0,5900.0
l1748272080,4916,1748271750,1748272440,5866.0,5882.5
l1748317560,4916,1748317470,1748317680,5857.5,5873.5
h1748332200,4916,1748332050,1748332620,5898.5,5917.5
l1748352960,4916,1748352810,1748353260,5863.25,5895.75
l1748424660,4916,1748424150,1748425140,5913.5,5929.0
h1748439600,4916,1748439510,1748440020,5934.0,5957.5
h1748459280,4916,1748459130,1748459760,5912.75,5937.75
l1748477520,4916,1748477010,1748477940,5972.0,6004.5
h1748480100,4916,1748479950,1748480520,5986.75,6007.75
l1748481960,4916,1748481270,1748482200,5979.25,6001.25
h1748488500,4916,1748488350,1748488920,5990.75,6010.75
l1748502180,4916,1748502090,1748502420,5980.25,5997.75
h1748505660,4916,1748505510,1748505900,5993.5,6013.0
l1748528460,4916,1748528190,1748528820,5903.5,5939.5
h1748530680,4916,1748530290,1748531100,5908.25,5939.75
l1748534400,4916,1748534250,1748534700,5879.0,5916.5
h1748538120,4916,1748537790,1748538480,5901.25,5933.25
l1748542920,4916,1748542650,1748543520,5894.5,5924.5
h1748583840,4916,1748583450,1748584200,5912.5,5928.0
l1748589000,4916,1748588790,1748589420,5897.25,5921.75
h1748603460,4916,1748603370,1748604300,5911.75,5927.75
h1748615820,4916,1748614290,1748616360,5892.0,5925.5
l1748622840,4916,1748622630,1748623080,5848.25,5889.75
h1748633820,4916,1748633670,1748634060,5912.25,5937.75
h1748838480,4916,1748838030,1748839080,5883.5,5897.5
l1748844900,4916,1748844750,1748845200,5872.75,5887.25
h1748848680,4916,1748847810,1748849040,5879.0,5897.5
l1748849340,4916,1748849250,1748849520,5862.5,5887.5
h1748853000,4916,1748852610,1748853660,5880.25,5899.75
l1748857620,4916,1748857410,1748858340,5871.5,5890.0
h1748871540,4916,1748871090,1748872080,5887.25,5922.75
l1748872860,4916,1748872770,1748873280,5865.5,5909.0
h1748971380,4916,1748970750,1748972160,5977.75,5996.25
l1749007800,4916,1749007170,1749008340,5969.75,5985.25
l1749046080,4916,1749045930,1749046260,5969.25,6002.25
h1749049620,4916,1749049110,1749050580,5983.25,6003.25
h1749060360,4916,1749059970,1749060600,5986.5,6004.0
h1749112500,4916,1749111990,1749112800,5985.0,6001.5
l1749131820,4916,1749131430,1749132420,5952.5,5990.5
h1749133800,4916,1749133350,1749134040,5958.75,5986.75
h1749145260,4916,1749144030,1749146220,5971.5,5993.0
l1749147420,4916,1749147330,1749147600,5943.75,5982.25
h1749148560,4916,1749148350,1749150000,5959.25,5984.25
l1749151140,4916,1749150990,1749151680,5923.75,5963.75
h1749152280,4916,1749152130,1749153180,5931.5,5970.5
h1749217560,4916,1749217290,1749218220,6007.0,6030.0
l1749228960,4916,1749228810,1749229200,5979.5,6003.0
l1749439380,4916,1749439110,1749440340,5987.25,6000.75
h1749493680,4916,1749492690,1749494220,6017.75,6032.75
h1749519240,4916,1749519030,1749519720,6027.25,6045.75
l1749533580,4916,1749533430,1749533820,5992.0,6013.5
h1749533940,4916,1749533790,1749538440,5992.25,6021.25
l1749541500,4916,1749541410,1749541680,5986.25,6012.25
h1749566640,4916,1749566550,1749567600,6016.75,6035.75
h1749575580,4916,1749575430,1749575880,6028.25,6046.25
l1749605880,4916,1749605610,1749606120,6019.25,6036.75
l1749618060,4916,1749617970,1749618240,6016.5,6031.0
l1749640920,4916,1749640530,1749641160,6019.5,6037.5
h1749645600,4916,1749645210,1749645900,6048.25,6079.75
l1749649620,4916,1749649530,1749649860,6030.75,6058.25
h1749653820,4916,1749653010,1749654600,6049.25,6069.75
l1749658860,4916,1749658650,1749659220,6028.5,6051.5
h1749662700,4916,1749662130,1749663360,6042.5,6063.5
h1749663060,4916,1749662190,1749663300,6045.5,6063.5
l1749665820,4916,1749665670,1749666060,6001.25,6034.75
h1749667680,4916,1749666930,1749668220,6008.0,6040.5
l1749692280,4916,1749692190,1749693240,5992.0,6013.5
h1749711780,4916,1749711630,1749712620,6006.5,6025.5
l1749715500,4916,1749715290,1749715740,5982.75,6009.75
h1749720960,4916,1749720870,1749721320,5999.0,6016.5
l1749723900,4916,1749723810,1749724740,5989.0,6009.0
h1749725700,4916,1749725070,1749725880,5993.0,6010.0
l1749729360,4916,1749729030,1749730080,5984.75,6008.25
h1749740520,4916,1749740430,1749741120,6030.0,6055.0
l1749741780,4916,1749741690,1749742260,6024.0,6055.0
l1749777180,4916,1749776970,1749777780,5932.75,5972.25
h1749777900,4916,1749777270,1749778320,5926.5,5962.0
h1749779940,4916,1749779670,1749780300,5946.25,5972.25
l1749782640,4916,1749782490,1749782760,5922.5,5947.0
l1749786120,4916,1749784770,1749786660,5945.75,5968.25
h1749786960,4916,1749786570,1749787380,5944.5,5968.0
l1749788880,4916,1749788430,1749789240,5941.75,5961.75
h1749794520,4916,1749794430,1749795240,5952.5,5975.0
l1749796860,4916,1749796650,1749797280,5950.5,5971.5
h1749802560,4916,1749802110,1749803040,5968.75,5990.75
h1749805320,4916,1749805230,1749806100,5965.75,5986.75
l1749806040,4916,1749805950,1749806160,5963.5,5998.5
l1749809040,4916,1749808650,1749809580,5969.0,5991.5
h1749812820,4916,1749812610,1749813180,5979.75,6002.25
l1749814200,4916,1749813090,1749814560,5981.25,6000.75
h1749818160,4916,1749817170,1749818580,5984.25,6006.75
l1749820740,4916,1749820650,1749821220,5978.25,5997.25
h1749821520,4916,1749821430,1749821820,5988.75,6019.75
l1749825060,4916,1749824670,1749825540,5972.25,6001.75
l1749824940,4916,1749824670,1749825540,5972.25,6001.75
h1749831480,4916,1749830790,1749832080,6013.25,6034.75
l1749839880,4916,1749839490,1749840420,5962.0,5998.5
l1749843960,4916,1749843750,1749844200,5960.25,5986.75
h1750040280,14160,1750040070,1750040700,6032.75,6052.25
l1750045260,14160,1750045110,1750046100,6032.5,6047.0
l1750066740,14160,1750066650,1750067220,6048.25,6065.75
h1750084380,14160,1750084050,1750084920,6094.0,6114.0
l1750101660,14160,1750100850,1750101780,6075.5,6094.0
h1750122000,14160,1750121730,1750122540,6056.5,6079.0
l1750127640,14160,1750127130,1750127820,6049.0,6067.5
h1750129140,14160,1750128750,1750129380,6053.25,6081.75
l1750129440,14160,1750129290,1750129860,6058.75,6085.75
h1750129860,14160,1750129650,1750130460,6054.75,6078.25
h1750141080,14160,1750140990,1750141560,6063.0,6080.0
h1750150980,14160,1750150770,1750151160,6051.0,6071.5
l1750157160,14160,1750156710,1750157280,6040.0,6060.0
h1750162560,14160,1750162350,1750162740,6058.75,6076.25
l1750166100,14160,1750164870,1750166460,6051.25,6070.25
h1750173240,14160,1750172970,1750173480,6063.75,6086.25
h1750177020,14160,1750176090,1750178760,6064.25,6084.25
l1750185840,14160,1750185510,1750186560,6025.25,6053.25
h1750208700,14160,1750208430,1750209300,6033.25,6054.25
l1750220760,14160,1750220550,1750221060,6031.5,6047.5
l1750244220,14160,1750244010,1750245360,6029.5,6050.0
h1750257240,14160,1750256610,1750258440,6056.25,6078.75
l1750267980,14160,1750267830,1750268340,6036.5,6062.0
l1750273260,14160,1750272930,1750273560,6021.25,6064.25
h1750274640,14160,1750273950,1750274940,6009.75,6056.25
h1750308960,14160,1750308750,1750309320,6020.25,6033.75
l1750319820,14160,1750319730,1750320120,5990.75,6013.25
h1750326360,14160,1750326210,1750326720,6003.5,6019.5
h1750407060,14160,1750406610,1750407660,6019.0,6038.5
l1750409940,14160,1750409730,1750410600,6006.75,6023.75
l1750420680,14160,1750420470,1750421640,6030.75,6053.25
h1750426800,14160,1750426530,1750427280,6047.5,6076.0
l1750431840,14160,1750431510,1750432320,6005.25,6037.25
h1750434060,14160,1750433550,1750434780,6018.25,6044.75
l1750441020,14160,1750440570,1750441380,5998.25,6023.25
l1750638240,14160,1750637670,1750639200,5984.0,6003.5
h1750666320,14160,1750666170,1750666560,6021.75,6044.25
l1750673400,14160,1750673310,1750673580,6021.0,6039.0
l1750679100,14160,1750679010,1750679400,5997.5,6017.0
h1750688400,14160,1750688190,1750689120,6037.75,6063.25
l1750696620,14160,1750696470,1750696800,5988.25,6022.75
h1750697100,14160,1750696890,1750697580,5995.5,6034.5
l1750698000,14160,1750697250,1750698360,6001.5,6040.5
l1750731000,14160,1750730910,1750731120,6099.0,6116.5
h1750748820,14160,1750748730,1750749000,6127.25,6148.75
l1750751580,14160,1750751490,1750751940,6109.5,6140.0
h1750757940,14160,1750757370,1750758480,6124.5,6141.0
h1750793520,14160,1750793430,1750794720,6143.25,6160.25
h1750858980,14160,1750858410,1750859400,6143.25,6165.25
h1750967820,14160,1750967370,1750968120,6180.5,6205.0
l1751031000,14160,1751030910,1751031120,6197.0,6214.0
h1751041860,14160,1751041470,1751042640,6226.5,6244.0
l1751050320,14160,1751050170,1751051220,6178.25,6204.75
h1751054220,14160,1751054070,1751054760,6203.25,6231.75
h1751313240,14160,1751312970,1751313420,6242.5,6270.5
h1751335080,14160,1751334690,1751335380,6249.25,6262.75
l1751372760,14160,1751372670,1751373060,6222.25,6240.25
h1751379480,14160,1751379150,1751379780,6234.5,6258.0
l1751382840,14160,1751382450,1751383200,6222.5,6249.0
h1751392380,14160,1751392230,1751393040,6248.5,6266.5
l1751396520,14160,1751396430,1751396700,6235.0,6259.0
h1751399280,14160,1751399070,1751399520,6242.75,6265.75
l1751422320,14160,1751422050,1751422620,6240.0,6253.0
h1751431020,14160,1751430810,1751431320,6258.25,6272.75
h1751438760,14160,1751438550,1751438880,6260.75,6275.75
l1751460180,14160,1751459970,1751461500,6230.5,6252.0
h1751501820,14160,1751501730,1751502120,6269.75,6284.75
l1751509860,14160,1751509770,1751510100,6265.5,6279.5
h1751527680,14160,1751527530,1751528040,6275.0,6290.0
l1751538060,14160,1751537670,1751538420,6267.5,6281.0
h1751561040,14160,1751560770,1751561220,6320.75,6338.25
l1751850720,14160,1751850390,1751851080,6286.0,6304.0
h1751854800,14160,1751854350,1751855580,6292.25,6306.75
h1751861100,14160,1751861010,1751861220,6295.5,6311.0
l1751869260,14160,1751869050,1751869500,6285.75,6299.75
h1751890680,14160,1751890410,1751891220,6303.5,6320.0
l1751905320,14160,1751905230,1751905440,6255.25,6285.75
l1751912460,14160,1751912370,1751912760,6241.25,6267.75
h1751918340,14160,1751918070,1751918520,6258.0,6283.0
h1751961300,14160,1751961030,1751961720,6277.5,6294.0
l1751969040,14160,1751968950,1751969280,6268.75,6284.75
h1751974920,14160,1751974830,1751975400,6278.75,6291.75
l1751984760,14160,1751984550,1751985120,6258.75,6281.75
h1751985480,14160,1751985210,1751986020,6265.5,6287.5
l1751986500,14160,1751986290,1751986800,6257.5,6287.0
h1751992020,14160,1751991870,1751992440,6273.75,6293.75
l1751995080,14160,1751994990,1751995500,6260.75,6285.75
l1752024720,14160,1752024630,1752024960,6255.0,6271.5
h1752026580,14160,1752026190,1752027600,6260.25,6275.75
l1752032760,14160,1752032430,1752033000,6259.25,6271.75
l1752041220,14160,1752041070,1752041880,6255.5,6273.0
h1752069000,14160,1752068670,1752069420,6296.75,6320.25
l1752074160,14160,1752073770,1752074580,6271.0,6296.5
l1752131760,14160,1752131490,1752131940,6282.5,6297.5
h1752148320,14160,1752147690,1752148860,6302.25,6316.25
l1752156060,14160,1752155850,1752156720,6291.0,6313.0
h1752171720,14160,1752171210,1752172200,6325.5,6340.5
l1752194700,14160,1752194370,1752194820,6281.0,6306.5
h1752208020,14160,1752207750,1752208320,6303.0,6316.5
l1752222000,14160,1752221070,1752222360,6279.75,6298.75
h1752223920,14160,1752223650,1752224940,6278.25,6298.25
l1752228180,14160,1752227910,1752228300,6271.75,6289.25
h1752228840,14160,1752228330,1752229740,6269.75,6291.25
h1752244560,14160,1752243630,1752244980,6290.5,6312.5
l1752246900,14160,1752246810,1752247260,6285.25,6307.25
h1752259500,14160,1752258870,1752260280,6300.75,6317.75
h1752261960,14160,1752261450,1752263100,6295.75,6316.25
h1752451800,14160,1752451470,1752453000,6267.25,6283.25
h1752466740,14160,1752466170,1752467220,6266.0,6279.0
l1752473280,14160,1752472890,1752474000,6256.0,6272.5
l1752477900,14160,1752477390,1752478320,6254.75,6270.75
h1752487260,14160,1752486030,1752487620,6276.0,6289.0
l1752492180,14160,1752491790,1752493200,6271.75,6287.25
h1752518160,14160,1752517650,1752520140,6305.5,6320.0
h1752544380,14160,1752544290,1752544620,6319.75,6340.75
l1752547860,14160,1752547470,1752549540,6303.25,6323.25
h1752557460,14160,1752557130,1752557640,6324.25,6338.25
l1752564240,14160,1752563910,1752564840,6320.5,6335.0
h1752575580,14160,1752575490,1752575700,6331.25,6346.75
l1752576540,14160,1752576330,1752577200,6327.25,6346.25
l1752582120,14160,1752581970,1752582660,6320.0,6336.5
h1752582660,14160,1752582570,1752582840,6309.5,6348.0
l1752583200,14160,1752582990,1752583920,6325.75,6347.25
h1752585960,14160,1752585570,1752586440,6328.25,6347.25
l1752591540,14160,1752591090,1752592080,6295.0,6319.0
h1752594480,14160,1752594030,1752594960,6301.0,6321.0
l1752599760,14160,1752599550,1752600060,6286.25,6306.75
h1752603120,14160,1752602730,1752604620,6299.0,6316.0
h1752628800,14160,1752628590,1752629040,6268.75,6283.25
l1752638340,14160,1752638070,1752638640,6268.0,6281.5
l1752649860,14160,1752649590,1752649980,6252.25,6272.25
l1752677880,14160,1752677610,1752678240,6271.0,6318.0
h1752678840,14160,1752678150,1752679080,6271.5,6300.0
l1752679320,14160,1752679110,1752679680,6250.25,6293.25
h1752679740,14160,1752679530,1752680040,6243.75,6281.75
l1752680220,14160,1752680010,1752680580,6236.0,6282.0
l1752683160,14160,1752682050,1752683820,6266.25,6295.75
h1752694860,14160,1752694710,1752695520,6293.75,6313.75
l1752721800,14160,1752721650,1752722100,6283.25,6295.75
h1752734460,14160,1752733950,1752735420,6300.5,6316.5
l1752740700,14160,1752740190,1752741060,6296.75,6315.25
h1752743880,14160,1752743490,1752745440,6302.0,6316.0
l1752752880,14160,1752752730,1752753600,6292.0,6308.5
h1752757320,14160,1752757050,1752758160,6304.25,6321.75
l1752759000,14160,1752758910,1752759180,6297.0,6316.0
l1752837540,14160,1752837210,1752837900,6334.5,6350.0
h1752845280,14160,1752845190,1752845640,6339.5,6358.5
l1752858120,14160,1752857730,1752858840,6318.25,6336.75
l1753069800,14160,1753069170,1753070520,6333.75,6345.75
h1753085340,14160,1753085190,1753085820,6346.0,6359.5
l1753102860,14160,1753102770,1753103880,6334.75,6349.75
h1753112100,14160,1753111770,1753113480,6363.0,6379.0
l1753127820,14160,1753127610,1753128120,6336.0,6358.0
h1753148880,14160,1753148730,1753150020,6344.5,6357.0
l1753174020,14160,1753173810,1753174140,6330.25,6344.75
h1753189560,14160,1753188570,1753189800,6340.5,6354.5
l1753192440,14160,1753192350,1753192620,6313.75,6343.25
l1753208280,14160,1753208190,1753208400,6327.5,6357.0
h1753214220,14160,1753214130,1753214460,6340.75,6358.75
l1753232640,14160,1753232190,1753233060,6344.0,6360.5
h1753241160,14160,1753240830,1753241520,6355.0,6368.0
l1753244160,14160,1753243650,1753244340,6352.5,6364.5
h1753266180,14160,1753266090,1753266300,6364.75,6379.25
l1753279200,14160,1753278870,1753279800,6348.5,6369.5
l1753288440,14160,1753287630,1753289040,6365.0,6389.0
h1753293000,14160,1753292550,1753293120,6371.25,6390.75
h1753324200,14160,1753323810,1753325340,6398.25,6411.25
l1753343340,14160,1753343070,1753343940,6388.5,6402.0
h1753351200,14160,1753350570,1753351380,6396.0,6409.5
l1753353180,14160,1753352910,1753353480,6390.75,6404.75
h1753357320,14160,1753357230,1753357500,6396.75,6411.75
l1753361220,14160,1753361130,1753361400,6386.5,6404.0
h1753369320,14160,1753369170,1753370880,6403.0,6420.5
l1753374420,14160,1753374270,1753375200,6394.0,6414.5
h1753380660,14160,1753380570,1753381260,6405.25,6423.25
h1753471200,14160,1753470570,1753471680,6420.0,6436.0
h1753682820,14160,1753682670,1753683900,6449.25,6462.75
l1753725960,14160,1753725870,1753726500,6403.75,6421.75
h1753786860,14160,1753786770,1753787040,6433.0,6447.5
l1753803720,14160,1753803630,1753804020,6395.0,6417.0
h1753810200,14160,1753808190,1753810740,6404.75,6422.25
l1753817940,14160,1753817850,1753818360,6391.25,6407.75
h1753835820,14160,1753835730,1753836240,6405.0,6418.0
h1753856820,14160,1753856730,1753857180,6409.75,6421.75
l1753860000,14160,1753859910,1753860480,6401.75,6415.75
h1753862640,14160,1753862370,1753862880,6406.5,6421.0
h1753876260,14160,1753875870,1753876500,6406.5,6422.5
l1753877400,14160,1753877310,1753877700,6401.5,6424.0
h1753885920,14160,1753885770,1753887540,6405.5,6426.0
l1753888500,14160,1753888230,1753888980,6397.25,6420.75
h1753900560,14160,1753900290,1753900740,6414.75,6434.75
l1753900860,14160,1753900710,1753901100,6402.5,6430.5
l1753903680,14160,1753903110,1753905120,6362.75,6396.25
l1753922100,14160,1753921470,1753922400,6437.25,6453.25
h1753937040,14160,1753936890,1753937400,6450.75,6464.25
l1753939920,14160,1753939770,1753940220,6448.25,6461.25
h1753947960,14160,1753947750,1753948380,6454.5,6473.5
l1753954560,14160,1753954350,1753955340,6450.5,6464.5
h1753958100,14160,1753957950,1753958520,6453.5,6466.5
l1753969500,14160,1753969170,1753969740,6422.5,6449.5
h1753970820,14160,1753969890,1753971720,6424.0,6455.0
l1753975020,14160,1753974750,1753975320,6397.25,6423.25
h1753979580,14160,1753979130,1753980480,6421.75,6440.25
l1753983180,14160,1753982850,1753983420,6387.25,6413.25
h1753983900,14160,1753983270,1753984260,6384.0,6413.5
l1753985760,14160,1753985670,1753986060,6360.5,6393.0
h1753987620,14160,1753986570,1753988340,6379.5,6408.0
l1753991700,14160,1753991430,1753992000,6353.25,6392.75
h1754009040,14160,1754008770,1754009280,6346.25,6364.75
l1754009400,14160,1754009130,1754009940,6347.5,6366.5
h1754012220,14160,1754011650,1754013000,6356.25,6371.75
l1754013780,14160,1754013690,1754014080,6357.5,6372.5
l1754020800,14160,1754020530,1754020980,6355.5,6373.0
h1754021580,14160,1754021130,1754023800,6355.0,6370.5
l1754030220,14160,1754029710,1754030940,6343.25,6361.25
h1754031120,14160,1754030790,1754031360,6341.75,6359.75
l1754034660,14160,1754034450,1754034840,6307.0,6330.0
h1754036280,14160,1754035890,1754036580,6307.0,6331.5
l1754037600,14160,1754037150,1754038020,6299.5,6324.0
h1754039160,14160,1754038830,1754039760,6305.75,6325.25
l1754040840,14160,1754039970,1754041260,6303.75,6323.25
h1754041620,14160,1754041050,1754042580,6300.5,6322.0
l1754042820,14160,1754042430,1754043240,6302.5,6325.0
h1754043480,14160,1754042910,1754044020,6299.5,6319.0
l1754045700,14160,1754045430,1754046180,6290.0,6314.5
h1754052120,14160,1754051970,1754052420,6295.0,6336.0
h1754054940,14160,1754054850,1754055120,6289.0,6316.5
l1754056920,14160,1754056770,1754057400,6238.75,6285.75
h1754058840,14160,1754058150,1754059440,6245.0,6293.0
l1754062140,14160,1754061390,1754062800,6255.5,6284.0
h1754064420,14160,1754063970,1754065860,6272.0,6302.0
h1754073900,14160,1754073510,1754074320,6256.5,6283.0
h1754077800,14160,1754077590,1754077980,6249.75,6285.25
h1754269440,14160,1754269050,1754269680,6269.5,6288.0
l1754269800,14160,1754269530,1754270400,6270.5,6289.5
h1754279220,14160,1754279010,1754280360,6281.25,6295.25
l1754281440,14160,1754281290,1754281620,6274.75,6290.25
h1754282160,14160,1754281950,1754283000,6277.75,6292.75
l1754284560,14160,1754284410,1754284740,6278.5,6291.5
h1754287620,14160,1754287230,1754287860,6283.5,6298.0
l1754289480,14160,1754289330,1754289720,6274.25,6292.75
h1754300580,14160,1754299890,1754300820,6299.0,6315.0
l1754305680,14160,1754305290,1754305860,6289.5,6308.5
h1754307120,14160,1754306970,1754308080,6291.75,6308.75
l1754309220,14160,1754308950,1754309640,6289.75,6305.25
l1754353200,14160,1754352870,1754353740,6355.25,6369.25
l1754355180,14160,1754355090,1754355600,6360.0,6377.5
h1754356140,14160,1754355990,1754356380,6359.5,6378.0
l1754364300,14160,1754364210,1754364540,6357.5,6371.0
h1754377680,14160,1754377590,1754377860,6367.5,6382.5
l1754381640,14160,1754381190,1754382180,6353.5,6372.5
l1754405400,14160,1754405010,1754406000,6310.5,6337.0
l1754412420,14160,1754412270,1754412720,6318.25,6341.75
h1754416020,14160,1754415390,1754417220,6333.25,6353.75
l1754445000,14160,1754444730,1754445120,6321.5,6337.0
h1754447460,14160,1754447370,1754448120,6330.0,6346.5
l1754450040,14160,1754449950,1754450460,6330.5,6347.0
h1754467140,14160,1754466870,1754467380,6348.75,6363.25
l1754474640,14160,1754474430,1754475120,6331.25,6348.25
h1754475300,14160,1754475030,1754475600,6331.0,6348.5
l1754477400,14160,1754477130,1754477640,6326.75,6344.75
h1754478660,14160,1754478510,1754478780,6330.25,6348.75
l1754482380,14160,1754482170,1754482740,6325.75,6342.75
h1754489340,14160,1754488890,1754489700,6320.5,6356.0
h1754508720,14160,1754508630,1754509380,6366.0,6384.5
h1754530980,14160,1754530710,1754531220,6380.0,6396.5
h1754538540,14160,1754538210,1754538840,6382.25,6394.75
l1754542980,14160,1754542830,1754543520,6375.25,6390.25
h1754555340,14160,1754555190,1754555700,6396.25,6414.75
l1754555880,14160,1754555670,1754556780,6395.75,6414.75
h1754561940,14160,1754561670,1754562300,6414.25,6431.75
l1754582580,14160,1754582430,1754583240,6349.75,6373.25
h1754583900,14160,1754583150,1754584800,6349.0,6374.5
l1754585160,14160,1754584950,1754585460,6339.0,6366.0
h1754585700,14160,1754585430,1754586240,6340.5,6369.0
l1754590980,14160,1754590350,1754591340,6329.5,6358.0
h1754613420,14160,1754613030,1754614020,6377.5,6392.5
l1754632680,14160,1754632530,1754632980,6364.25,6383.25
h1754654280,14160,1754653950,1754654520,6382.75,6394.75
l1754655660,14160,1754655570,1754655840,6371.25,6388.25
h1754663640,14160,1754663370,1754664180,6395.5,6418.0
l1754667600,14160,1754667390,1754668200,6385.5,6407.0
h1754878920,14160,1754878170,1754879280,6422.0,6434.5
l1754891220,14160,1754890890,1754891520,6415.0,6429.5
h1754895660,14160,1754895150,1754895840,6419.0,6433.5
h1754914800,14160,1754914470,1754914980,6417.75,6431.75
l1754923680,14160,1754923590,1754925360,6401.75,6421.25
h1754928600,14160,1754928450,1754928960,6413.5,6436.5
l1754942160,14160,1754941830,1754942340,6382.5,6409.0
h1754974440,14160,1754974110,1754975040,6402.75,6414.75
h1754975520,14160,1754975190,1754976660,6388.75,6409.75
l1754977260,14160,1754977050,1754977740,6387.25,6405.25
h1754980140,14160,1754980050,1754980320,6399.0,6416.0
l1754999400,14160,1754999310,1754999640,6386.25,6400.75
h1755002460,14160,1755002190,1755003480,6415.5,6447.0
l1755007200,14160,1755006930,1755007560,6403.5,6446.0
l1755050760,14160,1755050250,1755051360,6456.0,6468.5
h1755093000,14160,1755092790,1755093420,6484.5,6507.5
l1755103800,14160,1755103470,1755104520,6461.75,6481.75
l1755135780,14160,1755135570,1755136200,6476.25,6489.75
h1755140640,14160,1755140250,1755141000,6479.75,6491.75
l1755152160,14160,1755151950,1755152400,6472.0,6486.0
h1755172860,14160,1755172530,1755173100,6483.25,6496.75
l1755175020,14160,1755174810,1755175320,6448.25,6476.25
h1755182880,14160,1755182730,1755183480,6479.25,6500.25
l1755188040,14160,1755187830,1755188340,6460.5,6484.0
h1755201300,14160,1755201090,1755201660,6484.0,6501.0
h1755240720,14160,1755240030,1755241080,6498.75,6513.75
l1755252300,14160,1755252210,1755252540,6485.0,6500.0
h1755257100,14160,1755257010,1755257520,6493.75,6507.25
l1755272640,14160,1755272490,1755272880,6456.5,6482.0
h1755280800,14160,1755280470,1755281100,6471.5,6490.5
h1755481800,14160,1755481650,1755482820,6477.25,6489.25
l1755505560,14160,1755505470,1755505800,6451.75,6469.25
h1755506580,14160,1755506070,1755507240,6457.25,6472.75
l1755509280,14160,1755509070,1755509520,6451.0,6465.5
h1755527040,14160,1755526890,1755527400,6459.75,6480.25
l1755573060,14160,1755572130,1755573660,6454.5,6469.5
h1755574080,14160,1755573930,1755574440,6457.0,6471.0
h1755595320,14160,1755595230,1755596460,6460.0,6474.0
h1755612240,14160,1755612150,1755613740,6454.75,6481.25
l1755630060,14160,1755629970,1755631380,6414.25,6437.75
l1755661680,14160,1755661470,1755662640,6404.25,6418.75
l1755666660,14160,1755666390,1755667020,6404.0,6417.5
h1755674760,14160,1755674550,1755675060,6413.0,6430.5
l1755678480,14160,1755678030,1755678840,6407.5,6424.0
h1755687840,14160,1755687690,1755688620,6418.25,6434.75
h1755696600,14160,1755696450,1755696720,6414.75,6435.75
l1755701580,14160,1755700770,1755702420,6357.75,6386.75
h1755704280,14160,1755703410,1755705000,6379.75,6407.75
l1755705600,14160,1755704970,1755706320,6379.5,6408.0
h1755711900,14160,1755711510,1755712620,6396.25,6418.25
l1755714120,14160,1755713670,1755714900,6380.5,6407.0
h1755719400,14160,1755718350,1755719580,6409.25,6429.25
l1755735960,14160,1755735690,1755736260,6396.25,6412.75
h1755736620,14160,1755736410,1755737340,6399.5,6414.5
l1755738600,14160,1755738270,1755739440,6396.0,6411.5
h1755742980,14160,1755742710,1755744600,6409.0,6424.0
l1755754800,14160,1755754590,1755755040,6401.5,6414.5
h1755757080,14160,1755756870,1755757560,6410.25,6423.75
l1755767280,14160,1755766710,1755767520,6396.25,6414.75
h1755769440,14160,1755768390,1755770160,6398.75,6413.25
l1755771600,14160,1755771450,1755771780,6390.0,6408.5
l1755781260,14160,1755780270,1755781500,6378.75,6399.25
h1755786540,14160,1755785490,1755786960,6387.25,6417.25
l1755789300,14160,1755789090,1755789660,6380.25,6408.75
h1755790980,14160,1755790170,1755791520,6385.5,6413.5
l1755797160,14160,1755796710,1755797400,6365.25,6390.75
h1755803340,14160,1755802530,1755804540,6379.5,6402.5
l1755821700,14160,1755821610,1755822000,6380.25,6400.75
l1755827400,14160,1755827130,1755828060,6382.75,6397.25
h1755829080,14160,1755828690,1755829680,6386.25,6399.75
h1755830700,14160,1755830550,1755831120,6386.0,6399.5
l1755844980,14160,1755844890,1755845280,6359.0,6375.5
h1755876840,14160,1755876450,1755877920,6476.25,6501.25
l1755881880,14160,1755881610,1755882120,6468.75,6489.25
h1755884760,14160,1755884130,1755885480,6482.5,6500.0
l1755891600,14160,1755891450,1755891900,6469.0,6487.5
l1756090800,14160,1756090530,1756091760,6466.5,6479.0
h1756101600,14160,1756101390,1756101720,6475.0,6487.5
l1756125060,14160,1756124910,1756125300,6455.75,6471.25
h1756140300,14160,1756140030,1756140780,6471.75,6487.75
h1756167420,14160,1756167270,1756167720,6447.75,6468.25
l1756169220,14160,1756168890,1756169520,6425.75,6449.75
h1756170660,14160,1756170090,1756173120,6429.75,6454.75
l1756173240,14160,1756173150,1756173480,6432.75,6453.25
h1756175880,14160,1756175790,1756176120,6440.0,6458.0
l1756178160,14160,1756177290,1756179240,6439.5,6454.5
h1756187100,14160,1756186890,1756187520,6445.25,6459.75
l1756192380,14160,1756192230,1756192560,6430.0,6454.0
h1756193760,14160,1756193490,1756194540,6433.75,6453.25
l1756194600,14160,1756194510,1756194780,6433.75,6453.25
h1756204500,14160,1756203930,1756205100,6445.0,6458.5
l1756210500,14160,1756210410,1756210620,6438.0,6453.5
h1756261500,14160,1756261350,1756261680,6482.75,6494.25
l1756284540,14160,1756284390,1756284900,6473.0,6487.0
h1756297020,14160,1756296450,1756297560,6481.0,6493.5
l1756301340,14160,1756301250,1756301580,6467.25,6483.75
h1756318560,14160,1756318410,1756320900,6490.25,6507.25
l1756321980,14160,1756321890,1756322160,6481.5,6508.0
l1756340760,14160,1756340550,1756341420,6466.0,6481.0
h1756350660,14160,1756350390,1756351380,6482.75,6498.75
l1756360140,14160,1756359810,1756361580,6480.0,6495.0
h1756368840,14160,1756368270,1756369680,6494.25,6511.75
l1756380000,14160,1756379490,1756380420,6485.5,6501.0
h1756387980,14160,1756387770,1756388220,6486.5,6513.5
l1756391400,14160,1756388910,1756392180,6482.0,6510.0
l1756389420,14160,1756388970,1756390080,6475.75,6509.75
h1756410840,14160,1756410690,1756411200,6510.5,6528.0
h1756474020,14160,1756473870,1756474440,6491.0,6509.0
l1756479120,14160,1756478850,1756479720,6450.5,6476.5
h1756485900,14160,1756485150,1756486920,6461.75,6479.75
l1756487820,14160,1756487550,1756488120,6453.5,6474.5
h1756685580,14160,1756685370,1756686120,6482.0,6496.5
l1756701480,14160,1756701270,1756702020,6460.0,6475.0
h1756702200,14160,1756702050,1756702860,6461.5,6476.5
l1756703520,14160,1756703310,1756703760,6459.5,6475.5
h1756705320,14160,1756705110,1756705680,6462.25,6475.75
l1756708140,14160,1756707870,1756708320,6454.5,6470.0
h1756716060,14160,1756715730,1756716600,6475.0,6490.0
h1756741380,14160,1756740750,1756742280,6474.5,6489.0
h1756777740,14160,1756777530,1756777980,6469.25,6481.25
l1756780860,14160,1756780410,1756781520,6459.0,6473.5
h1756796460,14160,1756796070,1756796820,6461.0,6477.5
l1756797900,14160,1756797750,1756798080,6447.5,6467.0
h1756798260,14160,1756797990,1756798500,6446.5,6467.0
l1756799880,14160,1756799430,1756800240,6422.75,6450.75
h1756802580,14160,1756802370,1756803180,6432.0,6451.0
l1756803660,14160,1756803330,1756803960,6433.75,6450.75
h1756805760,14160,1756804530,1756806360,6433.5,6449.5
l1756828620,14160,1756828110,1756829640,6366.75,6388.25
h1756835460,14160,1756834710,1756835880,6396.75,6418.75
l1756838580,14160,1756838070,1756839000,6391.0,6410.0
h1756839060,14160,1756838970,1756839420,6387.5,6417.5
l1756839480,14160,1756839270,1756840200,6397.25,6421.25
h1756874220,14160,1756873350,1756874460,6424.5,6437.0
l1756878600,14160,1756878450,1756878840,6420.5,6434.5
h1756897920,14160,1756897770,1756898220,6450.75,6465.25
l1756899120,14160,1756899030,1756899300,6445.25,6460.25
h1756899840,14160,1756899690,1756900320,6446.5,6463.5
l1756908840,14160,1756908690,1756909200,6432.75,6461.25
h1756911960,14160,1756910550,1756912560,6446.25,6469.25
l1756924740,14160,1756924170,1756925100,6421.5,6444.5
l1756956900,14160,1756956750,1756957560,6453.5,6467.5
h1756963200,14160,1756962990,1756963380,6460.0,6474.0
l1756969200,14160,1756968930,1756969320,6453.5,6469.5
l1756995420,14160,1756995150,1756995720,6451.25,6480.75
h1757053920,14160,1757053290,1757054100,6522.5,6536.0
h1757080140,14160,1757077050,1757080440,6521.25,6546.75
l1757085000,14160,1757084250,1757085300,6447.0,6490.0
h1757087040,14160,1757086470,1757087520,6462.0,6493.0
l1757095380,14160,1757094030,1757096220,6462.5,6487.5
l1757094180,14160,1757094090,1757096100,6459.75,6484.25
h1757100240,14160,1757099730,1757100720,6474.0,6498.0
h1757290080,14160,1757289870,1757290620,6495.5,6512.5
l1757298120,14160,1757297850,1757299080,6490.25,6504.75
h1757302500,14160,1757302170,1757303100,6494.0,6506.5
l1757307300,14160,1757306910,1757307960,6488.75,6503.25
h1757344260,14160,1757343210,1757344740,6502.5,6521.5
l1757354700,14160,1757353830,1757355120,6486.25,6507.75
l1757382060,14160,1757381850,1757382300,6499.0,6511.5
h1757389020,14160,1757388330,1757389920,6508.0,6520.5
h1757403480,14160,1757403270,1757403660,6514.5,6528.5
l1757428980,14160,1757428410,1757429340,6484.25,6509.75
h1757490480,14160,1757490330,1757490840,6534.25,6548.75
l1757495820,14160,1757494830,1757496420,6524.5,6542.5
h1757513700,14160,1757512830,1757514840,6545.25,6567.25
l1757532060,14160,1757531970,1757532780,6517.5,6541.5
l1757567760,14160,1757567550,1757567880,6532.25,6546.75
l1757594040,14160,1757593950,1757594760,6535.0,6564.0
l1757644200,14160,1757643330,1757644560,6581.25,6594.25
h1757656020,14160,1757655630,1757656920,6587.25,6599.25
l1757665020,14160,1757664930,1757665500,6571.0,6586.0
l1757706120,14160,1757705910,1757706240,6578.0,6598.5
l1757895360,294973,1757895270,1757895540,6636.75,6653.25
h1757921760,294973,1757921550,1757922000,6649.75,6663.25
l1757923440,294973,1757923350,1757923620,6638.25,6656.25
h1757924340,294973,1757924190,1757924520,6639.75,6659.25
l1757925240,294973,1757924970,1757925600,6641.75,6658.75
h1757926140,294973,1757925930,1757926560,6643.75,6659.25
l1757928000,294973,1757927730,1757928480,6642.75,6656.25
h1757948400,294973,1757947350,1757949000,6669.75,6686.25
l1757956860,294973,1757956710,1757957100,6660.25,6677.25
h1757959200,294973,1757958450,1757959800,6664.0,6681.5
h1758012480,294973,1758012390,1758013080,6688.75,6701.75
l1758037380,294973,1758037230,1758037620,6656.25,6673.25
h1758048720,294973,1758048570,1758049920,6666.75,6681.25
h1758094440,294973,1758093990,1758094800,6663.5,6678.0
l1758098580,294973,1758098430,1758098760,6648.75,6667.25
h1758102060,294973,1758101010,1758102360,6660.5,6674.5
l1758107160,294973,1758106830,1758107340,6654.75,6670.75
h1758117240,294973,1758116910,1758117480,6661.75,6680.75
l1758127200,294973,1758127110,1758127440,6645.0,6663.0
l1758139140,294973,1758137790,1758139380,6648.5,6691.0
l1758156600,294973,1758156270,1758157500,6671.75,6684.75
h1758157920,294973,1758157530,1758158400,6672.75,6688.25
l1758170280,294973,1758170010,1758170700,6685.25,6699.25
h1758171360,294973,1758170910,1758172800,6685.5,6698.5
h1758186600,294973,1758186330,1758186900,6709.25,6724.75
l1758186840,294973,1758186750,1758187980,6709.0,6727.0
h1758189060,294973,1758188970,1758189360,6708.75,6724.75
l1758192720,294973,1758192510,1758193200,6702.5,6716.0
h1758193860,294973,1758193590,1758194820,6703.0,6722.0
l1758200760,294973,1758200550,1758201000,6677.5,6702.5
h1758202620,294973,1758200790,1758202860,6670.25,6697.25
l1758203220,294973,1758203010,1758203400,6665.25,6694.25
h1758205860,294973,1758205470,1758206280,6696.0,6723.0
l1758210960,294973,1758210690,1758211380,6684.75,6709.75
h1758214860,294973,1758214590,1758215460,6698.0,6716.0
l1758224940,294973,1758224430,1758225120,6683.25,6705.75
h1758240180,294973,1758240030,1758240720,6697.75,6710.75
l1758242580,294973,1758242430,1758243180,6688.5,6703.0
l1758248940,294973,1758248670,1758249420,6689.25,6702.75
h1758252180,294973,1758251610,1758252960,6695.0,6708.0
l1758252960,294973,1758252870,1758253200,6693.0,6708.5
l1758255660,294973,1758255150,1758256080,6685.5,6701.0
h1758258000,294973,1758257730,1758258360,6690.0,6704.5
l1758263160,294973,1758262950,1758263940,6679.25,6697.25
h1758264000,294973,1758263790,1758264540,6676.5,6696.5
l1758265680,294973,1758265410,1758265920,6674.5,6695.0
h1758274380,294973,1758274290,1758275460,6687.75,6702.75
l1758276060,294973,1758275970,1758276360,6686.25,6700.25
h1758278460,294973,1758278130,1758278940,6688.5,6702.5
l1758279420,294973,1758279210,1758279600,6687.5,6700.5
l1758295800,294973,1758295530,1758296520,6682.25,6703.75
h1758311700,294973,1758311610,1758311940,6716.0,6736.5
l1758502740,294973,1758502470,1758502980,6705.5,6720.5
h1758513120,294973,1758512610,1758513780,6711.5,6724.0
l1758525840,294973,1758525690,1758526380,6690.25,6708.25
h1758529200,294973,1758528990,1758529680,6702.0,6716.5
l1758532440,294973,1758531930,1758532680,6694.25,6709.75
h1758536820,294973,1758536250,1758537240,6699.5,6713.5
l1758543120,294973,1758542850,1758543780,6693.5,6707.0
h1758568500,294973,1758568230,1758568680,6747.25,6761.75
h1758592020,294973,1758591810,1758592320,6745.75,6758.25
l1758601980,294973,1758601890,1758602460,6741.25,6754.25
h1758616020,294973,1758615810,1758616320,6746.25,6759.75
l1758626160,294973,1758625950,1758626520,6739.0,6752.0
h1758635580,294973,1758635130,1758635940,6740.0,6761.5
l1758649260,294973,1758649170,1758649740,6697.0,6722.0
l1758653940,294973,1758653430,1758654120,6696.75,6716.25
l1758672480,294973,1758672390,1758672720,6706.75,6724.25
h1758673860,294973,1758673410,1758674160,6709.5,6724.0
l1758678960,294973,1758678870,1758679140,6707.75,6720.75
h1758696600,294973,1758696510,1758696840,6719.5,6733.0
l1758698580,294973,1758698490,1758699780,6710.5,6727.5
h1758701100,294973,1758700650,1758702060,6717.25,6732.75
h1758713640,294973,1758713550,1758713880,6720.75,6733.75
l1758730320,294973,1758729870,1758730860,6673.0,6699.5
h1758735300,294973,1758734970,1758735480,6686.5,6705.0
l1758737460,294973,1758737310,1758737700,6676.25,6694.25
h1758765000,294973,1758764850,1758765300,6697.25,6710.25
l1758784440,294973,1758784290,1758784740,6678.75,6693.75
h1758788280,294973,1758787350,1758789360,6688.0,6702.5
h1758802980,294973,1758802830,1758803400,6660.0,6678.0
l1758806040,294973,1758805590,1758806400,6648.25,6666.75
h1758806580,294973,1758806250,1758807120,6645.75,6667.75
l1758807840,294973,1758807570,1758808140,6626.25,6657.25
h1758810240,294973,1758809910,1758812640,6648.0,6677.5
l1758812880,294973,1758812730,1758813180,6648.75,6676.75
h1758813420,294973,1758813030,1758813840,6639.0,6672.5
l1758814080,294973,1758813810,1758814440,6647.25,6671.75
h1758815040,294973,1758814710,1758816900,6651.5,6680.0
l1758823440,294973,1758823230,1758823680,6619.25,6645.75
l1758846600,294973,1758846330,1758848100,6652.25,6667.25
l1758850020,294973,1758849270,1758850440,6651.0,6665.0
h1758850680,294973,1758850590,1758851460,6652.75,6666.75
l1758851460,294973,1758851370,1758851760,6652.0,6666.5
h1758854220,294973,1758853890,1758854520,6655.25,6668.75
l1758856860,294973,1758856650,1758857280,6648.75,6662.25
h1758860520,294973,1758860250,1758861000,6652.75,6666.25
l1758862860,294973,1758862470,1758863100,6648.25,6661.75
h1758871800,294973,1758871590,1758872220,6660.0,6679.5
l1758877440,294973,1758877230,1758877680,6652.0,6667.0
h1758878040,294973,1758877830,1758878700,6651.75,6670.25
l1758878700,294973,1758878550,1758879300,6654.25,6671.25
h1758880860,294973,1758880170,1758881040,6656.75,6671.75
l1758883440,294973,1758882930,1758884220,6652.25,6665.75
h1758885120,294973,1758885030,1758885420,6654.75,6670.25
l1758885900,294973,1758885630,1758886200,6652.0,6668.5
h1758890280,294973,1758890130,1758890820,6669.75,6695.25
l1758893460,294973,1758893370,1758893580,6662.5,6684.5
h1758895200,294973,1758895050,1758895440,6680.75,6708.75
l1758896820,294973,1758896610,1758897600,6652.25,6689.75
h1758897720,294973,1758897450,1758898140,6647.75,6683.25
l1758899700,294973,1758898110,1758899940,6653.5,6679.5
h1758900600,294973,1758900270,1758901200,6652.0,6684.5
l1758902400,294973,1758902190,1758903600,6658.25,6682.75
h1759106760,294973,1759106610,1759107240,6705.0,6718.5
l1759140060,294973,1759139670,1759140240,6723.0,6738.0
h1759141380,294973,1759141170,1759142100,6726.0,6741.0
l1759146360,294973,1759145850,1759146720,6718.5,6733.0
h1759150920,294973,1759150770,1759151100,6725.75,6740.75
l1759153320,294973,1759152870,1759153560,6710.75,6732.25
h1759157220,294973,1759156710,1759157700,6716.0,6735.5
h1759175400,294973,1759175190,1759175700,6702.25,6721.25
h1759193700,294973,1759193250,1759194120,6705.5,6720.5
l1759197420,294973,1759197270,1759197540,6702.5,6716.5
h1759203660,294973,1759203570,1759203960,6709.0,6722.0
h1759213920,294973,1759213350,1759214100,6707.75,6720.75
h1759240980,294973,1759240710,1759241220,6693.5,6718.0
l1759243200,294973,1759242930,1759243560,6689.0,6716.0
h1759244520,294973,1759244070,1759245360,6692.75,6718.75
l1759253220,294973,1759252830,1759254120,6689.25,6712.25
h1759261980,294973,1759261770,1759262520,6724.0,6748.5
l1759281000,294973,1759280730,1759281900,6706.75,6721.75
h1759282200,294973,1759282110,1759282500,6708.0,6722.0
l1759290420,294973,1759289610,1759290600,6701.0,6713.5
h1759291800,294973,1759291650,1759292280,6702.75,6715.75
l1759301880,294973,1759301670,1759302120,6675.0,6696.0
h1759310820,294973,1759310730,1759311180,6693.0,6711.0
l1759315380,294973,1759315230,1759316040,6692.75,6708.25
h1759319940,294973,1759319610,1759320420,6704.25,6720.25
l1759320960,294973,1759320870,1759321140,6697.0,6726.5
h1759326000,294973,1759325850,1759326420,6710.5,6734.0
l1759326600,294973,1759326510,1759326900,6700.25,6726.75
h1759345620,294973,1759344090,1759345980,6758.5,6774.5
h1759370100,294973,1759369770,1759370580,6763.25,6776.75
l1759375860,294973,1759375650,1759376520,6758.75,6772.75
h1759378140,294973,1759377990,1759378380,6760.5,6776.0
l1759378980,294973,1759378890,1759379340,6759.5,6773.0
h1759393440,294973,1759393050,1759394160,6763.0,6780.0
l1759397940,294973,1759397730,1759398300,6760.5,6776.0
h1759410060,294973,1759409970,1759410780,6770.75,6787.25
l1759419480,294973,1759419390,1759419660,6736.5,6757.5
h1759430040,294973,1759429050,1759430940,6760.5,6776.5
h1759485540,294973,1759484910,1759485900,6779.5,6792.5
h1759508220,294973,1759506930,1759508820,6786.0,6805.0
l1759514100,294973,1759513830,1759514280,6749.0,6784.0
h1759516020,294973,1759515690,1759516440,6761.25,6784.75
h1759516200,294973,1759515690,1759516440,6761.5,6784.5
l1759710780,294973,1759710090,1759711980,6770.0,6784.5
h1759722780,294973,1759722510,1759723020,6779.0,6790.5
l1759723380,294973,1759723290,1759723680,6774.25,6789.25
h1759725840,294973,1759725450,1759726020,6779.5,6792.5
l1759736520,294973,1759736430,1759736640,6766.75,6785.25
h1759748040,294973,1759747890,1759748160,6783.25,6798.75
l1759749900,294973,1759749570,1759750140,6776.5,6793.0
h1759752780,294973,1759752630,1759753200,6784.0,6799.0
l1759759800,294973,1759758870,1759760040,6761.5,6788.0
h1759775820,294973,1759775250,1759776060,6788.25,6802.75
l1759798200,294973,1759797750,1759798620,6770.25,6785.75
h1759811460,294973,1759811370,1759811760,6779.5,6791.0
l1759825980,294973,1759825890,1759826280,6769.0,6783.0
h1759842420,294973,1759842030,1759842840,6792.25,6807.75
l1759852260,294973,1759851870,1759852920,6742.25,6770.25
h1759855080,294973,1759854750,1759855740,6747.75,6771.25
l1759860180,294973,1759859970,1759860540,6743.5,6764.5
l1759882500,294973,1759882290,1759882680,6753.25,6767.25
h1759890660,294973,1759890390,1759890840,6765.0,6777.5
l1759891560,294973,1759891470,1759891800,6763.0,6776.0
h1759893780,294973,1759893450,1759894080,6764.75,6777.25
l1759905840,294973,1759905330,1759906260,6754.0,6768.0
h1759913160,294973,1759912470,1759913400,6766.5,6779.5
h1759921620,294973,1759921410,1759922100,6767.25,6781.25
l1759925700,294973,1759925610,1759926000,6760.75,6777.25
l1759978500,294973,1759978230,1759978920,6789.5,6802.0
h1759980180,294973,1759980090,1759980300,6787.0,6805.5
l1759980660,294973,1759980270,1759981260,6790.5,6806.5
h1759990260,294973,1759989870,1759990860,6800.5,6812.5
l1760000640,294973,1760000250,1760000880,6790.5,6804.5
l1760021100,294973,1760020950,1760021460,6763.5,6784.5
h1760022960,294973,1760021790,1760023500,6770.5,6793.0
l1760024100,294973,1760024010,1760024280,6764.0,6785.5
h1760025660,294973,1760024970,1760026560,6771.25,6790.25
l1760031000,294973,1760030010,1760031540,6755.75,6778.25
h1760059680,294973,1760059350,1760060340,6784.75,6797.75
l1760072640,294973,1760072550,1760072820,6775.5,6790.5
h1760076900,294973,1760076510,1760077320,6784.75,6797.75
l1760079060,294973,1760078910,1760079180,6774.25,6790.75
h1760086020,294973,1760085330,1760086920,6782.5,6795.0
h1760087460,294973,1760087010,1760087700,6776.75,6793.25
l1760090220,294973,1760089890,1760090580,6767.5,6783.5
h1760104020,294973,1760103690,1760104260,6791.0,6811.5
l1760116440,294973,1760115510,1760117040,6636.5,6672.5
h1760117880,294973,1760117550,1760118420,6645.5,6678.5
h1760122800,294973,1760122710,1760123460,6619.75,6651.25
l1760125140,294973,1760124870,1760125380,6598.75,6639.25
h1760125740,294973,1760125410,1760125920,6596.0,6637.0
h1760317560,294973,1760316870,1760317980,6664.25,6685.75
h1760319180,294973,1760318490,1760319480,6669.0,6688.0
l1760319420,294973,1760319330,1760319840,6671.5,6689.5
h1760322900,294973,1760322750,1760323320,6676.0,6690.0
h1760325060,294973,1760324790,1760325900,6672.25,6688.75
l1760327820,294973,1760327490,1760328120,6663.25,6682.75
h1760334060,294973,1760333250,1760334360,6672.25,6688.25
l1760334300,294973,1760334210,1760334420,6672.75,6692.75
l1760335920,294973,1760335830,1760336940,6667.25,6690.75
h1760340660,294973,1760340450,1760341020,6691.25,6711.25
l1760345040,294973,1760344950,1760345580,6676.0,6699.0
h1760345880,294973,1760345730,1760346600,6677.5,6695.0
h1760351640,294973,1760351370,1760352000,6674.0,6692.5
l1760353320,294973,1760353230,1760353440,6667.25,6688.75
l1760355000,294973,1760354730,1760355240,6652.25,6682.25
h1760356140,294973,1760355630,1760356920,6654.75,6678.25
l1760357160,294973,1760356770,1760357700,6654.75,6679.75
h1760360700,294973,1760360430,1760362020,6658.25,6686.25
l1760362560,294973,1760362470,1760363040,6656.75,6685.75
h1760364000,294973,1760363790,1760365260,6667.5,6702.0
l1760367960,294973,1760367030,1760368260,6656.75,6689.75
h1760374980,294973,1760374530,1760375520,6695.0,6716.5
l1760377800,294973,1760377170,1760378340,6683.25,6704.75
h1760380320,294973,1760379810,1760380560,6693.75,6712.75
l1760382060,294973,1760381730,1760382480,6676.5,6699.0
h1760385240,294973,1760384970,1760385720,6682.75,6705.75
h1760401980,294973,1760401890,1760402280,6696.0,6723.5
l1760403900,294973,1760403810,1760404080,6696.75,6719.75
h1760407440,294973,1760406990,1760408940,6700.75,6717.75
l1760416320,294973,1760416050,1760416680,6655.75,6680.75
l1760417400,294973,1760416770,1760417760,6658.0,6682.0
h1760418960,294973,1760417610,1760419860,6657.5,6678.5
h1760422380,294973,1760421930,1760422980,6637.75,6663.75
l1760425620,294973,1760425530,1760425920,6626.0,6657.5
h1760426280,294973,1760426070,1760426700,6627.25,6657.25
l1760427480,294973,1760427390,1760427600,6618.25,6673.25
l1760429160,294973,1760428890,1760429520,6621.25,6650.75
h1760431080,294973,1760430570,1760431620,6631.0,6653.0
l1760431740,294973,1760431650,1760431980,6630.0,6652.5
h1760432760,294973,1760432250,1760433300,6637.25,6657.25
l1760438040,294973,1760437770,1760438220,6609.5,6636.5
l1760439300,294973,1760438610,1760439540,6600.75,6635.25
h1760442720,294973,1760442450,1760443380,6626.0,6647.5
h1760447340,294973,1760446830,1760448420,6619.25,6643.75
l1760449500,294973,1760449350,1760449620,6588.25,6624.75
h1760464200,294973,1760463750,1760464800,6700.5,6727.5
l1760471100,294973,1760471010,1760471580,6661.0,6694.5
l1760487120,294973,1760486970,1760488200,6678.5,6701.0
h1760495040,294973,1760494770,1760495640,6692.0,6710.5
l1760498340,294973,1760498190,1760498580,6686.75,6704.25
h1760519700,294973,1760519430,1760520000,6718.25,6736.25
l1760520660,294973,1760520210,1760520840,6716.0,6731.5
h1760537400,294973,1760537190,1760538960,6744.75,6771.75
l1760543460,294973,1760543310,1760543820,6697.0,6726.5
h1760545560,294973,1760545350,1760545980,6698.5,6732.5
l1760548560,294973,1760548410,1760548680,6646.5,6684.5
h1760554620,294973,1760554290,1760555280,6703.0,6726.5
l1760558100,294973,1760558010,1760558280,6690.75,6714.25
l1760575200,294973,1760574570,1760575380,6697.5,6723.0
h1760577540,294973,1760576490,1760577900,6704.0,6721.0
l1760582220,294973,1760581830,1760582940,6700.75,6717.25
h1760583840,294973,1760583390,1760584380,6706.0,6721.0
l1760585940,294973,1760585670,1760587560,6703.25,6718.75
h1760598120,294973,1760597970,1760598480,6720.5,6738.5
l1760600100,294973,1760599830,1760600700,6713.25,6732.25
h1760602440,294973,1760602290,1760603160,6723.5,6742.5
l1760603940,294973,1760603190,1760605440,6721.25,6742.75
h1760614140,294973,1760613750,1760614620,6735.25,6750.25
l1760616840,294973,1760616570,1760617380,6727.5,6745.5
h1760618700,294973,1760618370,1760619600,6733.5,6751.5
l1760623920,294973,1760623590,1760624280,6712.25,6749.75
h1760625840,294973,1760625630,1760626260,6724.0,6755.5
l1760633160,294973,1760632290,1760633460,6649.75,6696.75
h1760635080,294973,1760634630,1760635440,6663.25,6709.75
l1760638560,294973,1760638290,1760638980,6630.5,6675.5
l1760639640,294973,1760639130,1760639820,6627.0,6664.0
h1760641800,294973,1760640150,1760642160,6628.25,6676.25
l1760642520,294973,1760642130,1760643780,6636.5,6671.5
h1760644500,294973,1760644110,1760645340,6638.25,6679.25
h1760663220,294973,1760663070,1760663640,6647.5,6668.0
l1760667000,294973,1760666790,1760667240,6637.75,6656.75
h1760671980,294973,1760671230,1760672160,6640.25,6655.25
l1760673180,294973,1760673090,1760673360,6631.25,6650.25
h1760673840,294973,1760673210,1760674740,6628.0,6649.0
l1760679780,294973,1760679690,1760680200,6613.5,6634.5
h1760681100,294973,1760680890,1760681520,6617.5,6639.5
l1760685600,294973,1760685510,1760685960,6572.25,6604.25
l1760686560,294973,1760686290,1760686980,6566.5,6602.0
h1760687580,294973,1760686830,1760688180,6567.75,6598.25
h1760690160,294973,1760689950,1760690880,6568.25,6602.75
h1760693100,294973,1760692830,1760693340,6591.75,6613.25
l1760693520,294973,1760693130,1760693880,6593.25,6620.25
h1760693820,294973,1760693670,1760694120,6590.0,6613.5
l1760695140,294973,1760694810,1760695440,6586.25,6612.25
h1760695680,294973,1760695350,1760696100,6586.0,6609.5
l1760696700,294973,1760696250,1760697120,6585.75,6608.75
h1760697900,294973,1760697510,1760698200,6589.25,6618.25
l1760698200,294973,1760697990,1760698560,6594.75,6621.25
h1760701440,294973,1760700150,1760702040,6624.0,6658.0
l1760702040,294973,1760701890,1760702220,6633.0,6660.5
l1760703180,294973,1760703030,1760703660,6649.25,6680.25
h1760703780,294973,1760703510,1760705640,6646.75,6676.75
l1760708640,294973,1760708370,1760709000,6636.5,6678.5
h1760709420,294973,1760709090,1760709660,6649.5,6689.5
l1760709660,294973,1760709510,1760710020,6651.0,6695.0
h1760710500,294973,1760710350,1760710980,6658.5,6702.5
l1760715360,294973,1760715030,1760715660,6635.5,6675.0
h1760718660,294973,1760717970,1760719380,6668.25,6701.75
l1760721720,294973,1760720850,1760722500,6660.0,6691.0
h1760728860,294973,1760728230,1760729460,6695.0,6723.0
l1760919780,294973,1760919510,1760919960,6689.0,6707.5
h1760923380,294973,1760922990,1760924100,6704.75,6725.75
l1760927160,294973,1760925870,1760927640,6704.25,6722.75
h1760945940,294973,1760945550,1760946300,6726.0,6742.5
l1760958000,294973,1760957190,1760958240,6706.5,6726.5
h1761013800,294973,1761013650,1761014220,6777.0,6790.0
l1761034620,294973,1761034410,1761035700,6758.25,6774.75
l1761055320,294973,1761054870,1761055680,6754.25,6784.25
h1761065160,294973,1761064950,1761065640,6777.25,6794.75
l1761094860,294973,1761094710,1761095100,6759.0,6775.0
h1761115380,294973,1761115050,1761116340,6777.75,6793.75
l1761124680,294973,1761124290,1761124920,6763.5,6780.5
h1761129660,294973,1761128910,1761130680,6772.25,6787.75
l1761133380,294973,1761133110,1761134040,6760.5,6778.5
h1761138960,294973,1761138690,1761139680,6771.75,6786.75
h1761152100,294973,1761150870,1761152700,6709.5,6745.5
l1761155640,294973,1761155370,1761156000,6685.75,6724.25
l1761177840,294973,1761177690,1761177960,6712.5,6732.0
h1761189720,294973,1761188790,1761189960,6739.75,6755.25
h1761203520,294973,1761203250,1761203940,6741.25,6756.75
l1761222720,294973,1761222570,1761222840,6714.5,6741.0
l1761225000,294973,1761224850,1761225240,6719.0,6741.0
h1761287100,294973,1761286590,1761287520,6789.75,6803.25
l1761293580,294973,1761293010,1761294480,6779.0,6794.5
l1761309660,294973,1761309150,1761312120,6805.25,6845.25
h1761322860,294973,1761322170,1761323220,6827.75,6846.25
l1761530940,294973,1761530850,1761531180,6862.5,6876.0
l1761640740,294973,1761640470,1761641280,6896.5,6911.5
h1761679680,294973,1761679590,1761679920,6933.25,6949.75
h1761726000,294973,1761725790,1761726240,6936.75,6954.25
l1761730620,294973,1761729930,1761730860,6925.75,6942.25
h1761746460,294973,1761745830,1761746760,6932.0,6957.0
l1761763260,294973,1761763110,1761763800,6877.25,6932.25
h1761796140,294973,1761796050,1761796440,6942.25,6958.75
l1761797700,294973,1761797610,1761797940,6903.0,6928.0
h1761798000,294973,1761797730,1761798240,6891.25,6928.25
h1761802800,294973,1761802650,1761803100,6920.5,6944.0
l1761807840,294973,1761807750,1761808080,6906.75,6929.25
h1761811020,294973,1761810630,1761811560,6915.25,6934.75
l1761817740,294973,1761817530,1761818280,6900.75,6919.25
h1761824460,294973,1761824010,1761824940,6917.75,6934.75
l1761831540,294973,1761831330,1761831840,6862.75,6898.75
h1761832800,294973,1761832170,1761833100,6868.25,6918.75
h1761876000,294973,1761875550,1761876420,6895.0,6909.5
l1761880920,294973,1761880830,1761881220,6888.0,6904.5
h1761913140,294973,1761912930,1761914040,6906.5,6923.5
l1761931260,294973,1761930630,1761931920,6838.5,6866.0
h1761939300,294973,1761939030,1761939660,6877.5,6905.0
h1762132800,294973,1762132410,1762133040,6889.75,6904.25
l1762156860,294973,1762156770,1762157160,6868.25,6883.75
h1762168800,294973,1762168590,1762169040,6893.0,6908.0
l1762175160,294973,1762175010,1762175700,6880.75,6897.25
h1762180200,294973,1762180050,1762180320,6895.5,6914.5
l1762183920,294973,1762183530,1762184340,6844.5,6880.5
h1762195440,294973,1762194690,1762195980,6881.25,6898.25
l1762225200,294973,1762224930,1762225440,6847.25,6863.25
l1762237800,294973,1762237590,1762238040,6809.75,6832.25
h1762239120,294973,1762238430,1762239720,6804.25,6830.25
l1762240200,294973,1762239750,1762240920,6806.75,6828.25
h1762241820,294973,1762241670,1762242180,6809.5,6829.5
l1762242180,294973,1762242090,1762242720,6810.25,6830.25
h1762242780,294973,1762242630,1762243380,6811.0,6829.5
l1762244100,294973,1762243470,1762244520,6801.5,6824.5
h1762245660,294973,1762244370,1762246500,6794.75,6823.75
l1762250700,294973,1762250370,1762251060,6781.25,6804.25
h1762259460,294973,1762259190,1762259880,6803.0,6825.5
l1762266900,294973,1762266750,1762267320,6790.75,6821.75
h1762270860,294973,1762270410,1762271280,6827.75,6854.25
l1762281600,294973,1762281090,1762281900,6791.25,6816.75
h1762283040,294973,1762282650,1762283400,6797.5,6821.0
l1762306740,294973,1762306650,1762307040,6743.5,6770.5
h1762308540,294973,1762307490,1762309440,6739.0,6769.5
l1762309380,294973,1762309290,1762310220,6747.75,6772.75
h1762315200,294973,1762314270,1762315620,6775.75,6800.75
l1762318500,294973,1762318410,1762318800,6777.75,6794.25
h1762320660,294973,1762320450,1762321260,6785.75,6803.75
l1762322460,294973,1762322370,1762322760,6778.25,6799.75
h1762323540,294973,1762323450,1762326360,6786.75,6806.25
h1762333860,294973,1762333530,1762334100,6786.25,6806.25
l1762340460,294973,1762340190,1762340700,6766.75,6786.25
h1762364280,294973,1762364070,1762364880,6842.25,6862.75
l1762392480,294973,1762392390,1762392780,6800.5,6820.5
h1762403580,294973,1762402590,1762404600,6817.0,6832.5
l1762417140,294973,1762416870,1762418460,6799.0,6819.0
h1762436160,294973,1762435530,1762436340,6832.5,6848.5
l1762449960,294973,1762449570,1762450380,6728.5,6764.0
h1762451520,294973,1762451070,1762452360,6738.5,6767.5
l1762452600,294973,1762452270,1762453500,6733.0,6768.0
h1762457760,294973,1762457130,1762458120,6763.5,6789.5
l1762462740,294973,1762462590,1762462920,6737.5,6763.0
l1762479360,294973,1762479210,1762479600,6737.5,6763.0
h1762480740,294973,1762479510,1762481520,6738.25,6760.75
l1762482540,294973,1762482030,1762482840,6737.75,6759.25
h1762484460,294973,1762484010,1762485060,6740.25,6760.25
h1762503480,294973,1762501710,1762503660,6755.75,6775.75
l1762514160,294973,1762514010,1762514520,6716.0,6744.5
h1762514460,294973,1762514250,1762514820,6710.25,6736.25
l1762515120,294973,1762514970,1762515660,6710.75,6736.25
h1762516560,294973,1762516170,1762517940,6718.75,6744.75
l1762519740,294973,1762519650,1762520400,6707.25,6727.75
h1762521660,294973,1762521450,1762521960,6712.5,6735.5
l1762528020,294973,1762527750,1762528260,6678.5,6723.0
h1762528560,294973,1762528170,1762529700,6681.75,6721.25
l1762535220,294973,1762534470,1762535700,6650.5,6686.5
h1762536360,294973,1762536030,1762537200,6662.5,6691.5
l1762537800,294973,1762537650,1762538160,6659.0,6689.0
h1762540800,294973,1762540650,1762541340,6683.5,6710.0
l1762541640,294973,1762541310,1762541820,6681.0,6707.5
h1762545840,294973,1762544430,1762546080,6720.25,6749.75
l1762547160,294973,1762546650,1762547520,6718.25,6752.75
h1762766400,294973,1762766310,1762766640,6810.5,6828.5
h1762788540,294973,1762788030,1762789140,6817.25,6840.75
l1762792800,294973,1762792470,1762793820,6787.75,6815.25
h1762808040,294973,1762807890,1762808220,6848.75,6870.75
l1762876560,294973,1762875090,1762877040,6825.5,6852.5
h1762913760,294973,1762913310,1762914720,6880.25,6894.25
l1762922340,294973,1762921770,1762922820,6872.25,6887.25
h1762940520,294973,1762940310,1762941000,6891.0,6905.5
l1762948800,294973,1762948710,1762948980,6877.0,6894.0
h1762950960,294973,1762950510,1762951260,6887.0,6903.5
l1762966140,294973,1762965990,1762966380,6847.0,6876.5
h1762972800,294973,1762972170,1762973160,6865.75,6889.25
l1762977960,294973,1762977630,1762978680,6858.5,6880.0
h1762996260,294973,1762996050,1762996620,6868.0,6894.5
l1763003760,294973,1763002830,1763004240,6869.75,6886.75
h1763015700,294973,1763015550,1763016540,6883.0,6897.5
l1763026620,294973,1763026470,1763027040,6854.25,6874.75
h1763030160,294973,1763029950,1763030700,6863.0,6881.0
l1763033760,294973,1763033490,1763034000,6853.75,6873.75
h1763038020,294973,1763037390,1763038440,6859.0,6877.5
l1763045100,294973,1763044890,1763045520,6812.0,6842.5
h1763046960,294973,1763046510,1763047380,6820.5,6855.5
l1763059200,294973,1763058870,1763059560,6751.0,6780.5
h1763062200,294973,1763061870,1763062860,6753.0,6782.5
l1763063700,294973,1763063610,1763063940,6741.0,6773.0
l1763097360,294973,1763097210,1763097600,6738.75,6762.25
h1763099100,294973,1763098710,1763099400,6749.25,6772.75
l1763102520,294973,1763102430,1763102700,6740.75,6757.75
h1763103540,294973,1763103210,1763103840,6742.25,6763.25
l1763104860,294973,1763104470,1763105460,6728.25,6754.25
h1763106660,294973,1763106510,1763107680,6731.0,6753.5
l1763109720,294973,1763109570,1763109900,6723.25,6753.25
h1763110980,294973,1763110890,1763111640,6734.75,6759.75
l1763113740,294973,1763113530,1763114040,6730.5,6750.0
h1763116620,294973,1763116110,1763116920,6734.0,6753.5
h1763125440,294973,1763124450,1763126040,6675.5,6705.5
l1763127780,294973,1763127150,1763128140,6672.75,6703.75
l1763130780,294973,1763130690,1763131020,6665.5,6705.5
h1763141880,294973,1763141670,1763142300,6771.0,6800.5
l1763143500,294973,1763143290,1763143980,6755.75,6786.25
h1763144040,294973,1763143890,1763144340,6754.25,6787.25
l1763146080,294973,1763145450,1763146380,6748.5,6778.0
h1763150520,294973,1763149770,1763150940,6766.25,6794.75
l1763153940,294973,1763153190,1763154600,6745.0,6776.5
h1763342580,294973,1763341890,1763343720,6765.25,6785.25
l1763344920,294973,1763344230,1763345220,6765.0,6782.5
h1763356020,294973,1763355570,1763356200,6778.75,6793.25
l1763362260,294973,1763361570,1763363280,6773.25,6789.75
h1763368740,294973,1763368410,1763369280,6789.5,6806.5
l1763376660,294973,1763376570,1763377980,6759.25,6781.25
h1763379240,294973,1763379090,1763379720,6765.75,6784.25
h1763391300,294973,1763390790,1763391900,6749.25,6779.75
l1763396220,294973,1763396010,1763396880,6709.75,6743.25
h1763398800,294973,1763398110,1763400000,6746.0,6772.5
l1763409780,294973,1763409510,1763410320,6653.5,6687.5
h1763430360,294973,1763429970,1763431440,6692.75,6713.75
l1763439600,294973,1763439510,1763439960,6633.75,6658.25
h1763443200,294973,1763442390,1763443860,6649.75,6672.75
l1763449560,294973,1763449170,1763450580,6630.5,6663.0
h1763451480,294973,1763451150,1763452500,6642.75,6667.75
l1763452500,294973,1763452350,1763452920,6646.0,6668.0
h1763455200,294973,1763455050,1763455560,6665.75,6690.75
l1763458560,294973,1763458470,1763459220,6662.5,6683.5
h1763459760,294973,1763459430,1763460540,6665.75,6687.75
l1763470620,294973,1763470470,1763470860,6638.25,6666.75
h1763476380,294973,1763476290,1763476560,6610.0,6684.0
l1763478300,294973,1763478030,1763478540,6598.25,6651.25
h1763479380,294973,1763479170,1763480220,6587.25,6643.75
l1763481780,294973,1763481450,1763482140,6589.0,6642.0
h1763483880,294973,1763483190,1763485620,6627.75,6664.75
l1763487060,294973,1763486790,1763487480,6609.75,6659.75
h1763491260,294973,1763491110,1763492220,6654.5,6692.5
l1763494320,294973,1763493630,1763494800,6655.25,6689.75
h1763496000,294973,1763495790,1763496360,6657.0,6690.5
h1763515380,294973,1763515170,1763516220,6615.5,6652.5
l1763517420,294973,1763517270,1763517660,6624.0,6645.0
h1763521440,294973,1763520690,1763521800,6639.5,6657.5
l1763525580,294973,1763525430,1763525760,6616.5,6639.5
h1763527980,294973,1763527590,1763528220,6618.0,6639.5
l1763531160,294973,1763530890,1763531400,6608.25,6628.75
h1763541180,294973,1763540790,1763541480,6631.0,6657.5
l1763543160,294973,1763542710,1763543340,6629.75,6651.75
h1763550660,294973,1763550570,1763550780,6652.75,6673.75
l1763562720,294973,1763562570,1763562900,6630.75,6654.25
h1763565420,294973,1763565030,1763566020,6678.5,6714.0
l1763574000,294973,1763573670,1763574180,6617.0,6656.0
h1763577480,294973,1763577330,1763577840,6640.25,6673.25
l1763581260,294973,1763580330,1763581980,6623.25,6654.75
h1763584680,294973,1763584530,1763584920,6654.5,6688.5
h1763608080,294973,1763607750,1763608500,6739.75,6754.75
l1763610420,294973,1763610330,1763610540,6733.5,6752.5
h1763615340,294973,1763615070,1763615640,6741.5,6759.0
l1763620020,294973,1763619930,1763620320,6735.5,6751.0
h1763623920,294973,1763623170,1763624280,6742.5,6762.0
h1763628420,294973,1763628210,1763628660,6739.5,6760.0
l1763633340,294973,1763633070,1763633820,6719.0,6738.5
h1763636280,294973,1763636010,1763636580,6734.5,6751.5
l1763640300,294973,1763640090,1763640720,6721.25,6743.25
h1763653020,294973,1763652150,1763653800,6758.25,6796.25
l1763660160,294973,1763659950,1763660400,6583.25,6643.75
h1763662500,294973,1763662230,1763662740,6604.0,6659.0
l1763665680,294973,1763664570,1763665920,6567.25,6612.75
h1763668800,294973,1763668410,1763669040,6576.75,6620.25
h1763668740,294973,1763668410,1763668980,6575.0,6622.0
h1763689500,294973,1763689230,1763690580,6572.0,6594.0
l1763691120,294973,1763690910,1763691660,6572.0,6592.5
l1763700060,294973,1763699910,1763700240,6561.25,6584.25
h1763702220,294973,1763701830,1763703060,6570.5,6590.5
l1763704440,294973,1763703990,1763705160,6564.25,6583.25
h1763705760,294973,1763705370,1763706540,6563.0,6584.5
l1763706600,294973,1763706450,1763706960,6563.75,6584.25
h1763707920,294973,1763707770,1763708100,6567.75,6587.25
l1763711760,294973,1763711550,1763712300,6546.5,6573.5
h1763712480,294973,1763712390,1763713320,6557.5,6582.0
l1763713260,294973,1763713110,1763713500,6556.75,6587.75
h1763715420,294973,1763715030,1763716500,6562.0,6590.0
l1763720940,294973,1763720130,1763721180,6520.0,6546.0
h1763723700,294973,1763723190,1763724120,6550.5,6577.5
h1763729700,294973,1763729130,1763730240,6564.0,6602.0
l1763730240,294973,1763730090,1763730900,6568.25,6603.25
h1763731320,294973,1763730930,1763731560,6571.5,6604.0
l1763738520,294973,1763737650,1763738760,6549.5,6602.0
l1763739420,294973,1763739210,1763740020,6534.0,6585.5
h1763746620,294973,1763746170,1763747580,6619.0,6652.0
l1763748960,294973,1763748570,1763749860,6595.25,6636.75
h1763753100,294973,1763752530,1763753640,6646.0,6682.5
l1763758680,294973,1763758350,1763758980,6609.0,6646.0
h1763953320,294973,1763953050,1763954280,6650.0,6667.5
l1763958420,294973,1763957550,1763958720,6640.75,6660.75
h1763974680,294973,1763973930,1763975400,6656.5,6674.5
l1763976600,294973,1763976330,1763976840,6620.0,6645.5
h1763976960,294973,1763976750,1763977260,6621.25,6647.75
l1763977260,294973,1763977050,1763977620,6623.75,6651.25
h1763977560,294973,1763977410,1763979300,6616.75,6647.75
l1763980500,294973,1763980230,1763980680,6620.5,6643.0
h1764017700,294973,1764017550,1764017940,6701.75,6736.75
l1764063120,294973,1764062790,1764063780,6696.75,6714.25
h1764074640,294973,1764074550,1764074760,6703.5,6737.5
l1764082200,294973,1764082050,1764082380,6669.5,6710.5
h1764103980,294973,1764103770,1764104220,6772.5,6797.5
h1764142860,294973,1764142470,1764143100,6801.75,6815.75
l1764160740,294973,1764160170,1764160980,6782.0,6800.5
h1764179220,294973,1764179010,1764179460,6832.75,6851.75
l1764231000,294973,1764230910,1764231180,6819.25,6833.25
l1764551400,294973,1764551310,1764551820,6812.25,6836.25
h1764553860,294973,1764553230,1764554220,6816.0,6836.0
l1764567420,294973,1764567270,1764567720,6797.0,6814.0
h1764580200,294973,1764579870,1764580500,6812.75,6834.75
l1764593340,294973,1764593190,1764593640,6800.0,6819.0
h1764600960,294973,1764600810,1764601980,6819.75,6849.25
l1764603300,294973,1764603150,1764603600,6808.75,6837.25
h1764615120,294973,1764613830,1764615720,6844.25,6860.75
l1764622620,294973,1764622470,1764622860,6814.25,6836.75
h1764638820,294973,1764637770,1764639120,6823.25,6838.25
l1764646260,294973,1764646170,1764646920,6810.25,6828.25
h1764647820,294973,1764647670,1764648000,6815.75,6832.25
l1764663000,294973,1764662730,1764663120,6807.25,6825.25
h1764691440,294973,1764690450,1764691620,6845.0,6868.5
l1764693120,294973,1764692610,1764693480,6813.0,6845.0
h1764696720,294973,1764696330,1764697200,6832.75,6858.25
l1764698400,294973,1764698190,1764698580,6819.25,6842.75
h1764767700,294973,1764767490,1764767880,6852.75,6867.25
l1764771000,294973,1764770850,1764771540,6812.5,6840.0
h1764792720,294973,1764792570,1764793200,6862.25,6878.25
l1764819300,294973,1764819090,1764819600,6852.0,6866.0
h1764857700,294973,1764857310,1764857880,6867.75,6885.75
h1764872940,294973,1764872670,1764873540,6858.0,6876.0
l1764876180,294973,1764876030,1764876420,6831.25,6858.75
h1764922860,294973,1764922770,1764923280,6876.75,6891.25
l1764942660,294973,1764942270,1764942900,6851.75,6874.75
h1764948720,294973,1764948510,1764949320,6888.0,6910.0
l1764956220,294973,1764955950,1764956400,6861.5,6882.0
h1765179420,294973,1765179210,1765180020,6886.25,6898.75
l1765214760,294973,1765214670,1765215060,6836.25,6856.25
h1765216800,294973,1765216590,1765217040,6846.0,6868.5
l1765220280,294973,1765220130,1765220520,6830.25,6857.75
l1765220580,294973,1765220130,1765221600,6831.25,6856.75
l1765260720,294973,1765260630,1765260900,6850.0,6862.5
h1765268640,294973,1765268310,1765268820,6858.75,6873.25
h1765277940,294973,1765277430,1765278180,6848.5,6867.0
l1765278960,294973,1765278750,1765279260,6847.75,6865.75
h1765298100,294973,1765297950,1765298520,6858.75,6877.75
h1765341480,294973,1765341390,1765341720,6845.75,6859.25
l1765343520,294973,1765343310,1765343940,6840.75,6854.75
h1765354200,294973,1765353990,1765354440,6848.25,6864.25
l1765370400,294973,1765370250,1765371240,6833.25,6849.75
h1765389360,294973,1765389210,1765389780,6846.5,6865.0
l1765393020,294973,1765392630,1765393320,6837.25,6856.25
h1765393800,294973,1765393530,1765394640,6835.25,6880.25
l1765394880,294973,1765394610,1765395180,6845.0,6876.5
h1765395300,294973,1765395210,1765395480,6852.75,6891.75
h1765398840,294973,1765398270,1765400040,6883.0,6913.0
h1765423440,294973,1765422630,1765424100,6815.5,6841.0
l1765424100,294973,1765423770,1765424640,6821.25,6846.75
h1765426380,294973,1765426170,1765427040,6827.5,6846.5
l1765427760,294973,1765426890,1765428060,6828.5,6847.5
h1765428060,294973,1765427910,1765428480,6827.25,6844.75
l1765431240,294973,1765430790,1765431600,6824.5,6841.5
h1765432860,294973,1765432170,1765433100,6825.5,6843.0
l1765434540,294973,1765433970,1765434960,6823.25,6839.25
h1765436280,294973,1765436070,1765436580,6827.0,6843.0
l1765436760,294973,1765436670,1765437060,6824.25,6840.75
h1765439820,294973,1765439250,1765440180,6831.0,6847.5
l1765442100,294973,1765441710,1765442340,6823.5,6843.5
h1765456800,294973,1765456170,1765457040,6865.5,6882.0
l1765465200,294973,1765464750,1765465500,6833.0,6863.5
h1765466880,294973,1765466430,1765467480,6854.25,6889.75
l1765468260,294973,1765468110,1765468500,6852.25,6879.75
h1765471560,294973,1765471230,1765471980,6861.5,6891.5
l1765472160,294973,1765471950,1765472520,6860.0,6892.5
h1765507500,294973,1765506930,1765507620,6902.75,6916.75
l1765513440,294973,1765513050,1765514940,6898.25,6911.25
h1765520940,294973,1765520850,1765521120,6906.0,6918.5
l1765532760,294973,1765532250,1765533060,6887.0,6905.0
h1765534440,294973,1765534170,1765534740,6889.75,6907.25
l1765535880,294973,1765535730,1765536240,6887.25,6902.25
h1765538400,294973,1765538010,1765538820,6889.5,6905.5
l1765540980,294973,1765540710,1765541400,6884.5,6900.0
h1765548000,294973,1765547730,1765548240,6898.0,6914.0
l1765557480,294973,1765557150,1765557900,6800.0,6835.5
h1765560120,294973,1765559670,1765560420,6815.75,6848.75
l1765560720,294973,1765560330,1765561080,6818.25,6851.75
h1765563420,294973,1765563090,1765563780,6822.25,6861.75
l1765567440,294973,1765566750,1765568520,6821.0,6845.0
h1765570200,294973,1765569870,1765570500,6819.75,6843.75
l1765571880,294973,1765571430,1765572180,6809.25,6840.25
h1765766100,42140878,1765765530,1765766580,6899.5,6915.5
l1765772100,42140878,1765772010,1765772280,6897.0,6910.0
h1765782060,42140878,1765781970,1765782300,6902.75,6916.75
l1765786440,42140878,1765786110,1765786800,6896.5,6915.5
l1765812540,42140878,1765812210,1765812780,6859.25,6898.75
h1765816200,42140878,1765815330,1765816440,6877.5,6906.0
h1765816140,42140878,1765815330,1765816380,6876.0,6907.5
l1765821120,42140878,1765820970,1765821600,6860.25,6889.25
h1765822500,42140878,1765821750,1765822980,6861.75,6888.25
l1765823220,42140878,1765823010,1765824360,6861.25,6885.25
h1765828740,42140878,1765828530,1765830000,6873.25,6894.75
h1765829460,42140878,1765828530,1765830000,6874.0,6894.0
l1765831440,42140878,1765830570,1765831920,6871.75,6892.75
l1765846860,42140878,1765846710,1765847220,6858.25,6874.75
h1765847580,42140878,1765847130,1765847700,6858.25,6875.25
h1765852020,42140878,1765851930,1765852320,6837.5,6858.0
l1765852800,42140878,1765852470,1765853160,6838.25,6857.75
h1765854180,42140878,1765853910,1765854720,6834.5,6855.0
l1765856040,42140878,1765855950,1765856160,6834.0,6851.0
h1765857300,42140878,1765856970,1765857840,6840.25,6857.25
l1765858140,42140878,1765857930,1765859160,6838.75,6854.75
h1765860420,42140878,1765860210,1765861380,6842.75,6858.25
l1765864860,42140878,1765864410,1765865160,6832.5,6850.5
h1765868520,42140878,1765868370,1765869000,6835.5,6850.5
h1765876440,42140878,1765876290,1765877880,6850.0,6866.0
l1765878960,42140878,1765878810,1765879500,6841.75,6861.25
h1765881900,42140878,1765881630,1765882260,6858.5,6875.0
l1765883100,42140878,1765882350,1765885080,6857.5,6874.0
h1765888860,42140878,1765888770,1765889040,6867.75,6884.75
l1765891080,42140878,1765890990,1765891380,6863.25,6884.25
l1765896360,42140878,1765896030,1765896540,6840.75,6875.75
h1765897200,42140878,1765896510,1765897440,6849.5,6885.5
l1765898820,42140878,1765898610,1765899120,6827.75,6861.25
h1765900560,42140878,1765900290,1765901580,6827.5,6868.0
l1765903020,42140878,1765901670,1765903800,6829.5,6862.0
h1765905300,42140878,1765905030,1765905960,6828.25,6862.75
l1765908180,42140878,1765907790,1765908960,6812.5,6843.0
h1765911060,42140878,1765910670,1765911480,6833.5,6859.5
l1765912800,42140878,1765912230,1765913220,6820.75,6846.75
h1765917420,42140878,1765917270,1765918020,6852.75,6878.25
h1765934760,42140878,1765934670,1765935540,6839.25,6858.75
l1765935600,42140878,1765935390,1765935780,6840.25,6859.75
h1765942080,42140878,1765941150,1765942680,6846.25,6862.25
h1765944420,42140878,1765944150,1765944900,6842.0,6861.0
l1765947720,42140878,1765947570,1765947960,6837.75,6855.75
l1765949220,42140878,1765948950,1765949580,6838.75,6853.25
h1765953060,42140878,1765952910,1765953240,6853.5,6869.0
l1765954800,42140878,1765954590,1765955160,6853.0,6867.5
h1765955640,42140878,1765955430,1765955880,6854.5,6872.5
l1765957140,42140878,1765956690,1765957800,6854.5,6872.0
h1765969800,42140878,1765969290,1765969980,6872.0,6887.5
l1765990260,42140878,1765989990,1765992000,6789.5,6820.5
h1765992780,42140878,1765991850,1765993260,6781.5,6820.0
l1765993560,42140878,1765993410,1765994520,6788.5,6817.5
h1765994760,42140878,1765994370,1765995180,6786.0,6817.5
l1765996860,42140878,1765996770,1765999200,6778.25,6805.25
h1766001600,42140878,1766000850,1766001960,6781.0,6801.5
l1766005080,42140878,1766004750,1766005320,6770.5,6796.5
l1766020320,42140878,1766020110,1766020980,6781.0,6798.5
h1766021340,42140878,1766020830,1766021760,6779.0,6797.5
h1766024280,42140878,1766024130,1766024700,6778.0,6800.0
l1766027820,42140878,1766027670,1766028720,6766.5,6786.0
h1766030700,42140878,1766030550,1766031000,6773.25,6790.25
l1766031120,42140878,1766030910,1766031540,6774.0,6790.5
h1766034420,42140878,1766034210,1766035320,6779.25,6794.25
l1766035560,42140878,1766035470,1766035920,6777.75,6793.75
h1766035860,42140878,1766035770,1766036100,6775.5,6793.5
l1766040900,42140878,1766040450,1766041140,6775.5,6794.0
h1766059200,42140878,1766058750,1766060100,6802.5,6817.0
l1766063220,42140878,1766063130,1766063400,6796.0,6814.5
h1766068260,42140878,1766068170,1766068500,6824.25,6855.25
l1766069340,42140878,1766068770,1766069640,6815.5,6852.5
h1766075820,42140878,1766075550,1766076540,6854.0,6877.0
l1766078760,42140878,1766078550,1766079300,6806.75,6844.75
h1766083080,42140878,1766082570,1766083560,6838.25,6865.75
l1766087880,42140878,1766087670,1766088240,6811.25,6841.75
h1766090820,42140878,1766090430,1766091120,6830.0,6855.0
l1766106180,42140878,1766106030,1766106660,6817.25,6837.25
h1766111520,42140878,1766111370,1766111820,6822.25,6838.25
h1766116500,42140878,1766115570,1766118240,6820.25,6841.75
l1766126760,42140878,1766126550,1766127180,6815.5,6831.0
h1766128500,42140878,1766128230,1766128920,6828.75,6846.25
l1766130360,42140878,1766130090,1766130840,6828.25,6846.25
h1766136660,42140878,1766136210,1766138700,6841.75,6859.25
l1766142600,42140878,1766142510,1766142840,6832.75,6849.75
h1766143980,42140878,1766143590,1766144280,6836.25,6852.75
l1766146860,42140878,1766146650,1766147280,6831.5,6852.0
h1766147400,42140878,1766147070,1766147580,6829.75,6848.25
l1766149140,42140878,1766148810,1766149500,6824.0,6844.0
h1766154240,42140878,1766153730,1766154420,6831.75,6850.75
l1766154420,42140878,1766154270,1766154600,6827.5,6859.0
h1766367120,42140878,1766366610,1766368440,6898.75,6914.25
l1766381400,42140878,1766381310,1766381580,6896.25,6908.25
h1766426220,42140878,1766425890,1766426760,6925.25,6941.25
l1766471400,42140878,1766471070,1766471520,6917.25,6930.25
h1766482920,42140878,1766482830,1766483400,6929.25,6941.75
l1766498340,42140878,1766498250,1766498700,6908.25,6928.25
l1766499000,42140878,1766498730,1766500260,6908.75,6927.25
h1766523480,42140878,1766523210,1766523720,6948.75,6968.75
l1766553720,42140878,1766553630,1766553960,6947.5,6959.0
h1766760360,42140878,1766759910,1766760660,6980.5,6999.0
l1766773380,42140878,1766773290,1766773680,6964.0,6980.0
h1766983380,42140878,1766983170,1766983740,6972.75,6984.25
h1766989380,42140878,1766989290,1766990040,6968.75,6981.75
l1766998560,42140878,1766997930,1766998920,6952.5,6972.0
h1767003360,42140878,1767003210,1767003660,6956.75,6971.75
l1767029280,42140878,1767029070,1767029820,6931.0,6950.5
h1767039300,42140878,1767039210,1767040020,6953.0,6967.5
h1767068160,42140878,1767067950,1767068340,6949.25,6962.75
l1767080040,42140878,1767079890,1767080700,6938.75,6952.25
h1767087300,42140878,1767086550,1767087540,6950.25,6962.25
l1767093960,42140878,1767093870,1767094620,6942.0,6954.0
h1767111720,42140878,1767111570,1767112380,6944.5,6966.5
h1767150300,42140878,1767149610,1767151200,6929.25,6943.75
h1767155760,42140878,1767154350,1767156240,6930.0,6942.5
l1767170400,42140878,1767170310,1767170640,6917.25,6931.25
l1767175440,42140878,1767175170,1767175620,6918.0,6932.0
h1767189180,42140878,1767189030,1767190500,6940.0,6956.5
l1767196560,42140878,1767196410,1767198000,6908.75,6928.75
h1767207780,42140878,1767207570,1767208380,6921.75,6940.25
